{"level":"info","message":"Gateway Aviator inicializado","timestamp":"2025-11-10 01:47:24"}
{"level":"info","message":"Cliente conectado: Mm_iuwrswXFIp0MZAAAB","timestamp":"2025-11-10 01:47:24"}
{"level":"info","message":"Cliente Mm_iuwrswXFIp0MZAAAB unido a bookmaker:3","timestamp":"2025-11-10 01:47:24"}
{"level":"info","message":"📤 Historial enviado al cliente Mm_iuwrswXFIp0MZAAAB: 100 rondas","timestamp":"2025-11-10 01:47:25"}
{"level":"info","message":"Cliente Mm_iuwrswXFIp0MZAAAB unido exitosamente a la sala bookmaker:3","timestamp":"2025-11-10 01:47:25"}
{"level":"info","message":"✅ Inicializando conexiones WebSocket de Aviator","timestamp":"2025-11-10 01:47:30"}
{"level":"info","message":"🔑 [DEBUG] Bookmaker 3 - auth_message: gALaEgADAAFjAgAAAWEDAAEAAXASAAQAAnpuCAASYXZpYXRvcl...","timestamp":"2025-11-10 01:47:30"}
{"level":"info","message":"✅ Inicializando conexiones WebSocket de GoBet (protocolo ws://)","timestamp":"2025-11-10 01:47:30"}
{"level":"info","message":"Estado WebSocket actualizado en BD para bookmaker 3: CONNECTING","timestamp":"2025-11-10 01:47:31"}
{"level":"info","message":"WebSocket connected for bookmaker 3","timestamp":"2025-11-10 01:47:31"}
{"level":"error","message":"Error processing message for bookmaker 3:","timestamp":"2025-11-10 01:47:32","trace":{}}
{"level":"info","message":"Estado WebSocket actualizado en BD para bookmaker 3: CONNECTED","timestamp":"2025-11-10 01:47:32"}
{"level":"error","message":"Error processing message for bookmaker 3:","timestamp":"2025-11-10 01:47:32","trace":{}}
{"level":"error","message":"Error processing message for bookmaker 3:","timestamp":"2025-11-10 01:47:32","trace":{}}
{"level":"error","message":"Error processing message for bookmaker 3:","timestamp":"2025-11-10 01:47:33","trace":{}}
{"level":"error","message":"Error processing message for bookmaker 3:","timestamp":"2025-11-10 01:47:33","trace":{}}
{"level":"error","message":"Error processing message for bookmaker 3:","timestamp":"2025-11-10 01:47:34","trace":{}}
{"level":"error","message":"Error processing message for bookmaker 3:","timestamp":"2025-11-10 01:47:34","trace":{}}
{"level":"error","message":"Error processing message for bookmaker 3:","timestamp":"2025-11-10 01:47:34","trace":{}}
{"level":"error","message":"Error processing message for bookmaker 3:","timestamp":"2025-11-10 01:47:35","trace":{}}
{"level":"error","message":"Error processing message for bookmaker 3:","timestamp":"2025-11-10 01:47:35","trace":{}}
{"level":"error","message":"Error processing message for bookmaker 3:","timestamp":"2025-11-10 01:47:35","trace":{}}
{"level":"error","message":"Error processing message for bookmaker 3:","timestamp":"2025-11-10 01:47:35","trace":{}}
{"level":"error","message":"Error processing message for bookmaker 3:","timestamp":"2025-11-10 01:47:36","trace":{}}
{"level":"error","message":"Error processing message for bookmaker 3:","timestamp":"2025-11-10 01:47:36","trace":{}}
{"level":"error","message":"Error processing message for bookmaker 3:","timestamp":"2025-11-10 01:47:36","trace":{}}
{"level":"error","message":"Error processing message for bookmaker 3:","timestamp":"2025-11-10 01:47:36","trace":{}}
{"level":"error","message":"Error processing message for bookmaker 3:","timestamp":"2025-11-10 01:47:37","trace":{}}
{"level":"error","message":"Error processing message for bookmaker 3:","timestamp":"2025-11-10 01:47:37","trace":{}}
{"level":"error","message":"Error processing message for bookmaker 3:","timestamp":"2025-11-10 01:47:37","trace":{}}
{"level":"error","message":"Error processing message for bookmaker 3:","timestamp":"2025-11-10 01:47:38","trace":{}}
{"level":"error","message":"Error processing message for bookmaker 3:","timestamp":"2025-11-10 01:47:38","trace":{}}
{"level":"error","message":"Error processing message for bookmaker 3:","timestamp":"2025-11-10 01:47:38","trace":{}}
{"level":"error","message":"Error processing message for bookmaker 3:","timestamp":"2025-11-10 01:47:38","trace":{}}
{"level":"error","message":"Error processing message for bookmaker 3:","timestamp":"2025-11-10 01:47:38","trace":{}}
{"level":"error","message":"Error processing message for bookmaker 3:","timestamp":"2025-11-10 01:47:38","trace":{}}
{"level":"error","message":"Error processing message for bookmaker 3:","timestamp":"2025-11-10 01:47:38","trace":{}}
{"level":"error","message":"Error processing message for bookmaker 3:","timestamp":"2025-11-10 01:47:38","trace":{}}
{"level":"error","message":"Error processing message for bookmaker 3:","timestamp":"2025-11-10 01:47:38","trace":{}}
{"level":"error","message":"Error processing message for bookmaker 3:","timestamp":"2025-11-10 01:47:38","trace":{}}
{"level":"error","message":"Error processing message for bookmaker 3:","timestamp":"2025-11-10 01:47:38","trace":{}}
{"level":"error","message":"Error processing message for bookmaker 3:","timestamp":"2025-11-10 01:47:38","trace":{}}
{"level":"error","message":"Error processing message for bookmaker 3:","timestamp":"2025-11-10 01:47:39","trace":{}}
{"level":"error","message":"Error processing message for bookmaker 3:","timestamp":"2025-11-10 01:47:39","trace":{}}
{"level":"error","message":"Error processing message for bookmaker 3:","timestamp":"2025-11-10 01:47:39","trace":{}}
{"level":"error","message":"Error processing message for bookmaker 3:","timestamp":"2025-11-10 01:47:39","trace":{}}
{"level":"error","message":"Error processing message for bookmaker 3:","timestamp":"2025-11-10 01:47:39","trace":{}}
{"level":"error","message":"Error processing message for bookmaker 3:","timestamp":"2025-11-10 01:47:39","trace":{}}
{"level":"error","message":"Error processing message for bookmaker 3:","timestamp":"2025-11-10 01:47:39","trace":{}}
{"level":"error","message":"Error processing message for bookmaker 3:","timestamp":"2025-11-10 01:47:39","trace":{}}
{"level":"error","message":"Error processing message for bookmaker 3:","timestamp":"2025-11-10 01:47:39","trace":{}}
{"level":"error","message":"Error processing message for bookmaker 3:","timestamp":"2025-11-10 01:47:39","trace":{}}
{"level":"error","message":"Error processing message for bookmaker 3:","timestamp":"2025-11-10 01:47:39","trace":{}}
{"level":"error","message":"Error processing message for bookmaker 3:","timestamp":"2025-11-10 01:47:39","trace":{}}
{"level":"error","message":"Error processing message for bookmaker 3:","timestamp":"2025-11-10 01:47:39","trace":{}}
{"level":"error","message":"Error processing message for bookmaker 3:","timestamp":"2025-11-10 01:47:40","trace":{}}
{"level":"error","message":"Error processing message for bookmaker 3:","timestamp":"2025-11-10 01:47:40","trace":{}}
{"level":"error","message":"Error processing message for bookmaker 3:","timestamp":"2025-11-10 01:47:40","trace":{}}
{"level":"error","message":"Error processing message for bookmaker 3:","timestamp":"2025-11-10 01:47:40","trace":{}}
{"level":"error","message":"Error processing message for bookmaker 3:","timestamp":"2025-11-10 01:47:40","trace":{}}
{"level":"error","message":"Error processing message for bookmaker 3:","timestamp":"2025-11-10 01:47:40","trace":{}}
{"level":"error","message":"Error processing message for bookmaker 3:","timestamp":"2025-11-10 01:47:40","trace":{}}
{"level":"error","message":"Error processing message for bookmaker 3:","timestamp":"2025-11-10 01:47:40","trace":{}}
{"level":"error","message":"Error processing message for bookmaker 3:","timestamp":"2025-11-10 01:47:40","trace":{}}
{"level":"error","message":"Error processing message for bookmaker 3:","timestamp":"2025-11-10 01:47:40","trace":{}}
{"level":"error","message":"Error processing message for bookmaker 3:","timestamp":"2025-11-10 01:47:40","trace":{}}
{"level":"error","message":"Error processing message for bookmaker 3:","timestamp":"2025-11-10 01:47:40","trace":{}}
{"level":"error","message":"Error processing message for bookmaker 3:","timestamp":"2025-11-10 01:47:41","trace":{}}
{"level":"error","message":"Error processing message for bookmaker 3:","timestamp":"2025-11-10 01:47:41","trace":{}}
{"level":"error","message":"Error processing message for bookmaker 3:","timestamp":"2025-11-10 01:47:41","trace":{}}
{"level":"error","message":"Error processing message for bookmaker 3:","timestamp":"2025-11-10 01:47:41","trace":{}}
{"level":"error","message":"Error processing message for bookmaker 3:","timestamp":"2025-11-10 01:47:41","trace":{}}
{"level":"error","message":"Error processing message for bookmaker 3:","timestamp":"2025-11-10 01:47:41","trace":{}}
{"level":"error","message":"Error processing message for bookmaker 3:","timestamp":"2025-11-10 01:47:41","trace":{}}
{"level":"error","message":"Error processing message for bookmaker 3:","timestamp":"2025-11-10 01:47:41","trace":{}}
{"level":"error","message":"Error processing message for bookmaker 3:","timestamp":"2025-11-10 01:47:41","trace":{}}
{"level":"error","message":"Error processing message for bookmaker 3:","timestamp":"2025-11-10 01:47:41","trace":{}}
{"level":"error","message":"Error processing message for bookmaker 3:","timestamp":"2025-11-10 01:47:41","trace":{}}
{"level":"error","message":"Error processing message for bookmaker 3:","timestamp":"2025-11-10 01:47:41","trace":{}}
{"level":"error","message":"Error processing message for bookmaker 3:","timestamp":"2025-11-10 01:47:41","trace":{}}
{"level":"error","message":"Error processing message for bookmaker 3:","timestamp":"2025-11-10 01:47:41","trace":{}}
{"level":"error","message":"Error processing message for bookmaker 3:","timestamp":"2025-11-10 01:47:41","trace":{}}
{"level":"error","message":"Error processing message for bookmaker 3:","timestamp":"2025-11-10 01:47:42","trace":{}}
{"level":"error","message":"Error processing message for bookmaker 3:","timestamp":"2025-11-10 01:47:42","trace":{}}
{"level":"error","message":"Error processing message for bookmaker 3:","timestamp":"2025-11-10 01:47:42","trace":{}}
{"level":"error","message":"Error processing message for bookmaker 3:","timestamp":"2025-11-10 01:47:42","trace":{}}
{"level":"error","message":"Error processing message for bookmaker 3:","timestamp":"2025-11-10 01:47:42","trace":{}}
{"level":"error","message":"Error processing message for bookmaker 3:","timestamp":"2025-11-10 01:47:42","trace":{}}
{"level":"error","message":"Error processing message for bookmaker 3:","timestamp":"2025-11-10 01:47:42","trace":{}}
{"level":"error","message":"Error processing message for bookmaker 3:","timestamp":"2025-11-10 01:47:42","trace":{}}
{"level":"error","message":"Error processing message for bookmaker 3:","timestamp":"2025-11-10 01:47:42","trace":{}}
{"level":"error","message":"Error processing message for bookmaker 3:","timestamp":"2025-11-10 01:47:42","trace":{}}
{"level":"error","message":"Error processing message for bookmaker 3:","timestamp":"2025-11-10 01:47:42","trace":{}}
{"level":"error","message":"Error processing message for bookmaker 3:","timestamp":"2025-11-10 01:47:42","trace":{}}
{"level":"error","message":"Error processing message for bookmaker 3:","timestamp":"2025-11-10 01:47:42","trace":{}}
{"level":"error","message":"Error processing message for bookmaker 3:","timestamp":"2025-11-10 01:47:43","trace":{}}
{"level":"error","message":"Error processing message for bookmaker 3:","timestamp":"2025-11-10 01:47:43","trace":{}}
{"level":"error","message":"Error processing message for bookmaker 3:","timestamp":"2025-11-10 01:47:43","trace":{}}
{"level":"error","message":"Error processing message for bookmaker 3:","timestamp":"2025-11-10 01:47:43","trace":{}}
{"level":"error","message":"Error processing message for bookmaker 3:","timestamp":"2025-11-10 01:47:43","trace":{}}
{"level":"error","message":"Error processing message for bookmaker 3:","timestamp":"2025-11-10 01:47:43","trace":{}}
{"level":"error","message":"Error processing message for bookmaker 3:","timestamp":"2025-11-10 01:47:43","trace":{}}
{"level":"error","message":"Error processing message for bookmaker 3:","timestamp":"2025-11-10 01:47:43","trace":{}}
{"level":"error","message":"Error processing message for bookmaker 3:","timestamp":"2025-11-10 01:47:43","trace":{}}
{"level":"error","message":"Error processing message for bookmaker 3:","timestamp":"2025-11-10 01:47:43","trace":{}}
{"level":"error","message":"Error processing message for bookmaker 3:","timestamp":"2025-11-10 01:47:43","trace":{}}
{"level":"error","message":"Error processing message for bookmaker 3:","timestamp":"2025-11-10 01:47:43","trace":{}}
{"level":"error","message":"Error processing message for bookmaker 3:","timestamp":"2025-11-10 01:47:43","trace":{}}
{"level":"error","message":"Error processing message for bookmaker 3:","timestamp":"2025-11-10 01:47:44","trace":{}}
{"level":"error","message":"Error processing message for bookmaker 3:","timestamp":"2025-11-10 01:47:44","trace":{}}
{"level":"error","message":"Error processing message for bookmaker 3:","timestamp":"2025-11-10 01:47:48","trace":{}}
{"level":"error","message":"Error processing message for bookmaker 3:","timestamp":"2025-11-10 01:47:48","trace":{}}
{"level":"error","message":"Error processing message for bookmaker 3:","timestamp":"2025-11-10 01:47:48","trace":{}}
{"level":"error","message":"Error processing message for bookmaker 3:","timestamp":"2025-11-10 01:47:49","trace":{}}
{"level":"error","message":"Error processing message for bookmaker 3:","timestamp":"2025-11-10 01:47:49","trace":{}}
{"level":"error","message":"Error processing message for bookmaker 3:","timestamp":"2025-11-10 01:47:49","trace":{}}
{"level":"error","message":"Error processing message for bookmaker 3:","timestamp":"2025-11-10 01:47:49","trace":{}}
{"level":"error","message":"Error processing message for bookmaker 3:","timestamp":"2025-11-10 01:47:50","trace":{}}
{"level":"error","message":"Error processing message for bookmaker 3:","timestamp":"2025-11-10 01:47:50","trace":{}}
{"level":"error","message":"Error processing message for bookmaker 3:","timestamp":"2025-11-10 01:47:50","trace":{}}
{"level":"error","message":"Error processing message for bookmaker 3:","timestamp":"2025-11-10 01:47:50","trace":{}}
{"level":"error","message":"Error processing message for bookmaker 3:","timestamp":"2025-11-10 01:47:51","trace":{}}
{"level":"error","message":"Error processing message for bookmaker 3:","timestamp":"2025-11-10 01:47:51","trace":{}}
{"level":"error","message":"Error processing message for bookmaker 3:","timestamp":"2025-11-10 01:47:51","trace":{}}
{"level":"error","message":"Error processing message for bookmaker 3:","timestamp":"2025-11-10 01:47:51","trace":{}}
{"level":"error","message":"Error processing message for bookmaker 3:","timestamp":"2025-11-10 01:47:52","trace":{}}
{"level":"error","message":"Error processing message for bookmaker 3:","timestamp":"2025-11-10 01:47:52","trace":{}}
{"level":"error","message":"Error processing message for bookmaker 3:","timestamp":"2025-11-10 01:47:52","trace":{}}
{"level":"info","message":"📡 Emitiendo aviator_raw para bookmaker 3 (legacy)","timestamp":"2025-11-10 01:47:53"}
{"level":"error","message":"Error processing message for bookmaker 3:","timestamp":"2025-11-10 01:47:53","trace":{}}
{"level":"error","message":"Error processing message for bookmaker 3:","timestamp":"2025-11-10 01:47:53","trace":{}}
{"level":"error","message":"Error processing message for bookmaker 3:","timestamp":"2025-11-10 01:47:53","trace":{}}
{"level":"error","message":"Error processing message for bookmaker 3:","timestamp":"2025-11-10 01:47:53","trace":{}}
{"level":"error","message":"Error processing message for bookmaker 3:","timestamp":"2025-11-10 01:47:53","trace":{}}
{"level":"error","message":"Error processing message for bookmaker 3:","timestamp":"2025-11-10 01:47:54","trace":{}}
{"level":"error","message":"Error processing message for bookmaker 3:","timestamp":"2025-11-10 01:47:57","trace":{}}
{"level":"error","message":"Error processing message for bookmaker 3:","timestamp":"2025-11-10 01:47:57","trace":{}}
{"level":"error","message":"Error processing message for bookmaker 3:","timestamp":"2025-11-10 01:47:58","trace":{}}
{"level":"error","message":"Error processing message for bookmaker 3:","timestamp":"2025-11-10 01:47:58","trace":{}}
{"level":"error","message":"Error processing message for bookmaker 3:","timestamp":"2025-11-10 01:47:58","trace":{}}
{"level":"error","message":"Error processing message for bookmaker 3:","timestamp":"2025-11-10 01:47:59","trace":{}}
{"level":"error","message":"Error processing message for bookmaker 3:","timestamp":"2025-11-10 01:47:59","trace":{}}
{"level":"error","message":"Error processing message for bookmaker 3:","timestamp":"2025-11-10 01:47:59","trace":{}}
{"level":"error","message":"Error processing message for bookmaker 3:","timestamp":"2025-11-10 01:48:00","trace":{}}
{"level":"error","message":"Error processing message for bookmaker 3:","timestamp":"2025-11-10 01:48:00","trace":{}}
{"level":"error","message":"Error processing message for bookmaker 3:","timestamp":"2025-11-10 01:48:00","trace":{}}
{"level":"error","message":"Error processing message for bookmaker 3:","timestamp":"2025-11-10 01:48:01","trace":{}}
{"level":"error","message":"Error processing message for bookmaker 3:","timestamp":"2025-11-10 01:48:01","trace":{}}
{"level":"error","message":"Error processing message for bookmaker 3:","timestamp":"2025-11-10 01:48:01","trace":{}}
{"level":"error","message":"Error processing message for bookmaker 3:","timestamp":"2025-11-10 01:48:01","trace":{}}
{"level":"error","message":"Error processing message for bookmaker 3:","timestamp":"2025-11-10 01:48:02","trace":{}}
{"level":"error","message":"Error processing message for bookmaker 3:","timestamp":"2025-11-10 01:48:02","trace":{}}
{"level":"error","message":"Error processing message for bookmaker 3:","timestamp":"2025-11-10 01:48:02","trace":{}}
{"level":"error","message":"Error processing message for bookmaker 3:","timestamp":"2025-11-10 01:48:02","trace":{}}
{"level":"error","message":"Error processing message for bookmaker 3:","timestamp":"2025-11-10 01:48:02","trace":{}}
{"level":"error","message":"Error processing message for bookmaker 3:","timestamp":"2025-11-10 01:48:02","trace":{}}
{"level":"error","message":"Error processing message for bookmaker 3:","timestamp":"2025-11-10 01:48:03","trace":{}}
{"level":"error","message":"Error processing message for bookmaker 3:","timestamp":"2025-11-10 01:48:03","trace":{}}
{"level":"error","message":"Error processing message for bookmaker 3:","timestamp":"2025-11-10 01:48:03","trace":{}}
{"level":"error","message":"Error processing message for bookmaker 3:","timestamp":"2025-11-10 01:48:03","trace":{}}
{"level":"error","message":"Error processing message for bookmaker 3:","timestamp":"2025-11-10 01:48:03","trace":{}}
{"level":"error","message":"Error processing message for bookmaker 3:","timestamp":"2025-11-10 01:48:03","trace":{}}
{"level":"error","message":"Error processing message for bookmaker 3:","timestamp":"2025-11-10 01:48:03","trace":{}}
{"level":"error","message":"Error processing message for bookmaker 3:","timestamp":"2025-11-10 01:48:03","trace":{}}
{"level":"error","message":"Error processing message for bookmaker 3:","timestamp":"2025-11-10 01:48:03","trace":{}}
{"level":"error","message":"Error processing message for bookmaker 3:","timestamp":"2025-11-10 01:48:03","trace":{}}
{"level":"error","message":"Error processing message for bookmaker 3:","timestamp":"2025-11-10 01:48:03","trace":{}}
{"level":"error","message":"Error processing message for bookmaker 3:","timestamp":"2025-11-10 01:48:03","trace":{}}
{"level":"error","message":"Error processing message for bookmaker 3:","timestamp":"2025-11-10 01:48:03","trace":{}}
{"level":"error","message":"Error processing message for bookmaker 3:","timestamp":"2025-11-10 01:48:04","trace":{}}
{"level":"error","message":"Error processing message for bookmaker 3:","timestamp":"2025-11-10 01:48:04","trace":{}}
{"level":"error","message":"Error processing message for bookmaker 3:","timestamp":"2025-11-10 01:48:04","trace":{}}
{"level":"error","message":"Error processing message for bookmaker 3:","timestamp":"2025-11-10 01:48:04","trace":{}}
{"level":"error","message":"Error processing message for bookmaker 3:","timestamp":"2025-11-10 01:48:04","trace":{}}
{"level":"error","message":"Error processing message for bookmaker 3:","timestamp":"2025-11-10 01:48:04","trace":{}}
{"level":"error","message":"Error processing message for bookmaker 3:","timestamp":"2025-11-10 01:48:04","trace":{}}
{"level":"error","message":"Error processing message for bookmaker 3:","timestamp":"2025-11-10 01:48:04","trace":{}}
{"level":"error","message":"Error processing message for bookmaker 3:","timestamp":"2025-11-10 01:48:04","trace":{}}
{"level":"error","message":"Error processing message for bookmaker 3:","timestamp":"2025-11-10 01:48:04","trace":{}}
{"level":"error","message":"Error processing message for bookmaker 3:","timestamp":"2025-11-10 01:48:04","trace":{}}
{"level":"error","message":"Error processing message for bookmaker 3:","timestamp":"2025-11-10 01:48:04","trace":{}}
{"level":"error","message":"Error processing message for bookmaker 3:","timestamp":"2025-11-10 01:48:05","trace":{}}
{"level":"error","message":"Error processing message for bookmaker 3:","timestamp":"2025-11-10 01:48:05","trace":{}}
{"level":"error","message":"Error processing message for bookmaker 3:","timestamp":"2025-11-10 01:48:05","trace":{}}
{"level":"error","message":"Error processing message for bookmaker 3:","timestamp":"2025-11-10 01:48:05","trace":{}}
{"level":"error","message":"Error processing message for bookmaker 3:","timestamp":"2025-11-10 01:48:05","trace":{}}
{"level":"error","message":"Error processing message for bookmaker 3:","timestamp":"2025-11-10 01:48:05","trace":{}}
{"level":"error","message":"Error processing message for bookmaker 3:","timestamp":"2025-11-10 01:48:05","trace":{}}
{"level":"info","message":"📡 Emitiendo aviator_raw para bookmaker 3 (legacy)","timestamp":"2025-11-10 01:48:05"}
{"level":"error","message":"Error processing message for bookmaker 3:","timestamp":"2025-11-10 01:48:05","trace":{}}
{"level":"error","message":"Error processing message for bookmaker 3:","timestamp":"2025-11-10 01:48:05","trace":{}}
{"level":"error","message":"Error processing message for bookmaker 3:","timestamp":"2025-11-10 01:48:05","trace":{}}
{"level":"error","message":"Error processing message for bookmaker 3:","timestamp":"2025-11-10 01:48:05","trace":{}}
{"level":"error","message":"Error processing message for bookmaker 3:","timestamp":"2025-11-10 01:48:05","trace":{}}
{"level":"error","message":"Error processing message for bookmaker 3:","timestamp":"2025-11-10 01:48:05","trace":{}}
{"level":"error","message":"Error processing message for bookmaker 3:","timestamp":"2025-11-10 01:48:06","trace":{}}
{"level":"error","message":"Error processing message for bookmaker 3:","timestamp":"2025-11-10 01:48:06","trace":{}}
{"level":"error","message":"Error processing message for bookmaker 3:","timestamp":"2025-11-10 01:48:06","trace":{}}
{"level":"error","message":"Error processing message for bookmaker 3:","timestamp":"2025-11-10 01:48:06","trace":{}}
{"level":"error","message":"Error processing message for bookmaker 3:","timestamp":"2025-11-10 01:48:06","trace":{}}
{"level":"error","message":"Error processing message for bookmaker 3:","timestamp":"2025-11-10 01:48:06","trace":{}}
{"level":"error","message":"Error processing message for bookmaker 3:","timestamp":"2025-11-10 01:48:06","trace":{}}
{"level":"info","message":"📡 Emitiendo aviator_raw para bookmaker 3 (legacy)","timestamp":"2025-11-10 01:48:06"}
{"level":"error","message":"Error processing message for bookmaker 3:","timestamp":"2025-11-10 01:48:06","trace":{}}
{"level":"error","message":"Error processing message for bookmaker 3:","timestamp":"2025-11-10 01:48:06","trace":{}}
{"level":"error","message":"Error processing message for bookmaker 3:","timestamp":"2025-11-10 01:48:06","trace":{}}
{"level":"error","message":"Error processing message for bookmaker 3:","timestamp":"2025-11-10 01:48:06","trace":{}}
{"level":"error","message":"Error processing message for bookmaker 3:","timestamp":"2025-11-10 01:48:06","trace":{}}
{"level":"error","message":"Error processing message for bookmaker 3:","timestamp":"2025-11-10 01:48:06","trace":{}}
{"level":"error","message":"Error processing message for bookmaker 3:","timestamp":"2025-11-10 01:48:07","trace":{}}
{"level":"error","message":"Error processing message for bookmaker 3:","timestamp":"2025-11-10 01:48:07","trace":{}}
{"level":"error","message":"Error processing message for bookmaker 3:","timestamp":"2025-11-10 01:48:07","trace":{}}
{"level":"error","message":"Error processing message for bookmaker 3:","timestamp":"2025-11-10 01:48:07","trace":{}}
{"level":"error","message":"Error processing message for bookmaker 3:","timestamp":"2025-11-10 01:48:07","trace":{}}
{"level":"error","message":"Error processing message for bookmaker 3:","timestamp":"2025-11-10 01:48:07","trace":{}}
{"level":"error","message":"Error processing message for bookmaker 3:","timestamp":"2025-11-10 01:48:07","trace":{}}
{"level":"error","message":"Error processing message for bookmaker 3:","timestamp":"2025-11-10 01:48:07","trace":{}}
{"level":"error","message":"Error processing message for bookmaker 3:","timestamp":"2025-11-10 01:48:07","trace":{}}
{"level":"error","message":"Error processing message for bookmaker 3:","timestamp":"2025-11-10 01:48:07","trace":{}}
{"level":"error","message":"Error processing message for bookmaker 3:","timestamp":"2025-11-10 01:48:07","trace":{}}
{"level":"error","message":"Error processing message for bookmaker 3:","timestamp":"2025-11-10 01:48:07","trace":{}}
{"level":"error","message":"Error processing message for bookmaker 3:","timestamp":"2025-11-10 01:48:07","trace":{}}
{"level":"error","message":"Error processing message for bookmaker 3:","timestamp":"2025-11-10 01:48:08","trace":{}}
{"level":"error","message":"Error processing message for bookmaker 3:","timestamp":"2025-11-10 01:48:08","trace":{}}
{"level":"error","message":"Error processing message for bookmaker 3:","timestamp":"2025-11-10 01:48:08","trace":{}}
{"level":"error","message":"Error processing message for bookmaker 3:","timestamp":"2025-11-10 01:48:08","trace":{}}
{"level":"error","message":"Error processing message for bookmaker 3:","timestamp":"2025-11-10 01:48:08","trace":{}}
{"level":"error","message":"Error processing message for bookmaker 3:","timestamp":"2025-11-10 01:48:08","trace":{}}
{"level":"error","message":"Error processing message for bookmaker 3:","timestamp":"2025-11-10 01:48:08","trace":{}}
{"level":"error","message":"Error processing message for bookmaker 3:","timestamp":"2025-11-10 01:48:08","trace":{}}
{"level":"error","message":"Error processing message for bookmaker 3:","timestamp":"2025-11-10 01:48:08","trace":{}}
{"level":"error","message":"Error processing message for bookmaker 3:","timestamp":"2025-11-10 01:48:08","trace":{}}
{"level":"error","message":"Error processing message for bookmaker 3:","timestamp":"2025-11-10 01:48:08","trace":{}}
{"level":"error","message":"Error processing message for bookmaker 3:","timestamp":"2025-11-10 01:48:08","trace":{}}
{"level":"error","message":"Error processing message for bookmaker 3:","timestamp":"2025-11-10 01:48:08","trace":{}}
{"level":"error","message":"Error processing message for bookmaker 3:","timestamp":"2025-11-10 01:48:09","trace":{}}
{"level":"error","message":"Error processing message for bookmaker 3:","timestamp":"2025-11-10 01:48:09","trace":{}}
{"level":"error","message":"Error processing message for bookmaker 3:","timestamp":"2025-11-10 01:48:09","trace":{}}
{"level":"error","message":"Error processing message for bookmaker 3:","timestamp":"2025-11-10 01:48:09","trace":{}}
{"level":"error","message":"Error processing message for bookmaker 3:","timestamp":"2025-11-10 01:48:09","trace":{}}
{"level":"error","message":"Error processing message for bookmaker 3:","timestamp":"2025-11-10 01:48:09","trace":{}}
{"level":"info","message":"📡 Emitiendo aviator_raw para bookmaker 3 (legacy)","timestamp":"2025-11-10 01:48:09"}
{"level":"error","message":"Error processing message for bookmaker 3:","timestamp":"2025-11-10 01:48:09","trace":{}}
{"level":"error","message":"Error processing message for bookmaker 3:","timestamp":"2025-11-10 01:48:09","trace":{}}
{"level":"error","message":"Error processing message for bookmaker 3:","timestamp":"2025-11-10 01:48:09","trace":{}}
{"level":"error","message":"Error processing message for bookmaker 3:","timestamp":"2025-11-10 01:48:09","trace":{}}
{"level":"error","message":"Error processing message for bookmaker 3:","timestamp":"2025-11-10 01:48:09","trace":{}}
{"level":"error","message":"Error processing message for bookmaker 3:","timestamp":"2025-11-10 01:48:09","trace":{}}
{"level":"error","message":"Error processing message for bookmaker 3:","timestamp":"2025-11-10 01:48:09","trace":{}}
{"level":"error","message":"Error processing message for bookmaker 3:","timestamp":"2025-11-10 01:48:10","trace":{}}
{"level":"error","message":"Error processing message for bookmaker 3:","timestamp":"2025-11-10 01:48:10","trace":{}}
{"level":"error","message":"Error processing message for bookmaker 3:","timestamp":"2025-11-10 01:48:10","trace":{}}
{"level":"error","message":"Error processing message for bookmaker 3:","timestamp":"2025-11-10 01:48:10","trace":{}}
{"level":"error","message":"Error processing message for bookmaker 3:","timestamp":"2025-11-10 01:48:10","trace":{}}
{"level":"error","message":"Error processing message for bookmaker 3:","timestamp":"2025-11-10 01:48:10","trace":{}}
{"level":"error","message":"Error processing message for bookmaker 3:","timestamp":"2025-11-10 01:48:10","trace":{}}
{"level":"error","message":"Error processing message for bookmaker 3:","timestamp":"2025-11-10 01:48:10","trace":{}}
{"level":"error","message":"Error processing message for bookmaker 3:","timestamp":"2025-11-10 01:48:10","trace":{}}
{"level":"error","message":"Error processing message for bookmaker 3:","timestamp":"2025-11-10 01:48:10","trace":{}}
{"level":"error","message":"Error processing message for bookmaker 3:","timestamp":"2025-11-10 01:48:10","trace":{}}
{"level":"info","message":"📡 Emitiendo aviator_raw para bookmaker 3 (legacy)","timestamp":"2025-11-10 01:48:10"}
{"level":"error","message":"Error processing message for bookmaker 3:","timestamp":"2025-11-10 01:48:10","trace":{}}
{"level":"error","message":"Error processing message for bookmaker 3:","timestamp":"2025-11-10 01:48:10","trace":{}}
{"level":"error","message":"Error processing message for bookmaker 3:","timestamp":"2025-11-10 01:48:11","trace":{}}
{"level":"error","message":"Error processing message for bookmaker 3:","timestamp":"2025-11-10 01:48:11","trace":{}}
{"level":"error","message":"Error processing message for bookmaker 3:","timestamp":"2025-11-10 01:48:11","trace":{}}
{"level":"error","message":"Error processing message for bookmaker 3:","timestamp":"2025-11-10 01:48:11","trace":{}}
{"level":"error","message":"Error processing message for bookmaker 3:","timestamp":"2025-11-10 01:48:11","trace":{}}
{"level":"error","message":"Error processing message for bookmaker 3:","timestamp":"2025-11-10 01:48:11","trace":{}}
{"level":"error","message":"Error processing message for bookmaker 3:","timestamp":"2025-11-10 01:48:11","trace":{}}
{"level":"error","message":"Error processing message for bookmaker 3:","timestamp":"2025-11-10 01:48:11","trace":{}}
{"level":"error","message":"Error processing message for bookmaker 3:","timestamp":"2025-11-10 01:48:11","trace":{}}
{"level":"error","message":"Error processing message for bookmaker 3:","timestamp":"2025-11-10 01:48:11","trace":{}}
{"level":"error","message":"Error processing message for bookmaker 3:","timestamp":"2025-11-10 01:48:11","trace":{}}
{"level":"error","message":"Error processing message for bookmaker 3:","timestamp":"2025-11-10 01:48:11","trace":{}}
{"level":"error","message":"Error processing message for bookmaker 3:","timestamp":"2025-11-10 01:48:11","trace":{}}
{"level":"error","message":"Error processing message for bookmaker 3:","timestamp":"2025-11-10 01:48:11","trace":{}}
{"level":"error","message":"Error processing message for bookmaker 3:","timestamp":"2025-11-10 01:48:12","trace":{}}
{"level":"error","message":"Error processing message for bookmaker 3:","timestamp":"2025-11-10 01:48:12","trace":{}}
{"level":"error","message":"Error processing message for bookmaker 3:","timestamp":"2025-11-10 01:48:12","trace":{}}
{"level":"error","message":"Error processing message for bookmaker 3:","timestamp":"2025-11-10 01:48:12","trace":{}}
{"level":"error","message":"Error processing message for bookmaker 3:","timestamp":"2025-11-10 01:48:12","trace":{}}
{"level":"error","message":"Error processing message for bookmaker 3:","timestamp":"2025-11-10 01:48:12","trace":{}}
{"level":"error","message":"Error processing message for bookmaker 3:","timestamp":"2025-11-10 01:48:12","trace":{}}
{"level":"error","message":"Error processing message for bookmaker 3:","timestamp":"2025-11-10 01:48:12","trace":{}}
{"level":"error","message":"Error processing message for bookmaker 3:","timestamp":"2025-11-10 01:48:12","trace":{}}
{"level":"error","message":"Error processing message for bookmaker 3:","timestamp":"2025-11-10 01:48:12","trace":{}}
{"level":"error","message":"Error processing message for bookmaker 3:","timestamp":"2025-11-10 01:48:12","trace":{}}
{"level":"error","message":"Error processing message for bookmaker 3:","timestamp":"2025-11-10 01:48:12","trace":{}}
{"level":"error","message":"Error processing message for bookmaker 3:","timestamp":"2025-11-10 01:48:12","trace":{}}
{"level":"error","message":"Error processing message for bookmaker 3:","timestamp":"2025-11-10 01:48:13","trace":{}}
{"level":"error","message":"Error processing message for bookmaker 3:","timestamp":"2025-11-10 01:48:13","trace":{}}
{"level":"error","message":"Error processing message for bookmaker 3:","timestamp":"2025-11-10 01:48:13","trace":{}}
{"level":"error","message":"Error processing message for bookmaker 3:","timestamp":"2025-11-10 01:48:13","trace":{}}
{"level":"error","message":"Error processing message for bookmaker 3:","timestamp":"2025-11-10 01:48:13","trace":{}}
{"level":"error","message":"Error processing message for bookmaker 3:","timestamp":"2025-11-10 01:48:13","trace":{}}
{"level":"error","message":"Error processing message for bookmaker 3:","timestamp":"2025-11-10 01:48:13","trace":{}}
{"level":"error","message":"Error processing message for bookmaker 3:","timestamp":"2025-11-10 01:48:13","trace":{}}
{"level":"error","message":"Error processing message for bookmaker 3:","timestamp":"2025-11-10 01:48:13","trace":{}}
{"level":"error","message":"Error processing message for bookmaker 3:","timestamp":"2025-11-10 01:48:13","trace":{}}
{"level":"error","message":"Error processing message for bookmaker 3:","timestamp":"2025-11-10 01:48:13","trace":{}}
{"level":"error","message":"Error processing message for bookmaker 3:","timestamp":"2025-11-10 01:48:13","trace":{}}
{"level":"error","message":"Error processing message for bookmaker 3:","timestamp":"2025-11-10 01:48:13","trace":{}}
{"level":"error","message":"Error processing message for bookmaker 3:","timestamp":"2025-11-10 01:48:14","trace":{}}
{"level":"error","message":"Error processing message for bookmaker 3:","timestamp":"2025-11-10 01:48:14","trace":{}}
{"level":"error","message":"Error processing message for bookmaker 3:","timestamp":"2025-11-10 01:48:14","trace":{}}
{"level":"error","message":"Error processing message for bookmaker 3:","timestamp":"2025-11-10 01:48:14","trace":{}}
{"level":"error","message":"Error processing message for bookmaker 3:","timestamp":"2025-11-10 01:48:14","trace":{}}
{"level":"error","message":"Error processing message for bookmaker 3:","timestamp":"2025-11-10 01:48:14","trace":{}}
{"level":"error","message":"Error processing message for bookmaker 3:","timestamp":"2025-11-10 01:48:14","trace":{}}
{"level":"error","message":"Error processing message for bookmaker 3:","timestamp":"2025-11-10 01:48:14","trace":{}}
{"level":"error","message":"Error processing message for bookmaker 3:","timestamp":"2025-11-10 01:48:14","trace":{}}
{"level":"error","message":"Error processing message for bookmaker 3:","timestamp":"2025-11-10 01:48:14","trace":{}}
{"level":"error","message":"Error processing message for bookmaker 3:","timestamp":"2025-11-10 01:48:14","trace":{}}
{"level":"error","message":"Error processing message for bookmaker 3:","timestamp":"2025-11-10 01:48:14","trace":{}}
{"level":"error","message":"Error processing message for bookmaker 3:","timestamp":"2025-11-10 01:48:14","trace":{}}
{"level":"error","message":"Error processing message for bookmaker 3:","timestamp":"2025-11-10 01:48:15","trace":{}}
{"level":"error","message":"Error processing message for bookmaker 3:","timestamp":"2025-11-10 01:48:15","trace":{}}
{"level":"error","message":"Error processing message for bookmaker 3:","timestamp":"2025-11-10 01:48:15","trace":{}}
{"level":"error","message":"Error processing message for bookmaker 3:","timestamp":"2025-11-10 01:48:15","trace":{}}
{"level":"error","message":"Error processing message for bookmaker 3:","timestamp":"2025-11-10 01:48:15","trace":{}}
{"level":"error","message":"Error processing message for bookmaker 3:","timestamp":"2025-11-10 01:48:15","trace":{}}
{"level":"error","message":"Error processing message for bookmaker 3:","timestamp":"2025-11-10 01:48:15","trace":{}}
{"level":"error","message":"Error processing message for bookmaker 3:","timestamp":"2025-11-10 01:48:15","trace":{}}
{"level":"error","message":"Error processing message for bookmaker 3:","timestamp":"2025-11-10 01:48:15","trace":{}}
{"level":"error","message":"Error processing message for bookmaker 3:","timestamp":"2025-11-10 01:48:15","trace":{}}
{"level":"error","message":"Error processing message for bookmaker 3:","timestamp":"2025-11-10 01:48:15","trace":{}}
{"level":"error","message":"Error processing message for bookmaker 3:","timestamp":"2025-11-10 01:48:15","trace":{}}
{"level":"error","message":"Error processing message for bookmaker 3:","timestamp":"2025-11-10 01:48:15","trace":{}}
{"level":"error","message":"Error processing message for bookmaker 3:","timestamp":"2025-11-10 01:48:15","trace":{}}
{"level":"error","message":"Error processing message for bookmaker 3:","timestamp":"2025-11-10 01:48:16","trace":{}}
{"level":"error","message":"Error processing message for bookmaker 3:","timestamp":"2025-11-10 01:48:16","trace":{}}
{"level":"error","message":"Error processing message for bookmaker 3:","timestamp":"2025-11-10 01:48:16","trace":{}}
{"level":"error","message":"Error processing message for bookmaker 3:","timestamp":"2025-11-10 01:48:16","trace":{}}
{"level":"error","message":"Error processing message for bookmaker 3:","timestamp":"2025-11-10 01:48:16","trace":{}}
{"level":"error","message":"Error processing message for bookmaker 3:","timestamp":"2025-11-10 01:48:16","trace":{}}
{"level":"error","message":"Error processing message for bookmaker 3:","timestamp":"2025-11-10 01:48:16","trace":{}}
{"level":"error","message":"Error processing message for bookmaker 3:","timestamp":"2025-11-10 01:48:16","trace":{}}
{"level":"error","message":"Error processing message for bookmaker 3:","timestamp":"2025-11-10 01:48:16","trace":{}}
{"level":"error","message":"Error processing message for bookmaker 3:","timestamp":"2025-11-10 01:48:16","trace":{}}
{"level":"error","message":"Error processing message for bookmaker 3:","timestamp":"2025-11-10 01:48:16","trace":{}}
{"level":"error","message":"Error processing message for bookmaker 3:","timestamp":"2025-11-10 01:48:16","trace":{}}
{"level":"error","message":"Error processing message for bookmaker 3:","timestamp":"2025-11-10 01:48:16","trace":{}}
{"level":"error","message":"Error processing message for bookmaker 3:","timestamp":"2025-11-10 01:48:17","trace":{}}
{"level":"error","message":"Error processing message for bookmaker 3:","timestamp":"2025-11-10 01:48:17","trace":{}}
{"level":"error","message":"Error processing message for bookmaker 3:","timestamp":"2025-11-10 01:48:17","trace":{}}
{"level":"error","message":"Error processing message for bookmaker 3:","timestamp":"2025-11-10 01:48:17","trace":{}}
{"level":"error","message":"Error processing message for bookmaker 3:","timestamp":"2025-11-10 01:48:17","trace":{}}
{"level":"error","message":"Error processing message for bookmaker 3:","timestamp":"2025-11-10 01:48:17","trace":{}}
{"level":"error","message":"Error processing message for bookmaker 3:","timestamp":"2025-11-10 01:48:17","trace":{}}
{"level":"error","message":"Error processing message for bookmaker 3:","timestamp":"2025-11-10 01:48:17","trace":{}}
{"level":"error","message":"Error processing message for bookmaker 3:","timestamp":"2025-11-10 01:48:17","trace":{}}
{"level":"error","message":"Error processing message for bookmaker 3:","timestamp":"2025-11-10 01:48:17","trace":{}}
{"level":"error","message":"Error processing message for bookmaker 3:","timestamp":"2025-11-10 01:48:17","trace":{}}
{"level":"error","message":"Error processing message for bookmaker 3:","timestamp":"2025-11-10 01:48:17","trace":{}}
{"level":"error","message":"Error processing message for bookmaker 3:","timestamp":"2025-11-10 01:48:17","trace":{}}
{"level":"error","message":"Error processing message for bookmaker 3:","timestamp":"2025-11-10 01:48:18","trace":{}}
{"level":"error","message":"Error processing message for bookmaker 3:","timestamp":"2025-11-10 01:48:18","trace":{}}
{"level":"error","message":"Error processing message for bookmaker 3:","timestamp":"2025-11-10 01:48:18","trace":{}}
{"level":"error","message":"Error processing message for bookmaker 3:","timestamp":"2025-11-10 01:48:18","trace":{}}
{"level":"error","message":"Error processing message for bookmaker 3:","timestamp":"2025-11-10 01:48:18","trace":{}}
{"level":"error","message":"Error processing message for bookmaker 3:","timestamp":"2025-11-10 01:48:18","trace":{}}
{"level":"error","message":"Error processing message for bookmaker 3:","timestamp":"2025-11-10 01:48:18","trace":{}}
{"level":"error","message":"Error processing message for bookmaker 3:","timestamp":"2025-11-10 01:48:18","trace":{}}
{"level":"error","message":"Error processing message for bookmaker 3:","timestamp":"2025-11-10 01:48:18","trace":{}}
{"level":"error","message":"Error processing message for bookmaker 3:","timestamp":"2025-11-10 01:48:18","trace":{}}
{"level":"error","message":"Error processing message for bookmaker 3:","timestamp":"2025-11-10 01:48:18","trace":{}}
{"level":"error","message":"Error processing message for bookmaker 3:","timestamp":"2025-11-10 01:48:18","trace":{}}
{"level":"error","message":"Error processing message for bookmaker 3:","timestamp":"2025-11-10 01:48:18","trace":{}}
{"level":"error","message":"Error processing message for bookmaker 3:","timestamp":"2025-11-10 01:48:19","trace":{}}
{"level":"error","message":"Error processing message for bookmaker 3:","timestamp":"2025-11-10 01:48:19","trace":{}}
{"level":"error","message":"Error processing message for bookmaker 3:","timestamp":"2025-11-10 01:48:19","trace":{}}
{"level":"error","message":"Error processing message for bookmaker 3:","timestamp":"2025-11-10 01:48:19","trace":{}}
{"level":"error","message":"Error processing message for bookmaker 3:","timestamp":"2025-11-10 01:48:19","trace":{}}
{"level":"error","message":"Error processing message for bookmaker 3:","timestamp":"2025-11-10 01:48:19","trace":{}}
{"level":"error","message":"Error processing message for bookmaker 3:","timestamp":"2025-11-10 01:48:19","trace":{}}
{"level":"error","message":"Error processing message for bookmaker 3:","timestamp":"2025-11-10 01:48:19","trace":{}}
{"level":"error","message":"Error processing message for bookmaker 3:","timestamp":"2025-11-10 01:48:19","trace":{}}
{"level":"error","message":"Error processing message for bookmaker 3:","timestamp":"2025-11-10 01:48:19","trace":{}}
{"level":"error","message":"Error processing message for bookmaker 3:","timestamp":"2025-11-10 01:48:19","trace":{}}
{"level":"error","message":"Error processing message for bookmaker 3:","timestamp":"2025-11-10 01:48:19","trace":{}}
{"level":"error","message":"Error processing message for bookmaker 3:","timestamp":"2025-11-10 01:48:19","trace":{}}
{"level":"error","message":"Error processing message for bookmaker 3:","timestamp":"2025-11-10 01:48:20","trace":{}}
{"level":"error","message":"Error processing message for bookmaker 3:","timestamp":"2025-11-10 01:48:20","trace":{}}
{"level":"error","message":"Error processing message for bookmaker 3:","timestamp":"2025-11-10 01:48:20","trace":{}}
{"level":"error","message":"Error processing message for bookmaker 3:","timestamp":"2025-11-10 01:48:20","trace":{}}
{"level":"error","message":"Error processing message for bookmaker 3:","timestamp":"2025-11-10 01:48:20","trace":{}}
{"level":"error","message":"Error processing message for bookmaker 3:","timestamp":"2025-11-10 01:48:20","trace":{}}
{"level":"error","message":"Error processing message for bookmaker 3:","timestamp":"2025-11-10 01:48:20","trace":{}}
{"level":"error","message":"Error processing message for bookmaker 3:","timestamp":"2025-11-10 01:48:20","trace":{}}
{"level":"error","message":"Error processing message for bookmaker 3:","timestamp":"2025-11-10 01:48:20","trace":{}}
{"level":"error","message":"Error processing message for bookmaker 3:","timestamp":"2025-11-10 01:48:20","trace":{}}
{"level":"error","message":"Error processing message for bookmaker 3:","timestamp":"2025-11-10 01:48:20","trace":{}}
{"level":"error","message":"Error processing message for bookmaker 3:","timestamp":"2025-11-10 01:48:20","trace":{}}
{"level":"error","message":"Error processing message for bookmaker 3:","timestamp":"2025-11-10 01:48:20","trace":{}}
{"level":"error","message":"Error processing message for bookmaker 3:","timestamp":"2025-11-10 01:48:21","trace":{}}
{"level":"error","message":"Error processing message for bookmaker 3:","timestamp":"2025-11-10 01:48:21","trace":{}}
{"level":"error","message":"Error processing message for bookmaker 3:","timestamp":"2025-11-10 01:48:21","trace":{}}
{"level":"error","message":"Error processing message for bookmaker 3:","timestamp":"2025-11-10 01:48:21","trace":{}}
{"level":"error","message":"Error processing message for bookmaker 3:","timestamp":"2025-11-10 01:48:21","trace":{}}
{"level":"error","message":"Error processing message for bookmaker 3:","timestamp":"2025-11-10 01:48:21","trace":{}}
{"level":"error","message":"Error processing message for bookmaker 3:","timestamp":"2025-11-10 01:48:21","trace":{}}
{"level":"error","message":"Error processing message for bookmaker 3:","timestamp":"2025-11-10 01:48:21","trace":{}}
{"level":"error","message":"Error processing message for bookmaker 3:","timestamp":"2025-11-10 01:48:21","trace":{}}
{"level":"error","message":"Error processing message for bookmaker 3:","timestamp":"2025-11-10 01:48:21","trace":{}}
{"level":"error","message":"Error processing message for bookmaker 3:","timestamp":"2025-11-10 01:48:21","trace":{}}
{"level":"error","message":"Error processing message for bookmaker 3:","timestamp":"2025-11-10 01:48:21","trace":{}}
{"level":"error","message":"Error processing message for bookmaker 3:","timestamp":"2025-11-10 01:48:21","trace":{}}
{"level":"error","message":"Error processing message for bookmaker 3:","timestamp":"2025-11-10 01:48:21","trace":{}}
{"level":"error","message":"Error processing message for bookmaker 3:","timestamp":"2025-11-10 01:48:22","trace":{}}
{"level":"error","message":"Error processing message for bookmaker 3:","timestamp":"2025-11-10 01:48:22","trace":{}}
{"level":"error","message":"Error processing message for bookmaker 3:","timestamp":"2025-11-10 01:48:22","trace":{}}
{"level":"error","message":"Error processing message for bookmaker 3:","timestamp":"2025-11-10 01:48:22","trace":{}}
{"level":"error","message":"Error processing message for bookmaker 3:","timestamp":"2025-11-10 01:48:22","trace":{}}
{"level":"error","message":"Error processing message for bookmaker 3:","timestamp":"2025-11-10 01:48:22","trace":{}}
{"level":"error","message":"Error processing message for bookmaker 3:","timestamp":"2025-11-10 01:48:22","trace":{}}
{"level":"error","message":"Error processing message for bookmaker 3:","timestamp":"2025-11-10 01:48:22","trace":{}}
{"level":"error","message":"Error processing message for bookmaker 3:","timestamp":"2025-11-10 01:48:22","trace":{}}
{"level":"error","message":"Error processing message for bookmaker 3:","timestamp":"2025-11-10 01:48:22","trace":{}}
{"level":"error","message":"Error processing message for bookmaker 3:","timestamp":"2025-11-10 01:48:22","trace":{}}
{"level":"error","message":"Error processing message for bookmaker 3:","timestamp":"2025-11-10 01:48:22","trace":{}}
{"level":"error","message":"Error processing message for bookmaker 3:","timestamp":"2025-11-10 01:48:22","trace":{}}
{"level":"error","message":"Error processing message for bookmaker 3:","timestamp":"2025-11-10 01:48:23","trace":{}}
{"level":"error","message":"Error processing message for bookmaker 3:","timestamp":"2025-11-10 01:48:23","trace":{}}
{"level":"error","message":"Error processing message for bookmaker 3:","timestamp":"2025-11-10 01:48:23","trace":{}}
{"level":"error","message":"Error processing message for bookmaker 3:","timestamp":"2025-11-10 01:48:23","trace":{}}
{"level":"error","message":"Error processing message for bookmaker 3:","timestamp":"2025-11-10 01:48:23","trace":{}}
{"level":"error","message":"Error processing message for bookmaker 3:","timestamp":"2025-11-10 01:48:23","trace":{}}
{"level":"error","message":"Error processing message for bookmaker 3:","timestamp":"2025-11-10 01:48:23","trace":{}}
{"level":"error","message":"Error processing message for bookmaker 3:","timestamp":"2025-11-10 01:48:23","trace":{}}
{"level":"error","message":"Error processing message for bookmaker 3:","timestamp":"2025-11-10 01:48:23","trace":{}}
{"level":"error","message":"Error processing message for bookmaker 3:","timestamp":"2025-11-10 01:48:23","trace":{}}
{"level":"error","message":"Error processing message for bookmaker 3:","timestamp":"2025-11-10 01:48:23","trace":{}}
{"level":"error","message":"Error processing message for bookmaker 3:","timestamp":"2025-11-10 01:48:23","trace":{}}
{"level":"error","message":"Error processing message for bookmaker 3:","timestamp":"2025-11-10 01:48:23","trace":{}}
{"level":"error","message":"Error processing message for bookmaker 3:","timestamp":"2025-11-10 01:48:23","trace":{}}
{"level":"error","message":"Error processing message for bookmaker 3:","timestamp":"2025-11-10 01:48:24","trace":{}}
{"level":"error","message":"Error processing message for bookmaker 3:","timestamp":"2025-11-10 01:48:24","trace":{}}
{"level":"error","message":"Error processing message for bookmaker 3:","timestamp":"2025-11-10 01:48:24","trace":{}}
{"level":"error","message":"Error processing message for bookmaker 3:","timestamp":"2025-11-10 01:48:24","trace":{}}
{"level":"error","message":"Error processing message for bookmaker 3:","timestamp":"2025-11-10 01:48:24","trace":{}}
{"level":"error","message":"Error processing message for bookmaker 3:","timestamp":"2025-11-10 01:48:24","trace":{}}
{"level":"error","message":"Error processing message for bookmaker 3:","timestamp":"2025-11-10 01:48:24","trace":{}}
{"level":"info","message":"📡 Emitiendo aviator_raw para bookmaker 3 (legacy)","timestamp":"2025-11-10 01:48:24"}
{"level":"error","message":"Error processing message for bookmaker 3:","timestamp":"2025-11-10 01:48:24","trace":{}}
{"level":"error","message":"Error processing message for bookmaker 3:","timestamp":"2025-11-10 01:48:24","trace":{}}
{"level":"error","message":"Error processing message for bookmaker 3:","timestamp":"2025-11-10 01:48:24","trace":{}}
{"level":"error","message":"Error processing message for bookmaker 3:","timestamp":"2025-11-10 01:48:24","trace":{}}
{"level":"error","message":"Error processing message for bookmaker 3:","timestamp":"2025-11-10 01:48:24","trace":{}}
{"level":"error","message":"Error processing message for bookmaker 3:","timestamp":"2025-11-10 01:48:25","trace":{}}
{"level":"error","message":"Error processing message for bookmaker 3:","timestamp":"2025-11-10 01:48:25","trace":{}}
{"level":"error","message":"Error processing message for bookmaker 3:","timestamp":"2025-11-10 01:48:25","trace":{}}
{"level":"error","message":"Error processing message for bookmaker 3:","timestamp":"2025-11-10 01:48:25","trace":{}}
{"level":"error","message":"Error processing message for bookmaker 3:","timestamp":"2025-11-10 01:48:25","trace":{}}
{"level":"error","message":"Error processing message for bookmaker 3:","timestamp":"2025-11-10 01:48:25","trace":{}}
{"level":"error","message":"Error processing message for bookmaker 3:","timestamp":"2025-11-10 01:48:25","trace":{}}
{"level":"error","message":"Error processing message for bookmaker 3:","timestamp":"2025-11-10 01:48:25","trace":{}}
{"level":"error","message":"Error processing message for bookmaker 3:","timestamp":"2025-11-10 01:48:25","trace":{}}
{"level":"error","message":"Error processing message for bookmaker 3:","timestamp":"2025-11-10 01:48:25","trace":{}}
{"level":"error","message":"Error processing message for bookmaker 3:","timestamp":"2025-11-10 01:48:25","trace":{}}
{"level":"error","message":"Error processing message for bookmaker 3:","timestamp":"2025-11-10 01:48:25","trace":{}}
{"level":"error","message":"Error processing message for bookmaker 3:","timestamp":"2025-11-10 01:48:25","trace":{}}
{"level":"error","message":"Error processing message for bookmaker 3:","timestamp":"2025-11-10 01:48:26","trace":{}}
{"level":"error","message":"Error processing message for bookmaker 3:","timestamp":"2025-11-10 01:48:26","trace":{}}
{"level":"error","message":"Error processing message for bookmaker 3:","timestamp":"2025-11-10 01:48:26","trace":{}}
{"level":"error","message":"Error processing message for bookmaker 3:","timestamp":"2025-11-10 01:48:26","trace":{}}
{"level":"error","message":"Error processing message for bookmaker 3:","timestamp":"2025-11-10 01:48:26","trace":{}}
{"level":"error","message":"Error processing message for bookmaker 3:","timestamp":"2025-11-10 01:48:26","trace":{}}
{"level":"error","message":"Error processing message for bookmaker 3:","timestamp":"2025-11-10 01:48:26","trace":{}}
{"level":"error","message":"Error processing message for bookmaker 3:","timestamp":"2025-11-10 01:48:26","trace":{}}
{"level":"error","message":"Error processing message for bookmaker 3:","timestamp":"2025-11-10 01:48:26","trace":{}}
{"level":"error","message":"Error processing message for bookmaker 3:","timestamp":"2025-11-10 01:48:26","trace":{}}
{"level":"error","message":"Error processing message for bookmaker 3:","timestamp":"2025-11-10 01:48:26","trace":{}}
{"level":"error","message":"Error processing message for bookmaker 3:","timestamp":"2025-11-10 01:48:27","trace":{}}
{"level":"error","message":"Error processing message for bookmaker 3:","timestamp":"2025-11-10 01:48:30","trace":{}}
{"level":"error","message":"Error processing message for bookmaker 3:","timestamp":"2025-11-10 01:48:30","trace":{}}
{"level":"error","message":"Error processing message for bookmaker 3:","timestamp":"2025-11-10 01:48:31","trace":{}}
{"level":"error","message":"Error processing message for bookmaker 3:","timestamp":"2025-11-10 01:48:31","trace":{}}
{"level":"error","message":"Error processing message for bookmaker 3:","timestamp":"2025-11-10 01:48:31","trace":{}}
{"level":"error","message":"Error processing message for bookmaker 3:","timestamp":"2025-11-10 01:48:31","trace":{}}
{"level":"error","message":"Error processing message for bookmaker 3:","timestamp":"2025-11-10 01:48:32","trace":{}}
{"level":"error","message":"Error processing message for bookmaker 3:","timestamp":"2025-11-10 01:48:32","trace":{}}
{"level":"error","message":"Error processing message for bookmaker 3:","timestamp":"2025-11-10 01:48:32","trace":{}}
{"level":"error","message":"Error processing message for bookmaker 3:","timestamp":"2025-11-10 01:48:33","trace":{}}
{"level":"error","message":"Error processing message for bookmaker 3:","timestamp":"2025-11-10 01:48:33","trace":{}}
{"level":"error","message":"Error processing message for bookmaker 3:","timestamp":"2025-11-10 01:48:33","trace":{}}
{"level":"error","message":"Error processing message for bookmaker 3:","timestamp":"2025-11-10 01:48:34","trace":{}}
{"level":"error","message":"Error processing message for bookmaker 3:","timestamp":"2025-11-10 01:48:34","trace":{}}
{"level":"error","message":"Error processing message for bookmaker 3:","timestamp":"2025-11-10 01:48:34","trace":{}}
{"level":"error","message":"Error processing message for bookmaker 3:","timestamp":"2025-11-10 01:48:34","trace":{}}
{"level":"error","message":"Error processing message for bookmaker 3:","timestamp":"2025-11-10 01:48:35","trace":{}}
{"level":"error","message":"Error processing message for bookmaker 3:","timestamp":"2025-11-10 01:48:35","trace":{}}
{"level":"error","message":"Error processing message for bookmaker 3:","timestamp":"2025-11-10 01:48:35","trace":{}}
{"level":"error","message":"Error processing message for bookmaker 3:","timestamp":"2025-11-10 01:48:35","trace":{}}
{"level":"error","message":"Error processing message for bookmaker 3:","timestamp":"2025-11-10 01:48:35","trace":{}}
{"level":"error","message":"Error processing message for bookmaker 3:","timestamp":"2025-11-10 01:48:36","trace":{}}
{"level":"error","message":"Error processing message for bookmaker 3:","timestamp":"2025-11-10 01:48:36","trace":{}}
{"level":"error","message":"Error processing message for bookmaker 3:","timestamp":"2025-11-10 01:48:36","trace":{}}
{"level":"error","message":"Error processing message for bookmaker 3:","timestamp":"2025-11-10 01:48:36","trace":{}}
{"level":"error","message":"Error processing message for bookmaker 3:","timestamp":"2025-11-10 01:48:36","trace":{}}
{"level":"error","message":"Error processing message for bookmaker 3:","timestamp":"2025-11-10 01:48:36","trace":{}}
{"level":"error","message":"Error processing message for bookmaker 3:","timestamp":"2025-11-10 01:48:36","trace":{}}
{"level":"error","message":"Error processing message for bookmaker 3:","timestamp":"2025-11-10 01:48:36","trace":{}}
{"level":"error","message":"Error processing message for bookmaker 3:","timestamp":"2025-11-10 01:48:36","trace":{}}
{"level":"error","message":"Error processing message for bookmaker 3:","timestamp":"2025-11-10 01:48:36","trace":{}}
{"level":"error","message":"Error processing message for bookmaker 3:","timestamp":"2025-11-10 01:48:36","trace":{}}
{"level":"error","message":"Error processing message for bookmaker 3:","timestamp":"2025-11-10 01:48:36","trace":{}}
{"level":"error","message":"Error processing message for bookmaker 3:","timestamp":"2025-11-10 01:48:37","trace":{}}
{"level":"error","message":"Error processing message for bookmaker 3:","timestamp":"2025-11-10 01:48:37","trace":{}}
{"level":"error","message":"Error processing message for bookmaker 3:","timestamp":"2025-11-10 01:48:37","trace":{}}
{"level":"error","message":"Error processing message for bookmaker 3:","timestamp":"2025-11-10 01:48:37","trace":{}}
{"level":"error","message":"Error processing message for bookmaker 3:","timestamp":"2025-11-10 01:48:37","trace":{}}
{"level":"error","message":"Error processing message for bookmaker 3:","timestamp":"2025-11-10 01:48:37","trace":{}}
{"level":"error","message":"Error processing message for bookmaker 3:","timestamp":"2025-11-10 01:48:37","trace":{}}
{"level":"error","message":"Error processing message for bookmaker 3:","timestamp":"2025-11-10 01:48:37","trace":{}}
{"level":"error","message":"Error processing message for bookmaker 3:","timestamp":"2025-11-10 01:48:37","trace":{}}
{"level":"error","message":"Error processing message for bookmaker 3:","timestamp":"2025-11-10 01:48:37","trace":{}}
{"level":"error","message":"Error processing message for bookmaker 3:","timestamp":"2025-11-10 01:48:37","trace":{}}
{"level":"error","message":"Error processing message for bookmaker 3:","timestamp":"2025-11-10 01:48:37","trace":{}}
{"level":"error","message":"Error processing message for bookmaker 3:","timestamp":"2025-11-10 01:48:37","trace":{}}
{"level":"error","message":"Error processing message for bookmaker 3:","timestamp":"2025-11-10 01:48:38","trace":{}}
{"level":"error","message":"Error processing message for bookmaker 3:","timestamp":"2025-11-10 01:48:38","trace":{}}
{"level":"error","message":"Error processing message for bookmaker 3:","timestamp":"2025-11-10 01:48:38","trace":{}}
{"level":"error","message":"Error processing message for bookmaker 3:","timestamp":"2025-11-10 01:48:38","trace":{}}
{"level":"error","message":"Error processing message for bookmaker 3:","timestamp":"2025-11-10 01:48:38","trace":{}}
{"level":"error","message":"Error processing message for bookmaker 3:","timestamp":"2025-11-10 01:48:38","trace":{}}
{"level":"error","message":"Error processing message for bookmaker 3:","timestamp":"2025-11-10 01:48:38","trace":{}}
{"level":"error","message":"Error processing message for bookmaker 3:","timestamp":"2025-11-10 01:48:38","trace":{}}
{"level":"error","message":"Error processing message for bookmaker 3:","timestamp":"2025-11-10 01:48:38","trace":{}}
{"level":"error","message":"Error processing message for bookmaker 3:","timestamp":"2025-11-10 01:48:38","trace":{}}
{"level":"error","message":"Error processing message for bookmaker 3:","timestamp":"2025-11-10 01:48:38","trace":{}}
{"level":"error","message":"Error processing message for bookmaker 3:","timestamp":"2025-11-10 01:48:38","trace":{}}
{"level":"error","message":"Error processing message for bookmaker 3:","timestamp":"2025-11-10 01:48:38","trace":{}}
{"level":"error","message":"Error processing message for bookmaker 3:","timestamp":"2025-11-10 01:48:39","trace":{}}
{"level":"error","message":"Error processing message for bookmaker 3:","timestamp":"2025-11-10 01:48:39","trace":{}}
{"level":"error","message":"Error processing message for bookmaker 3:","timestamp":"2025-11-10 01:48:39","trace":{}}
{"level":"error","message":"Error processing message for bookmaker 3:","timestamp":"2025-11-10 01:48:39","trace":{}}
{"level":"error","message":"Error processing message for bookmaker 3:","timestamp":"2025-11-10 01:48:39","trace":{}}
{"level":"error","message":"Error processing message for bookmaker 3:","timestamp":"2025-11-10 01:48:39","trace":{}}
{"level":"error","message":"Error processing message for bookmaker 3:","timestamp":"2025-11-10 01:48:39","trace":{}}
{"level":"error","message":"Error processing message for bookmaker 3:","timestamp":"2025-11-10 01:48:39","trace":{}}
{"level":"error","message":"Error processing message for bookmaker 3:","timestamp":"2025-11-10 01:48:39","trace":{}}
{"level":"error","message":"Error processing message for bookmaker 3:","timestamp":"2025-11-10 01:48:39","trace":{}}
{"level":"error","message":"Error processing message for bookmaker 3:","timestamp":"2025-11-10 01:48:39","trace":{}}
{"level":"error","message":"Error processing message for bookmaker 3:","timestamp":"2025-11-10 01:48:39","trace":{}}
{"level":"error","message":"Error processing message for bookmaker 3:","timestamp":"2025-11-10 01:48:39","trace":{}}
{"level":"error","message":"Error processing message for bookmaker 3:","timestamp":"2025-11-10 01:48:40","trace":{}}
{"level":"error","message":"Error processing message for bookmaker 3:","timestamp":"2025-11-10 01:48:40","trace":{}}
{"level":"error","message":"Error processing message for bookmaker 3:","timestamp":"2025-11-10 01:48:40","trace":{}}
{"level":"error","message":"Error processing message for bookmaker 3:","timestamp":"2025-11-10 01:48:40","trace":{}}
{"level":"error","message":"Error processing message for bookmaker 3:","timestamp":"2025-11-10 01:48:40","trace":{}}
{"level":"error","message":"Error processing message for bookmaker 3:","timestamp":"2025-11-10 01:48:40","trace":{}}
{"level":"error","message":"Error processing message for bookmaker 3:","timestamp":"2025-11-10 01:48:40","trace":{}}
{"level":"error","message":"Error processing message for bookmaker 3:","timestamp":"2025-11-10 01:48:40","trace":{}}
{"level":"error","message":"Error processing message for bookmaker 3:","timestamp":"2025-11-10 01:48:40","trace":{}}
{"level":"error","message":"Error processing message for bookmaker 3:","timestamp":"2025-11-10 01:48:40","trace":{}}
{"level":"error","message":"Error processing message for bookmaker 3:","timestamp":"2025-11-10 01:48:40","trace":{}}
{"level":"info","message":"📡 Emitiendo aviator_raw para bookmaker 3 (legacy)","timestamp":"2025-11-10 01:48:40"}
{"level":"error","message":"Error processing message for bookmaker 3:","timestamp":"2025-11-10 01:48:40","trace":{}}
{"level":"error","message":"Error processing message for bookmaker 3:","timestamp":"2025-11-10 01:48:40","trace":{}}
{"level":"error","message":"Error processing message for bookmaker 3:","timestamp":"2025-11-10 01:48:41","trace":{}}
{"level":"error","message":"Error processing message for bookmaker 3:","timestamp":"2025-11-10 01:48:41","trace":{}}
{"level":"error","message":"Error processing message for bookmaker 3:","timestamp":"2025-11-10 01:48:41","trace":{}}
{"level":"error","message":"Error processing message for bookmaker 3:","timestamp":"2025-11-10 01:48:41","trace":{}}
{"level":"error","message":"Error processing message for bookmaker 3:","timestamp":"2025-11-10 01:48:41","trace":{}}
{"level":"error","message":"Error processing message for bookmaker 3:","timestamp":"2025-11-10 01:48:41","trace":{}}
{"level":"error","message":"Error processing message for bookmaker 3:","timestamp":"2025-11-10 01:48:41","trace":{}}
{"level":"error","message":"Error processing message for bookmaker 3:","timestamp":"2025-11-10 01:48:41","trace":{}}
{"level":"error","message":"Error processing message for bookmaker 3:","timestamp":"2025-11-10 01:48:41","trace":{}}
{"level":"error","message":"Error processing message for bookmaker 3:","timestamp":"2025-11-10 01:48:41","trace":{}}
{"level":"error","message":"Error processing message for bookmaker 3:","timestamp":"2025-11-10 01:48:41","trace":{}}
{"level":"error","message":"Error processing message for bookmaker 3:","timestamp":"2025-11-10 01:48:41","trace":{}}
{"level":"error","message":"Error processing message for bookmaker 3:","timestamp":"2025-11-10 01:48:41","trace":{}}
{"level":"error","message":"Error processing message for bookmaker 3:","timestamp":"2025-11-10 01:48:41","trace":{}}
{"level":"error","message":"Error processing message for bookmaker 3:","timestamp":"2025-11-10 01:48:42","trace":{}}
{"level":"error","message":"Error processing message for bookmaker 3:","timestamp":"2025-11-10 01:48:42","trace":{}}
{"level":"error","message":"Error processing message for bookmaker 3:","timestamp":"2025-11-10 01:48:42","trace":{}}
{"level":"error","message":"Error processing message for bookmaker 3:","timestamp":"2025-11-10 01:48:42","trace":{}}
{"level":"error","message":"Error processing message for bookmaker 3:","timestamp":"2025-11-10 01:48:42","trace":{}}
{"level":"error","message":"Error processing message for bookmaker 3:","timestamp":"2025-11-10 01:48:42","trace":{}}
{"level":"error","message":"Error processing message for bookmaker 3:","timestamp":"2025-11-10 01:48:42","trace":{}}
{"level":"error","message":"Error processing message for bookmaker 3:","timestamp":"2025-11-10 01:48:42","trace":{}}
{"level":"error","message":"Error processing message for bookmaker 3:","timestamp":"2025-11-10 01:48:42","trace":{}}
{"level":"error","message":"Error processing message for bookmaker 3:","timestamp":"2025-11-10 01:48:42","trace":{}}
{"level":"error","message":"Error processing message for bookmaker 3:","timestamp":"2025-11-10 01:48:42","trace":{}}
{"level":"error","message":"Error processing message for bookmaker 3:","timestamp":"2025-11-10 01:48:42","trace":{}}
{"level":"error","message":"Error processing message for bookmaker 3:","timestamp":"2025-11-10 01:48:42","trace":{}}
{"level":"error","message":"Error processing message for bookmaker 3:","timestamp":"2025-11-10 01:48:43","trace":{}}
{"level":"error","message":"Error processing message for bookmaker 3:","timestamp":"2025-11-10 01:48:43","trace":{}}
{"level":"error","message":"Error processing message for bookmaker 3:","timestamp":"2025-11-10 01:48:43","trace":{}}
{"level":"error","message":"Error processing message for bookmaker 3:","timestamp":"2025-11-10 01:48:43","trace":{}}
{"level":"error","message":"Error processing message for bookmaker 3:","timestamp":"2025-11-10 01:48:43","trace":{}}
{"level":"error","message":"Error processing message for bookmaker 3:","timestamp":"2025-11-10 01:48:43","trace":{}}
{"level":"error","message":"Error processing message for bookmaker 3:","timestamp":"2025-11-10 01:48:43","trace":{}}
{"level":"error","message":"Error processing message for bookmaker 3:","timestamp":"2025-11-10 01:48:43","trace":{}}
{"level":"error","message":"Error processing message for bookmaker 3:","timestamp":"2025-11-10 01:48:43","trace":{}}
{"level":"error","message":"Error processing message for bookmaker 3:","timestamp":"2025-11-10 01:48:43","trace":{}}
{"level":"error","message":"Error processing message for bookmaker 3:","timestamp":"2025-11-10 01:48:43","trace":{}}
{"level":"error","message":"Error processing message for bookmaker 3:","timestamp":"2025-11-10 01:48:43","trace":{}}
{"level":"error","message":"Error processing message for bookmaker 3:","timestamp":"2025-11-10 01:48:43","trace":{}}
{"level":"error","message":"Error processing message for bookmaker 3:","timestamp":"2025-11-10 01:48:44","trace":{}}
{"level":"error","message":"Error processing message for bookmaker 3:","timestamp":"2025-11-10 01:48:44","trace":{}}
{"level":"error","message":"Error processing message for bookmaker 3:","timestamp":"2025-11-10 01:48:44","trace":{}}
{"level":"error","message":"Error processing message for bookmaker 3:","timestamp":"2025-11-10 01:48:44","trace":{}}
{"level":"error","message":"Error processing message for bookmaker 3:","timestamp":"2025-11-10 01:48:44","trace":{}}
{"level":"error","message":"Error processing message for bookmaker 3:","timestamp":"2025-11-10 01:48:44","trace":{}}
{"level":"error","message":"Error processing message for bookmaker 3:","timestamp":"2025-11-10 01:48:44","trace":{}}
{"level":"error","message":"Error processing message for bookmaker 3:","timestamp":"2025-11-10 01:48:44","trace":{}}
{"level":"error","message":"Error processing message for bookmaker 3:","timestamp":"2025-11-10 01:48:44","trace":{}}
{"level":"error","message":"Error processing message for bookmaker 3:","timestamp":"2025-11-10 01:48:44","trace":{}}
{"level":"error","message":"Error processing message for bookmaker 3:","timestamp":"2025-11-10 01:48:44","trace":{}}
{"level":"error","message":"Error processing message for bookmaker 3:","timestamp":"2025-11-10 01:48:44","trace":{}}
{"level":"error","message":"Error processing message for bookmaker 3:","timestamp":"2025-11-10 01:48:44","trace":{}}
{"level":"error","message":"Error processing message for bookmaker 3:","timestamp":"2025-11-10 01:48:45","trace":{}}
{"level":"error","message":"Error processing message for bookmaker 3:","timestamp":"2025-11-10 01:48:45","trace":{}}
{"level":"error","message":"Error processing message for bookmaker 3:","timestamp":"2025-11-10 01:48:45","trace":{}}
{"level":"error","message":"Error processing message for bookmaker 3:","timestamp":"2025-11-10 01:48:45","trace":{}}
{"level":"error","message":"Error processing message for bookmaker 3:","timestamp":"2025-11-10 01:48:45","trace":{}}
{"level":"error","message":"Error processing message for bookmaker 3:","timestamp":"2025-11-10 01:48:45","trace":{}}
{"level":"error","message":"Error processing message for bookmaker 3:","timestamp":"2025-11-10 01:48:45","trace":{}}
{"level":"error","message":"Error processing message for bookmaker 3:","timestamp":"2025-11-10 01:48:45","trace":{}}
{"level":"error","message":"Error processing message for bookmaker 3:","timestamp":"2025-11-10 01:48:45","trace":{}}
{"level":"error","message":"Error processing message for bookmaker 3:","timestamp":"2025-11-10 01:48:45","trace":{}}
{"level":"error","message":"Error processing message for bookmaker 3:","timestamp":"2025-11-10 01:48:45","trace":{}}
{"level":"error","message":"Error processing message for bookmaker 3:","timestamp":"2025-11-10 01:48:45","trace":{}}
{"level":"error","message":"Error processing message for bookmaker 3:","timestamp":"2025-11-10 01:48:45","trace":{}}
{"level":"error","message":"Error processing message for bookmaker 3:","timestamp":"2025-11-10 01:48:46","trace":{}}
{"level":"error","message":"Error processing message for bookmaker 3:","timestamp":"2025-11-10 01:48:46","trace":{}}
{"level":"error","message":"Error processing message for bookmaker 3:","timestamp":"2025-11-10 01:48:46","trace":{}}
{"level":"error","message":"Error processing message for bookmaker 3:","timestamp":"2025-11-10 01:48:46","trace":{}}
{"level":"info","message":"Gateway Aviator inicializado","timestamp":"2025-11-10 01:48:51"}
{"level":"info","message":"Cliente conectado: W7MNts5FL0ORV-_BAAAB","timestamp":"2025-11-10 01:48:51"}
{"level":"info","message":"Cliente W7MNts5FL0ORV-_BAAAB unido a bookmaker:3","timestamp":"2025-11-10 01:48:51"}
{"level":"info","message":"📤 Historial enviado al cliente W7MNts5FL0ORV-_BAAAB: 100 rondas","timestamp":"2025-11-10 01:48:52"}
{"level":"info","message":"Cliente W7MNts5FL0ORV-_BAAAB unido exitosamente a la sala bookmaker:3","timestamp":"2025-11-10 01:48:52"}
{"level":"info","message":"Gateway Aviator inicializado","timestamp":"2025-11-10 01:49:49"}
{"level":"info","message":"Cliente conectado: SgCxx9OdDyI_0nTmAAAB","timestamp":"2025-11-10 01:49:49"}
{"level":"info","message":"Cliente SgCxx9OdDyI_0nTmAAAB unido a bookmaker:3","timestamp":"2025-11-10 01:49:49"}
{"level":"info","message":"📤 Historial enviado al cliente SgCxx9OdDyI_0nTmAAAB: 100 rondas","timestamp":"2025-11-10 01:49:50"}
{"level":"info","message":"Cliente SgCxx9OdDyI_0nTmAAAB unido exitosamente a la sala bookmaker:3","timestamp":"2025-11-10 01:49:50"}
{"level":"info","message":"✅ Inicializando conexiones WebSocket de Aviator","timestamp":"2025-11-10 01:50:00"}
{"level":"info","message":"🔑 [DEBUG] Bookmaker 3 - auth_message: gALaEgADAAFjAgAAAWEDAAEAAXASAAQAAnpuCAASYXZpYXRvcl...","timestamp":"2025-11-10 01:50:00"}
{"level":"info","message":"✅ Inicializando conexiones WebSocket de GoBet (protocolo ws://)","timestamp":"2025-11-10 01:50:00"}
{"level":"info","message":"Estado WebSocket actualizado en BD para bookmaker 3: CONNECTING","timestamp":"2025-11-10 01:50:00"}
{"level":"info","message":"WebSocket connected for bookmaker 3","timestamp":"2025-11-10 01:50:01"}
{"level":"error","message":"Error processing message for bookmaker 3:","timestamp":"2025-11-10 01:50:01","trace":{}}
{"level":"error","message":"Error processing message for bookmaker 3:","timestamp":"2025-11-10 01:50:01","trace":{}}
{"level":"error","message":"Error processing message for bookmaker 3:","timestamp":"2025-11-10 01:50:01","trace":{}}
{"level":"error","message":"Error processing message for bookmaker 3:","timestamp":"2025-11-10 01:50:01","trace":{}}
{"level":"error","message":"Error processing message for bookmaker 3:","timestamp":"2025-11-10 01:50:01","trace":{}}
{"level":"info","message":"Estado WebSocket actualizado en BD para bookmaker 3: CONNECTED","timestamp":"2025-11-10 01:50:01"}
{"level":"error","message":"Error processing message for bookmaker 3:","timestamp":"2025-11-10 01:50:01","trace":{}}
{"level":"error","message":"Error processing message for bookmaker 3:","timestamp":"2025-11-10 01:50:02","trace":{}}
{"level":"error","message":"Error processing message for bookmaker 3:","timestamp":"2025-11-10 01:50:02","trace":{}}
{"level":"error","message":"Error processing message for bookmaker 3:","timestamp":"2025-11-10 01:50:02","trace":{}}
{"level":"error","message":"Error processing message for bookmaker 3:","timestamp":"2025-11-10 01:50:02","trace":{}}
{"level":"error","message":"Error processing message for bookmaker 3:","timestamp":"2025-11-10 01:50:02","trace":{}}
{"level":"error","message":"Error processing message for bookmaker 3:","timestamp":"2025-11-10 01:50:02","trace":{}}
{"level":"error","message":"Error processing message for bookmaker 3:","timestamp":"2025-11-10 01:50:02","trace":{}}
{"level":"error","message":"Error processing message for bookmaker 3:","timestamp":"2025-11-10 01:50:02","trace":{}}
{"level":"error","message":"Error processing message for bookmaker 3:","timestamp":"2025-11-10 01:50:02","trace":{}}
{"level":"error","message":"Error processing message for bookmaker 3:","timestamp":"2025-11-10 01:50:02","trace":{}}
{"level":"error","message":"Error processing message for bookmaker 3:","timestamp":"2025-11-10 01:50:02","trace":{}}
{"level":"error","message":"Error processing message for bookmaker 3:","timestamp":"2025-11-10 01:50:02","trace":{}}
{"level":"error","message":"Error processing message for bookmaker 3:","timestamp":"2025-11-10 01:50:02","trace":{}}
{"level":"error","message":"Error processing message for bookmaker 3:","timestamp":"2025-11-10 01:50:03","trace":{}}
{"level":"error","message":"Error processing message for bookmaker 3:","timestamp":"2025-11-10 01:50:03","trace":{}}
{"level":"error","message":"Error processing message for bookmaker 3:","timestamp":"2025-11-10 01:50:03","trace":{}}
{"level":"error","message":"Error processing message for bookmaker 3:","timestamp":"2025-11-10 01:50:03","trace":{}}
{"level":"error","message":"Error processing message for bookmaker 3:","timestamp":"2025-11-10 01:50:07","trace":{}}
{"level":"error","message":"Error processing message for bookmaker 3:","timestamp":"2025-11-10 01:50:07","trace":{}}
{"level":"error","message":"Error processing message for bookmaker 3:","timestamp":"2025-11-10 01:50:07","trace":{}}
{"level":"error","message":"Error processing message for bookmaker 3:","timestamp":"2025-11-10 01:50:08","trace":{}}
{"level":"error","message":"Error processing message for bookmaker 3:","timestamp":"2025-11-10 01:50:08","trace":{}}
{"level":"error","message":"Error processing message for bookmaker 3:","timestamp":"2025-11-10 01:50:08","trace":{}}
{"level":"error","message":"Error processing message for bookmaker 3:","timestamp":"2025-11-10 01:50:09","trace":{}}
{"level":"error","message":"Error processing message for bookmaker 3:","timestamp":"2025-11-10 01:50:09","trace":{}}
{"level":"error","message":"Error processing message for bookmaker 3:","timestamp":"2025-11-10 01:50:09","trace":{}}
{"level":"error","message":"Error processing message for bookmaker 3:","timestamp":"2025-11-10 01:50:09","trace":{}}
{"level":"error","message":"Error processing message for bookmaker 3:","timestamp":"2025-11-10 01:50:10","trace":{}}
{"level":"error","message":"Error processing message for bookmaker 3:","timestamp":"2025-11-10 01:50:10","trace":{}}
{"level":"error","message":"Error processing message for bookmaker 3:","timestamp":"2025-11-10 01:50:10","trace":{}}
{"level":"error","message":"Error processing message for bookmaker 3:","timestamp":"2025-11-10 01:50:10","trace":{}}
{"level":"error","message":"Error processing message for bookmaker 3:","timestamp":"2025-11-10 01:50:11","trace":{}}
{"level":"error","message":"Error processing message for bookmaker 3:","timestamp":"2025-11-10 01:50:11","trace":{}}
{"level":"error","message":"Error processing message for bookmaker 3:","timestamp":"2025-11-10 01:50:11","trace":{}}
{"level":"error","message":"Error processing message for bookmaker 3:","timestamp":"2025-11-10 01:50:12","trace":{}}
{"level":"error","message":"Error processing message for bookmaker 3:","timestamp":"2025-11-10 01:50:12","trace":{}}
{"level":"error","message":"Error processing message for bookmaker 3:","timestamp":"2025-11-10 01:50:12","trace":{}}
{"level":"error","message":"Error processing message for bookmaker 3:","timestamp":"2025-11-10 01:50:12","trace":{}}
{"level":"error","message":"Error processing message for bookmaker 3:","timestamp":"2025-11-10 01:50:13","trace":{}}
{"level":"error","message":"Error processing message for bookmaker 3:","timestamp":"2025-11-10 01:50:13","trace":{}}
{"level":"error","message":"Error processing message for bookmaker 3:","timestamp":"2025-11-10 01:50:13","trace":{}}
{"level":"error","message":"Error processing message for bookmaker 3:","timestamp":"2025-11-10 01:50:13","trace":{}}
{"level":"error","message":"Error processing message for bookmaker 3:","timestamp":"2025-11-10 01:50:13","trace":{}}
{"level":"error","message":"Error processing message for bookmaker 3:","timestamp":"2025-11-10 01:50:13","trace":{}}
{"level":"error","message":"Error processing message for bookmaker 3:","timestamp":"2025-11-10 01:50:13","trace":{}}
{"level":"error","message":"Error processing message for bookmaker 3:","timestamp":"2025-11-10 01:50:13","trace":{}}
{"level":"error","message":"Error processing message for bookmaker 3:","timestamp":"2025-11-10 01:50:13","trace":{}}
{"level":"error","message":"Error processing message for bookmaker 3:","timestamp":"2025-11-10 01:50:13","trace":{}}
{"level":"error","message":"Error processing message for bookmaker 3:","timestamp":"2025-11-10 01:50:13","trace":{}}
{"level":"error","message":"Error processing message for bookmaker 3:","timestamp":"2025-11-10 01:50:14","trace":{}}
{"level":"error","message":"Error processing message for bookmaker 3:","timestamp":"2025-11-10 01:50:14","trace":{}}
{"level":"error","message":"Error processing message for bookmaker 3:","timestamp":"2025-11-10 01:50:14","trace":{}}
{"level":"error","message":"Error processing message for bookmaker 3:","timestamp":"2025-11-10 01:50:14","trace":{}}
{"level":"error","message":"Error processing message for bookmaker 3:","timestamp":"2025-11-10 01:50:14","trace":{}}
{"level":"error","message":"Error processing message for bookmaker 3:","timestamp":"2025-11-10 01:50:14","trace":{}}
{"level":"error","message":"Error processing message for bookmaker 3:","timestamp":"2025-11-10 01:50:14","trace":{}}
{"level":"error","message":"Error processing message for bookmaker 3:","timestamp":"2025-11-10 01:50:14","trace":{}}
{"level":"error","message":"Error processing message for bookmaker 3:","timestamp":"2025-11-10 01:50:14","trace":{}}
{"level":"error","message":"Error processing message for bookmaker 3:","timestamp":"2025-11-10 01:50:14","trace":{}}
{"level":"error","message":"Error processing message for bookmaker 3:","timestamp":"2025-11-10 01:50:14","trace":{}}
{"level":"error","message":"Error processing message for bookmaker 3:","timestamp":"2025-11-10 01:50:14","trace":{}}
{"level":"error","message":"Error processing message for bookmaker 3:","timestamp":"2025-11-10 01:50:14","trace":{}}
{"level":"error","message":"Error processing message for bookmaker 3:","timestamp":"2025-11-10 01:50:15","trace":{}}
{"level":"error","message":"Error processing message for bookmaker 3:","timestamp":"2025-11-10 01:50:15","trace":{}}
{"level":"error","message":"Error processing message for bookmaker 3:","timestamp":"2025-11-10 01:50:15","trace":{}}
{"level":"error","message":"Error processing message for bookmaker 3:","timestamp":"2025-11-10 01:50:15","trace":{}}
{"level":"error","message":"Error processing message for bookmaker 3:","timestamp":"2025-11-10 01:50:15","trace":{}}
{"level":"error","message":"Error processing message for bookmaker 3:","timestamp":"2025-11-10 01:50:15","trace":{}}
{"level":"error","message":"Error processing message for bookmaker 3:","timestamp":"2025-11-10 01:50:15","trace":{}}
{"level":"error","message":"Error processing message for bookmaker 3:","timestamp":"2025-11-10 01:50:15","trace":{}}
{"level":"error","message":"Error processing message for bookmaker 3:","timestamp":"2025-11-10 01:50:15","trace":{}}
{"level":"error","message":"Error processing message for bookmaker 3:","timestamp":"2025-11-10 01:50:15","trace":{}}
{"level":"error","message":"Error processing message for bookmaker 3:","timestamp":"2025-11-10 01:50:15","trace":{}}
{"level":"error","message":"Error processing message for bookmaker 3:","timestamp":"2025-11-10 01:50:15","trace":{}}
{"level":"error","message":"Error processing message for bookmaker 3:","timestamp":"2025-11-10 01:50:15","trace":{}}
{"level":"error","message":"Error processing message for bookmaker 3:","timestamp":"2025-11-10 01:50:16","trace":{}}
{"level":"error","message":"Error processing message for bookmaker 3:","timestamp":"2025-11-10 01:50:16","trace":{}}
{"level":"error","message":"Error processing message for bookmaker 3:","timestamp":"2025-11-10 01:50:16","trace":{}}
{"level":"error","message":"Error processing message for bookmaker 3:","timestamp":"2025-11-10 01:50:16","trace":{}}
{"level":"error","message":"Error processing message for bookmaker 3:","timestamp":"2025-11-10 01:50:16","trace":{}}
{"level":"error","message":"Error processing message for bookmaker 3:","timestamp":"2025-11-10 01:50:16","trace":{}}
{"level":"error","message":"Error processing message for bookmaker 3:","timestamp":"2025-11-10 01:50:16","trace":{}}
{"level":"error","message":"Error processing message for bookmaker 3:","timestamp":"2025-11-10 01:50:16","trace":{}}
{"level":"error","message":"Error processing message for bookmaker 3:","timestamp":"2025-11-10 01:50:16","trace":{}}
{"level":"error","message":"Error processing message for bookmaker 3:","timestamp":"2025-11-10 01:50:16","trace":{}}
{"level":"error","message":"Error processing message for bookmaker 3:","timestamp":"2025-11-10 01:50:16","trace":{}}
{"level":"error","message":"Error processing message for bookmaker 3:","timestamp":"2025-11-10 01:50:16","trace":{}}
{"level":"error","message":"Error processing message for bookmaker 3:","timestamp":"2025-11-10 01:50:16","trace":{}}
{"level":"error","message":"Error processing message for bookmaker 3:","timestamp":"2025-11-10 01:50:17","trace":{}}
{"level":"error","message":"Error processing message for bookmaker 3:","timestamp":"2025-11-10 01:50:17","trace":{}}
{"level":"error","message":"Error processing message for bookmaker 3:","timestamp":"2025-11-10 01:50:17","trace":{}}
{"level":"error","message":"Error processing message for bookmaker 3:","timestamp":"2025-11-10 01:50:17","trace":{}}
{"level":"error","message":"Error processing message for bookmaker 3:","timestamp":"2025-11-10 01:50:17","trace":{}}
{"level":"error","message":"Error processing message for bookmaker 3:","timestamp":"2025-11-10 01:50:17","trace":{}}
{"level":"error","message":"Error processing message for bookmaker 3:","timestamp":"2025-11-10 01:50:17","trace":{}}
{"level":"error","message":"Error processing message for bookmaker 3:","timestamp":"2025-11-10 01:50:17","trace":{}}
{"level":"error","message":"Error processing message for bookmaker 3:","timestamp":"2025-11-10 01:50:17","trace":{}}
{"level":"error","message":"Error processing message for bookmaker 3:","timestamp":"2025-11-10 01:50:17","trace":{}}
{"level":"error","message":"Error processing message for bookmaker 3:","timestamp":"2025-11-10 01:50:17","trace":{}}
{"level":"error","message":"Error processing message for bookmaker 3:","timestamp":"2025-11-10 01:50:17","trace":{}}
{"level":"error","message":"Error processing message for bookmaker 3:","timestamp":"2025-11-10 01:50:17","trace":{}}
{"level":"error","message":"Error processing message for bookmaker 3:","timestamp":"2025-11-10 01:50:17","trace":{}}
{"level":"error","message":"Error processing message for bookmaker 3:","timestamp":"2025-11-10 01:50:18","trace":{}}
{"level":"error","message":"Error processing message for bookmaker 3:","timestamp":"2025-11-10 01:50:18","trace":{}}
{"level":"error","message":"Error processing message for bookmaker 3:","timestamp":"2025-11-10 01:50:18","trace":{}}
{"level":"error","message":"Error processing message for bookmaker 3:","timestamp":"2025-11-10 01:50:18","trace":{}}
{"level":"error","message":"Error processing message for bookmaker 3:","timestamp":"2025-11-10 01:50:18","trace":{}}
{"level":"error","message":"Error processing message for bookmaker 3:","timestamp":"2025-11-10 01:50:18","trace":{}}
{"level":"error","message":"Error processing message for bookmaker 3:","timestamp":"2025-11-10 01:50:18","trace":{}}
{"level":"error","message":"Error processing message for bookmaker 3:","timestamp":"2025-11-10 01:50:18","trace":{}}
{"level":"error","message":"Error processing message for bookmaker 3:","timestamp":"2025-11-10 01:50:18","trace":{}}
{"level":"error","message":"Error processing message for bookmaker 3:","timestamp":"2025-11-10 01:50:18","trace":{}}
{"level":"error","message":"Error processing message for bookmaker 3:","timestamp":"2025-11-10 01:50:18","trace":{}}
{"level":"error","message":"Error processing message for bookmaker 3:","timestamp":"2025-11-10 01:50:18","trace":{}}
{"level":"error","message":"Error processing message for bookmaker 3:","timestamp":"2025-11-10 01:50:18","trace":{}}
{"level":"error","message":"Error processing message for bookmaker 3:","timestamp":"2025-11-10 01:50:19","trace":{}}
{"level":"error","message":"Error processing message for bookmaker 3:","timestamp":"2025-11-10 01:50:19","trace":{}}
{"level":"error","message":"Error processing message for bookmaker 3:","timestamp":"2025-11-10 01:50:19","trace":{}}
{"level":"error","message":"Error processing message for bookmaker 3:","timestamp":"2025-11-10 01:50:19","trace":{}}
{"level":"error","message":"Error processing message for bookmaker 3:","timestamp":"2025-11-10 01:50:19","trace":{}}
{"level":"error","message":"Error processing message for bookmaker 3:","timestamp":"2025-11-10 01:50:19","trace":{}}
{"level":"error","message":"Error processing message for bookmaker 3:","timestamp":"2025-11-10 01:50:19","trace":{}}
{"level":"error","message":"Error processing message for bookmaker 3:","timestamp":"2025-11-10 01:50:19","trace":{}}
{"level":"error","message":"Error processing message for bookmaker 3:","timestamp":"2025-11-10 01:50:19","trace":{}}
{"level":"error","message":"Error processing message for bookmaker 3:","timestamp":"2025-11-10 01:50:19","trace":{}}
{"level":"error","message":"Error processing message for bookmaker 3:","timestamp":"2025-11-10 01:50:19","trace":{}}
{"level":"error","message":"Error processing message for bookmaker 3:","timestamp":"2025-11-10 01:50:19","trace":{}}
{"level":"error","message":"Error processing message for bookmaker 3:","timestamp":"2025-11-10 01:50:19","trace":{}}
{"level":"error","message":"Error processing message for bookmaker 3:","timestamp":"2025-11-10 01:50:20","trace":{}}
{"level":"error","message":"Error processing message for bookmaker 3:","timestamp":"2025-11-10 01:50:20","trace":{}}
{"level":"error","message":"Error processing message for bookmaker 3:","timestamp":"2025-11-10 01:50:20","trace":{}}
{"level":"error","message":"Error processing message for bookmaker 3:","timestamp":"2025-11-10 01:50:20","trace":{}}
{"level":"error","message":"Error processing message for bookmaker 3:","timestamp":"2025-11-10 01:50:20","trace":{}}
{"level":"error","message":"Error processing message for bookmaker 3:","timestamp":"2025-11-10 01:50:20","trace":{}}
{"level":"error","message":"Error processing message for bookmaker 3:","timestamp":"2025-11-10 01:50:20","trace":{}}
{"level":"error","message":"Error processing message for bookmaker 3:","timestamp":"2025-11-10 01:50:20","trace":{}}
{"level":"error","message":"Error processing message for bookmaker 3:","timestamp":"2025-11-10 01:50:20","trace":{}}
{"level":"error","message":"Error processing message for bookmaker 3:","timestamp":"2025-11-10 01:50:20","trace":{}}
{"level":"error","message":"Error processing message for bookmaker 3:","timestamp":"2025-11-10 01:50:20","trace":{}}
{"level":"error","message":"Error processing message for bookmaker 3:","timestamp":"2025-11-10 01:50:20","trace":{}}
{"level":"error","message":"Error processing message for bookmaker 3:","timestamp":"2025-11-10 01:50:20","trace":{}}
{"level":"error","message":"Error processing message for bookmaker 3:","timestamp":"2025-11-10 01:50:20","trace":{}}
{"level":"error","message":"Error processing message for bookmaker 3:","timestamp":"2025-11-10 01:50:21","trace":{}}
{"level":"error","message":"Error processing message for bookmaker 3:","timestamp":"2025-11-10 01:50:21","trace":{}}
{"level":"error","message":"Error processing message for bookmaker 3:","timestamp":"2025-11-10 01:50:21","trace":{}}
{"level":"error","message":"Error processing message for bookmaker 3:","timestamp":"2025-11-10 01:50:21","trace":{}}
{"level":"error","message":"Error processing message for bookmaker 3:","timestamp":"2025-11-10 01:50:21","trace":{}}
{"level":"error","message":"Error processing message for bookmaker 3:","timestamp":"2025-11-10 01:50:21","trace":{}}
{"level":"error","message":"Error processing message for bookmaker 3:","timestamp":"2025-11-10 01:50:21","trace":{}}
{"level":"error","message":"Error processing message for bookmaker 3:","timestamp":"2025-11-10 01:50:21","trace":{}}
{"level":"error","message":"Error processing message for bookmaker 3:","timestamp":"2025-11-10 01:50:21","trace":{}}
{"level":"error","message":"Error processing message for bookmaker 3:","timestamp":"2025-11-10 01:50:21","trace":{}}
{"level":"error","message":"Error processing message for bookmaker 3:","timestamp":"2025-11-10 01:50:21","trace":{}}
{"level":"info","message":"📡 Emitiendo aviator_raw para bookmaker 3 (legacy)","timestamp":"2025-11-10 01:50:21"}
{"level":"error","message":"Error processing message for bookmaker 3:","timestamp":"2025-11-10 01:50:21","trace":{}}
{"level":"error","message":"Error processing message for bookmaker 3:","timestamp":"2025-11-10 01:50:21","trace":{}}
{"level":"error","message":"Error processing message for bookmaker 3:","timestamp":"2025-11-10 01:50:22","trace":{}}
{"level":"error","message":"Error processing message for bookmaker 3:","timestamp":"2025-11-10 01:50:22","trace":{}}
{"level":"error","message":"Error processing message for bookmaker 3:","timestamp":"2025-11-10 01:50:22","trace":{}}
{"level":"error","message":"Error processing message for bookmaker 3:","timestamp":"2025-11-10 01:50:22","trace":{}}
{"level":"error","message":"Error processing message for bookmaker 3:","timestamp":"2025-11-10 01:50:22","trace":{}}
{"level":"error","message":"Error processing message for bookmaker 3:","timestamp":"2025-11-10 01:50:22","trace":{}}
{"level":"error","message":"Error processing message for bookmaker 3:","timestamp":"2025-11-10 01:50:22","trace":{}}
{"level":"error","message":"Error processing message for bookmaker 3:","timestamp":"2025-11-10 01:50:22","trace":{}}
{"level":"error","message":"Error processing message for bookmaker 3:","timestamp":"2025-11-10 01:50:22","trace":{}}
{"level":"error","message":"Error processing message for bookmaker 3:","timestamp":"2025-11-10 01:50:22","trace":{}}
{"level":"error","message":"Error processing message for bookmaker 3:","timestamp":"2025-11-10 01:50:22","trace":{}}
{"level":"error","message":"Error processing message for bookmaker 3:","timestamp":"2025-11-10 01:50:22","trace":{}}
{"level":"error","message":"Error processing message for bookmaker 3:","timestamp":"2025-11-10 01:50:22","trace":{}}
{"level":"error","message":"Error processing message for bookmaker 3:","timestamp":"2025-11-10 01:50:23","trace":{}}
{"level":"error","message":"Error processing message for bookmaker 3:","timestamp":"2025-11-10 01:50:23","trace":{}}
{"level":"error","message":"Error processing message for bookmaker 3:","timestamp":"2025-11-10 01:50:23","trace":{}}
{"level":"error","message":"Error processing message for bookmaker 3:","timestamp":"2025-11-10 01:50:23","trace":{}}
{"level":"error","message":"Error processing message for bookmaker 3:","timestamp":"2025-11-10 01:50:23","trace":{}}
{"level":"error","message":"Error processing message for bookmaker 3:","timestamp":"2025-11-10 01:50:23","trace":{}}
{"level":"error","message":"Error processing message for bookmaker 3:","timestamp":"2025-11-10 01:50:23","trace":{}}
{"level":"error","message":"Error processing message for bookmaker 3:","timestamp":"2025-11-10 01:50:23","trace":{}}
{"level":"error","message":"Error processing message for bookmaker 3:","timestamp":"2025-11-10 01:50:23","trace":{}}
{"level":"error","message":"Error processing message for bookmaker 3:","timestamp":"2025-11-10 01:50:23","trace":{}}
{"level":"error","message":"Error processing message for bookmaker 3:","timestamp":"2025-11-10 01:50:23","trace":{}}
{"level":"error","message":"Error processing message for bookmaker 3:","timestamp":"2025-11-10 01:50:23","trace":{}}
{"level":"error","message":"Error processing message for bookmaker 3:","timestamp":"2025-11-10 01:50:23","trace":{}}
{"level":"error","message":"Error processing message for bookmaker 3:","timestamp":"2025-11-10 01:50:23","trace":{}}
{"level":"error","message":"Error processing message for bookmaker 3:","timestamp":"2025-11-10 01:50:24","trace":{}}
{"level":"error","message":"Error processing message for bookmaker 3:","timestamp":"2025-11-10 01:50:24","trace":{}}
{"level":"error","message":"Error processing message for bookmaker 3:","timestamp":"2025-11-10 01:50:24","trace":{}}
{"level":"error","message":"Error processing message for bookmaker 3:","timestamp":"2025-11-10 01:50:24","trace":{}}
{"level":"error","message":"Error processing message for bookmaker 3:","timestamp":"2025-11-10 01:50:24","trace":{}}
{"level":"error","message":"Error processing message for bookmaker 3:","timestamp":"2025-11-10 01:50:24","trace":{}}
{"level":"error","message":"Error processing message for bookmaker 3:","timestamp":"2025-11-10 01:50:24","trace":{}}
{"level":"error","message":"Error processing message for bookmaker 3:","timestamp":"2025-11-10 01:50:24","trace":{}}
{"level":"error","message":"Error processing message for bookmaker 3:","timestamp":"2025-11-10 01:50:24","trace":{}}
{"level":"error","message":"Error processing message for bookmaker 3:","timestamp":"2025-11-10 01:50:24","trace":{}}
{"level":"error","message":"Error processing message for bookmaker 3:","timestamp":"2025-11-10 01:50:24","trace":{}}
{"level":"error","message":"Error processing message for bookmaker 3:","timestamp":"2025-11-10 01:50:24","trace":{}}
{"level":"error","message":"Error processing message for bookmaker 3:","timestamp":"2025-11-10 01:50:24","trace":{}}
{"level":"error","message":"Error processing message for bookmaker 3:","timestamp":"2025-11-10 01:50:25","trace":{}}
{"level":"error","message":"Error processing message for bookmaker 3:","timestamp":"2025-11-10 01:50:25","trace":{}}
{"level":"error","message":"Error processing message for bookmaker 3:","timestamp":"2025-11-10 01:50:25","trace":{}}
{"level":"error","message":"Error processing message for bookmaker 3:","timestamp":"2025-11-10 01:50:25","trace":{}}
{"level":"error","message":"Error processing message for bookmaker 3:","timestamp":"2025-11-10 01:50:25","trace":{}}
{"level":"error","message":"Error processing message for bookmaker 3:","timestamp":"2025-11-10 01:50:25","trace":{}}
{"level":"error","message":"Error processing message for bookmaker 3:","timestamp":"2025-11-10 01:50:25","trace":{}}
{"level":"error","message":"Error processing message for bookmaker 3:","timestamp":"2025-11-10 01:50:25","trace":{}}
{"level":"error","message":"Error processing message for bookmaker 3:","timestamp":"2025-11-10 01:50:25","trace":{}}
{"level":"error","message":"Error processing message for bookmaker 3:","timestamp":"2025-11-10 01:50:25","trace":{}}
{"level":"error","message":"Error processing message for bookmaker 3:","timestamp":"2025-11-10 01:50:25","trace":{}}
{"level":"error","message":"Error processing message for bookmaker 3:","timestamp":"2025-11-10 01:50:25","trace":{}}
{"level":"error","message":"Error processing message for bookmaker 3:","timestamp":"2025-11-10 01:50:25","trace":{}}
{"level":"error","message":"Error processing message for bookmaker 3:","timestamp":"2025-11-10 01:50:26","trace":{}}
{"level":"error","message":"Error processing message for bookmaker 3:","timestamp":"2025-11-10 01:50:26","trace":{}}
{"level":"error","message":"Error processing message for bookmaker 3:","timestamp":"2025-11-10 01:50:26","trace":{}}
{"level":"error","message":"Error processing message for bookmaker 3:","timestamp":"2025-11-10 01:50:26","trace":{}}
{"level":"error","message":"Error processing message for bookmaker 3:","timestamp":"2025-11-10 01:50:26","trace":{}}
{"level":"error","message":"Error processing message for bookmaker 3:","timestamp":"2025-11-10 01:50:26","trace":{}}
{"level":"error","message":"Error processing message for bookmaker 3:","timestamp":"2025-11-10 01:50:26","trace":{}}
{"level":"error","message":"Error processing message for bookmaker 3:","timestamp":"2025-11-10 01:50:26","trace":{}}
{"level":"error","message":"Error processing message for bookmaker 3:","timestamp":"2025-11-10 01:50:26","trace":{}}
{"level":"error","message":"Error processing message for bookmaker 3:","timestamp":"2025-11-10 01:50:26","trace":{}}
{"level":"info","message":"📡 Emitiendo aviator_raw para bookmaker 3 (legacy)","timestamp":"2025-11-10 01:50:26"}
{"level":"error","message":"Error processing message for bookmaker 3:","timestamp":"2025-11-10 01:50:26","trace":{}}
{"level":"error","message":"Error processing message for bookmaker 3:","timestamp":"2025-11-10 01:50:26","trace":{}}
{"level":"error","message":"Error processing message for bookmaker 3:","timestamp":"2025-11-10 01:50:26","trace":{}}
{"level":"error","message":"Error processing message for bookmaker 3:","timestamp":"2025-11-10 01:50:27","trace":{}}
{"level":"error","message":"Error processing message for bookmaker 3:","timestamp":"2025-11-10 01:50:27","trace":{}}
{"level":"error","message":"Error processing message for bookmaker 3:","timestamp":"2025-11-10 01:50:27","trace":{}}
{"level":"error","message":"Error processing message for bookmaker 3:","timestamp":"2025-11-10 01:50:27","trace":{}}
{"level":"error","message":"Error processing message for bookmaker 3:","timestamp":"2025-11-10 01:50:27","trace":{}}
{"level":"error","message":"Error processing message for bookmaker 3:","timestamp":"2025-11-10 01:50:27","trace":{}}
{"level":"error","message":"Error processing message for bookmaker 3:","timestamp":"2025-11-10 01:50:27","trace":{}}
{"level":"error","message":"Error processing message for bookmaker 3:","timestamp":"2025-11-10 01:50:27","trace":{}}
{"level":"error","message":"Error processing message for bookmaker 3:","timestamp":"2025-11-10 01:50:27","trace":{}}
{"level":"error","message":"Error processing message for bookmaker 3:","timestamp":"2025-11-10 01:50:27","trace":{}}
{"level":"error","message":"Error processing message for bookmaker 3:","timestamp":"2025-11-10 01:50:27","trace":{}}
{"level":"error","message":"Error processing message for bookmaker 3:","timestamp":"2025-11-10 01:50:27","trace":{}}
{"level":"error","message":"Error processing message for bookmaker 3:","timestamp":"2025-11-10 01:50:27","trace":{}}
{"level":"error","message":"Error processing message for bookmaker 3:","timestamp":"2025-11-10 01:50:28","trace":{}}
{"level":"error","message":"Error processing message for bookmaker 3:","timestamp":"2025-11-10 01:50:28","trace":{}}
{"level":"error","message":"Error processing message for bookmaker 3:","timestamp":"2025-11-10 01:50:28","trace":{}}
{"level":"error","message":"Error processing message for bookmaker 3:","timestamp":"2025-11-10 01:50:28","trace":{}}
{"level":"error","message":"Error processing message for bookmaker 3:","timestamp":"2025-11-10 01:50:28","trace":{}}
{"level":"error","message":"Error processing message for bookmaker 3:","timestamp":"2025-11-10 01:50:28","trace":{}}
{"level":"error","message":"Error processing message for bookmaker 3:","timestamp":"2025-11-10 01:50:28","trace":{}}
{"level":"error","message":"Error processing message for bookmaker 3:","timestamp":"2025-11-10 01:50:28","trace":{}}
{"level":"error","message":"Error processing message for bookmaker 3:","timestamp":"2025-11-10 01:50:28","trace":{}}
{"level":"error","message":"Error processing message for bookmaker 3:","timestamp":"2025-11-10 01:50:28","trace":{}}
{"level":"error","message":"Error processing message for bookmaker 3:","timestamp":"2025-11-10 01:50:28","trace":{}}
{"level":"error","message":"Error processing message for bookmaker 3:","timestamp":"2025-11-10 01:50:28","trace":{}}
{"level":"error","message":"Error processing message for bookmaker 3:","timestamp":"2025-11-10 01:50:28","trace":{}}
{"level":"error","message":"Error processing message for bookmaker 3:","timestamp":"2025-11-10 01:50:29","trace":{}}
{"level":"error","message":"Error processing message for bookmaker 3:","timestamp":"2025-11-10 01:50:29","trace":{}}
{"level":"error","message":"Error processing message for bookmaker 3:","timestamp":"2025-11-10 01:50:29","trace":{}}
{"level":"error","message":"Error processing message for bookmaker 3:","timestamp":"2025-11-10 01:50:29","trace":{}}
{"level":"error","message":"Error processing message for bookmaker 3:","timestamp":"2025-11-10 01:50:29","trace":{}}
{"level":"error","message":"Error processing message for bookmaker 3:","timestamp":"2025-11-10 01:50:29","trace":{}}
{"level":"error","message":"Error processing message for bookmaker 3:","timestamp":"2025-11-10 01:50:29","trace":{}}
{"level":"error","message":"Error processing message for bookmaker 3:","timestamp":"2025-11-10 01:50:29","trace":{}}
{"level":"error","message":"Error processing message for bookmaker 3:","timestamp":"2025-11-10 01:50:29","trace":{}}
{"level":"error","message":"Error processing message for bookmaker 3:","timestamp":"2025-11-10 01:50:29","trace":{}}
{"level":"error","message":"Error processing message for bookmaker 3:","timestamp":"2025-11-10 01:50:29","trace":{}}
{"level":"error","message":"Error processing message for bookmaker 3:","timestamp":"2025-11-10 01:50:29","trace":{}}
{"level":"error","message":"Error processing message for bookmaker 3:","timestamp":"2025-11-10 01:50:29","trace":{}}
{"level":"error","message":"Error processing message for bookmaker 3:","timestamp":"2025-11-10 01:50:30","trace":{}}
{"level":"error","message":"Error processing message for bookmaker 3:","timestamp":"2025-11-10 01:50:30","trace":{}}
{"level":"error","message":"Error processing message for bookmaker 3:","timestamp":"2025-11-10 01:50:30","trace":{}}
{"level":"error","message":"Error processing message for bookmaker 3:","timestamp":"2025-11-10 01:50:30","trace":{}}
{"level":"error","message":"Error processing message for bookmaker 3:","timestamp":"2025-11-10 01:50:30","trace":{}}
{"level":"error","message":"Error processing message for bookmaker 3:","timestamp":"2025-11-10 01:50:30","trace":{}}
{"level":"error","message":"Error processing message for bookmaker 3:","timestamp":"2025-11-10 01:50:30","trace":{}}
{"level":"error","message":"Error processing message for bookmaker 3:","timestamp":"2025-11-10 01:50:30","trace":{}}
{"level":"error","message":"Error processing message for bookmaker 3:","timestamp":"2025-11-10 01:50:30","trace":{}}
{"level":"error","message":"Error processing message for bookmaker 3:","timestamp":"2025-11-10 01:50:30","trace":{}}
{"level":"error","message":"Error processing message for bookmaker 3:","timestamp":"2025-11-10 01:50:30","trace":{}}
{"level":"error","message":"Error processing message for bookmaker 3:","timestamp":"2025-11-10 01:50:30","trace":{}}
{"level":"error","message":"Error processing message for bookmaker 3:","timestamp":"2025-11-10 01:50:30","trace":{}}
{"level":"error","message":"Error processing message for bookmaker 3:","timestamp":"2025-11-10 01:50:30","trace":{}}
{"level":"error","message":"Error processing message for bookmaker 3:","timestamp":"2025-11-10 01:50:31","trace":{}}
{"level":"error","message":"Error processing message for bookmaker 3:","timestamp":"2025-11-10 01:50:31","trace":{}}
{"level":"error","message":"Error processing message for bookmaker 3:","timestamp":"2025-11-10 01:50:31","trace":{}}
{"level":"error","message":"Error processing message for bookmaker 3:","timestamp":"2025-11-10 01:50:31","trace":{}}
{"level":"error","message":"Error processing message for bookmaker 3:","timestamp":"2025-11-10 01:50:31","trace":{}}
{"level":"error","message":"Error processing message for bookmaker 3:","timestamp":"2025-11-10 01:50:31","trace":{}}
{"level":"error","message":"Error processing message for bookmaker 3:","timestamp":"2025-11-10 01:50:31","trace":{}}
{"level":"error","message":"Error processing message for bookmaker 3:","timestamp":"2025-11-10 01:50:31","trace":{}}
{"level":"error","message":"Error processing message for bookmaker 3:","timestamp":"2025-11-10 01:50:31","trace":{}}
{"level":"error","message":"Error processing message for bookmaker 3:","timestamp":"2025-11-10 01:50:31","trace":{}}
{"level":"error","message":"Error processing message for bookmaker 3:","timestamp":"2025-11-10 01:50:34","trace":{}}
{"level":"error","message":"Error processing message for bookmaker 3:","timestamp":"2025-11-10 01:50:35","trace":{}}
{"level":"error","message":"Error processing message for bookmaker 3:","timestamp":"2025-11-10 01:50:35","trace":{}}
{"level":"error","message":"Error processing message for bookmaker 3:","timestamp":"2025-11-10 01:50:36","trace":{}}
{"level":"error","message":"Error processing message for bookmaker 3:","timestamp":"2025-11-10 01:50:36","trace":{}}
{"level":"error","message":"Error processing message for bookmaker 3:","timestamp":"2025-11-10 01:50:36","trace":{}}
{"level":"error","message":"Error processing message for bookmaker 3:","timestamp":"2025-11-10 01:50:37","trace":{}}
{"level":"error","message":"Error processing message for bookmaker 3:","timestamp":"2025-11-10 01:50:37","trace":{}}
{"level":"error","message":"Error processing message for bookmaker 3:","timestamp":"2025-11-10 01:50:37","trace":{}}
{"level":"error","message":"Error processing message for bookmaker 3:","timestamp":"2025-11-10 01:50:38","trace":{}}
{"level":"error","message":"Error processing message for bookmaker 3:","timestamp":"2025-11-10 01:50:38","trace":{}}
{"level":"error","message":"Error processing message for bookmaker 3:","timestamp":"2025-11-10 01:50:38","trace":{}}
{"level":"error","message":"Error processing message for bookmaker 3:","timestamp":"2025-11-10 01:50:38","trace":{}}
{"level":"error","message":"Error processing message for bookmaker 3:","timestamp":"2025-11-10 01:50:39","trace":{}}
{"level":"error","message":"Error processing message for bookmaker 3:","timestamp":"2025-11-10 01:50:39","trace":{}}
{"level":"error","message":"Error processing message for bookmaker 3:","timestamp":"2025-11-10 01:50:39","trace":{}}
{"level":"error","message":"Error processing message for bookmaker 3:","timestamp":"2025-11-10 01:50:40","trace":{}}
{"level":"error","message":"Error processing message for bookmaker 3:","timestamp":"2025-11-10 01:50:40","trace":{}}
{"level":"error","message":"Error processing message for bookmaker 3:","timestamp":"2025-11-10 01:50:40","trace":{}}
{"level":"error","message":"Error processing message for bookmaker 3:","timestamp":"2025-11-10 01:50:40","trace":{}}
{"level":"error","message":"Error processing message for bookmaker 3:","timestamp":"2025-11-10 01:50:41","trace":{}}
{"level":"error","message":"Error processing message for bookmaker 3:","timestamp":"2025-11-10 01:50:41","trace":{}}
{"level":"error","message":"Error processing message for bookmaker 3:","timestamp":"2025-11-10 01:50:41","trace":{}}
{"level":"error","message":"Error processing message for bookmaker 3:","timestamp":"2025-11-10 01:50:41","trace":{}}
{"level":"error","message":"Error processing message for bookmaker 3:","timestamp":"2025-11-10 01:50:41","trace":{}}
{"level":"error","message":"Error processing message for bookmaker 3:","timestamp":"2025-11-10 01:50:41","trace":{}}
{"level":"error","message":"Error processing message for bookmaker 3:","timestamp":"2025-11-10 01:50:41","trace":{}}
{"level":"error","message":"Error processing message for bookmaker 3:","timestamp":"2025-11-10 01:50:41","trace":{}}
{"level":"error","message":"Error processing message for bookmaker 3:","timestamp":"2025-11-10 01:50:41","trace":{}}
{"level":"error","message":"Error processing message for bookmaker 3:","timestamp":"2025-11-10 01:50:42","trace":{}}
{"level":"error","message":"Error processing message for bookmaker 3:","timestamp":"2025-11-10 01:50:42","trace":{}}
{"level":"error","message":"Error processing message for bookmaker 3:","timestamp":"2025-11-10 01:50:42","trace":{}}
{"level":"error","message":"Error processing message for bookmaker 3:","timestamp":"2025-11-10 01:50:42","trace":{}}
{"level":"error","message":"Error processing message for bookmaker 3:","timestamp":"2025-11-10 01:50:42","trace":{}}
{"level":"error","message":"Error processing message for bookmaker 3:","timestamp":"2025-11-10 01:50:42","trace":{}}
{"level":"error","message":"Error processing message for bookmaker 3:","timestamp":"2025-11-10 01:50:42","trace":{}}
{"level":"error","message":"Error processing message for bookmaker 3:","timestamp":"2025-11-10 01:50:42","trace":{}}
{"level":"error","message":"Error processing message for bookmaker 3:","timestamp":"2025-11-10 01:50:42","trace":{}}
{"level":"error","message":"Error processing message for bookmaker 3:","timestamp":"2025-11-10 01:50:42","trace":{}}
{"level":"error","message":"Error processing message for bookmaker 3:","timestamp":"2025-11-10 01:50:42","trace":{}}
{"level":"error","message":"Error processing message for bookmaker 3:","timestamp":"2025-11-10 01:50:42","trace":{}}
{"level":"error","message":"Error processing message for bookmaker 3:","timestamp":"2025-11-10 01:50:42","trace":{}}
{"level":"error","message":"Error processing message for bookmaker 3:","timestamp":"2025-11-10 01:50:43","trace":{}}
{"level":"error","message":"Error processing message for bookmaker 3:","timestamp":"2025-11-10 01:50:43","trace":{}}
{"level":"error","message":"Error processing message for bookmaker 3:","timestamp":"2025-11-10 01:50:43","trace":{}}
{"level":"error","message":"Error processing message for bookmaker 3:","timestamp":"2025-11-10 01:50:43","trace":{}}
{"level":"error","message":"Error processing message for bookmaker 3:","timestamp":"2025-11-10 01:50:43","trace":{}}
{"level":"error","message":"Error processing message for bookmaker 3:","timestamp":"2025-11-10 01:50:43","trace":{}}
{"level":"error","message":"Error processing message for bookmaker 3:","timestamp":"2025-11-10 01:50:43","trace":{}}
{"level":"error","message":"Error processing message for bookmaker 3:","timestamp":"2025-11-10 01:50:43","trace":{}}
{"level":"error","message":"Error processing message for bookmaker 3:","timestamp":"2025-11-10 01:50:43","trace":{}}
{"level":"error","message":"Error processing message for bookmaker 3:","timestamp":"2025-11-10 01:50:43","trace":{}}
{"level":"error","message":"Error processing message for bookmaker 3:","timestamp":"2025-11-10 01:50:43","trace":{}}
{"level":"error","message":"Error processing message for bookmaker 3:","timestamp":"2025-11-10 01:50:43","trace":{}}
{"level":"error","message":"Error processing message for bookmaker 3:","timestamp":"2025-11-10 01:50:43","trace":{}}
{"level":"error","message":"Error processing message for bookmaker 3:","timestamp":"2025-11-10 01:50:44","trace":{}}
{"level":"error","message":"Error processing message for bookmaker 3:","timestamp":"2025-11-10 01:50:44","trace":{}}
{"level":"error","message":"Error processing message for bookmaker 3:","timestamp":"2025-11-10 01:50:44","trace":{}}
{"level":"error","message":"Error processing message for bookmaker 3:","timestamp":"2025-11-10 01:50:44","trace":{}}
{"level":"error","message":"Error processing message for bookmaker 3:","timestamp":"2025-11-10 01:50:44","trace":{}}
{"level":"error","message":"Error processing message for bookmaker 3:","timestamp":"2025-11-10 01:50:44","trace":{}}
{"level":"error","message":"Error processing message for bookmaker 3:","timestamp":"2025-11-10 01:50:44","trace":{}}
{"level":"error","message":"Error processing message for bookmaker 3:","timestamp":"2025-11-10 01:50:44","trace":{}}
{"level":"error","message":"Error processing message for bookmaker 3:","timestamp":"2025-11-10 01:50:44","trace":{}}
{"level":"error","message":"Error processing message for bookmaker 3:","timestamp":"2025-11-10 01:50:44","trace":{}}
{"level":"error","message":"Error processing message for bookmaker 3:","timestamp":"2025-11-10 01:50:44","trace":{}}
{"level":"error","message":"Error processing message for bookmaker 3:","timestamp":"2025-11-10 01:50:44","trace":{}}
{"level":"error","message":"Error processing message for bookmaker 3:","timestamp":"2025-11-10 01:50:45","trace":{}}
{"level":"error","message":"Error processing message for bookmaker 3:","timestamp":"2025-11-10 01:50:45","trace":{}}
{"level":"error","message":"Error processing message for bookmaker 3:","timestamp":"2025-11-10 01:50:45","trace":{}}
{"level":"error","message":"Error processing message for bookmaker 3:","timestamp":"2025-11-10 01:50:45","trace":{}}
{"level":"error","message":"Error processing message for bookmaker 3:","timestamp":"2025-11-10 01:50:45","trace":{}}
{"level":"error","message":"Error processing message for bookmaker 3:","timestamp":"2025-11-10 01:50:45","trace":{}}
{"level":"error","message":"Error processing message for bookmaker 3:","timestamp":"2025-11-10 01:50:45","trace":{}}
{"level":"error","message":"Error processing message for bookmaker 3:","timestamp":"2025-11-10 01:50:45","trace":{}}
{"level":"error","message":"Error processing message for bookmaker 3:","timestamp":"2025-11-10 01:50:45","trace":{}}
{"level":"error","message":"Error processing message for bookmaker 3:","timestamp":"2025-11-10 01:50:45","trace":{}}
{"level":"error","message":"Error processing message for bookmaker 3:","timestamp":"2025-11-10 01:50:45","trace":{}}
{"level":"error","message":"Error processing message for bookmaker 3:","timestamp":"2025-11-10 01:50:45","trace":{}}
{"level":"error","message":"Error processing message for bookmaker 3:","timestamp":"2025-11-10 01:50:45","trace":{}}
{"level":"error","message":"Error processing message for bookmaker 3:","timestamp":"2025-11-10 01:50:46","trace":{}}
{"level":"error","message":"Error processing message for bookmaker 3:","timestamp":"2025-11-10 01:50:46","trace":{}}
{"level":"error","message":"Error processing message for bookmaker 3:","timestamp":"2025-11-10 01:50:46","trace":{}}
{"level":"error","message":"Error processing message for bookmaker 3:","timestamp":"2025-11-10 01:50:46","trace":{}}
{"level":"error","message":"Error processing message for bookmaker 3:","timestamp":"2025-11-10 01:50:46","trace":{}}
{"level":"error","message":"Error processing message for bookmaker 3:","timestamp":"2025-11-10 01:50:46","trace":{}}
{"level":"error","message":"Error processing message for bookmaker 3:","timestamp":"2025-11-10 01:50:46","trace":{}}
{"level":"error","message":"Error processing message for bookmaker 3:","timestamp":"2025-11-10 01:50:46","trace":{}}
{"level":"error","message":"Error processing message for bookmaker 3:","timestamp":"2025-11-10 01:50:46","trace":{}}
{"level":"error","message":"Error processing message for bookmaker 3:","timestamp":"2025-11-10 01:50:46","trace":{}}
{"level":"error","message":"Error processing message for bookmaker 3:","timestamp":"2025-11-10 01:50:46","trace":{}}
{"level":"error","message":"Error processing message for bookmaker 3:","timestamp":"2025-11-10 01:50:46","trace":{}}
{"level":"error","message":"Error processing message for bookmaker 3:","timestamp":"2025-11-10 01:50:46","trace":{}}
{"level":"error","message":"Error processing message for bookmaker 3:","timestamp":"2025-11-10 01:50:47","trace":{}}
{"level":"error","message":"Error processing message for bookmaker 3:","timestamp":"2025-11-10 01:50:47","trace":{}}
{"level":"error","message":"Error processing message for bookmaker 3:","timestamp":"2025-11-10 01:50:47","trace":{}}
{"level":"error","message":"Error processing message for bookmaker 3:","timestamp":"2025-11-10 01:50:47","trace":{}}
{"level":"error","message":"Error processing message for bookmaker 3:","timestamp":"2025-11-10 01:50:47","trace":{}}
{"level":"error","message":"Error processing message for bookmaker 3:","timestamp":"2025-11-10 01:50:47","trace":{}}
{"level":"error","message":"Error processing message for bookmaker 3:","timestamp":"2025-11-10 01:50:47","trace":{}}
{"level":"error","message":"Error processing message for bookmaker 3:","timestamp":"2025-11-10 01:50:47","trace":{}}
{"level":"error","message":"Error processing message for bookmaker 3:","timestamp":"2025-11-10 01:50:47","trace":{}}
{"level":"error","message":"Error processing message for bookmaker 3:","timestamp":"2025-11-10 01:50:47","trace":{}}
{"level":"error","message":"Error processing message for bookmaker 3:","timestamp":"2025-11-10 01:50:47","trace":{}}
{"level":"error","message":"Error processing message for bookmaker 3:","timestamp":"2025-11-10 01:50:47","trace":{}}
{"level":"error","message":"Error processing message for bookmaker 3:","timestamp":"2025-11-10 01:50:47","trace":{}}
{"level":"error","message":"Error processing message for bookmaker 3:","timestamp":"2025-11-10 01:50:48","trace":{}}
{"level":"error","message":"Error processing message for bookmaker 3:","timestamp":"2025-11-10 01:50:48","trace":{}}
{"level":"error","message":"Error processing message for bookmaker 3:","timestamp":"2025-11-10 01:50:48","trace":{}}
{"level":"error","message":"Error processing message for bookmaker 3:","timestamp":"2025-11-10 01:50:48","trace":{}}
{"level":"error","message":"Error processing message for bookmaker 3:","timestamp":"2025-11-10 01:50:48","trace":{}}
{"level":"error","message":"Error processing message for bookmaker 3:","timestamp":"2025-11-10 01:50:48","trace":{}}
{"level":"error","message":"Error processing message for bookmaker 3:","timestamp":"2025-11-10 01:50:48","trace":{}}
{"level":"error","message":"Error processing message for bookmaker 3:","timestamp":"2025-11-10 01:50:48","trace":{}}
{"level":"error","message":"Error processing message for bookmaker 3:","timestamp":"2025-11-10 01:50:48","trace":{}}
{"level":"error","message":"Error processing message for bookmaker 3:","timestamp":"2025-11-10 01:50:48","trace":{}}
{"level":"error","message":"Error processing message for bookmaker 3:","timestamp":"2025-11-10 01:50:48","trace":{}}
{"level":"error","message":"Error processing message for bookmaker 3:","timestamp":"2025-11-10 01:50:48","trace":{}}
{"level":"error","message":"Error processing message for bookmaker 3:","timestamp":"2025-11-10 01:50:48","trace":{}}
{"level":"error","message":"Error processing message for bookmaker 3:","timestamp":"2025-11-10 01:50:49","trace":{}}
{"level":"error","message":"Error processing message for bookmaker 3:","timestamp":"2025-11-10 01:50:49","trace":{}}
{"level":"error","message":"Error processing message for bookmaker 3:","timestamp":"2025-11-10 01:50:49","trace":{}}
{"level":"error","message":"Error processing message for bookmaker 3:","timestamp":"2025-11-10 01:50:49","trace":{}}
{"level":"error","message":"Error processing message for bookmaker 3:","timestamp":"2025-11-10 01:50:49","trace":{}}
{"level":"error","message":"Error processing message for bookmaker 3:","timestamp":"2025-11-10 01:50:49","trace":{}}
{"level":"error","message":"Error processing message for bookmaker 3:","timestamp":"2025-11-10 01:50:49","trace":{}}
{"level":"error","message":"Error processing message for bookmaker 3:","timestamp":"2025-11-10 01:50:49","trace":{}}
{"level":"error","message":"Error processing message for bookmaker 3:","timestamp":"2025-11-10 01:50:49","trace":{}}
{"level":"error","message":"Error processing message for bookmaker 3:","timestamp":"2025-11-10 01:50:49","trace":{}}
{"level":"error","message":"Error processing message for bookmaker 3:","timestamp":"2025-11-10 01:50:49","trace":{}}
{"level":"error","message":"Error processing message for bookmaker 3:","timestamp":"2025-11-10 01:50:49","trace":{}}
{"level":"error","message":"Error processing message for bookmaker 3:","timestamp":"2025-11-10 01:50:50","trace":{}}
{"level":"error","message":"Error processing message for bookmaker 3:","timestamp":"2025-11-10 01:50:50","trace":{}}
{"level":"error","message":"Error processing message for bookmaker 3:","timestamp":"2025-11-10 01:50:53","trace":{}}
{"level":"error","message":"Error processing message for bookmaker 3:","timestamp":"2025-11-10 01:50:53","trace":{}}
{"level":"error","message":"Error processing message for bookmaker 3:","timestamp":"2025-11-10 01:50:54","trace":{}}
{"level":"error","message":"Error processing message for bookmaker 3:","timestamp":"2025-11-10 01:50:54","trace":{}}
{"level":"error","message":"Error processing message for bookmaker 3:","timestamp":"2025-11-10 01:50:55","trace":{}}
{"level":"error","message":"Error processing message for bookmaker 3:","timestamp":"2025-11-10 01:50:55","trace":{}}
{"level":"error","message":"Error processing message for bookmaker 3:","timestamp":"2025-11-10 01:50:55","trace":{}}
{"level":"error","message":"Error processing message for bookmaker 3:","timestamp":"2025-11-10 01:50:56","trace":{}}
{"level":"info","message":"Gateway Aviator inicializado","timestamp":"2025-11-10 01:52:06"}
{"level":"info","message":"✅ Inicializando conexiones WebSocket de Aviator","timestamp":"2025-11-10 01:52:13"}
{"level":"info","message":"🔑 [DEBUG] Bookmaker 3 - auth_message: gALaEgADAAFjAgAAAWEDAAEAAXASAAQAAnpuCAASYXZpYXRvcl...","timestamp":"2025-11-10 01:52:13"}
{"level":"info","message":"✅ Inicializando conexiones WebSocket de GoBet (protocolo ws://)","timestamp":"2025-11-10 01:52:13"}
{"level":"info","message":"Estado WebSocket actualizado en BD para bookmaker 3: CONNECTING","timestamp":"2025-11-10 01:52:14"}
{"level":"info","message":"WebSocket connected for bookmaker 3","timestamp":"2025-11-10 01:52:14"}
{"context":"{\"code\":200,\"x\":1.18}","level":"info","message":"🔍 [DEBUG] Evento 'x' recibido para bookmaker 3. Payload:","timestamp":"2025-11-10 01:52:15"}
{"context":"{\"code\":200,\"x\":1.19}","level":"info","message":"🔍 [DEBUG] Evento 'x' recibido para bookmaker 3. Payload:","timestamp":"2025-11-10 01:52:15"}
{"context":"{\"code\":200,\"x\":1.2}","level":"info","message":"🔍 [DEBUG] Evento 'x' recibido para bookmaker 3. Payload:","timestamp":"2025-11-10 01:52:15"}
{"level":"info","message":"Estado WebSocket actualizado en BD para bookmaker 3: CONNECTED","timestamp":"2025-11-10 01:52:15"}
{"context":"{\"code\":200,\"x\":1.21}","level":"info","message":"🔍 [DEBUG] Evento 'x' recibido para bookmaker 3. Payload:","timestamp":"2025-11-10 01:52:15"}
{"context":"{\"code\":200,\"x\":1.22}","level":"info","message":"🔍 [DEBUG] Evento 'x' recibido para bookmaker 3. Payload:","timestamp":"2025-11-10 01:52:15"}
{"context":"{\"code\":200,\"x\":1.23}","level":"info","message":"🔍 [DEBUG] Evento 'x' recibido para bookmaker 3. Payload:","timestamp":"2025-11-10 01:52:15"}
{"context":"{\"code\":200,\"x\":1.24}","level":"info","message":"🔍 [DEBUG] Evento 'x' recibido para bookmaker 3. Payload:","timestamp":"2025-11-10 01:52:15"}
{"context":"{\"code\":200,\"x\":1.25}","level":"info","message":"🔍 [DEBUG] Evento 'x' recibido para bookmaker 3. Payload:","timestamp":"2025-11-10 01:52:15"}
{"context":"{\"code\":200,\"x\":1.26}","level":"info","message":"🔍 [DEBUG] Evento 'x' recibido para bookmaker 3. Payload:","timestamp":"2025-11-10 01:52:16"}
{"context":"{\"code\":200,\"x\":1.27}","level":"info","message":"🔍 [DEBUG] Evento 'x' recibido para bookmaker 3. Payload:","timestamp":"2025-11-10 01:52:16"}
{"context":"{\"code\":200,\"x\":1.28}","level":"info","message":"🔍 [DEBUG] Evento 'x' recibido para bookmaker 3. Payload:","timestamp":"2025-11-10 01:52:16"}
{"context":"{\"code\":200,\"x\":1.29}","level":"info","message":"🔍 [DEBUG] Evento 'x' recibido para bookmaker 3. Payload:","timestamp":"2025-11-10 01:52:16"}
{"context":"{\"code\":200,\"x\":1.3}","level":"info","message":"🔍 [DEBUG] Evento 'x' recibido para bookmaker 3. Payload:","timestamp":"2025-11-10 01:52:16"}
{"context":"{\"code\":200,\"x\":1.31}","level":"info","message":"🔍 [DEBUG] Evento 'x' recibido para bookmaker 3. Payload:","timestamp":"2025-11-10 01:52:16"}
{"context":"{\"code\":200,\"x\":1.32}","level":"info","message":"🔍 [DEBUG] Evento 'x' recibido para bookmaker 3. Payload:","timestamp":"2025-11-10 01:52:16"}
{"context":"{\"code\":200,\"x\":1.33}","level":"info","message":"🔍 [DEBUG] Evento 'x' recibido para bookmaker 3. Payload:","timestamp":"2025-11-10 01:52:16"}
{"context":"{\"code\":200,\"x\":1.34}","level":"info","message":"🔍 [DEBUG] Evento 'x' recibido para bookmaker 3. Payload:","timestamp":"2025-11-10 01:52:16"}
{"context":"{\"code\":200,\"x\":1.35}","level":"info","message":"🔍 [DEBUG] Evento 'x' recibido para bookmaker 3. Payload:","timestamp":"2025-11-10 01:52:16"}
{"context":"{\"code\":200,\"x\":1.37}","level":"info","message":"🔍 [DEBUG] Evento 'x' recibido para bookmaker 3. Payload:","timestamp":"2025-11-10 01:52:17"}
{"context":"{\"code\":200,\"x\":1.38}","level":"info","message":"🔍 [DEBUG] Evento 'x' recibido para bookmaker 3. Payload:","timestamp":"2025-11-10 01:52:17"}
{"context":"{\"code\":200,\"x\":1.39}","level":"info","message":"🔍 [DEBUG] Evento 'x' recibido para bookmaker 3. Payload:","timestamp":"2025-11-10 01:52:17"}
{"context":"{\"code\":200,\"x\":1.4}","level":"info","message":"🔍 [DEBUG] Evento 'x' recibido para bookmaker 3. Payload:","timestamp":"2025-11-10 01:52:17"}
{"context":"{\"code\":200,\"x\":1.41}","level":"info","message":"🔍 [DEBUG] Evento 'x' recibido para bookmaker 3. Payload:","timestamp":"2025-11-10 01:52:17"}
{"context":"{\"code\":200,\"x\":1.42}","level":"info","message":"🔍 [DEBUG] Evento 'x' recibido para bookmaker 3. Payload:","timestamp":"2025-11-10 01:52:17"}
{"context":"{\"code\":200,\"x\":1.44}","level":"info","message":"🔍 [DEBUG] Evento 'x' recibido para bookmaker 3. Payload:","timestamp":"2025-11-10 01:52:17"}
{"context":"{\"code\":200,\"x\":1.45}","level":"info","message":"🔍 [DEBUG] Evento 'x' recibido para bookmaker 3. Payload:","timestamp":"2025-11-10 01:52:17"}
{"context":"{\"code\":200,\"x\":1.46}","level":"info","message":"🔍 [DEBUG] Evento 'x' recibido para bookmaker 3. Payload:","timestamp":"2025-11-10 01:52:17"}
{"context":"{\"code\":200,\"x\":1.47}","level":"info","message":"🔍 [DEBUG] Evento 'x' recibido para bookmaker 3. Payload:","timestamp":"2025-11-10 01:52:17"}
{"context":"{\"code\":200,\"x\":1.48}","level":"info","message":"🔍 [DEBUG] Evento 'x' recibido para bookmaker 3. Payload:","timestamp":"2025-11-10 01:52:18"}
{"context":"{\"code\":200,\"x\":1.5}","level":"info","message":"🔍 [DEBUG] Evento 'x' recibido para bookmaker 3. Payload:","timestamp":"2025-11-10 01:52:18"}
{"context":"{\"code\":200,\"x\":1.51}","level":"info","message":"🔍 [DEBUG] Evento 'x' recibido para bookmaker 3. Payload:","timestamp":"2025-11-10 01:52:18"}
{"context":"{\"code\":200,\"x\":1.52}","level":"info","message":"🔍 [DEBUG] Evento 'x' recibido para bookmaker 3. Payload:","timestamp":"2025-11-10 01:52:18"}
{"context":"{\"code\":200,\"x\":1.53}","level":"info","message":"🔍 [DEBUG] Evento 'x' recibido para bookmaker 3. Payload:","timestamp":"2025-11-10 01:52:18"}
{"context":"{\"code\":200,\"x\":1.55}","level":"info","message":"🔍 [DEBUG] Evento 'x' recibido para bookmaker 3. Payload:","timestamp":"2025-11-10 01:52:18"}
{"context":"{\"code\":200,\"x\":1.56}","level":"info","message":"🔍 [DEBUG] Evento 'x' recibido para bookmaker 3. Payload:","timestamp":"2025-11-10 01:52:18"}
{"context":"{\"code\":200,\"x\":1.57}","level":"info","message":"🔍 [DEBUG] Evento 'x' recibido para bookmaker 3. Payload:","timestamp":"2025-11-10 01:52:18"}
{"context":"{\"code\":200,\"x\":1.59}","level":"info","message":"🔍 [DEBUG] Evento 'x' recibido para bookmaker 3. Payload:","timestamp":"2025-11-10 01:52:18"}
{"context":"{\"code\":200,\"x\":1.6}","level":"info","message":"🔍 [DEBUG] Evento 'x' recibido para bookmaker 3. Payload:","timestamp":"2025-11-10 01:52:18"}
{"context":"{\"code\":200,\"x\":1.61}","level":"info","message":"🔍 [DEBUG] Evento 'x' recibido para bookmaker 3. Payload:","timestamp":"2025-11-10 01:52:19"}
{"context":"{\"code\":200,\"x\":1.63}","level":"info","message":"🔍 [DEBUG] Evento 'x' recibido para bookmaker 3. Payload:","timestamp":"2025-11-10 01:52:19"}
{"context":"{\"code\":200,\"x\":1.64}","level":"info","message":"🔍 [DEBUG] Evento 'x' recibido para bookmaker 3. Payload:","timestamp":"2025-11-10 01:52:19"}
{"context":"{\"code\":200,\"x\":1.65}","level":"info","message":"🔍 [DEBUG] Evento 'x' recibido para bookmaker 3. Payload:","timestamp":"2025-11-10 01:52:19"}
{"context":"{\"code\":200,\"x\":1.67}","level":"info","message":"🔍 [DEBUG] Evento 'x' recibido para bookmaker 3. Payload:","timestamp":"2025-11-10 01:52:19"}
{"context":"{\"code\":200,\"x\":1.68}","level":"info","message":"🔍 [DEBUG] Evento 'x' recibido para bookmaker 3. Payload:","timestamp":"2025-11-10 01:52:19"}
{"context":"{\"code\":200,\"x\":1.7}","level":"info","message":"🔍 [DEBUG] Evento 'x' recibido para bookmaker 3. Payload:","timestamp":"2025-11-10 01:52:19"}
{"context":"{\"code\":200,\"x\":1.71}","level":"info","message":"🔍 [DEBUG] Evento 'x' recibido para bookmaker 3. Payload:","timestamp":"2025-11-10 01:52:19"}
{"context":"{\"code\":200,\"x\":1.72}","level":"info","message":"🔍 [DEBUG] Evento 'x' recibido para bookmaker 3. Payload:","timestamp":"2025-11-10 01:52:19"}
{"context":"{\"code\":200,\"x\":1.74}","level":"info","message":"🔍 [DEBUG] Evento 'x' recibido para bookmaker 3. Payload:","timestamp":"2025-11-10 01:52:19"}
{"context":"{\"code\":200,\"x\":1.75}","level":"info","message":"🔍 [DEBUG] Evento 'x' recibido para bookmaker 3. Payload:","timestamp":"2025-11-10 01:52:20"}
{"context":"{\"code\":200,\"x\":1.77}","level":"info","message":"🔍 [DEBUG] Evento 'x' recibido para bookmaker 3. Payload:","timestamp":"2025-11-10 01:52:20"}
{"context":"{\"code\":200,\"x\":1.78}","level":"info","message":"🔍 [DEBUG] Evento 'x' recibido para bookmaker 3. Payload:","timestamp":"2025-11-10 01:52:20"}
{"context":"{\"code\":200,\"x\":1.8}","level":"info","message":"🔍 [DEBUG] Evento 'x' recibido para bookmaker 3. Payload:","timestamp":"2025-11-10 01:52:20"}
{"context":"{\"code\":200,\"x\":1.81}","level":"info","message":"🔍 [DEBUG] Evento 'x' recibido para bookmaker 3. Payload:","timestamp":"2025-11-10 01:52:20"}
{"context":"{\"code\":200,\"x\":1.83}","level":"info","message":"🔍 [DEBUG] Evento 'x' recibido para bookmaker 3. Payload:","timestamp":"2025-11-10 01:52:20"}
{"context":"{\"code\":200,\"x\":1.84}","level":"info","message":"🔍 [DEBUG] Evento 'x' recibido para bookmaker 3. Payload:","timestamp":"2025-11-10 01:52:20"}
{"context":"{\"code\":200,\"x\":1.86}","level":"info","message":"🔍 [DEBUG] Evento 'x' recibido para bookmaker 3. Payload:","timestamp":"2025-11-10 01:52:20"}
{"context":"{\"code\":200,\"x\":1.87}","level":"info","message":"🔍 [DEBUG] Evento 'x' recibido para bookmaker 3. Payload:","timestamp":"2025-11-10 01:52:20"}
{"context":"{\"code\":200,\"x\":1.89}","level":"info","message":"🔍 [DEBUG] Evento 'x' recibido para bookmaker 3. Payload:","timestamp":"2025-11-10 01:52:20"}
{"context":"{\"code\":200,\"x\":1.91}","level":"info","message":"🔍 [DEBUG] Evento 'x' recibido para bookmaker 3. Payload:","timestamp":"2025-11-10 01:52:21"}
{"context":"{\"code\":200,\"x\":1.92}","level":"info","message":"🔍 [DEBUG] Evento 'x' recibido para bookmaker 3. Payload:","timestamp":"2025-11-10 01:52:21"}
{"context":"{\"code\":200,\"x\":1.94}","level":"info","message":"🔍 [DEBUG] Evento 'x' recibido para bookmaker 3. Payload:","timestamp":"2025-11-10 01:52:21"}
{"context":"{\"code\":200,\"x\":1.95}","level":"info","message":"🔍 [DEBUG] Evento 'x' recibido para bookmaker 3. Payload:","timestamp":"2025-11-10 01:52:21"}
{"context":"{\"code\":200,\"x\":1.97}","level":"info","message":"🔍 [DEBUG] Evento 'x' recibido para bookmaker 3. Payload:","timestamp":"2025-11-10 01:52:21"}
{"context":"{\"code\":200,\"x\":1.99}","level":"info","message":"🔍 [DEBUG] Evento 'x' recibido para bookmaker 3. Payload:","timestamp":"2025-11-10 01:52:21"}
{"context":"{\"code\":200,\"x\":2}","level":"info","message":"🔍 [DEBUG] Evento 'x' recibido para bookmaker 3. Payload:","timestamp":"2025-11-10 01:52:21"}
{"context":"{\"code\":200,\"x\":2.02}","level":"info","message":"🔍 [DEBUG] Evento 'x' recibido para bookmaker 3. Payload:","timestamp":"2025-11-10 01:52:21"}
{"context":"{\"code\":200,\"x\":2.04}","level":"info","message":"🔍 [DEBUG] Evento 'x' recibido para bookmaker 3. Payload:","timestamp":"2025-11-10 01:52:21"}
{"context":"{\"code\":200,\"x\":2.05}","level":"info","message":"🔍 [DEBUG] Evento 'x' recibido para bookmaker 3. Payload:","timestamp":"2025-11-10 01:52:21"}
{"level":"info","message":"📡 Emitiendo aviator_raw para bookmaker 3 (legacy)","timestamp":"2025-11-10 01:52:22"}
{"context":"{\"code\":200,\"x\":2.07}","level":"info","message":"🔍 [DEBUG] Evento 'x' recibido para bookmaker 3. Payload:","timestamp":"2025-11-10 01:52:22"}
{"context":"{\"code\":200,\"x\":2.09}","level":"info","message":"🔍 [DEBUG] Evento 'x' recibido para bookmaker 3. Payload:","timestamp":"2025-11-10 01:52:22"}
{"context":"{\"code\":200,\"x\":2.11}","level":"info","message":"🔍 [DEBUG] Evento 'x' recibido para bookmaker 3. Payload:","timestamp":"2025-11-10 01:52:22"}
{"context":"{\"code\":200,\"x\":2.12}","level":"info","message":"🔍 [DEBUG] Evento 'x' recibido para bookmaker 3. Payload:","timestamp":"2025-11-10 01:52:22"}
{"context":"{\"code\":200,\"x\":2.14}","level":"info","message":"🔍 [DEBUG] Evento 'x' recibido para bookmaker 3. Payload:","timestamp":"2025-11-10 01:52:22"}
{"context":"{\"code\":200,\"x\":2.16}","level":"info","message":"🔍 [DEBUG] Evento 'x' recibido para bookmaker 3. Payload:","timestamp":"2025-11-10 01:52:22"}
{"context":"{\"code\":200,\"x\":2.18}","level":"info","message":"🔍 [DEBUG] Evento 'x' recibido para bookmaker 3. Payload:","timestamp":"2025-11-10 01:52:22"}
{"context":"{\"code\":200,\"x\":2.2}","level":"info","message":"🔍 [DEBUG] Evento 'x' recibido para bookmaker 3. Payload:","timestamp":"2025-11-10 01:52:22"}
{"context":"{\"code\":200,\"x\":2.21}","level":"info","message":"🔍 [DEBUG] Evento 'x' recibido para bookmaker 3. Payload:","timestamp":"2025-11-10 01:52:22"}
{"context":"{\"code\":200,\"x\":2.23}","level":"info","message":"🔍 [DEBUG] Evento 'x' recibido para bookmaker 3. Payload:","timestamp":"2025-11-10 01:52:22"}
{"context":"{\"code\":200,\"x\":2.25}","level":"info","message":"🔍 [DEBUG] Evento 'x' recibido para bookmaker 3. Payload:","timestamp":"2025-11-10 01:52:23"}
{"context":"{\"code\":200,\"x\":2.27}","level":"info","message":"🔍 [DEBUG] Evento 'x' recibido para bookmaker 3. Payload:","timestamp":"2025-11-10 01:52:23"}
{"context":"{\"code\":200,\"x\":2.29}","level":"info","message":"🔍 [DEBUG] Evento 'x' recibido para bookmaker 3. Payload:","timestamp":"2025-11-10 01:52:23"}
{"context":"{\"code\":200,\"x\":2.31}","level":"info","message":"🔍 [DEBUG] Evento 'x' recibido para bookmaker 3. Payload:","timestamp":"2025-11-10 01:52:23"}
{"context":"{\"code\":200,\"x\":2.33}","level":"info","message":"🔍 [DEBUG] Evento 'x' recibido para bookmaker 3. Payload:","timestamp":"2025-11-10 01:52:23"}
{"context":"{\"code\":200,\"x\":2.35}","level":"info","message":"🔍 [DEBUG] Evento 'x' recibido para bookmaker 3. Payload:","timestamp":"2025-11-10 01:52:23"}
{"context":"{\"code\":200,\"x\":2.37}","level":"info","message":"🔍 [DEBUG] Evento 'x' recibido para bookmaker 3. Payload:","timestamp":"2025-11-10 01:52:23"}
{"context":"{\"code\":200,\"x\":2.39}","level":"info","message":"🔍 [DEBUG] Evento 'x' recibido para bookmaker 3. Payload:","timestamp":"2025-11-10 01:52:23"}
{"context":"{\"code\":200,\"x\":2.41}","level":"info","message":"🔍 [DEBUG] Evento 'x' recibido para bookmaker 3. Payload:","timestamp":"2025-11-10 01:52:23"}
{"context":"{\"code\":200,\"x\":2.43}","level":"info","message":"🔍 [DEBUG] Evento 'x' recibido para bookmaker 3. Payload:","timestamp":"2025-11-10 01:52:23"}
{"context":"{\"code\":200,\"x\":2.45}","level":"info","message":"🔍 [DEBUG] Evento 'x' recibido para bookmaker 3. Payload:","timestamp":"2025-11-10 01:52:24"}
{"context":"{\"code\":200,\"x\":2.47}","level":"info","message":"🔍 [DEBUG] Evento 'x' recibido para bookmaker 3. Payload:","timestamp":"2025-11-10 01:52:24"}
{"context":"{\"code\":200,\"x\":2.49}","level":"info","message":"🔍 [DEBUG] Evento 'x' recibido para bookmaker 3. Payload:","timestamp":"2025-11-10 01:52:24"}
{"context":"{\"code\":200,\"x\":2.51}","level":"info","message":"🔍 [DEBUG] Evento 'x' recibido para bookmaker 3. Payload:","timestamp":"2025-11-10 01:52:24"}
{"context":"{\"code\":200,\"x\":2.53}","level":"info","message":"🔍 [DEBUG] Evento 'x' recibido para bookmaker 3. Payload:","timestamp":"2025-11-10 01:52:24"}
{"context":"{\"code\":200,\"x\":2.55}","level":"info","message":"🔍 [DEBUG] Evento 'x' recibido para bookmaker 3. Payload:","timestamp":"2025-11-10 01:52:24"}
{"context":"{\"code\":200,\"x\":2.57}","level":"info","message":"🔍 [DEBUG] Evento 'x' recibido para bookmaker 3. Payload:","timestamp":"2025-11-10 01:52:24"}
{"context":"{\"code\":200,\"x\":2.59}","level":"info","message":"🔍 [DEBUG] Evento 'x' recibido para bookmaker 3. Payload:","timestamp":"2025-11-10 01:52:24"}
{"context":"{\"code\":200,\"x\":2.61}","level":"info","message":"🔍 [DEBUG] Evento 'x' recibido para bookmaker 3. Payload:","timestamp":"2025-11-10 01:52:24"}
{"context":"{\"code\":200,\"x\":2.64}","level":"info","message":"🔍 [DEBUG] Evento 'x' recibido para bookmaker 3. Payload:","timestamp":"2025-11-10 01:52:24"}
{"context":"{\"code\":200,\"x\":2.66}","level":"info","message":"🔍 [DEBUG] Evento 'x' recibido para bookmaker 3. Payload:","timestamp":"2025-11-10 01:52:25"}
{"context":"{\"code\":200,\"x\":2.68}","level":"info","message":"🔍 [DEBUG] Evento 'x' recibido para bookmaker 3. Payload:","timestamp":"2025-11-10 01:52:25"}
{"context":"{\"code\":200,\"x\":2.7}","level":"info","message":"🔍 [DEBUG] Evento 'x' recibido para bookmaker 3. Payload:","timestamp":"2025-11-10 01:52:25"}
{"context":"{\"code\":200,\"x\":2.72}","level":"info","message":"🔍 [DEBUG] Evento 'x' recibido para bookmaker 3. Payload:","timestamp":"2025-11-10 01:52:25"}
{"context":"{\"code\":200,\"x\":2.75}","level":"info","message":"🔍 [DEBUG] Evento 'x' recibido para bookmaker 3. Payload:","timestamp":"2025-11-10 01:52:25"}
{"context":"{\"code\":200,\"x\":2.77}","level":"info","message":"🔍 [DEBUG] Evento 'x' recibido para bookmaker 3. Payload:","timestamp":"2025-11-10 01:52:25"}
{"context":"{\"code\":200,\"x\":2.79}","level":"info","message":"🔍 [DEBUG] Evento 'x' recibido para bookmaker 3. Payload:","timestamp":"2025-11-10 01:52:25"}
{"context":"{\"code\":200,\"x\":2.82}","level":"info","message":"🔍 [DEBUG] Evento 'x' recibido para bookmaker 3. Payload:","timestamp":"2025-11-10 01:52:25"}
{"context":"{\"code\":200,\"x\":2.84}","level":"info","message":"🔍 [DEBUG] Evento 'x' recibido para bookmaker 3. Payload:","timestamp":"2025-11-10 01:52:25"}
{"context":"{\"code\":200,\"x\":2.86}","level":"info","message":"🔍 [DEBUG] Evento 'x' recibido para bookmaker 3. Payload:","timestamp":"2025-11-10 01:52:25"}
{"context":"{\"code\":200,\"x\":2.89}","level":"info","message":"🔍 [DEBUG] Evento 'x' recibido para bookmaker 3. Payload:","timestamp":"2025-11-10 01:52:26"}
{"context":"{\"code\":200,\"x\":2.91}","level":"info","message":"🔍 [DEBUG] Evento 'x' recibido para bookmaker 3. Payload:","timestamp":"2025-11-10 01:52:26"}
{"context":"{\"code\":200,\"x\":2.94}","level":"info","message":"🔍 [DEBUG] Evento 'x' recibido para bookmaker 3. Payload:","timestamp":"2025-11-10 01:52:26"}
{"context":"{\"code\":200,\"x\":2.96}","level":"info","message":"🔍 [DEBUG] Evento 'x' recibido para bookmaker 3. Payload:","timestamp":"2025-11-10 01:52:26"}
{"context":"{\"code\":200,\"x\":2.99}","level":"info","message":"🔍 [DEBUG] Evento 'x' recibido para bookmaker 3. Payload:","timestamp":"2025-11-10 01:52:26"}
{"context":"{\"code\":200,\"x\":3.01}","level":"info","message":"🔍 [DEBUG] Evento 'x' recibido para bookmaker 3. Payload:","timestamp":"2025-11-10 01:52:26"}
{"context":"{\"code\":200,\"x\":3.04}","level":"info","message":"🔍 [DEBUG] Evento 'x' recibido para bookmaker 3. Payload:","timestamp":"2025-11-10 01:52:26"}
{"context":"{\"code\":200,\"x\":3.06}","level":"info","message":"🔍 [DEBUG] Evento 'x' recibido para bookmaker 3. Payload:","timestamp":"2025-11-10 01:52:26"}
{"context":"{\"code\":200,\"x\":3.09}","level":"info","message":"🔍 [DEBUG] Evento 'x' recibido para bookmaker 3. Payload:","timestamp":"2025-11-10 01:52:26"}
{"context":"{\"code\":200,\"x\":3.11}","level":"info","message":"🔍 [DEBUG] Evento 'x' recibido para bookmaker 3. Payload:","timestamp":"2025-11-10 01:52:26"}
{"context":"{\"code\":200,\"x\":3.14}","level":"info","message":"🔍 [DEBUG] Evento 'x' recibido para bookmaker 3. Payload:","timestamp":"2025-11-10 01:52:27"}
{"context":"{\"code\":200,\"x\":3.16}","level":"info","message":"🔍 [DEBUG] Evento 'x' recibido para bookmaker 3. Payload:","timestamp":"2025-11-10 01:52:27"}
{"context":"{\"code\":200,\"x\":3.19}","level":"info","message":"🔍 [DEBUG] Evento 'x' recibido para bookmaker 3. Payload:","timestamp":"2025-11-10 01:52:27"}
{"context":"{\"code\":200,\"x\":3.22}","level":"info","message":"🔍 [DEBUG] Evento 'x' recibido para bookmaker 3. Payload:","timestamp":"2025-11-10 01:52:27"}
{"context":"{\"code\":200,\"crashX\":3.23,\"x\":3.23}","level":"info","message":"🔍 [DEBUG] Evento 'x' recibido para bookmaker 3. Payload:","timestamp":"2025-11-10 01:52:27"}
{"level":"info","message":"🎯 CRASH detectado para bookmaker 3: 3.23x - Round: null","timestamp":"2025-11-10 01:52:27"}
{"level":"info","message":"📊 Datos de la ronda: Apuestas=0, Total=0, Jugadores=0, Cashout=5158601.65","timestamp":"2025-11-10 01:52:27"}
{"level":"info","message":"Saving round data for 888starz: Crash at 3.23x","timestamp":"2025-11-10 01:52:27"}
{"level":"info","message":"✅ Round data saved successfully for 888starz - Round 5392520","timestamp":"2025-11-10 01:52:28"}
{"level":"info","message":"🔄 Obteniendo historial actualizado para bookmaker 3...","timestamp":"2025-11-10 01:52:28"}
{"level":"info","message":"📊 Historial obtenido: 100 rondas","timestamp":"2025-11-10 01:52:28"}
{"level":"info","message":"🎯 Primera ronda: 5390716 - 2.11x","timestamp":"2025-11-10 01:52:28"}
{"level":"info","message":"📡 Emitiendo al room: bookmaker:3","timestamp":"2025-11-10 01:52:28"}
{"level":"info","message":"✅ Historial actualizado emitido para bookmaker 3 - 100 rondas","timestamp":"2025-11-10 01:52:28"}
{"level":"info","message":"💰 Apuestas actualizadas - Round: null, Apuestas: 379, Total: $2564113.7399999993, Jugadores: 36","timestamp":"2025-11-10 01:52:32"}
{"level":"info","message":"💰 Apuestas actualizadas - Round: null, Apuestas: 496, Total: $2938720.4899999984, Jugadores: 39","timestamp":"2025-11-10 01:52:32"}
{"level":"info","message":"💰 Apuestas actualizadas - Round: null, Apuestas: 563, Total: $3099788.0199999996, Jugadores: 39","timestamp":"2025-11-10 01:52:32"}
{"level":"info","message":"💰 Apuestas actualizadas - Round: null, Apuestas: 633, Total: $3369051.960000001, Jugadores: 38","timestamp":"2025-11-10 01:52:33"}
{"level":"info","message":"💰 Apuestas actualizadas - Round: null, Apuestas: 711, Total: $3517945.4900000007, Jugadores: 38","timestamp":"2025-11-10 01:52:33"}
{"level":"info","message":"💰 Apuestas actualizadas - Round: null, Apuestas: 771, Total: $3754591.3900000015, Jugadores: 39","timestamp":"2025-11-10 01:52:33"}
{"level":"info","message":"💰 Apuestas actualizadas - Round: null, Apuestas: 850, Total: $4253149.020000001, Jugadores: 37","timestamp":"2025-11-10 01:52:34"}
{"level":"info","message":"💰 Apuestas actualizadas - Round: null, Apuestas: 935, Total: $4538010.76, Jugadores: 37","timestamp":"2025-11-10 01:52:34"}
{"level":"info","message":"💰 Apuestas actualizadas - Round: null, Apuestas: 1017, Total: $4655283.0299999975, Jugadores: 36","timestamp":"2025-11-10 01:52:34"}
{"level":"info","message":"💰 Apuestas actualizadas - Round: null, Apuestas: 1112, Total: $5135252.4899999965, Jugadores: 37","timestamp":"2025-11-10 01:52:35"}
{"level":"info","message":"💰 Apuestas actualizadas - Round: null, Apuestas: 1201, Total: $5792563.589999997, Jugadores: 37","timestamp":"2025-11-10 01:52:35"}
{"level":"info","message":"💰 Apuestas actualizadas - Round: null, Apuestas: 1268, Total: $6344131.399999999, Jugadores: 34","timestamp":"2025-11-10 01:52:35"}
{"level":"info","message":"💰 Apuestas actualizadas - Round: null, Apuestas: 1326, Total: $6344131.399999999, Jugadores: 34","timestamp":"2025-11-10 01:52:36"}
{"level":"info","message":"💰 Apuestas actualizadas - Round: null, Apuestas: 1372, Total: $6473553.069999999, Jugadores: 34","timestamp":"2025-11-10 01:52:36"}
{"level":"info","message":"💰 Apuestas actualizadas - Round: null, Apuestas: 1407, Total: $6602096.319999999, Jugadores: 35","timestamp":"2025-11-10 01:52:36"}
{"context":"{\"code\":200,\"x\":1}","level":"info","message":"🔍 [DEBUG] Evento 'x' recibido para bookmaker 3. Payload:","timestamp":"2025-11-10 01:52:36"}
{"context":"{\"code\":200,\"x\":1.01}","level":"info","message":"🔍 [DEBUG] Evento 'x' recibido para bookmaker 3. Payload:","timestamp":"2025-11-10 01:52:37"}
{"context":"{\"code\":200,\"x\":1.02}","level":"info","message":"🔍 [DEBUG] Evento 'x' recibido para bookmaker 3. Payload:","timestamp":"2025-11-10 01:52:37"}
{"context":"{\"code\":200,\"x\":1.03}","level":"info","message":"🔍 [DEBUG] Evento 'x' recibido para bookmaker 3. Payload:","timestamp":"2025-11-10 01:52:37"}
{"context":"{\"code\":200,\"x\":1.04}","level":"info","message":"🔍 [DEBUG] Evento 'x' recibido para bookmaker 3. Payload:","timestamp":"2025-11-10 01:52:37"}
{"context":"{\"code\":200,\"x\":1.05}","level":"info","message":"🔍 [DEBUG] Evento 'x' recibido para bookmaker 3. Payload:","timestamp":"2025-11-10 01:52:37"}
{"context":"{\"code\":200,\"x\":1.05}","level":"info","message":"🔍 [DEBUG] Evento 'x' recibido para bookmaker 3. Payload:","timestamp":"2025-11-10 01:52:37"}
{"context":"{\"code\":200,\"x\":1.06}","level":"info","message":"🔍 [DEBUG] Evento 'x' recibido para bookmaker 3. Payload:","timestamp":"2025-11-10 01:52:37"}
{"context":"{\"code\":200,\"x\":1.07}","level":"info","message":"🔍 [DEBUG] Evento 'x' recibido para bookmaker 3. Payload:","timestamp":"2025-11-10 01:52:37"}
{"context":"{\"code\":200,\"x\":1.08}","level":"info","message":"🔍 [DEBUG] Evento 'x' recibido para bookmaker 3. Payload:","timestamp":"2025-11-10 01:52:37"}
{"context":"{\"code\":200,\"x\":1.09}","level":"info","message":"🔍 [DEBUG] Evento 'x' recibido para bookmaker 3. Payload:","timestamp":"2025-11-10 01:52:37"}
{"context":"{\"code\":200,\"x\":1.1}","level":"info","message":"🔍 [DEBUG] Evento 'x' recibido para bookmaker 3. Payload:","timestamp":"2025-11-10 01:52:38"}
{"context":"{\"code\":200,\"x\":1.11}","level":"info","message":"🔍 [DEBUG] Evento 'x' recibido para bookmaker 3. Payload:","timestamp":"2025-11-10 01:52:38"}
{"context":"{\"code\":200,\"x\":1.12}","level":"info","message":"🔍 [DEBUG] Evento 'x' recibido para bookmaker 3. Payload:","timestamp":"2025-11-10 01:52:38"}
{"context":"{\"code\":200,\"x\":1.13}","level":"info","message":"🔍 [DEBUG] Evento 'x' recibido para bookmaker 3. Payload:","timestamp":"2025-11-10 01:52:38"}
{"context":"{\"code\":200,\"x\":1.14}","level":"info","message":"🔍 [DEBUG] Evento 'x' recibido para bookmaker 3. Payload:","timestamp":"2025-11-10 01:52:38"}
{"context":"{\"code\":200,\"x\":1.15}","level":"info","message":"🔍 [DEBUG] Evento 'x' recibido para bookmaker 3. Payload:","timestamp":"2025-11-10 01:52:38"}
{"context":"{\"code\":200,\"x\":1.16}","level":"info","message":"🔍 [DEBUG] Evento 'x' recibido para bookmaker 3. Payload:","timestamp":"2025-11-10 01:52:38"}
{"context":"{\"code\":200,\"x\":1.17}","level":"info","message":"🔍 [DEBUG] Evento 'x' recibido para bookmaker 3. Payload:","timestamp":"2025-11-10 01:52:38"}
{"context":"{\"code\":200,\"x\":1.18}","level":"info","message":"🔍 [DEBUG] Evento 'x' recibido para bookmaker 3. Payload:","timestamp":"2025-11-10 01:52:38"}
{"context":"{\"code\":200,\"x\":1.19}","level":"info","message":"🔍 [DEBUG] Evento 'x' recibido para bookmaker 3. Payload:","timestamp":"2025-11-10 01:52:38"}
{"context":"{\"code\":200,\"x\":1.2}","level":"info","message":"🔍 [DEBUG] Evento 'x' recibido para bookmaker 3. Payload:","timestamp":"2025-11-10 01:52:39"}
{"context":"{\"code\":200,\"x\":1.21}","level":"info","message":"🔍 [DEBUG] Evento 'x' recibido para bookmaker 3. Payload:","timestamp":"2025-11-10 01:52:39"}
{"context":"{\"code\":200,\"x\":1.22}","level":"info","message":"🔍 [DEBUG] Evento 'x' recibido para bookmaker 3. Payload:","timestamp":"2025-11-10 01:52:39"}
{"context":"{\"code\":200,\"x\":1.23}","level":"info","message":"🔍 [DEBUG] Evento 'x' recibido para bookmaker 3. Payload:","timestamp":"2025-11-10 01:52:39"}
{"context":"{\"code\":200,\"x\":1.24}","level":"info","message":"🔍 [DEBUG] Evento 'x' recibido para bookmaker 3. Payload:","timestamp":"2025-11-10 01:52:39"}
{"context":"{\"code\":200,\"x\":1.25}","level":"info","message":"🔍 [DEBUG] Evento 'x' recibido para bookmaker 3. Payload:","timestamp":"2025-11-10 01:52:39"}
{"context":"{\"code\":200,\"x\":1.26}","level":"info","message":"🔍 [DEBUG] Evento 'x' recibido para bookmaker 3. Payload:","timestamp":"2025-11-10 01:52:39"}
{"context":"{\"code\":200,\"x\":1.27}","level":"info","message":"🔍 [DEBUG] Evento 'x' recibido para bookmaker 3. Payload:","timestamp":"2025-11-10 01:52:39"}
{"context":"{\"code\":200,\"x\":1.28}","level":"info","message":"🔍 [DEBUG] Evento 'x' recibido para bookmaker 3. Payload:","timestamp":"2025-11-10 01:52:39"}
{"context":"{\"code\":200,\"x\":1.29}","level":"info","message":"🔍 [DEBUG] Evento 'x' recibido para bookmaker 3. Payload:","timestamp":"2025-11-10 01:52:39"}
{"context":"{\"code\":200,\"x\":1.3}","level":"info","message":"🔍 [DEBUG] Evento 'x' recibido para bookmaker 3. Payload:","timestamp":"2025-11-10 01:52:40"}
{"context":"{\"code\":200,\"x\":1.31}","level":"info","message":"🔍 [DEBUG] Evento 'x' recibido para bookmaker 3. Payload:","timestamp":"2025-11-10 01:52:40"}
{"context":"{\"code\":200,\"x\":1.32}","level":"info","message":"🔍 [DEBUG] Evento 'x' recibido para bookmaker 3. Payload:","timestamp":"2025-11-10 01:52:40"}
{"context":"{\"code\":200,\"x\":1.33}","level":"info","message":"🔍 [DEBUG] Evento 'x' recibido para bookmaker 3. Payload:","timestamp":"2025-11-10 01:52:40"}
{"context":"{\"code\":200,\"x\":1.34}","level":"info","message":"🔍 [DEBUG] Evento 'x' recibido para bookmaker 3. Payload:","timestamp":"2025-11-10 01:52:40"}
{"context":"{\"code\":200,\"x\":1.35}","level":"info","message":"🔍 [DEBUG] Evento 'x' recibido para bookmaker 3. Payload:","timestamp":"2025-11-10 01:52:40"}
{"context":"{\"code\":200,\"x\":1.37}","level":"info","message":"🔍 [DEBUG] Evento 'x' recibido para bookmaker 3. Payload:","timestamp":"2025-11-10 01:52:40"}
{"context":"{\"code\":200,\"x\":1.38}","level":"info","message":"🔍 [DEBUG] Evento 'x' recibido para bookmaker 3. Payload:","timestamp":"2025-11-10 01:52:40"}
{"context":"{\"code\":200,\"x\":1.39}","level":"info","message":"🔍 [DEBUG] Evento 'x' recibido para bookmaker 3. Payload:","timestamp":"2025-11-10 01:52:40"}
{"context":"{\"code\":200,\"x\":1.4}","level":"info","message":"🔍 [DEBUG] Evento 'x' recibido para bookmaker 3. Payload:","timestamp":"2025-11-10 01:52:40"}
{"context":"{\"code\":200,\"x\":1.41}","level":"info","message":"🔍 [DEBUG] Evento 'x' recibido para bookmaker 3. Payload:","timestamp":"2025-11-10 01:52:41"}
{"context":"{\"code\":200,\"x\":1.42}","level":"info","message":"🔍 [DEBUG] Evento 'x' recibido para bookmaker 3. Payload:","timestamp":"2025-11-10 01:52:41"}
{"context":"{\"code\":200,\"x\":1.44}","level":"info","message":"🔍 [DEBUG] Evento 'x' recibido para bookmaker 3. Payload:","timestamp":"2025-11-10 01:52:41"}
{"context":"{\"code\":200,\"x\":1.45}","level":"info","message":"🔍 [DEBUG] Evento 'x' recibido para bookmaker 3. Payload:","timestamp":"2025-11-10 01:52:41"}
{"context":"{\"code\":200,\"x\":1.46}","level":"info","message":"🔍 [DEBUG] Evento 'x' recibido para bookmaker 3. Payload:","timestamp":"2025-11-10 01:52:41"}
{"context":"{\"code\":200,\"x\":1.47}","level":"info","message":"🔍 [DEBUG] Evento 'x' recibido para bookmaker 3. Payload:","timestamp":"2025-11-10 01:52:41"}
{"context":"{\"code\":200,\"x\":1.48}","level":"info","message":"🔍 [DEBUG] Evento 'x' recibido para bookmaker 3. Payload:","timestamp":"2025-11-10 01:52:41"}
{"context":"{\"code\":200,\"x\":1.5}","level":"info","message":"🔍 [DEBUG] Evento 'x' recibido para bookmaker 3. Payload:","timestamp":"2025-11-10 01:52:41"}
{"context":"{\"code\":200,\"x\":1.51}","level":"info","message":"🔍 [DEBUG] Evento 'x' recibido para bookmaker 3. Payload:","timestamp":"2025-11-10 01:52:41"}
{"context":"{\"code\":200,\"x\":1.52}","level":"info","message":"🔍 [DEBUG] Evento 'x' recibido para bookmaker 3. Payload:","timestamp":"2025-11-10 01:52:41"}
{"context":"{\"code\":200,\"x\":1.53}","level":"info","message":"🔍 [DEBUG] Evento 'x' recibido para bookmaker 3. Payload:","timestamp":"2025-11-10 01:52:42"}
{"context":"{\"code\":200,\"x\":1.55}","level":"info","message":"🔍 [DEBUG] Evento 'x' recibido para bookmaker 3. Payload:","timestamp":"2025-11-10 01:52:42"}
{"context":"{\"code\":200,\"x\":1.56}","level":"info","message":"🔍 [DEBUG] Evento 'x' recibido para bookmaker 3. Payload:","timestamp":"2025-11-10 01:52:42"}
{"context":"{\"code\":200,\"x\":1.57}","level":"info","message":"🔍 [DEBUG] Evento 'x' recibido para bookmaker 3. Payload:","timestamp":"2025-11-10 01:52:42"}
{"context":"{\"code\":200,\"x\":1.59}","level":"info","message":"🔍 [DEBUG] Evento 'x' recibido para bookmaker 3. Payload:","timestamp":"2025-11-10 01:52:42"}
{"context":"{\"code\":200,\"x\":1.6}","level":"info","message":"🔍 [DEBUG] Evento 'x' recibido para bookmaker 3. Payload:","timestamp":"2025-11-10 01:52:42"}
{"context":"{\"code\":200,\"x\":1.61}","level":"info","message":"🔍 [DEBUG] Evento 'x' recibido para bookmaker 3. Payload:","timestamp":"2025-11-10 01:52:42"}
{"context":"{\"code\":200,\"x\":1.63}","level":"info","message":"🔍 [DEBUG] Evento 'x' recibido para bookmaker 3. Payload:","timestamp":"2025-11-10 01:52:42"}
{"context":"{\"code\":200,\"x\":1.64}","level":"info","message":"🔍 [DEBUG] Evento 'x' recibido para bookmaker 3. Payload:","timestamp":"2025-11-10 01:52:42"}
{"context":"{\"code\":200,\"x\":1.65}","level":"info","message":"🔍 [DEBUG] Evento 'x' recibido para bookmaker 3. Payload:","timestamp":"2025-11-10 01:52:42"}
{"context":"{\"code\":200,\"x\":1.67}","level":"info","message":"🔍 [DEBUG] Evento 'x' recibido para bookmaker 3. Payload:","timestamp":"2025-11-10 01:52:43"}
{"context":"{\"code\":200,\"x\":1.68}","level":"info","message":"🔍 [DEBUG] Evento 'x' recibido para bookmaker 3. Payload:","timestamp":"2025-11-10 01:52:43"}
{"context":"{\"code\":200,\"x\":1.7}","level":"info","message":"🔍 [DEBUG] Evento 'x' recibido para bookmaker 3. Payload:","timestamp":"2025-11-10 01:52:43"}
{"context":"{\"code\":200,\"x\":1.71}","level":"info","message":"🔍 [DEBUG] Evento 'x' recibido para bookmaker 3. Payload:","timestamp":"2025-11-10 01:52:43"}
{"context":"{\"code\":200,\"x\":1.72}","level":"info","message":"🔍 [DEBUG] Evento 'x' recibido para bookmaker 3. Payload:","timestamp":"2025-11-10 01:52:43"}
{"context":"{\"code\":200,\"x\":1.74}","level":"info","message":"🔍 [DEBUG] Evento 'x' recibido para bookmaker 3. Payload:","timestamp":"2025-11-10 01:52:43"}
{"context":"{\"code\":200,\"x\":1.75}","level":"info","message":"🔍 [DEBUG] Evento 'x' recibido para bookmaker 3. Payload:","timestamp":"2025-11-10 01:52:43"}
{"context":"{\"code\":200,\"x\":1.77}","level":"info","message":"🔍 [DEBUG] Evento 'x' recibido para bookmaker 3. Payload:","timestamp":"2025-11-10 01:52:43"}
{"context":"{\"code\":200,\"x\":1.78}","level":"info","message":"🔍 [DEBUG] Evento 'x' recibido para bookmaker 3. Payload:","timestamp":"2025-11-10 01:52:43"}
{"context":"{\"code\":200,\"x\":1.8}","level":"info","message":"🔍 [DEBUG] Evento 'x' recibido para bookmaker 3. Payload:","timestamp":"2025-11-10 01:52:43"}
{"context":"{\"code\":200,\"x\":1.81}","level":"info","message":"🔍 [DEBUG] Evento 'x' recibido para bookmaker 3. Payload:","timestamp":"2025-11-10 01:52:44"}
{"context":"{\"code\":200,\"x\":1.83}","level":"info","message":"🔍 [DEBUG] Evento 'x' recibido para bookmaker 3. Payload:","timestamp":"2025-11-10 01:52:44"}
{"context":"{\"code\":200,\"x\":1.84}","level":"info","message":"🔍 [DEBUG] Evento 'x' recibido para bookmaker 3. Payload:","timestamp":"2025-11-10 01:52:44"}
{"context":"{\"code\":200,\"x\":1.86}","level":"info","message":"🔍 [DEBUG] Evento 'x' recibido para bookmaker 3. Payload:","timestamp":"2025-11-10 01:52:44"}
{"context":"{\"code\":200,\"x\":1.87}","level":"info","message":"🔍 [DEBUG] Evento 'x' recibido para bookmaker 3. Payload:","timestamp":"2025-11-10 01:52:44"}
{"context":"{\"code\":200,\"x\":1.89}","level":"info","message":"🔍 [DEBUG] Evento 'x' recibido para bookmaker 3. Payload:","timestamp":"2025-11-10 01:52:44"}
{"context":"{\"code\":200,\"x\":1.91}","level":"info","message":"🔍 [DEBUG] Evento 'x' recibido para bookmaker 3. Payload:","timestamp":"2025-11-10 01:52:44"}
{"context":"{\"code\":200,\"x\":1.92}","level":"info","message":"🔍 [DEBUG] Evento 'x' recibido para bookmaker 3. Payload:","timestamp":"2025-11-10 01:52:44"}
{"context":"{\"code\":200,\"x\":1.94}","level":"info","message":"🔍 [DEBUG] Evento 'x' recibido para bookmaker 3. Payload:","timestamp":"2025-11-10 01:52:44"}
{"context":"{\"code\":200,\"x\":1.95}","level":"info","message":"🔍 [DEBUG] Evento 'x' recibido para bookmaker 3. Payload:","timestamp":"2025-11-10 01:52:44"}
{"context":"{\"code\":200,\"x\":1.97}","level":"info","message":"🔍 [DEBUG] Evento 'x' recibido para bookmaker 3. Payload:","timestamp":"2025-11-10 01:52:45"}
{"context":"{\"code\":200,\"x\":1.99}","level":"info","message":"🔍 [DEBUG] Evento 'x' recibido para bookmaker 3. Payload:","timestamp":"2025-11-10 01:52:45"}
{"context":"{\"code\":200,\"x\":2}","level":"info","message":"🔍 [DEBUG] Evento 'x' recibido para bookmaker 3. Payload:","timestamp":"2025-11-10 01:52:45"}
{"context":"{\"code\":200,\"x\":2.02}","level":"info","message":"🔍 [DEBUG] Evento 'x' recibido para bookmaker 3. Payload:","timestamp":"2025-11-10 01:52:45"}
{"context":"{\"code\":200,\"x\":2.04}","level":"info","message":"🔍 [DEBUG] Evento 'x' recibido para bookmaker 3. Payload:","timestamp":"2025-11-10 01:52:45"}
{"context":"{\"code\":200,\"x\":2.05}","level":"info","message":"🔍 [DEBUG] Evento 'x' recibido para bookmaker 3. Payload:","timestamp":"2025-11-10 01:52:45"}
{"context":"{\"code\":200,\"x\":2.07}","level":"info","message":"🔍 [DEBUG] Evento 'x' recibido para bookmaker 3. Payload:","timestamp":"2025-11-10 01:52:45"}
{"context":"{\"code\":200,\"x\":2.09}","level":"info","message":"🔍 [DEBUG] Evento 'x' recibido para bookmaker 3. Payload:","timestamp":"2025-11-10 01:52:45"}
{"context":"{\"code\":200,\"x\":2.11}","level":"info","message":"🔍 [DEBUG] Evento 'x' recibido para bookmaker 3. Payload:","timestamp":"2025-11-10 01:52:45"}
{"context":"{\"code\":200,\"x\":2.12}","level":"info","message":"🔍 [DEBUG] Evento 'x' recibido para bookmaker 3. Payload:","timestamp":"2025-11-10 01:52:45"}
{"context":"{\"code\":200,\"x\":2.14}","level":"info","message":"🔍 [DEBUG] Evento 'x' recibido para bookmaker 3. Payload:","timestamp":"2025-11-10 01:52:46"}
{"context":"{\"code\":200,\"x\":2.16}","level":"info","message":"🔍 [DEBUG] Evento 'x' recibido para bookmaker 3. Payload:","timestamp":"2025-11-10 01:52:46"}
{"context":"{\"code\":200,\"x\":2.18}","level":"info","message":"🔍 [DEBUG] Evento 'x' recibido para bookmaker 3. Payload:","timestamp":"2025-11-10 01:52:46"}
{"context":"{\"code\":200,\"x\":2.2}","level":"info","message":"🔍 [DEBUG] Evento 'x' recibido para bookmaker 3. Payload:","timestamp":"2025-11-10 01:52:46"}
{"context":"{\"code\":200,\"x\":2.21}","level":"info","message":"🔍 [DEBUG] Evento 'x' recibido para bookmaker 3. Payload:","timestamp":"2025-11-10 01:52:46"}
{"context":"{\"code\":200,\"x\":2.23}","level":"info","message":"🔍 [DEBUG] Evento 'x' recibido para bookmaker 3. Payload:","timestamp":"2025-11-10 01:52:46"}
{"context":"{\"code\":200,\"x\":2.25}","level":"info","message":"🔍 [DEBUG] Evento 'x' recibido para bookmaker 3. Payload:","timestamp":"2025-11-10 01:52:46"}
{"context":"{\"code\":200,\"x\":2.27}","level":"info","message":"🔍 [DEBUG] Evento 'x' recibido para bookmaker 3. Payload:","timestamp":"2025-11-10 01:52:46"}
{"context":"{\"code\":200,\"x\":2.29}","level":"info","message":"🔍 [DEBUG] Evento 'x' recibido para bookmaker 3. Payload:","timestamp":"2025-11-10 01:52:46"}
{"context":"{\"code\":200,\"x\":2.31}","level":"info","message":"🔍 [DEBUG] Evento 'x' recibido para bookmaker 3. Payload:","timestamp":"2025-11-10 01:52:46"}
{"context":"{\"code\":200,\"x\":2.33}","level":"info","message":"🔍 [DEBUG] Evento 'x' recibido para bookmaker 3. Payload:","timestamp":"2025-11-10 01:52:47"}
{"level":"info","message":"Cliente conectado: ooU4krSvLhCo8m6wAAAB","timestamp":"2025-11-10 01:52:47"}
{"level":"info","message":"Cliente ooU4krSvLhCo8m6wAAAB unido a bookmaker:3","timestamp":"2025-11-10 01:52:47"}
{"context":"{\"code\":200,\"x\":2.35}","level":"info","message":"🔍 [DEBUG] Evento 'x' recibido para bookmaker 3. Payload:","timestamp":"2025-11-10 01:52:47"}
{"context":"{\"code\":200,\"x\":2.37}","level":"info","message":"🔍 [DEBUG] Evento 'x' recibido para bookmaker 3. Payload:","timestamp":"2025-11-10 01:52:47"}
{"level":"info","message":"📤 Historial enviado al cliente ooU4krSvLhCo8m6wAAAB: 100 rondas","timestamp":"2025-11-10 01:52:47"}
{"level":"info","message":"Cliente ooU4krSvLhCo8m6wAAAB unido exitosamente a la sala bookmaker:3","timestamp":"2025-11-10 01:52:47"}
{"context":"{\"code\":200,\"x\":2.39}","level":"info","message":"🔍 [DEBUG] Evento 'x' recibido para bookmaker 3. Payload:","timestamp":"2025-11-10 01:52:47"}
{"context":"{\"code\":200,\"x\":2.41}","level":"info","message":"🔍 [DEBUG] Evento 'x' recibido para bookmaker 3. Payload:","timestamp":"2025-11-10 01:52:47"}
{"context":"{\"code\":200,\"x\":2.43}","level":"info","message":"🔍 [DEBUG] Evento 'x' recibido para bookmaker 3. Payload:","timestamp":"2025-11-10 01:52:47"}
{"context":"{\"code\":200,\"x\":2.45}","level":"info","message":"🔍 [DEBUG] Evento 'x' recibido para bookmaker 3. Payload:","timestamp":"2025-11-10 01:52:47"}
{"context":"{\"code\":200,\"x\":2.47}","level":"info","message":"🔍 [DEBUG] Evento 'x' recibido para bookmaker 3. Payload:","timestamp":"2025-11-10 01:52:47"}
{"context":"{\"code\":200,\"x\":2.49}","level":"info","message":"🔍 [DEBUG] Evento 'x' recibido para bookmaker 3. Payload:","timestamp":"2025-11-10 01:52:47"}
{"context":"{\"code\":200,\"x\":2.51}","level":"info","message":"🔍 [DEBUG] Evento 'x' recibido para bookmaker 3. Payload:","timestamp":"2025-11-10 01:52:47"}
{"context":"{\"code\":200,\"x\":2.53}","level":"info","message":"🔍 [DEBUG] Evento 'x' recibido para bookmaker 3. Payload:","timestamp":"2025-11-10 01:52:48"}
{"context":"{\"code\":200,\"x\":2.55}","level":"info","message":"🔍 [DEBUG] Evento 'x' recibido para bookmaker 3. Payload:","timestamp":"2025-11-10 01:52:48"}
{"context":"{\"code\":200,\"x\":2.57}","level":"info","message":"🔍 [DEBUG] Evento 'x' recibido para bookmaker 3. Payload:","timestamp":"2025-11-10 01:52:48"}
{"context":"{\"code\":200,\"x\":2.59}","level":"info","message":"🔍 [DEBUG] Evento 'x' recibido para bookmaker 3. Payload:","timestamp":"2025-11-10 01:52:48"}
{"context":"{\"code\":200,\"x\":2.61}","level":"info","message":"🔍 [DEBUG] Evento 'x' recibido para bookmaker 3. Payload:","timestamp":"2025-11-10 01:52:48"}
{"context":"{\"code\":200,\"x\":2.64}","level":"info","message":"🔍 [DEBUG] Evento 'x' recibido para bookmaker 3. Payload:","timestamp":"2025-11-10 01:52:48"}
{"context":"{\"code\":200,\"x\":2.66}","level":"info","message":"🔍 [DEBUG] Evento 'x' recibido para bookmaker 3. Payload:","timestamp":"2025-11-10 01:52:48"}
{"context":"{\"code\":200,\"x\":2.68}","level":"info","message":"🔍 [DEBUG] Evento 'x' recibido para bookmaker 3. Payload:","timestamp":"2025-11-10 01:52:48"}
{"context":"{\"code\":200,\"x\":2.7}","level":"info","message":"🔍 [DEBUG] Evento 'x' recibido para bookmaker 3. Payload:","timestamp":"2025-11-10 01:52:48"}
{"context":"{\"code\":200,\"x\":2.72}","level":"info","message":"🔍 [DEBUG] Evento 'x' recibido para bookmaker 3. Payload:","timestamp":"2025-11-10 01:52:48"}
{"context":"{\"code\":200,\"x\":2.75}","level":"info","message":"🔍 [DEBUG] Evento 'x' recibido para bookmaker 3. Payload:","timestamp":"2025-11-10 01:52:49"}
{"context":"{\"code\":200,\"x\":2.77}","level":"info","message":"🔍 [DEBUG] Evento 'x' recibido para bookmaker 3. Payload:","timestamp":"2025-11-10 01:52:49"}
{"context":"{\"code\":200,\"x\":2.79}","level":"info","message":"🔍 [DEBUG] Evento 'x' recibido para bookmaker 3. Payload:","timestamp":"2025-11-10 01:52:49"}
{"context":"{\"code\":200,\"x\":2.82}","level":"info","message":"🔍 [DEBUG] Evento 'x' recibido para bookmaker 3. Payload:","timestamp":"2025-11-10 01:52:49"}
{"context":"{\"code\":200,\"x\":2.84}","level":"info","message":"🔍 [DEBUG] Evento 'x' recibido para bookmaker 3. Payload:","timestamp":"2025-11-10 01:52:49"}
{"context":"{\"code\":200,\"x\":2.86}","level":"info","message":"🔍 [DEBUG] Evento 'x' recibido para bookmaker 3. Payload:","timestamp":"2025-11-10 01:52:49"}
{"context":"{\"code\":200,\"x\":2.89}","level":"info","message":"🔍 [DEBUG] Evento 'x' recibido para bookmaker 3. Payload:","timestamp":"2025-11-10 01:52:49"}
{"context":"{\"code\":200,\"x\":2.91}","level":"info","message":"🔍 [DEBUG] Evento 'x' recibido para bookmaker 3. Payload:","timestamp":"2025-11-10 01:52:49"}
{"context":"{\"code\":200,\"x\":2.94}","level":"info","message":"🔍 [DEBUG] Evento 'x' recibido para bookmaker 3. Payload:","timestamp":"2025-11-10 01:52:49"}
{"context":"{\"code\":200,\"x\":2.96}","level":"info","message":"🔍 [DEBUG] Evento 'x' recibido para bookmaker 3. Payload:","timestamp":"2025-11-10 01:52:49"}
{"level":"info","message":"Gateway Aviator inicializado","timestamp":"2025-11-10 01:52:53"}
{"level":"info","message":"Cliente conectado: 8p4f4DeriWvxn3cmAAAB","timestamp":"2025-11-10 01:52:53"}
{"level":"info","message":"Cliente 8p4f4DeriWvxn3cmAAAB unido a bookmaker:3","timestamp":"2025-11-10 01:52:53"}
{"level":"info","message":"📤 Historial enviado al cliente 8p4f4DeriWvxn3cmAAAB: 100 rondas","timestamp":"2025-11-10 01:52:54"}
{"level":"info","message":"Cliente 8p4f4DeriWvxn3cmAAAB unido exitosamente a la sala bookmaker:3","timestamp":"2025-11-10 01:52:54"}
{"level":"info","message":"✅ Inicializando conexiones WebSocket de Aviator","timestamp":"2025-11-10 01:53:42"}
{"level":"info","message":"🔑 [DEBUG] Bookmaker 3 - auth_message: gALaEgADAAFjAgAAAWEDAAEAAXASAAQAAnpuCAASYXZpYXRvcl...","timestamp":"2025-11-10 01:53:43"}
{"level":"info","message":"✅ Inicializando conexiones WebSocket de GoBet (protocolo ws://)","timestamp":"2025-11-10 01:53:43"}
{"level":"info","message":"Estado WebSocket actualizado en BD para bookmaker 3: CONNECTING","timestamp":"2025-11-10 01:53:44"}
{"level":"info","message":"WebSocket connected for bookmaker 3","timestamp":"2025-11-10 01:53:44"}
{"context":"{\"code\":200,\"x\":1.72}","level":"info","message":"🔍 [DEBUG] Evento 'x' recibido para bookmaker 3. Payload:","timestamp":"2025-11-10 01:53:44"}
{"context":"{\"code\":200,\"x\":1.74}","level":"info","message":"🔍 [DEBUG] Evento 'x' recibido para bookmaker 3. Payload:","timestamp":"2025-11-10 01:53:44"}
{"context":"{\"code\":200,\"x\":1.75}","level":"info","message":"🔍 [DEBUG] Evento 'x' recibido para bookmaker 3. Payload:","timestamp":"2025-11-10 01:53:44"}
{"level":"info","message":"Estado WebSocket actualizado en BD para bookmaker 3: CONNECTED","timestamp":"2025-11-10 01:53:45"}
{"context":"{\"code\":200,\"x\":1.77}","level":"info","message":"🔍 [DEBUG] Evento 'x' recibido para bookmaker 3. Payload:","timestamp":"2025-11-10 01:53:45"}
{"context":"{\"code\":200,\"x\":1.78}","level":"info","message":"🔍 [DEBUG] Evento 'x' recibido para bookmaker 3. Payload:","timestamp":"2025-11-10 01:53:45"}
{"context":"{\"code\":200,\"x\":1.8}","level":"info","message":"🔍 [DEBUG] Evento 'x' recibido para bookmaker 3. Payload:","timestamp":"2025-11-10 01:53:45"}
{"context":"{\"code\":200,\"x\":1.81}","level":"info","message":"🔍 [DEBUG] Evento 'x' recibido para bookmaker 3. Payload:","timestamp":"2025-11-10 01:53:45"}
{"context":"{\"code\":200,\"x\":1.83}","level":"info","message":"🔍 [DEBUG] Evento 'x' recibido para bookmaker 3. Payload:","timestamp":"2025-11-10 01:53:45"}
{"context":"{\"code\":200,\"x\":1.84}","level":"info","message":"🔍 [DEBUG] Evento 'x' recibido para bookmaker 3. Payload:","timestamp":"2025-11-10 01:53:45"}
{"context":"{\"code\":200,\"x\":1.86}","level":"info","message":"🔍 [DEBUG] Evento 'x' recibido para bookmaker 3. Payload:","timestamp":"2025-11-10 01:53:45"}
{"context":"{\"code\":200,\"x\":1.87}","level":"info","message":"🔍 [DEBUG] Evento 'x' recibido para bookmaker 3. Payload:","timestamp":"2025-11-10 01:53:45"}
{"context":"{\"code\":200,\"x\":1.89}","level":"info","message":"🔍 [DEBUG] Evento 'x' recibido para bookmaker 3. Payload:","timestamp":"2025-11-10 01:53:45"}
{"context":"{\"code\":200,\"x\":1.91}","level":"info","message":"🔍 [DEBUG] Evento 'x' recibido para bookmaker 3. Payload:","timestamp":"2025-11-10 01:53:45"}
{"context":"{\"code\":200,\"x\":1.92}","level":"info","message":"🔍 [DEBUG] Evento 'x' recibido para bookmaker 3. Payload:","timestamp":"2025-11-10 01:53:46"}
{"context":"{\"code\":200,\"x\":1.94}","level":"info","message":"🔍 [DEBUG] Evento 'x' recibido para bookmaker 3. Payload:","timestamp":"2025-11-10 01:53:46"}
{"context":"{\"code\":200,\"x\":1.95}","level":"info","message":"🔍 [DEBUG] Evento 'x' recibido para bookmaker 3. Payload:","timestamp":"2025-11-10 01:53:46"}
{"context":"{\"code\":200,\"x\":1.97}","level":"info","message":"🔍 [DEBUG] Evento 'x' recibido para bookmaker 3. Payload:","timestamp":"2025-11-10 01:53:46"}
{"context":"{\"code\":200,\"x\":1.99}","level":"info","message":"🔍 [DEBUG] Evento 'x' recibido para bookmaker 3. Payload:","timestamp":"2025-11-10 01:53:46"}
{"context":"{\"code\":200,\"x\":2}","level":"info","message":"🔍 [DEBUG] Evento 'x' recibido para bookmaker 3. Payload:","timestamp":"2025-11-10 01:53:46"}
{"context":"{\"code\":200,\"x\":2.02}","level":"info","message":"🔍 [DEBUG] Evento 'x' recibido para bookmaker 3. Payload:","timestamp":"2025-11-10 01:53:46"}
{"context":"{\"code\":200,\"x\":2.04}","level":"info","message":"🔍 [DEBUG] Evento 'x' recibido para bookmaker 3. Payload:","timestamp":"2025-11-10 01:53:46"}
{"context":"{\"code\":200,\"x\":2.05}","level":"info","message":"🔍 [DEBUG] Evento 'x' recibido para bookmaker 3. Payload:","timestamp":"2025-11-10 01:53:46"}
{"context":"{\"code\":200,\"x\":2.07}","level":"info","message":"🔍 [DEBUG] Evento 'x' recibido para bookmaker 3. Payload:","timestamp":"2025-11-10 01:53:46"}
{"context":"{\"code\":200,\"x\":2.09}","level":"info","message":"🔍 [DEBUG] Evento 'x' recibido para bookmaker 3. Payload:","timestamp":"2025-11-10 01:53:47"}
{"context":"{\"code\":200,\"x\":2.11}","level":"info","message":"🔍 [DEBUG] Evento 'x' recibido para bookmaker 3. Payload:","timestamp":"2025-11-10 01:53:47"}
{"context":"{\"code\":200,\"x\":2.12}","level":"info","message":"🔍 [DEBUG] Evento 'x' recibido para bookmaker 3. Payload:","timestamp":"2025-11-10 01:53:47"}
{"context":"{\"code\":200,\"x\":2.14}","level":"info","message":"🔍 [DEBUG] Evento 'x' recibido para bookmaker 3. Payload:","timestamp":"2025-11-10 01:53:47"}
{"context":"{\"code\":200,\"x\":2.16}","level":"info","message":"🔍 [DEBUG] Evento 'x' recibido para bookmaker 3. Payload:","timestamp":"2025-11-10 01:53:47"}
{"context":"{\"code\":200,\"x\":2.18}","level":"info","message":"🔍 [DEBUG] Evento 'x' recibido para bookmaker 3. Payload:","timestamp":"2025-11-10 01:53:47"}
{"context":"{\"code\":200,\"x\":2.2}","level":"info","message":"🔍 [DEBUG] Evento 'x' recibido para bookmaker 3. Payload:","timestamp":"2025-11-10 01:53:47"}
{"context":"{\"code\":200,\"x\":2.21}","level":"info","message":"🔍 [DEBUG] Evento 'x' recibido para bookmaker 3. Payload:","timestamp":"2025-11-10 01:53:47"}
{"context":"{\"code\":200,\"x\":2.23}","level":"info","message":"🔍 [DEBUG] Evento 'x' recibido para bookmaker 3. Payload:","timestamp":"2025-11-10 01:53:47"}
{"context":"{\"code\":200,\"x\":2.25}","level":"info","message":"🔍 [DEBUG] Evento 'x' recibido para bookmaker 3. Payload:","timestamp":"2025-11-10 01:53:47"}
{"context":"{\"code\":200,\"x\":2.27}","level":"info","message":"🔍 [DEBUG] Evento 'x' recibido para bookmaker 3. Payload:","timestamp":"2025-11-10 01:53:48"}
{"context":"{\"code\":200,\"x\":2.29}","level":"info","message":"🔍 [DEBUG] Evento 'x' recibido para bookmaker 3. Payload:","timestamp":"2025-11-10 01:53:48"}
{"context":"{\"code\":200,\"x\":2.31}","level":"info","message":"🔍 [DEBUG] Evento 'x' recibido para bookmaker 3. Payload:","timestamp":"2025-11-10 01:53:48"}
{"context":"{\"code\":200,\"x\":2.33}","level":"info","message":"🔍 [DEBUG] Evento 'x' recibido para bookmaker 3. Payload:","timestamp":"2025-11-10 01:53:48"}
{"context":"{\"code\":200,\"x\":2.35}","level":"info","message":"🔍 [DEBUG] Evento 'x' recibido para bookmaker 3. Payload:","timestamp":"2025-11-10 01:53:48"}
{"context":"{\"code\":200,\"x\":2.37}","level":"info","message":"🔍 [DEBUG] Evento 'x' recibido para bookmaker 3. Payload:","timestamp":"2025-11-10 01:53:48"}
{"context":"{\"code\":200,\"x\":2.39}","level":"info","message":"🔍 [DEBUG] Evento 'x' recibido para bookmaker 3. Payload:","timestamp":"2025-11-10 01:53:48"}
{"context":"{\"code\":200,\"x\":2.41}","level":"info","message":"🔍 [DEBUG] Evento 'x' recibido para bookmaker 3. Payload:","timestamp":"2025-11-10 01:53:48"}
{"context":"{\"code\":200,\"x\":2.43}","level":"info","message":"🔍 [DEBUG] Evento 'x' recibido para bookmaker 3. Payload:","timestamp":"2025-11-10 01:53:48"}
{"context":"{\"code\":200,\"x\":2.45}","level":"info","message":"🔍 [DEBUG] Evento 'x' recibido para bookmaker 3. Payload:","timestamp":"2025-11-10 01:53:48"}
{"context":"{\"code\":200,\"x\":2.47}","level":"info","message":"🔍 [DEBUG] Evento 'x' recibido para bookmaker 3. Payload:","timestamp":"2025-11-10 01:53:49"}
{"context":"{\"code\":200,\"x\":2.49}","level":"info","message":"🔍 [DEBUG] Evento 'x' recibido para bookmaker 3. Payload:","timestamp":"2025-11-10 01:53:49"}
{"context":"{\"code\":200,\"x\":2.51}","level":"info","message":"🔍 [DEBUG] Evento 'x' recibido para bookmaker 3. Payload:","timestamp":"2025-11-10 01:53:49"}
{"context":"{\"code\":200,\"x\":2.53}","level":"info","message":"🔍 [DEBUG] Evento 'x' recibido para bookmaker 3. Payload:","timestamp":"2025-11-10 01:53:49"}
{"context":"{\"code\":200,\"x\":2.55}","level":"info","message":"🔍 [DEBUG] Evento 'x' recibido para bookmaker 3. Payload:","timestamp":"2025-11-10 01:53:49"}
{"context":"{\"code\":200,\"x\":2.57}","level":"info","message":"🔍 [DEBUG] Evento 'x' recibido para bookmaker 3. Payload:","timestamp":"2025-11-10 01:53:49"}
{"context":"{\"code\":200,\"x\":2.59}","level":"info","message":"🔍 [DEBUG] Evento 'x' recibido para bookmaker 3. Payload:","timestamp":"2025-11-10 01:53:49"}
{"context":"{\"code\":200,\"x\":2.61}","level":"info","message":"🔍 [DEBUG] Evento 'x' recibido para bookmaker 3. Payload:","timestamp":"2025-11-10 01:53:49"}
{"context":"{\"code\":200,\"x\":2.64}","level":"info","message":"🔍 [DEBUG] Evento 'x' recibido para bookmaker 3. Payload:","timestamp":"2025-11-10 01:53:49"}
{"context":"{\"code\":200,\"x\":2.66}","level":"info","message":"🔍 [DEBUG] Evento 'x' recibido para bookmaker 3. Payload:","timestamp":"2025-11-10 01:53:49"}
{"context":"{\"code\":200,\"x\":2.68}","level":"info","message":"🔍 [DEBUG] Evento 'x' recibido para bookmaker 3. Payload:","timestamp":"2025-11-10 01:53:50"}
{"context":"{\"code\":200,\"x\":2.7}","level":"info","message":"🔍 [DEBUG] Evento 'x' recibido para bookmaker 3. Payload:","timestamp":"2025-11-10 01:53:50"}
{"context":"{\"code\":200,\"x\":2.72}","level":"info","message":"🔍 [DEBUG] Evento 'x' recibido para bookmaker 3. Payload:","timestamp":"2025-11-10 01:53:50"}
{"context":"{\"code\":200,\"x\":2.75}","level":"info","message":"🔍 [DEBUG] Evento 'x' recibido para bookmaker 3. Payload:","timestamp":"2025-11-10 01:53:50"}
{"context":"{\"code\":200,\"x\":2.77}","level":"info","message":"🔍 [DEBUG] Evento 'x' recibido para bookmaker 3. Payload:","timestamp":"2025-11-10 01:53:50"}
{"context":"{\"code\":200,\"x\":2.79}","level":"info","message":"🔍 [DEBUG] Evento 'x' recibido para bookmaker 3. Payload:","timestamp":"2025-11-10 01:53:50"}
{"context":"{\"code\":200,\"x\":2.82}","level":"info","message":"🔍 [DEBUG] Evento 'x' recibido para bookmaker 3. Payload:","timestamp":"2025-11-10 01:53:50"}
{"context":"{\"code\":200,\"x\":2.84}","level":"info","message":"🔍 [DEBUG] Evento 'x' recibido para bookmaker 3. Payload:","timestamp":"2025-11-10 01:53:50"}
{"context":"{\"code\":200,\"x\":2.86}","level":"info","message":"🔍 [DEBUG] Evento 'x' recibido para bookmaker 3. Payload:","timestamp":"2025-11-10 01:53:50"}
{"context":"{\"code\":200,\"x\":2.89}","level":"info","message":"🔍 [DEBUG] Evento 'x' recibido para bookmaker 3. Payload:","timestamp":"2025-11-10 01:53:50"}
{"context":"{\"code\":200,\"x\":2.91}","level":"info","message":"🔍 [DEBUG] Evento 'x' recibido para bookmaker 3. Payload:","timestamp":"2025-11-10 01:53:51"}
{"context":"{\"code\":200,\"x\":2.94}","level":"info","message":"🔍 [DEBUG] Evento 'x' recibido para bookmaker 3. Payload:","timestamp":"2025-11-10 01:53:51"}
{"context":"{\"code\":200,\"x\":2.96}","level":"info","message":"🔍 [DEBUG] Evento 'x' recibido para bookmaker 3. Payload:","timestamp":"2025-11-10 01:53:51"}
{"context":"{\"code\":200,\"x\":2.99}","level":"info","message":"🔍 [DEBUG] Evento 'x' recibido para bookmaker 3. Payload:","timestamp":"2025-11-10 01:53:51"}
{"context":"{\"code\":200,\"x\":3.01}","level":"info","message":"🔍 [DEBUG] Evento 'x' recibido para bookmaker 3. Payload:","timestamp":"2025-11-10 01:53:51"}
{"context":"{\"code\":200,\"x\":3.04}","level":"info","message":"🔍 [DEBUG] Evento 'x' recibido para bookmaker 3. Payload:","timestamp":"2025-11-10 01:53:51"}
{"context":"{\"code\":200,\"x\":3.06}","level":"info","message":"🔍 [DEBUG] Evento 'x' recibido para bookmaker 3. Payload:","timestamp":"2025-11-10 01:53:51"}
{"context":"{\"code\":200,\"x\":3.09}","level":"info","message":"🔍 [DEBUG] Evento 'x' recibido para bookmaker 3. Payload:","timestamp":"2025-11-10 01:53:51"}
{"context":"{\"code\":200,\"x\":3.11}","level":"info","message":"🔍 [DEBUG] Evento 'x' recibido para bookmaker 3. Payload:","timestamp":"2025-11-10 01:53:51"}
{"context":"{\"code\":200,\"x\":3.14}","level":"info","message":"🔍 [DEBUG] Evento 'x' recibido para bookmaker 3. Payload:","timestamp":"2025-11-10 01:53:51"}
{"context":"{\"code\":200,\"x\":3.16}","level":"info","message":"🔍 [DEBUG] Evento 'x' recibido para bookmaker 3. Payload:","timestamp":"2025-11-10 01:53:52"}
{"context":"{\"code\":200,\"x\":3.19}","level":"info","message":"🔍 [DEBUG] Evento 'x' recibido para bookmaker 3. Payload:","timestamp":"2025-11-10 01:53:52"}
{"context":"{\"code\":200,\"x\":3.22}","level":"info","message":"🔍 [DEBUG] Evento 'x' recibido para bookmaker 3. Payload:","timestamp":"2025-11-10 01:53:52"}
{"context":"{\"code\":200,\"x\":3.24}","level":"info","message":"🔍 [DEBUG] Evento 'x' recibido para bookmaker 3. Payload:","timestamp":"2025-11-10 01:53:52"}
{"context":"{\"code\":200,\"x\":3.27}","level":"info","message":"🔍 [DEBUG] Evento 'x' recibido para bookmaker 3. Payload:","timestamp":"2025-11-10 01:53:52"}
{"context":"{\"code\":200,\"x\":3.3}","level":"info","message":"🔍 [DEBUG] Evento 'x' recibido para bookmaker 3. Payload:","timestamp":"2025-11-10 01:53:52"}
{"context":"{\"code\":200,\"x\":3.33}","level":"info","message":"🔍 [DEBUG] Evento 'x' recibido para bookmaker 3. Payload:","timestamp":"2025-11-10 01:53:52"}
{"context":"{\"code\":200,\"x\":3.35}","level":"info","message":"🔍 [DEBUG] Evento 'x' recibido para bookmaker 3. Payload:","timestamp":"2025-11-10 01:53:52"}
{"context":"{\"code\":200,\"x\":3.38}","level":"info","message":"🔍 [DEBUG] Evento 'x' recibido para bookmaker 3. Payload:","timestamp":"2025-11-10 01:53:52"}
{"context":"{\"code\":200,\"x\":3.41}","level":"info","message":"🔍 [DEBUG] Evento 'x' recibido para bookmaker 3. Payload:","timestamp":"2025-11-10 01:53:52"}
{"context":"{\"code\":200,\"x\":3.44}","level":"info","message":"🔍 [DEBUG] Evento 'x' recibido para bookmaker 3. Payload:","timestamp":"2025-11-10 01:53:53"}
{"context":"{\"code\":200,\"x\":3.47}","level":"info","message":"🔍 [DEBUG] Evento 'x' recibido para bookmaker 3. Payload:","timestamp":"2025-11-10 01:53:53"}
{"context":"{\"code\":200,\"x\":3.5}","level":"info","message":"🔍 [DEBUG] Evento 'x' recibido para bookmaker 3. Payload:","timestamp":"2025-11-10 01:53:53"}
{"context":"{\"code\":200,\"x\":3.53}","level":"info","message":"🔍 [DEBUG] Evento 'x' recibido para bookmaker 3. Payload:","timestamp":"2025-11-10 01:53:53"}
{"context":"{\"code\":200,\"x\":3.56}","level":"info","message":"🔍 [DEBUG] Evento 'x' recibido para bookmaker 3. Payload:","timestamp":"2025-11-10 01:53:53"}
{"context":"{\"code\":200,\"x\":3.59}","level":"info","message":"🔍 [DEBUG] Evento 'x' recibido para bookmaker 3. Payload:","timestamp":"2025-11-10 01:53:53"}
{"level":"info","message":"📡 Emitiendo aviator_raw para bookmaker 3 (legacy)","timestamp":"2025-11-10 01:53:53"}
{"context":"{\"code\":200,\"x\":3.62}","level":"info","message":"🔍 [DEBUG] Evento 'x' recibido para bookmaker 3. Payload:","timestamp":"2025-11-10 01:53:53"}
{"context":"{\"code\":200,\"x\":3.65}","level":"info","message":"🔍 [DEBUG] Evento 'x' recibido para bookmaker 3. Payload:","timestamp":"2025-11-10 01:53:53"}
{"context":"{\"code\":200,\"x\":3.68}","level":"info","message":"🔍 [DEBUG] Evento 'x' recibido para bookmaker 3. Payload:","timestamp":"2025-11-10 01:53:53"}
{"context":"{\"code\":200,\"x\":3.71}","level":"info","message":"🔍 [DEBUG] Evento 'x' recibido para bookmaker 3. Payload:","timestamp":"2025-11-10 01:53:53"}
{"context":"{\"code\":200,\"x\":3.74}","level":"info","message":"🔍 [DEBUG] Evento 'x' recibido para bookmaker 3. Payload:","timestamp":"2025-11-10 01:53:54"}
{"context":"{\"code\":200,\"x\":3.77}","level":"info","message":"🔍 [DEBUG] Evento 'x' recibido para bookmaker 3. Payload:","timestamp":"2025-11-10 01:53:54"}
{"context":"{\"code\":200,\"x\":3.8}","level":"info","message":"🔍 [DEBUG] Evento 'x' recibido para bookmaker 3. Payload:","timestamp":"2025-11-10 01:53:54"}
{"context":"{\"code\":200,\"x\":3.83}","level":"info","message":"🔍 [DEBUG] Evento 'x' recibido para bookmaker 3. Payload:","timestamp":"2025-11-10 01:53:54"}
{"context":"{\"code\":200,\"x\":3.86}","level":"info","message":"🔍 [DEBUG] Evento 'x' recibido para bookmaker 3. Payload:","timestamp":"2025-11-10 01:53:54"}
{"context":"{\"code\":200,\"x\":3.9}","level":"info","message":"🔍 [DEBUG] Evento 'x' recibido para bookmaker 3. Payload:","timestamp":"2025-11-10 01:53:54"}
{"context":"{\"code\":200,\"x\":3.93}","level":"info","message":"🔍 [DEBUG] Evento 'x' recibido para bookmaker 3. Payload:","timestamp":"2025-11-10 01:53:54"}
{"context":"{\"code\":200,\"x\":3.96}","level":"info","message":"🔍 [DEBUG] Evento 'x' recibido para bookmaker 3. Payload:","timestamp":"2025-11-10 01:53:54"}
{"context":"{\"code\":200,\"x\":3.99}","level":"info","message":"🔍 [DEBUG] Evento 'x' recibido para bookmaker 3. Payload:","timestamp":"2025-11-10 01:53:54"}
{"context":"{\"code\":200,\"x\":4.03}","level":"info","message":"🔍 [DEBUG] Evento 'x' recibido para bookmaker 3. Payload:","timestamp":"2025-11-10 01:53:54"}
{"context":"{\"code\":200,\"x\":4.06}","level":"info","message":"🔍 [DEBUG] Evento 'x' recibido para bookmaker 3. Payload:","timestamp":"2025-11-10 01:53:55"}
{"context":"{\"code\":200,\"x\":4.1}","level":"info","message":"🔍 [DEBUG] Evento 'x' recibido para bookmaker 3. Payload:","timestamp":"2025-11-10 01:53:55"}
{"context":"{\"code\":200,\"x\":4.13}","level":"info","message":"🔍 [DEBUG] Evento 'x' recibido para bookmaker 3. Payload:","timestamp":"2025-11-10 01:53:55"}
{"context":"{\"code\":200,\"x\":4.16}","level":"info","message":"🔍 [DEBUG] Evento 'x' recibido para bookmaker 3. Payload:","timestamp":"2025-11-10 01:53:55"}
{"context":"{\"code\":200,\"x\":4.2}","level":"info","message":"🔍 [DEBUG] Evento 'x' recibido para bookmaker 3. Payload:","timestamp":"2025-11-10 01:53:55"}
{"context":"{\"code\":200,\"x\":4.23}","level":"info","message":"🔍 [DEBUG] Evento 'x' recibido para bookmaker 3. Payload:","timestamp":"2025-11-10 01:53:55"}
{"context":"{\"code\":200,\"x\":4.27}","level":"info","message":"🔍 [DEBUG] Evento 'x' recibido para bookmaker 3. Payload:","timestamp":"2025-11-10 01:53:55"}
{"context":"{\"code\":200,\"x\":4.3}","level":"info","message":"🔍 [DEBUG] Evento 'x' recibido para bookmaker 3. Payload:","timestamp":"2025-11-10 01:53:55"}
{"context":"{\"code\":200,\"x\":4.34}","level":"info","message":"🔍 [DEBUG] Evento 'x' recibido para bookmaker 3. Payload:","timestamp":"2025-11-10 01:53:55"}
{"context":"{\"code\":200,\"x\":4.38}","level":"info","message":"🔍 [DEBUG] Evento 'x' recibido para bookmaker 3. Payload:","timestamp":"2025-11-10 01:53:55"}
{"context":"{\"code\":200,\"x\":4.41}","level":"info","message":"🔍 [DEBUG] Evento 'x' recibido para bookmaker 3. Payload:","timestamp":"2025-11-10 01:53:56"}
{"context":"{\"code\":200,\"x\":4.45}","level":"info","message":"🔍 [DEBUG] Evento 'x' recibido para bookmaker 3. Payload:","timestamp":"2025-11-10 01:53:56"}
{"context":"{\"code\":200,\"x\":4.49}","level":"info","message":"🔍 [DEBUG] Evento 'x' recibido para bookmaker 3. Payload:","timestamp":"2025-11-10 01:53:56"}
{"context":"{\"code\":200,\"x\":4.52}","level":"info","message":"🔍 [DEBUG] Evento 'x' recibido para bookmaker 3. Payload:","timestamp":"2025-11-10 01:53:56"}
{"context":"{\"code\":200,\"x\":4.56}","level":"info","message":"🔍 [DEBUG] Evento 'x' recibido para bookmaker 3. Payload:","timestamp":"2025-11-10 01:53:56"}
{"context":"{\"code\":200,\"x\":4.6}","level":"info","message":"🔍 [DEBUG] Evento 'x' recibido para bookmaker 3. Payload:","timestamp":"2025-11-10 01:53:56"}
{"context":"{\"code\":200,\"x\":4.64}","level":"info","message":"🔍 [DEBUG] Evento 'x' recibido para bookmaker 3. Payload:","timestamp":"2025-11-10 01:53:56"}
{"context":"{\"code\":200,\"x\":4.68}","level":"info","message":"🔍 [DEBUG] Evento 'x' recibido para bookmaker 3. Payload:","timestamp":"2025-11-10 01:53:56"}
{"context":"{\"code\":200,\"x\":4.72}","level":"info","message":"🔍 [DEBUG] Evento 'x' recibido para bookmaker 3. Payload:","timestamp":"2025-11-10 01:53:56"}
{"context":"{\"code\":200,\"x\":4.76}","level":"info","message":"🔍 [DEBUG] Evento 'x' recibido para bookmaker 3. Payload:","timestamp":"2025-11-10 01:53:56"}
{"context":"{\"code\":200,\"x\":4.8}","level":"info","message":"🔍 [DEBUG] Evento 'x' recibido para bookmaker 3. Payload:","timestamp":"2025-11-10 01:53:57"}
{"context":"{\"code\":200,\"x\":4.84}","level":"info","message":"🔍 [DEBUG] Evento 'x' recibido para bookmaker 3. Payload:","timestamp":"2025-11-10 01:53:57"}
{"context":"{\"code\":200,\"x\":4.88}","level":"info","message":"🔍 [DEBUG] Evento 'x' recibido para bookmaker 3. Payload:","timestamp":"2025-11-10 01:53:57"}
{"context":"{\"code\":200,\"x\":4.92}","level":"info","message":"🔍 [DEBUG] Evento 'x' recibido para bookmaker 3. Payload:","timestamp":"2025-11-10 01:53:57"}
{"context":"{\"code\":200,\"x\":4.96}","level":"info","message":"🔍 [DEBUG] Evento 'x' recibido para bookmaker 3. Payload:","timestamp":"2025-11-10 01:53:57"}
{"context":"{\"code\":200,\"x\":5}","level":"info","message":"🔍 [DEBUG] Evento 'x' recibido para bookmaker 3. Payload:","timestamp":"2025-11-10 01:53:57"}
{"context":"{\"code\":200,\"x\":5.04}","level":"info","message":"🔍 [DEBUG] Evento 'x' recibido para bookmaker 3. Payload:","timestamp":"2025-11-10 01:53:57"}
{"context":"{\"code\":200,\"x\":5.08}","level":"info","message":"🔍 [DEBUG] Evento 'x' recibido para bookmaker 3. Payload:","timestamp":"2025-11-10 01:53:57"}
{"context":"{\"code\":200,\"x\":5.12}","level":"info","message":"🔍 [DEBUG] Evento 'x' recibido para bookmaker 3. Payload:","timestamp":"2025-11-10 01:53:57"}
{"context":"{\"code\":200,\"x\":5.17}","level":"info","message":"🔍 [DEBUG] Evento 'x' recibido para bookmaker 3. Payload:","timestamp":"2025-11-10 01:53:57"}
{"context":"{\"code\":200,\"x\":5.21}","level":"info","message":"🔍 [DEBUG] Evento 'x' recibido para bookmaker 3. Payload:","timestamp":"2025-11-10 01:53:58"}
{"context":"{\"code\":200,\"x\":5.25}","level":"info","message":"🔍 [DEBUG] Evento 'x' recibido para bookmaker 3. Payload:","timestamp":"2025-11-10 01:53:58"}
{"context":"{\"code\":200,\"x\":5.3}","level":"info","message":"🔍 [DEBUG] Evento 'x' recibido para bookmaker 3. Payload:","timestamp":"2025-11-10 01:53:58"}
{"context":"{\"code\":200,\"x\":5.34}","level":"info","message":"🔍 [DEBUG] Evento 'x' recibido para bookmaker 3. Payload:","timestamp":"2025-11-10 01:53:58"}
{"context":"{\"code\":200,\"x\":5.39}","level":"info","message":"🔍 [DEBUG] Evento 'x' recibido para bookmaker 3. Payload:","timestamp":"2025-11-10 01:53:58"}
{"context":"{\"code\":200,\"x\":5.43}","level":"info","message":"🔍 [DEBUG] Evento 'x' recibido para bookmaker 3. Payload:","timestamp":"2025-11-10 01:53:58"}
{"context":"{\"code\":200,\"x\":5.48}","level":"info","message":"🔍 [DEBUG] Evento 'x' recibido para bookmaker 3. Payload:","timestamp":"2025-11-10 01:53:58"}
{"context":"{\"code\":200,\"x\":5.52}","level":"info","message":"🔍 [DEBUG] Evento 'x' recibido para bookmaker 3. Payload:","timestamp":"2025-11-10 01:53:58"}
{"context":"{\"code\":200,\"x\":5.57}","level":"info","message":"🔍 [DEBUG] Evento 'x' recibido para bookmaker 3. Payload:","timestamp":"2025-11-10 01:53:58"}
{"context":"{\"code\":200,\"x\":5.62}","level":"info","message":"🔍 [DEBUG] Evento 'x' recibido para bookmaker 3. Payload:","timestamp":"2025-11-10 01:53:58"}
{"context":"{\"code\":200,\"x\":5.66}","level":"info","message":"🔍 [DEBUG] Evento 'x' recibido para bookmaker 3. Payload:","timestamp":"2025-11-10 01:53:59"}
{"context":"{\"code\":200,\"x\":5.71}","level":"info","message":"🔍 [DEBUG] Evento 'x' recibido para bookmaker 3. Payload:","timestamp":"2025-11-10 01:53:59"}
{"context":"{\"code\":200,\"x\":5.76}","level":"info","message":"🔍 [DEBUG] Evento 'x' recibido para bookmaker 3. Payload:","timestamp":"2025-11-10 01:53:59"}
{"context":"{\"code\":200,\"x\":5.81}","level":"info","message":"🔍 [DEBUG] Evento 'x' recibido para bookmaker 3. Payload:","timestamp":"2025-11-10 01:53:59"}
{"context":"{\"code\":200,\"x\":5.85}","level":"info","message":"🔍 [DEBUG] Evento 'x' recibido para bookmaker 3. Payload:","timestamp":"2025-11-10 01:53:59"}
{"context":"{\"code\":200,\"x\":5.9}","level":"info","message":"🔍 [DEBUG] Evento 'x' recibido para bookmaker 3. Payload:","timestamp":"2025-11-10 01:53:59"}
{"context":"{\"code\":200,\"x\":5.95}","level":"info","message":"🔍 [DEBUG] Evento 'x' recibido para bookmaker 3. Payload:","timestamp":"2025-11-10 01:53:59"}
{"context":"{\"code\":200,\"x\":6}","level":"info","message":"🔍 [DEBUG] Evento 'x' recibido para bookmaker 3. Payload:","timestamp":"2025-11-10 01:53:59"}
{"context":"{\"code\":200,\"x\":6.05}","level":"info","message":"🔍 [DEBUG] Evento 'x' recibido para bookmaker 3. Payload:","timestamp":"2025-11-10 01:53:59"}
{"context":"{\"code\":200,\"x\":6.1}","level":"info","message":"🔍 [DEBUG] Evento 'x' recibido para bookmaker 3. Payload:","timestamp":"2025-11-10 01:53:59"}
{"context":"{\"code\":200,\"x\":6.15}","level":"info","message":"🔍 [DEBUG] Evento 'x' recibido para bookmaker 3. Payload:","timestamp":"2025-11-10 01:54:00"}
{"context":"{\"code\":200,\"x\":6.2}","level":"info","message":"🔍 [DEBUG] Evento 'x' recibido para bookmaker 3. Payload:","timestamp":"2025-11-10 01:54:00"}
{"context":"{\"code\":200,\"x\":6.26}","level":"info","message":"🔍 [DEBUG] Evento 'x' recibido para bookmaker 3. Payload:","timestamp":"2025-11-10 01:54:00"}
{"context":"{\"code\":200,\"x\":6.31}","level":"info","message":"🔍 [DEBUG] Evento 'x' recibido para bookmaker 3. Payload:","timestamp":"2025-11-10 01:54:00"}
{"context":"{\"code\":200,\"x\":6.36}","level":"info","message":"🔍 [DEBUG] Evento 'x' recibido para bookmaker 3. Payload:","timestamp":"2025-11-10 01:54:00"}
{"context":"{\"code\":200,\"x\":6.41}","level":"info","message":"🔍 [DEBUG] Evento 'x' recibido para bookmaker 3. Payload:","timestamp":"2025-11-10 01:54:00"}
{"context":"{\"code\":200,\"x\":6.47}","level":"info","message":"🔍 [DEBUG] Evento 'x' recibido para bookmaker 3. Payload:","timestamp":"2025-11-10 01:54:00"}
{"context":"{\"code\":200,\"crashX\":6.49,\"x\":6.49}","level":"info","message":"🔍 [DEBUG] Evento 'x' recibido para bookmaker 3. Payload:","timestamp":"2025-11-10 01:54:00"}
{"level":"info","message":"🎯 CRASH detectado para bookmaker 3: 6.49x - Round: null","timestamp":"2025-11-10 01:54:00"}
{"level":"info","message":"📊 Datos de la ronda: Apuestas=0, Total=0, Jugadores=0, Cashout=14625653.7","timestamp":"2025-11-10 01:54:00"}
{"level":"info","message":"Saving round data for 888starz: Crash at 6.49x","timestamp":"2025-11-10 01:54:01"}
{"level":"info","message":"✅ Round data saved successfully for 888starz - Round 5392523","timestamp":"2025-11-10 01:54:01"}
{"level":"info","message":"🔄 Obteniendo historial actualizado para bookmaker 3...","timestamp":"2025-11-10 01:54:01"}
{"level":"info","message":"📊 Historial obtenido: 100 rondas","timestamp":"2025-11-10 01:54:01"}
{"level":"info","message":"🎯 Primera ronda: 5390717 - 1.64x","timestamp":"2025-11-10 01:54:01"}
{"level":"info","message":"📡 Emitiendo al room: bookmaker:3","timestamp":"2025-11-10 01:54:01"}
{"level":"info","message":"✅ Historial actualizado emitido para bookmaker 3 - 100 rondas","timestamp":"2025-11-10 01:54:01"}
{"level":"info","message":"💰 Apuestas actualizadas - Round: null, Apuestas: 459, Total: $4089616.2000000007, Jugadores: 35","timestamp":"2025-11-10 01:54:05"}
{"level":"info","message":"💰 Apuestas actualizadas - Round: null, Apuestas: 553, Total: $4506606.92, Jugadores: 35","timestamp":"2025-11-10 01:54:05"}
{"level":"info","message":"💰 Apuestas actualizadas - Round: null, Apuestas: 611, Total: $4716945.989999999, Jugadores: 34","timestamp":"2025-11-10 01:54:06"}
{"level":"info","message":"💰 Apuestas actualizadas - Round: null, Apuestas: 676, Total: $4859569.010000001, Jugadores: 37","timestamp":"2025-11-10 01:54:06"}
{"level":"info","message":"💰 Apuestas actualizadas - Round: null, Apuestas: 758, Total: $5131583.739999999, Jugadores: 35","timestamp":"2025-11-10 01:54:06"}
{"level":"info","message":"💰 Apuestas actualizadas - Round: null, Apuestas: 827, Total: $5178695.289999999, Jugadores: 35","timestamp":"2025-11-10 01:54:07"}
{"level":"info","message":"Cliente desconectado: 8p4f4DeriWvxn3cmAAAB","timestamp":"2025-11-10 01:54:07"}
{"level":"info","message":"Cliente 8p4f4DeriWvxn3cmAAAB saliendo de todas las salas de bookmaker:3","timestamp":"2025-11-10 01:54:07"}
{"level":"info","message":"Limpieza completada para cliente 8p4f4DeriWvxn3cmAAAB","timestamp":"2025-11-10 01:54:07"}
{"level":"info","message":"💰 Apuestas actualizadas - Round: null, Apuestas: 886, Total: $5457150.019999997, Jugadores: 37","timestamp":"2025-11-10 01:54:07"}
{"level":"info","message":"💰 Apuestas actualizadas - Round: null, Apuestas: 959, Total: $5570768.349999998, Jugadores: 35","timestamp":"2025-11-10 01:54:07"}
{"level":"info","message":"💰 Apuestas actualizadas - Round: null, Apuestas: 1040, Total: $5716173.369999997, Jugadores: 36","timestamp":"2025-11-10 01:54:08"}
{"level":"info","message":"💰 Apuestas actualizadas - Round: null, Apuestas: 1104, Total: $6320914.579999999, Jugadores: 35","timestamp":"2025-11-10 01:54:08"}
{"level":"info","message":"💰 Apuestas actualizadas - Round: null, Apuestas: 1180, Total: $6327743.63, Jugadores: 35","timestamp":"2025-11-10 01:54:08"}
{"level":"info","message":"💰 Apuestas actualizadas - Round: null, Apuestas: 1243, Total: $6378371.7299999995, Jugadores: 35","timestamp":"2025-11-10 01:54:09"}
{"level":"info","message":"💰 Apuestas actualizadas - Round: null, Apuestas: 1311, Total: $6378371.7299999995, Jugadores: 35","timestamp":"2025-11-10 01:54:09"}
{"level":"info","message":"💰 Apuestas actualizadas - Round: null, Apuestas: 1364, Total: $6403508.469999999, Jugadores: 35","timestamp":"2025-11-10 01:54:09"}
{"level":"info","message":"💰 Apuestas actualizadas - Round: null, Apuestas: 1409, Total: $6403508.469999999, Jugadores: 35","timestamp":"2025-11-10 01:54:09"}
{"context":"{\"code\":200,\"x\":1}","level":"info","message":"🔍 [DEBUG] Evento 'x' recibido para bookmaker 3. Payload:","timestamp":"2025-11-10 01:54:10"}
{"context":"{\"code\":200,\"x\":1.01}","level":"info","message":"🔍 [DEBUG] Evento 'x' recibido para bookmaker 3. Payload:","timestamp":"2025-11-10 01:54:10"}
{"context":"{\"code\":200,\"x\":1.02}","level":"info","message":"🔍 [DEBUG] Evento 'x' recibido para bookmaker 3. Payload:","timestamp":"2025-11-10 01:54:10"}
{"context":"{\"code\":200,\"x\":1.03}","level":"info","message":"🔍 [DEBUG] Evento 'x' recibido para bookmaker 3. Payload:","timestamp":"2025-11-10 01:54:10"}
{"context":"{\"code\":200,\"x\":1.04}","level":"info","message":"🔍 [DEBUG] Evento 'x' recibido para bookmaker 3. Payload:","timestamp":"2025-11-10 01:54:10"}
{"context":"{\"code\":200,\"x\":1.05}","level":"info","message":"🔍 [DEBUG] Evento 'x' recibido para bookmaker 3. Payload:","timestamp":"2025-11-10 01:54:10"}
{"context":"{\"code\":200,\"x\":1.05}","level":"info","message":"🔍 [DEBUG] Evento 'x' recibido para bookmaker 3. Payload:","timestamp":"2025-11-10 01:54:10"}
{"context":"{\"code\":200,\"x\":1.06}","level":"info","message":"🔍 [DEBUG] Evento 'x' recibido para bookmaker 3. Payload:","timestamp":"2025-11-10 01:54:10"}
{"context":"{\"code\":200,\"x\":1.07}","level":"info","message":"🔍 [DEBUG] Evento 'x' recibido para bookmaker 3. Payload:","timestamp":"2025-11-10 01:54:11"}
{"context":"{\"code\":200,\"x\":1.08}","level":"info","message":"🔍 [DEBUG] Evento 'x' recibido para bookmaker 3. Payload:","timestamp":"2025-11-10 01:54:11"}
{"context":"{\"code\":200,\"x\":1.09}","level":"info","message":"🔍 [DEBUG] Evento 'x' recibido para bookmaker 3. Payload:","timestamp":"2025-11-10 01:54:11"}
{"context":"{\"code\":200,\"x\":1.1}","level":"info","message":"🔍 [DEBUG] Evento 'x' recibido para bookmaker 3. Payload:","timestamp":"2025-11-10 01:54:11"}
{"context":"{\"code\":200,\"x\":1.11}","level":"info","message":"🔍 [DEBUG] Evento 'x' recibido para bookmaker 3. Payload:","timestamp":"2025-11-10 01:54:11"}
{"context":"{\"code\":200,\"x\":1.12}","level":"info","message":"🔍 [DEBUG] Evento 'x' recibido para bookmaker 3. Payload:","timestamp":"2025-11-10 01:54:11"}
{"context":"{\"code\":200,\"x\":1.13}","level":"info","message":"🔍 [DEBUG] Evento 'x' recibido para bookmaker 3. Payload:","timestamp":"2025-11-10 01:54:11"}
{"context":"{\"code\":200,\"x\":1.14}","level":"info","message":"🔍 [DEBUG] Evento 'x' recibido para bookmaker 3. Payload:","timestamp":"2025-11-10 01:54:11"}
{"context":"{\"code\":200,\"x\":1.15}","level":"info","message":"🔍 [DEBUG] Evento 'x' recibido para bookmaker 3. Payload:","timestamp":"2025-11-10 01:54:11"}
{"context":"{\"code\":200,\"x\":1.16}","level":"info","message":"🔍 [DEBUG] Evento 'x' recibido para bookmaker 3. Payload:","timestamp":"2025-11-10 01:54:11"}
{"context":"{\"code\":200,\"x\":1.17}","level":"info","message":"🔍 [DEBUG] Evento 'x' recibido para bookmaker 3. Payload:","timestamp":"2025-11-10 01:54:12"}
{"context":"{\"code\":200,\"x\":1.18}","level":"info","message":"🔍 [DEBUG] Evento 'x' recibido para bookmaker 3. Payload:","timestamp":"2025-11-10 01:54:12"}
{"context":"{\"code\":200,\"x\":1.19}","level":"info","message":"🔍 [DEBUG] Evento 'x' recibido para bookmaker 3. Payload:","timestamp":"2025-11-10 01:54:12"}
{"context":"{\"code\":200,\"x\":1.2}","level":"info","message":"🔍 [DEBUG] Evento 'x' recibido para bookmaker 3. Payload:","timestamp":"2025-11-10 01:54:12"}
{"level":"info","message":"Cliente conectado: B8EFqBUGBnIAxggdAAAD","timestamp":"2025-11-10 01:54:12"}
{"level":"info","message":"Cliente B8EFqBUGBnIAxggdAAAD unido a bookmaker:1","timestamp":"2025-11-10 01:54:12"}
{"context":"{\"code\":200,\"x\":1.21}","level":"info","message":"🔍 [DEBUG] Evento 'x' recibido para bookmaker 3. Payload:","timestamp":"2025-11-10 01:54:12"}
{"context":"{\"code\":200,\"x\":1.22}","level":"info","message":"🔍 [DEBUG] Evento 'x' recibido para bookmaker 3. Payload:","timestamp":"2025-11-10 01:54:12"}
{"level":"info","message":"📤 Historial enviado al cliente B8EFqBUGBnIAxggdAAAD: 100 rondas","timestamp":"2025-11-10 01:54:12"}
{"level":"info","message":"Cliente B8EFqBUGBnIAxggdAAAD unido exitosamente a la sala bookmaker:1","timestamp":"2025-11-10 01:54:12"}
{"context":"{\"code\":200,\"x\":1.23}","level":"info","message":"🔍 [DEBUG] Evento 'x' recibido para bookmaker 3. Payload:","timestamp":"2025-11-10 01:54:12"}
{"context":"{\"code\":200,\"x\":1.24}","level":"info","message":"🔍 [DEBUG] Evento 'x' recibido para bookmaker 3. Payload:","timestamp":"2025-11-10 01:54:12"}
{"context":"{\"code\":200,\"x\":1.25}","level":"info","message":"🔍 [DEBUG] Evento 'x' recibido para bookmaker 3. Payload:","timestamp":"2025-11-10 01:54:12"}
{"context":"{\"code\":200,\"x\":1.26}","level":"info","message":"🔍 [DEBUG] Evento 'x' recibido para bookmaker 3. Payload:","timestamp":"2025-11-10 01:54:12"}
{"context":"{\"code\":200,\"x\":1.27}","level":"info","message":"🔍 [DEBUG] Evento 'x' recibido para bookmaker 3. Payload:","timestamp":"2025-11-10 01:54:13"}
{"context":"{\"code\":200,\"x\":1.28}","level":"info","message":"🔍 [DEBUG] Evento 'x' recibido para bookmaker 3. Payload:","timestamp":"2025-11-10 01:54:13"}
{"context":"{\"code\":200,\"x\":1.29}","level":"info","message":"🔍 [DEBUG] Evento 'x' recibido para bookmaker 3. Payload:","timestamp":"2025-11-10 01:54:13"}
{"context":"{\"code\":200,\"x\":1.3}","level":"info","message":"🔍 [DEBUG] Evento 'x' recibido para bookmaker 3. Payload:","timestamp":"2025-11-10 01:54:13"}
{"context":"{\"code\":200,\"x\":1.31}","level":"info","message":"🔍 [DEBUG] Evento 'x' recibido para bookmaker 3. Payload:","timestamp":"2025-11-10 01:54:13"}
{"context":"{\"code\":200,\"x\":1.32}","level":"info","message":"🔍 [DEBUG] Evento 'x' recibido para bookmaker 3. Payload:","timestamp":"2025-11-10 01:54:13"}
{"context":"{\"code\":200,\"x\":1.33}","level":"info","message":"🔍 [DEBUG] Evento 'x' recibido para bookmaker 3. Payload:","timestamp":"2025-11-10 01:54:13"}
{"context":"{\"code\":200,\"x\":1.34}","level":"info","message":"🔍 [DEBUG] Evento 'x' recibido para bookmaker 3. Payload:","timestamp":"2025-11-10 01:54:13"}
{"context":"{\"code\":200,\"x\":1.35}","level":"info","message":"🔍 [DEBUG] Evento 'x' recibido para bookmaker 3. Payload:","timestamp":"2025-11-10 01:54:13"}
{"context":"{\"code\":200,\"x\":1.37}","level":"info","message":"🔍 [DEBUG] Evento 'x' recibido para bookmaker 3. Payload:","timestamp":"2025-11-10 01:54:13"}
{"context":"{\"code\":200,\"x\":1.38}","level":"info","message":"🔍 [DEBUG] Evento 'x' recibido para bookmaker 3. Payload:","timestamp":"2025-11-10 01:54:14"}
{"context":"{\"code\":200,\"x\":1.39}","level":"info","message":"🔍 [DEBUG] Evento 'x' recibido para bookmaker 3. Payload:","timestamp":"2025-11-10 01:54:14"}
{"context":"{\"code\":200,\"x\":1.4}","level":"info","message":"🔍 [DEBUG] Evento 'x' recibido para bookmaker 3. Payload:","timestamp":"2025-11-10 01:54:14"}
{"context":"{\"code\":200,\"x\":1.41}","level":"info","message":"🔍 [DEBUG] Evento 'x' recibido para bookmaker 3. Payload:","timestamp":"2025-11-10 01:54:14"}
{"context":"{\"code\":200,\"x\":1.42}","level":"info","message":"🔍 [DEBUG] Evento 'x' recibido para bookmaker 3. Payload:","timestamp":"2025-11-10 01:54:14"}
{"context":"{\"code\":200,\"x\":1.44}","level":"info","message":"🔍 [DEBUG] Evento 'x' recibido para bookmaker 3. Payload:","timestamp":"2025-11-10 01:54:14"}
{"context":"{\"code\":200,\"x\":1.45}","level":"info","message":"🔍 [DEBUG] Evento 'x' recibido para bookmaker 3. Payload:","timestamp":"2025-11-10 01:54:14"}
{"context":"{\"code\":200,\"x\":1.46}","level":"info","message":"🔍 [DEBUG] Evento 'x' recibido para bookmaker 3. Payload:","timestamp":"2025-11-10 01:54:14"}
{"context":"{\"code\":200,\"x\":1.47}","level":"info","message":"🔍 [DEBUG] Evento 'x' recibido para bookmaker 3. Payload:","timestamp":"2025-11-10 01:54:14"}
{"context":"{\"code\":200,\"x\":1.48}","level":"info","message":"🔍 [DEBUG] Evento 'x' recibido para bookmaker 3. Payload:","timestamp":"2025-11-10 01:54:14"}
{"context":"{\"code\":200,\"x\":1.5}","level":"info","message":"🔍 [DEBUG] Evento 'x' recibido para bookmaker 3. Payload:","timestamp":"2025-11-10 01:54:15"}
{"context":"{\"code\":200,\"x\":1.51}","level":"info","message":"🔍 [DEBUG] Evento 'x' recibido para bookmaker 3. Payload:","timestamp":"2025-11-10 01:54:15"}
{"context":"{\"code\":200,\"x\":1.52}","level":"info","message":"🔍 [DEBUG] Evento 'x' recibido para bookmaker 3. Payload:","timestamp":"2025-11-10 01:54:15"}
{"context":"{\"code\":200,\"x\":1.53}","level":"info","message":"🔍 [DEBUG] Evento 'x' recibido para bookmaker 3. Payload:","timestamp":"2025-11-10 01:54:15"}
{"context":"{\"code\":200,\"x\":1.55}","level":"info","message":"🔍 [DEBUG] Evento 'x' recibido para bookmaker 3. Payload:","timestamp":"2025-11-10 01:54:15"}
{"context":"{\"code\":200,\"x\":1.56}","level":"info","message":"🔍 [DEBUG] Evento 'x' recibido para bookmaker 3. Payload:","timestamp":"2025-11-10 01:54:15"}
{"level":"info","message":"📡 Emitiendo aviator_raw para bookmaker 3 (legacy)","timestamp":"2025-11-10 01:54:15"}
{"context":"{\"code\":200,\"x\":1.57}","level":"info","message":"🔍 [DEBUG] Evento 'x' recibido para bookmaker 3. Payload:","timestamp":"2025-11-10 01:54:15"}
{"context":"{\"code\":200,\"x\":1.59}","level":"info","message":"🔍 [DEBUG] Evento 'x' recibido para bookmaker 3. Payload:","timestamp":"2025-11-10 01:54:15"}
{"context":"{\"code\":200,\"x\":1.6}","level":"info","message":"🔍 [DEBUG] Evento 'x' recibido para bookmaker 3. Payload:","timestamp":"2025-11-10 01:54:15"}
{"context":"{\"code\":200,\"x\":1.61}","level":"info","message":"🔍 [DEBUG] Evento 'x' recibido para bookmaker 3. Payload:","timestamp":"2025-11-10 01:54:15"}
{"context":"{\"code\":200,\"x\":1.63}","level":"info","message":"🔍 [DEBUG] Evento 'x' recibido para bookmaker 3. Payload:","timestamp":"2025-11-10 01:54:16"}
{"context":"{\"code\":200,\"x\":1.64}","level":"info","message":"🔍 [DEBUG] Evento 'x' recibido para bookmaker 3. Payload:","timestamp":"2025-11-10 01:54:16"}
{"context":"{\"code\":200,\"x\":1.65}","level":"info","message":"🔍 [DEBUG] Evento 'x' recibido para bookmaker 3. Payload:","timestamp":"2025-11-10 01:54:16"}
{"context":"{\"code\":200,\"x\":1.67}","level":"info","message":"🔍 [DEBUG] Evento 'x' recibido para bookmaker 3. Payload:","timestamp":"2025-11-10 01:54:16"}
{"context":"{\"code\":200,\"x\":1.68}","level":"info","message":"🔍 [DEBUG] Evento 'x' recibido para bookmaker 3. Payload:","timestamp":"2025-11-10 01:54:16"}
{"context":"{\"code\":200,\"x\":1.7}","level":"info","message":"🔍 [DEBUG] Evento 'x' recibido para bookmaker 3. Payload:","timestamp":"2025-11-10 01:54:16"}
{"context":"{\"code\":200,\"x\":1.71}","level":"info","message":"🔍 [DEBUG] Evento 'x' recibido para bookmaker 3. Payload:","timestamp":"2025-11-10 01:54:16"}
{"context":"{\"code\":200,\"x\":1.72}","level":"info","message":"🔍 [DEBUG] Evento 'x' recibido para bookmaker 3. Payload:","timestamp":"2025-11-10 01:54:16"}
{"context":"{\"code\":200,\"x\":1.74}","level":"info","message":"🔍 [DEBUG] Evento 'x' recibido para bookmaker 3. Payload:","timestamp":"2025-11-10 01:54:16"}
{"context":"{\"code\":200,\"x\":1.75}","level":"info","message":"🔍 [DEBUG] Evento 'x' recibido para bookmaker 3. Payload:","timestamp":"2025-11-10 01:54:16"}
{"context":"{\"code\":200,\"x\":1.77}","level":"info","message":"🔍 [DEBUG] Evento 'x' recibido para bookmaker 3. Payload:","timestamp":"2025-11-10 01:54:17"}
{"context":"{\"code\":200,\"x\":1.78}","level":"info","message":"🔍 [DEBUG] Evento 'x' recibido para bookmaker 3. Payload:","timestamp":"2025-11-10 01:54:17"}
{"context":"{\"code\":200,\"x\":1.8}","level":"info","message":"🔍 [DEBUG] Evento 'x' recibido para bookmaker 3. Payload:","timestamp":"2025-11-10 01:54:17"}
{"context":"{\"code\":200,\"x\":1.81}","level":"info","message":"🔍 [DEBUG] Evento 'x' recibido para bookmaker 3. Payload:","timestamp":"2025-11-10 01:54:17"}
{"context":"{\"code\":200,\"x\":1.83}","level":"info","message":"🔍 [DEBUG] Evento 'x' recibido para bookmaker 3. Payload:","timestamp":"2025-11-10 01:54:17"}
{"context":"{\"code\":200,\"x\":1.84}","level":"info","message":"🔍 [DEBUG] Evento 'x' recibido para bookmaker 3. Payload:","timestamp":"2025-11-10 01:54:17"}
{"context":"{\"code\":200,\"x\":1.86}","level":"info","message":"🔍 [DEBUG] Evento 'x' recibido para bookmaker 3. Payload:","timestamp":"2025-11-10 01:54:17"}
{"context":"{\"code\":200,\"x\":1.87}","level":"info","message":"🔍 [DEBUG] Evento 'x' recibido para bookmaker 3. Payload:","timestamp":"2025-11-10 01:54:17"}
{"context":"{\"code\":200,\"x\":1.89}","level":"info","message":"🔍 [DEBUG] Evento 'x' recibido para bookmaker 3. Payload:","timestamp":"2025-11-10 01:54:17"}
{"context":"{\"code\":200,\"x\":1.91}","level":"info","message":"🔍 [DEBUG] Evento 'x' recibido para bookmaker 3. Payload:","timestamp":"2025-11-10 01:54:17"}
{"context":"{\"code\":200,\"x\":1.92}","level":"info","message":"🔍 [DEBUG] Evento 'x' recibido para bookmaker 3. Payload:","timestamp":"2025-11-10 01:54:18"}
{"context":"{\"code\":200,\"x\":1.94}","level":"info","message":"🔍 [DEBUG] Evento 'x' recibido para bookmaker 3. Payload:","timestamp":"2025-11-10 01:54:18"}
{"context":"{\"code\":200,\"x\":1.95}","level":"info","message":"🔍 [DEBUG] Evento 'x' recibido para bookmaker 3. Payload:","timestamp":"2025-11-10 01:54:18"}
{"context":"{\"code\":200,\"x\":1.97}","level":"info","message":"🔍 [DEBUG] Evento 'x' recibido para bookmaker 3. Payload:","timestamp":"2025-11-10 01:54:18"}
{"context":"{\"code\":200,\"x\":1.99}","level":"info","message":"🔍 [DEBUG] Evento 'x' recibido para bookmaker 3. Payload:","timestamp":"2025-11-10 01:54:18"}
{"context":"{\"code\":200,\"x\":2}","level":"info","message":"🔍 [DEBUG] Evento 'x' recibido para bookmaker 3. Payload:","timestamp":"2025-11-10 01:54:18"}
{"context":"{\"code\":200,\"x\":2.02}","level":"info","message":"🔍 [DEBUG] Evento 'x' recibido para bookmaker 3. Payload:","timestamp":"2025-11-10 01:54:18"}
{"context":"{\"code\":200,\"x\":2.04}","level":"info","message":"🔍 [DEBUG] Evento 'x' recibido para bookmaker 3. Payload:","timestamp":"2025-11-10 01:54:18"}
{"context":"{\"code\":200,\"x\":2.05}","level":"info","message":"🔍 [DEBUG] Evento 'x' recibido para bookmaker 3. Payload:","timestamp":"2025-11-10 01:54:18"}
{"context":"{\"code\":200,\"x\":2.07}","level":"info","message":"🔍 [DEBUG] Evento 'x' recibido para bookmaker 3. Payload:","timestamp":"2025-11-10 01:54:18"}
{"context":"{\"code\":200,\"x\":2.09}","level":"info","message":"🔍 [DEBUG] Evento 'x' recibido para bookmaker 3. Payload:","timestamp":"2025-11-10 01:54:19"}
{"context":"{\"code\":200,\"x\":2.11}","level":"info","message":"🔍 [DEBUG] Evento 'x' recibido para bookmaker 3. Payload:","timestamp":"2025-11-10 01:54:19"}
{"context":"{\"code\":200,\"x\":2.12}","level":"info","message":"🔍 [DEBUG] Evento 'x' recibido para bookmaker 3. Payload:","timestamp":"2025-11-10 01:54:19"}
{"context":"{\"code\":200,\"x\":2.14}","level":"info","message":"🔍 [DEBUG] Evento 'x' recibido para bookmaker 3. Payload:","timestamp":"2025-11-10 01:54:19"}
{"context":"{\"code\":200,\"x\":2.16}","level":"info","message":"🔍 [DEBUG] Evento 'x' recibido para bookmaker 3. Payload:","timestamp":"2025-11-10 01:54:19"}
{"context":"{\"code\":200,\"x\":2.18}","level":"info","message":"🔍 [DEBUG] Evento 'x' recibido para bookmaker 3. Payload:","timestamp":"2025-11-10 01:54:19"}
{"context":"{\"code\":200,\"x\":2.2}","level":"info","message":"🔍 [DEBUG] Evento 'x' recibido para bookmaker 3. Payload:","timestamp":"2025-11-10 01:54:19"}
{"context":"{\"code\":200,\"x\":2.21}","level":"info","message":"🔍 [DEBUG] Evento 'x' recibido para bookmaker 3. Payload:","timestamp":"2025-11-10 01:54:19"}
{"context":"{\"code\":200,\"x\":2.23}","level":"info","message":"🔍 [DEBUG] Evento 'x' recibido para bookmaker 3. Payload:","timestamp":"2025-11-10 01:54:19"}
{"context":"{\"code\":200,\"x\":2.25}","level":"info","message":"🔍 [DEBUG] Evento 'x' recibido para bookmaker 3. Payload:","timestamp":"2025-11-10 01:54:19"}
{"context":"{\"code\":200,\"x\":2.27}","level":"info","message":"🔍 [DEBUG] Evento 'x' recibido para bookmaker 3. Payload:","timestamp":"2025-11-10 01:54:20"}
{"context":"{\"code\":200,\"x\":2.29}","level":"info","message":"🔍 [DEBUG] Evento 'x' recibido para bookmaker 3. Payload:","timestamp":"2025-11-10 01:54:20"}
{"context":"{\"code\":200,\"x\":2.31}","level":"info","message":"🔍 [DEBUG] Evento 'x' recibido para bookmaker 3. Payload:","timestamp":"2025-11-10 01:54:20"}
{"context":"{\"code\":200,\"x\":2.33}","level":"info","message":"🔍 [DEBUG] Evento 'x' recibido para bookmaker 3. Payload:","timestamp":"2025-11-10 01:54:20"}
{"context":"{\"code\":200,\"x\":2.35}","level":"info","message":"🔍 [DEBUG] Evento 'x' recibido para bookmaker 3. Payload:","timestamp":"2025-11-10 01:54:20"}
{"context":"{\"code\":200,\"x\":2.37}","level":"info","message":"🔍 [DEBUG] Evento 'x' recibido para bookmaker 3. Payload:","timestamp":"2025-11-10 01:54:20"}
{"context":"{\"code\":200,\"x\":2.39}","level":"info","message":"🔍 [DEBUG] Evento 'x' recibido para bookmaker 3. Payload:","timestamp":"2025-11-10 01:54:20"}
{"context":"{\"code\":200,\"x\":2.41}","level":"info","message":"🔍 [DEBUG] Evento 'x' recibido para bookmaker 3. Payload:","timestamp":"2025-11-10 01:54:20"}
{"context":"{\"code\":200,\"x\":2.43}","level":"info","message":"🔍 [DEBUG] Evento 'x' recibido para bookmaker 3. Payload:","timestamp":"2025-11-10 01:54:20"}
{"context":"{\"code\":200,\"x\":2.45}","level":"info","message":"🔍 [DEBUG] Evento 'x' recibido para bookmaker 3. Payload:","timestamp":"2025-11-10 01:54:20"}
{"context":"{\"code\":200,\"x\":2.47}","level":"info","message":"🔍 [DEBUG] Evento 'x' recibido para bookmaker 3. Payload:","timestamp":"2025-11-10 01:54:21"}
{"context":"{\"code\":200,\"x\":2.49}","level":"info","message":"🔍 [DEBUG] Evento 'x' recibido para bookmaker 3. Payload:","timestamp":"2025-11-10 01:54:21"}
{"context":"{\"code\":200,\"x\":2.51}","level":"info","message":"🔍 [DEBUG] Evento 'x' recibido para bookmaker 3. Payload:","timestamp":"2025-11-10 01:54:21"}
{"context":"{\"code\":200,\"x\":2.53}","level":"info","message":"🔍 [DEBUG] Evento 'x' recibido para bookmaker 3. Payload:","timestamp":"2025-11-10 01:54:21"}
{"context":"{\"code\":200,\"x\":2.55}","level":"info","message":"🔍 [DEBUG] Evento 'x' recibido para bookmaker 3. Payload:","timestamp":"2025-11-10 01:54:21"}
{"context":"{\"code\":200,\"x\":2.57}","level":"info","message":"🔍 [DEBUG] Evento 'x' recibido para bookmaker 3. Payload:","timestamp":"2025-11-10 01:54:21"}
{"context":"{\"code\":200,\"x\":2.59}","level":"info","message":"🔍 [DEBUG] Evento 'x' recibido para bookmaker 3. Payload:","timestamp":"2025-11-10 01:54:21"}
{"context":"{\"code\":200,\"x\":2.61}","level":"info","message":"🔍 [DEBUG] Evento 'x' recibido para bookmaker 3. Payload:","timestamp":"2025-11-10 01:54:21"}
{"context":"{\"code\":200,\"x\":2.64}","level":"info","message":"🔍 [DEBUG] Evento 'x' recibido para bookmaker 3. Payload:","timestamp":"2025-11-10 01:54:21"}
{"context":"{\"code\":200,\"x\":2.66}","level":"info","message":"🔍 [DEBUG] Evento 'x' recibido para bookmaker 3. Payload:","timestamp":"2025-11-10 01:54:21"}
{"context":"{\"code\":200,\"x\":2.68}","level":"info","message":"🔍 [DEBUG] Evento 'x' recibido para bookmaker 3. Payload:","timestamp":"2025-11-10 01:54:22"}
{"context":"{\"code\":200,\"x\":2.7}","level":"info","message":"🔍 [DEBUG] Evento 'x' recibido para bookmaker 3. Payload:","timestamp":"2025-11-10 01:54:22"}
{"context":"{\"code\":200,\"x\":2.72}","level":"info","message":"🔍 [DEBUG] Evento 'x' recibido para bookmaker 3. Payload:","timestamp":"2025-11-10 01:54:22"}
{"context":"{\"code\":200,\"x\":2.75}","level":"info","message":"🔍 [DEBUG] Evento 'x' recibido para bookmaker 3. Payload:","timestamp":"2025-11-10 01:54:22"}
{"context":"{\"code\":200,\"x\":2.77}","level":"info","message":"🔍 [DEBUG] Evento 'x' recibido para bookmaker 3. Payload:","timestamp":"2025-11-10 01:54:22"}
{"context":"{\"code\":200,\"x\":2.79}","level":"info","message":"🔍 [DEBUG] Evento 'x' recibido para bookmaker 3. Payload:","timestamp":"2025-11-10 01:54:22"}
{"context":"{\"code\":200,\"x\":2.82}","level":"info","message":"🔍 [DEBUG] Evento 'x' recibido para bookmaker 3. Payload:","timestamp":"2025-11-10 01:54:22"}
{"context":"{\"code\":200,\"x\":2.84}","level":"info","message":"🔍 [DEBUG] Evento 'x' recibido para bookmaker 3. Payload:","timestamp":"2025-11-10 01:54:22"}
{"context":"{\"code\":200,\"x\":2.86}","level":"info","message":"🔍 [DEBUG] Evento 'x' recibido para bookmaker 3. Payload:","timestamp":"2025-11-10 01:54:22"}
{"context":"{\"code\":200,\"x\":2.89}","level":"info","message":"🔍 [DEBUG] Evento 'x' recibido para bookmaker 3. Payload:","timestamp":"2025-11-10 01:54:22"}
{"context":"{\"code\":200,\"x\":2.91}","level":"info","message":"🔍 [DEBUG] Evento 'x' recibido para bookmaker 3. Payload:","timestamp":"2025-11-10 01:54:23"}
{"context":"{\"code\":200,\"x\":2.94}","level":"info","message":"🔍 [DEBUG] Evento 'x' recibido para bookmaker 3. Payload:","timestamp":"2025-11-10 01:54:23"}
{"context":"{\"code\":200,\"x\":2.96}","level":"info","message":"🔍 [DEBUG] Evento 'x' recibido para bookmaker 3. Payload:","timestamp":"2025-11-10 01:54:23"}
{"context":"{\"code\":200,\"x\":2.99}","level":"info","message":"🔍 [DEBUG] Evento 'x' recibido para bookmaker 3. Payload:","timestamp":"2025-11-10 01:54:23"}
{"context":"{\"code\":200,\"x\":3.01}","level":"info","message":"🔍 [DEBUG] Evento 'x' recibido para bookmaker 3. Payload:","timestamp":"2025-11-10 01:54:23"}
{"context":"{\"code\":200,\"x\":3.04}","level":"info","message":"🔍 [DEBUG] Evento 'x' recibido para bookmaker 3. Payload:","timestamp":"2025-11-10 01:54:23"}
{"context":"{\"code\":200,\"x\":3.06}","level":"info","message":"🔍 [DEBUG] Evento 'x' recibido para bookmaker 3. Payload:","timestamp":"2025-11-10 01:54:23"}
{"context":"{\"code\":200,\"x\":3.09}","level":"info","message":"🔍 [DEBUG] Evento 'x' recibido para bookmaker 3. Payload:","timestamp":"2025-11-10 01:54:23"}
{"context":"{\"code\":200,\"x\":3.11}","level":"info","message":"🔍 [DEBUG] Evento 'x' recibido para bookmaker 3. Payload:","timestamp":"2025-11-10 01:54:23"}
{"context":"{\"code\":200,\"x\":3.14}","level":"info","message":"🔍 [DEBUG] Evento 'x' recibido para bookmaker 3. Payload:","timestamp":"2025-11-10 01:54:23"}
{"context":"{\"code\":200,\"x\":3.16}","level":"info","message":"🔍 [DEBUG] Evento 'x' recibido para bookmaker 3. Payload:","timestamp":"2025-11-10 01:54:24"}
{"context":"{\"code\":200,\"x\":3.19}","level":"info","message":"🔍 [DEBUG] Evento 'x' recibido para bookmaker 3. Payload:","timestamp":"2025-11-10 01:54:24"}
{"context":"{\"code\":200,\"x\":3.22}","level":"info","message":"🔍 [DEBUG] Evento 'x' recibido para bookmaker 3. Payload:","timestamp":"2025-11-10 01:54:24"}
{"context":"{\"code\":200,\"x\":3.24}","level":"info","message":"🔍 [DEBUG] Evento 'x' recibido para bookmaker 3. Payload:","timestamp":"2025-11-10 01:54:24"}
{"context":"{\"code\":200,\"x\":3.27}","level":"info","message":"🔍 [DEBUG] Evento 'x' recibido para bookmaker 3. Payload:","timestamp":"2025-11-10 01:54:24"}
{"context":"{\"code\":200,\"x\":3.3}","level":"info","message":"🔍 [DEBUG] Evento 'x' recibido para bookmaker 3. Payload:","timestamp":"2025-11-10 01:54:24"}
{"context":"{\"code\":200,\"x\":3.33}","level":"info","message":"🔍 [DEBUG] Evento 'x' recibido para bookmaker 3. Payload:","timestamp":"2025-11-10 01:54:24"}
{"context":"{\"code\":200,\"x\":3.35}","level":"info","message":"🔍 [DEBUG] Evento 'x' recibido para bookmaker 3. Payload:","timestamp":"2025-11-10 01:54:24"}
{"context":"{\"code\":200,\"x\":3.38}","level":"info","message":"🔍 [DEBUG] Evento 'x' recibido para bookmaker 3. Payload:","timestamp":"2025-11-10 01:54:24"}
{"context":"{\"code\":200,\"x\":3.41}","level":"info","message":"🔍 [DEBUG] Evento 'x' recibido para bookmaker 3. Payload:","timestamp":"2025-11-10 01:54:24"}
{"context":"{\"code\":200,\"x\":3.44}","level":"info","message":"🔍 [DEBUG] Evento 'x' recibido para bookmaker 3. Payload:","timestamp":"2025-11-10 01:54:25"}
{"context":"{\"code\":200,\"x\":3.47}","level":"info","message":"🔍 [DEBUG] Evento 'x' recibido para bookmaker 3. Payload:","timestamp":"2025-11-10 01:54:25"}
{"context":"{\"code\":200,\"x\":3.5}","level":"info","message":"🔍 [DEBUG] Evento 'x' recibido para bookmaker 3. Payload:","timestamp":"2025-11-10 01:54:25"}
{"context":"{\"code\":200,\"x\":3.53}","level":"info","message":"🔍 [DEBUG] Evento 'x' recibido para bookmaker 3. Payload:","timestamp":"2025-11-10 01:54:25"}
{"context":"{\"code\":200,\"x\":3.56}","level":"info","message":"🔍 [DEBUG] Evento 'x' recibido para bookmaker 3. Payload:","timestamp":"2025-11-10 01:54:25"}
{"context":"{\"code\":200,\"x\":3.59}","level":"info","message":"🔍 [DEBUG] Evento 'x' recibido para bookmaker 3. Payload:","timestamp":"2025-11-10 01:54:25"}
{"context":"{\"code\":200,\"x\":3.62}","level":"info","message":"🔍 [DEBUG] Evento 'x' recibido para bookmaker 3. Payload:","timestamp":"2025-11-10 01:54:25"}
{"context":"{\"code\":200,\"x\":3.65}","level":"info","message":"🔍 [DEBUG] Evento 'x' recibido para bookmaker 3. Payload:","timestamp":"2025-11-10 01:54:25"}
{"context":"{\"code\":200,\"x\":3.68}","level":"info","message":"🔍 [DEBUG] Evento 'x' recibido para bookmaker 3. Payload:","timestamp":"2025-11-10 01:54:25"}
{"context":"{\"code\":200,\"x\":3.71}","level":"info","message":"🔍 [DEBUG] Evento 'x' recibido para bookmaker 3. Payload:","timestamp":"2025-11-10 01:54:25"}
{"context":"{\"code\":200,\"x\":3.74}","level":"info","message":"🔍 [DEBUG] Evento 'x' recibido para bookmaker 3. Payload:","timestamp":"2025-11-10 01:54:26"}
{"context":"{\"code\":200,\"x\":3.77}","level":"info","message":"🔍 [DEBUG] Evento 'x' recibido para bookmaker 3. Payload:","timestamp":"2025-11-10 01:54:26"}
{"context":"{\"code\":200,\"x\":3.8}","level":"info","message":"🔍 [DEBUG] Evento 'x' recibido para bookmaker 3. Payload:","timestamp":"2025-11-10 01:54:26"}
{"context":"{\"code\":200,\"x\":3.83}","level":"info","message":"🔍 [DEBUG] Evento 'x' recibido para bookmaker 3. Payload:","timestamp":"2025-11-10 01:54:26"}
{"context":"{\"code\":200,\"x\":3.86}","level":"info","message":"🔍 [DEBUG] Evento 'x' recibido para bookmaker 3. Payload:","timestamp":"2025-11-10 01:54:26"}
{"context":"{\"code\":200,\"x\":3.9}","level":"info","message":"🔍 [DEBUG] Evento 'x' recibido para bookmaker 3. Payload:","timestamp":"2025-11-10 01:54:26"}
{"context":"{\"code\":200,\"x\":3.93}","level":"info","message":"🔍 [DEBUG] Evento 'x' recibido para bookmaker 3. Payload:","timestamp":"2025-11-10 01:54:26"}
{"context":"{\"code\":200,\"x\":3.96}","level":"info","message":"🔍 [DEBUG] Evento 'x' recibido para bookmaker 3. Payload:","timestamp":"2025-11-10 01:54:26"}
{"context":"{\"code\":200,\"x\":3.99}","level":"info","message":"🔍 [DEBUG] Evento 'x' recibido para bookmaker 3. Payload:","timestamp":"2025-11-10 01:54:26"}
{"context":"{\"code\":200,\"x\":4.03}","level":"info","message":"🔍 [DEBUG] Evento 'x' recibido para bookmaker 3. Payload:","timestamp":"2025-11-10 01:54:26"}
{"context":"{\"code\":200,\"x\":4.06}","level":"info","message":"🔍 [DEBUG] Evento 'x' recibido para bookmaker 3. Payload:","timestamp":"2025-11-10 01:54:27"}
{"context":"{\"code\":200,\"x\":4.1}","level":"info","message":"🔍 [DEBUG] Evento 'x' recibido para bookmaker 3. Payload:","timestamp":"2025-11-10 01:54:27"}
{"context":"{\"code\":200,\"x\":4.13}","level":"info","message":"🔍 [DEBUG] Evento 'x' recibido para bookmaker 3. Payload:","timestamp":"2025-11-10 01:54:27"}
{"context":"{\"code\":200,\"x\":4.16}","level":"info","message":"🔍 [DEBUG] Evento 'x' recibido para bookmaker 3. Payload:","timestamp":"2025-11-10 01:54:27"}
{"context":"{\"code\":200,\"x\":4.2}","level":"info","message":"🔍 [DEBUG] Evento 'x' recibido para bookmaker 3. Payload:","timestamp":"2025-11-10 01:54:27"}
{"context":"{\"code\":200,\"x\":4.23}","level":"info","message":"🔍 [DEBUG] Evento 'x' recibido para bookmaker 3. Payload:","timestamp":"2025-11-10 01:54:27"}
{"context":"{\"code\":200,\"x\":4.27}","level":"info","message":"🔍 [DEBUG] Evento 'x' recibido para bookmaker 3. Payload:","timestamp":"2025-11-10 01:54:27"}
{"context":"{\"code\":200,\"x\":4.3}","level":"info","message":"🔍 [DEBUG] Evento 'x' recibido para bookmaker 3. Payload:","timestamp":"2025-11-10 01:54:27"}
{"context":"{\"code\":200,\"x\":4.34}","level":"info","message":"🔍 [DEBUG] Evento 'x' recibido para bookmaker 3. Payload:","timestamp":"2025-11-10 01:54:27"}
{"context":"{\"code\":200,\"x\":4.38}","level":"info","message":"🔍 [DEBUG] Evento 'x' recibido para bookmaker 3. Payload:","timestamp":"2025-11-10 01:54:27"}
{"context":"{\"code\":200,\"x\":4.41}","level":"info","message":"🔍 [DEBUG] Evento 'x' recibido para bookmaker 3. Payload:","timestamp":"2025-11-10 01:54:28"}
{"context":"{\"code\":200,\"x\":4.45}","level":"info","message":"🔍 [DEBUG] Evento 'x' recibido para bookmaker 3. Payload:","timestamp":"2025-11-10 01:54:28"}
{"context":"{\"code\":200,\"x\":4.49}","level":"info","message":"🔍 [DEBUG] Evento 'x' recibido para bookmaker 3. Payload:","timestamp":"2025-11-10 01:54:28"}
{"context":"{\"code\":200,\"x\":4.52}","level":"info","message":"🔍 [DEBUG] Evento 'x' recibido para bookmaker 3. Payload:","timestamp":"2025-11-10 01:54:28"}
{"context":"{\"code\":200,\"x\":4.56}","level":"info","message":"🔍 [DEBUG] Evento 'x' recibido para bookmaker 3. Payload:","timestamp":"2025-11-10 01:54:28"}
{"context":"{\"code\":200,\"x\":4.6}","level":"info","message":"🔍 [DEBUG] Evento 'x' recibido para bookmaker 3. Payload:","timestamp":"2025-11-10 01:54:28"}
{"context":"{\"code\":200,\"x\":4.64}","level":"info","message":"🔍 [DEBUG] Evento 'x' recibido para bookmaker 3. Payload:","timestamp":"2025-11-10 01:54:28"}
{"context":"{\"code\":200,\"x\":4.68}","level":"info","message":"🔍 [DEBUG] Evento 'x' recibido para bookmaker 3. Payload:","timestamp":"2025-11-10 01:54:28"}
{"context":"{\"code\":200,\"x\":4.72}","level":"info","message":"🔍 [DEBUG] Evento 'x' recibido para bookmaker 3. Payload:","timestamp":"2025-11-10 01:54:28"}
{"context":"{\"code\":200,\"crashX\":4.74,\"x\":4.74}","level":"info","message":"🔍 [DEBUG] Evento 'x' recibido para bookmaker 3. Payload:","timestamp":"2025-11-10 01:54:28"}
{"level":"info","message":"🎯 CRASH detectado para bookmaker 3: 4.74x - Round: null","timestamp":"2025-11-10 01:54:28"}
{"level":"info","message":"📊 Datos de la ronda: Apuestas=1409, Total=6403508.469999999, Jugadores=35, Cashout=13388878.92","timestamp":"2025-11-10 01:54:28"}
{"level":"info","message":"Saving round data for 888starz: Crash at 4.74x","timestamp":"2025-11-10 01:54:29"}
{"level":"info","message":"✅ Round data saved successfully for 888starz - Round 5392524","timestamp":"2025-11-10 01:54:30"}
{"level":"info","message":"🔄 Obteniendo historial actualizado para bookmaker 3...","timestamp":"2025-11-10 01:54:30"}
{"level":"info","message":"📊 Historial obtenido: 100 rondas","timestamp":"2025-11-10 01:54:30"}
{"level":"info","message":"🎯 Primera ronda: 5390718 - 4.44x","timestamp":"2025-11-10 01:54:30"}
{"level":"info","message":"📡 Emitiendo al room: bookmaker:3","timestamp":"2025-11-10 01:54:30"}
{"level":"info","message":"✅ Historial actualizado emitido para bookmaker 3 - 100 rondas","timestamp":"2025-11-10 01:54:30"}
{"level":"info","message":"💰 Apuestas actualizadas - Round: null, Apuestas: 610, Total: $2696342.76, Jugadores: 38","timestamp":"2025-11-10 01:54:34"}
{"level":"info","message":"💰 Apuestas actualizadas - Round: null, Apuestas: 679, Total: $2820654.0200000005, Jugadores: 36","timestamp":"2025-11-10 01:54:34"}
{"level":"info","message":"💰 Apuestas actualizadas - Round: null, Apuestas: 743, Total: $3065768.73, Jugadores: 38","timestamp":"2025-11-10 01:54:35"}
{"level":"info","message":"💰 Apuestas actualizadas - Round: null, Apuestas: 813, Total: $3429371.2300000004, Jugadores: 38","timestamp":"2025-11-10 01:54:35"}
{"level":"info","message":"💰 Apuestas actualizadas - Round: null, Apuestas: 881, Total: $3555116.9300000006, Jugadores: 40","timestamp":"2025-11-10 01:54:35"}
{"level":"info","message":"💰 Apuestas actualizadas - Round: null, Apuestas: 957, Total: $4189107.549999999, Jugadores: 38","timestamp":"2025-11-10 01:54:36"}
{"level":"info","message":"💰 Apuestas actualizadas - Round: null, Apuestas: 1035, Total: $4784978.639999997, Jugadores: 39","timestamp":"2025-11-10 01:54:36"}
{"level":"info","message":"💰 Apuestas actualizadas - Round: null, Apuestas: 1107, Total: $5115621.189999998, Jugadores: 38","timestamp":"2025-11-10 01:54:36"}
{"level":"info","message":"💰 Apuestas actualizadas - Round: null, Apuestas: 1191, Total: $5762144.589999999, Jugadores: 38","timestamp":"2025-11-10 01:54:36"}
{"level":"info","message":"💰 Apuestas actualizadas - Round: null, Apuestas: 1268, Total: $5820497.4, Jugadores: 37","timestamp":"2025-11-10 01:54:37"}
{"level":"info","message":"💰 Apuestas actualizadas - Round: null, Apuestas: 1335, Total: $5976668.319999999, Jugadores: 37","timestamp":"2025-11-10 01:54:37"}
{"level":"info","message":"💰 Apuestas actualizadas - Round: null, Apuestas: 1402, Total: $6525542.61, Jugadores: 36","timestamp":"2025-11-10 01:54:37"}
{"level":"info","message":"💰 Apuestas actualizadas - Round: null, Apuestas: 1453, Total: $6737829.849999999, Jugadores: 34","timestamp":"2025-11-10 01:54:38"}
{"context":"{\"code\":200,\"x\":1}","level":"info","message":"🔍 [DEBUG] Evento 'x' recibido para bookmaker 3. Payload:","timestamp":"2025-11-10 01:54:38"}
{"context":"{\"code\":200,\"x\":1.01}","level":"info","message":"🔍 [DEBUG] Evento 'x' recibido para bookmaker 3. Payload:","timestamp":"2025-11-10 01:54:38"}
{"context":"{\"code\":200,\"x\":1.02}","level":"info","message":"🔍 [DEBUG] Evento 'x' recibido para bookmaker 3. Payload:","timestamp":"2025-11-10 01:54:38"}
{"context":"{\"code\":200,\"x\":1.03}","level":"info","message":"🔍 [DEBUG] Evento 'x' recibido para bookmaker 3. Payload:","timestamp":"2025-11-10 01:54:38"}
{"context":"{\"code\":200,\"x\":1.04}","level":"info","message":"🔍 [DEBUG] Evento 'x' recibido para bookmaker 3. Payload:","timestamp":"2025-11-10 01:54:38"}
{"context":"{\"code\":200,\"x\":1.05}","level":"info","message":"🔍 [DEBUG] Evento 'x' recibido para bookmaker 3. Payload:","timestamp":"2025-11-10 01:54:38"}
{"context":"{\"code\":200,\"x\":1.05}","level":"info","message":"🔍 [DEBUG] Evento 'x' recibido para bookmaker 3. Payload:","timestamp":"2025-11-10 01:54:39"}
{"context":"{\"code\":200,\"x\":1.06}","level":"info","message":"🔍 [DEBUG] Evento 'x' recibido para bookmaker 3. Payload:","timestamp":"2025-11-10 01:54:39"}
{"context":"{\"code\":200,\"x\":1.07}","level":"info","message":"🔍 [DEBUG] Evento 'x' recibido para bookmaker 3. Payload:","timestamp":"2025-11-10 01:54:39"}
{"context":"{\"code\":200,\"x\":1.08}","level":"info","message":"🔍 [DEBUG] Evento 'x' recibido para bookmaker 3. Payload:","timestamp":"2025-11-10 01:54:39"}
{"context":"{\"code\":200,\"x\":1.09}","level":"info","message":"🔍 [DEBUG] Evento 'x' recibido para bookmaker 3. Payload:","timestamp":"2025-11-10 01:54:39"}
{"context":"{\"code\":200,\"x\":1.1}","level":"info","message":"🔍 [DEBUG] Evento 'x' recibido para bookmaker 3. Payload:","timestamp":"2025-11-10 01:54:39"}
{"context":"{\"code\":200,\"x\":1.11}","level":"info","message":"🔍 [DEBUG] Evento 'x' recibido para bookmaker 3. Payload:","timestamp":"2025-11-10 01:54:39"}
{"context":"{\"code\":200,\"x\":1.12}","level":"info","message":"🔍 [DEBUG] Evento 'x' recibido para bookmaker 3. Payload:","timestamp":"2025-11-10 01:54:39"}
{"context":"{\"code\":200,\"x\":1.13}","level":"info","message":"🔍 [DEBUG] Evento 'x' recibido para bookmaker 3. Payload:","timestamp":"2025-11-10 01:54:39"}
{"context":"{\"code\":200,\"x\":1.14}","level":"info","message":"🔍 [DEBUG] Evento 'x' recibido para bookmaker 3. Payload:","timestamp":"2025-11-10 01:54:39"}
{"context":"{\"code\":200,\"x\":1.15}","level":"info","message":"🔍 [DEBUG] Evento 'x' recibido para bookmaker 3. Payload:","timestamp":"2025-11-10 01:54:40"}
{"context":"{\"code\":200,\"x\":1.16}","level":"info","message":"🔍 [DEBUG] Evento 'x' recibido para bookmaker 3. Payload:","timestamp":"2025-11-10 01:54:40"}
{"context":"{\"code\":200,\"x\":1.17}","level":"info","message":"🔍 [DEBUG] Evento 'x' recibido para bookmaker 3. Payload:","timestamp":"2025-11-10 01:54:40"}
{"context":"{\"code\":200,\"x\":1.18}","level":"info","message":"🔍 [DEBUG] Evento 'x' recibido para bookmaker 3. Payload:","timestamp":"2025-11-10 01:54:40"}
{"context":"{\"code\":200,\"x\":1.19}","level":"info","message":"🔍 [DEBUG] Evento 'x' recibido para bookmaker 3. Payload:","timestamp":"2025-11-10 01:54:40"}
{"context":"{\"code\":200,\"x\":1.2}","level":"info","message":"🔍 [DEBUG] Evento 'x' recibido para bookmaker 3. Payload:","timestamp":"2025-11-10 01:54:40"}
{"context":"{\"code\":200,\"x\":1.21}","level":"info","message":"🔍 [DEBUG] Evento 'x' recibido para bookmaker 3. Payload:","timestamp":"2025-11-10 01:54:40"}
{"context":"{\"code\":200,\"x\":1.22}","level":"info","message":"🔍 [DEBUG] Evento 'x' recibido para bookmaker 3. Payload:","timestamp":"2025-11-10 01:54:40"}
{"context":"{\"code\":200,\"x\":1.23}","level":"info","message":"🔍 [DEBUG] Evento 'x' recibido para bookmaker 3. Payload:","timestamp":"2025-11-10 01:54:40"}
{"context":"{\"code\":200,\"x\":1.24}","level":"info","message":"🔍 [DEBUG] Evento 'x' recibido para bookmaker 3. Payload:","timestamp":"2025-11-10 01:54:40"}
{"context":"{\"code\":200,\"x\":1.25}","level":"info","message":"🔍 [DEBUG] Evento 'x' recibido para bookmaker 3. Payload:","timestamp":"2025-11-10 01:54:41"}
{"context":"{\"code\":200,\"x\":1.26}","level":"info","message":"🔍 [DEBUG] Evento 'x' recibido para bookmaker 3. Payload:","timestamp":"2025-11-10 01:54:41"}
{"context":"{\"code\":200,\"x\":1.27}","level":"info","message":"🔍 [DEBUG] Evento 'x' recibido para bookmaker 3. Payload:","timestamp":"2025-11-10 01:54:41"}
{"context":"{\"code\":200,\"x\":1.28}","level":"info","message":"🔍 [DEBUG] Evento 'x' recibido para bookmaker 3. Payload:","timestamp":"2025-11-10 01:54:41"}
{"context":"{\"code\":200,\"x\":1.29}","level":"info","message":"🔍 [DEBUG] Evento 'x' recibido para bookmaker 3. Payload:","timestamp":"2025-11-10 01:54:41"}
{"level":"info","message":"📡 Emitiendo aviator_raw para bookmaker 3 (legacy)","timestamp":"2025-11-10 01:54:41"}
{"context":"{\"code\":200,\"x\":1.3}","level":"info","message":"🔍 [DEBUG] Evento 'x' recibido para bookmaker 3. Payload:","timestamp":"2025-11-10 01:54:41"}
{"context":"{\"code\":200,\"x\":1.31}","level":"info","message":"🔍 [DEBUG] Evento 'x' recibido para bookmaker 3. Payload:","timestamp":"2025-11-10 01:54:41"}
{"context":"{\"code\":200,\"x\":1.32}","level":"info","message":"🔍 [DEBUG] Evento 'x' recibido para bookmaker 3. Payload:","timestamp":"2025-11-10 01:54:41"}
{"context":"{\"code\":200,\"x\":1.33}","level":"info","message":"🔍 [DEBUG] Evento 'x' recibido para bookmaker 3. Payload:","timestamp":"2025-11-10 01:54:41"}
{"context":"{\"code\":200,\"x\":1.34}","level":"info","message":"🔍 [DEBUG] Evento 'x' recibido para bookmaker 3. Payload:","timestamp":"2025-11-10 01:54:41"}
{"context":"{\"code\":200,\"x\":1.35}","level":"info","message":"🔍 [DEBUG] Evento 'x' recibido para bookmaker 3. Payload:","timestamp":"2025-11-10 01:54:42"}
{"context":"{\"code\":200,\"x\":1.37}","level":"info","message":"🔍 [DEBUG] Evento 'x' recibido para bookmaker 3. Payload:","timestamp":"2025-11-10 01:54:42"}
{"context":"{\"code\":200,\"x\":1.38}","level":"info","message":"🔍 [DEBUG] Evento 'x' recibido para bookmaker 3. Payload:","timestamp":"2025-11-10 01:54:42"}
{"context":"{\"code\":200,\"crashX\":1.39,\"x\":1.39}","level":"info","message":"🔍 [DEBUG] Evento 'x' recibido para bookmaker 3. Payload:","timestamp":"2025-11-10 01:54:42"}
{"level":"info","message":"🎯 CRASH detectado para bookmaker 3: 1.39x - Round: null","timestamp":"2025-11-10 01:54:42"}
{"level":"info","message":"📊 Datos de la ronda: Apuestas=1453, Total=6737829.849999999, Jugadores=34, Cashout=313912.2","timestamp":"2025-11-10 01:54:42"}
{"level":"warn","message":"⚠️ No hay roundId después de esperar para guardar el crash 1.39x","timestamp":"2025-11-10 01:54:42"}
{"level":"info","message":"Gateway Aviator inicializado","timestamp":"2025-11-10 01:54:57"}
{"level":"info","message":"Cliente conectado: 2Hz-H3SF1JCFAnbmAAAB","timestamp":"2025-11-10 01:54:58"}
{"level":"info","message":"Cliente 2Hz-H3SF1JCFAnbmAAAB unido a bookmaker:1","timestamp":"2025-11-10 01:54:58"}
{"level":"info","message":"📤 Historial enviado al cliente 2Hz-H3SF1JCFAnbmAAAB: 100 rondas","timestamp":"2025-11-10 01:54:58"}
{"level":"info","message":"Cliente 2Hz-H3SF1JCFAnbmAAAB unido exitosamente a la sala bookmaker:1","timestamp":"2025-11-10 01:54:58"}
