{"level":"info","message":"Gateway Roulette inicializado","timestamp":"2025-11-09 02:42:18"}
{"level":"info","message":"Inicializando conexiones WebSocket de Ruleta","timestamp":"2025-11-09 02:42:18"}
{"level":"info","message":"Gateway Roulette inicializado","timestamp":"2025-11-09 02:44:46"}
{"level":"info","message":"Inicializando conexiones WebSocket de Ruleta","timestamp":"2025-11-09 02:44:46"}
{"level":"info","message":"WebSocket connected for roulette 5 (pragmatic-mega-roulette)","timestamp":"2025-11-09 02:44:47"}
{"level":"info","message":"Handshake sent for roulette 5 (pragmatic-mega-roulette)","timestamp":"2025-11-09 02:44:47"}
{"level":"info","message":"WebSocket connected for roulette 6 (lightning-roulette)","timestamp":"2025-11-09 02:44:47"}
{"level":"info","message":"Handshake sent for roulette 6 (lightning-roulette)","timestamp":"2025-11-09 02:44:47"}
{"level":"info","message":"WebSocket connected for roulette 4 (pragmatic-roulette-macao)","timestamp":"2025-11-09 02:44:47"}
{"level":"info","message":"Handshake sent for roulette 4 (pragmatic-roulette-macao)","timestamp":"2025-11-09 02:44:47"}
{"level":"info","message":"Gateway Roulette inicializado","timestamp":"2025-11-09 03:06:36"}
{"level":"info","message":"Inicializando conexiones WebSocket de Ruleta","timestamp":"2025-11-09 03:06:36"}
{"level":"info","message":"WebSocket connected for roulette 4 (pragmatic-roulette-macao)","timestamp":"2025-11-09 03:06:37"}
{"level":"info","message":"Handshake sent for roulette 4 (pragmatic-roulette-macao)","timestamp":"2025-11-09 03:06:37"}
{"level":"info","message":"WebSocket connected for roulette 6 (lightning-roulette)","timestamp":"2025-11-09 03:06:37"}
{"level":"info","message":"Handshake sent for roulette 6 (lightning-roulette)","timestamp":"2025-11-09 03:06:37"}
{"level":"info","message":"WebSocket connected for roulette 5 (pragmatic-mega-roulette)","timestamp":"2025-11-09 03:06:37"}
{"level":"info","message":"Handshake sent for roulette 5 (pragmatic-mega-roulette)","timestamp":"2025-11-09 03:06:37"}
{"level":"info","message":"Gateway Roulette inicializado","timestamp":"2025-11-09 03:07:38"}
{"level":"info","message":"Inicializando conexiones WebSocket de Ruleta","timestamp":"2025-11-09 03:07:38"}
{"level":"info","message":"WebSocket connected for roulette 4 (pragmatic-roulette-macao)","timestamp":"2025-11-09 03:07:39"}
{"level":"info","message":"Handshake sent for roulette 4 (pragmatic-roulette-macao)","timestamp":"2025-11-09 03:07:39"}
{"level":"info","message":"WebSocket connected for roulette 6 (lightning-roulette)","timestamp":"2025-11-09 03:07:39"}
{"level":"info","message":"Handshake sent for roulette 6 (lightning-roulette)","timestamp":"2025-11-09 03:07:39"}
{"level":"info","message":"WebSocket connected for roulette 5 (pragmatic-mega-roulette)","timestamp":"2025-11-09 03:07:39"}
{"level":"info","message":"Handshake sent for roulette 5 (pragmatic-mega-roulette)","timestamp":"2025-11-09 03:07:39"}
{"level":"info","message":"Gateway Roulette inicializado","timestamp":"2025-11-09 03:10:44"}
{"level":"info","message":"Inicializando conexiones WebSocket de Ruleta","timestamp":"2025-11-09 03:10:44"}
{"level":"info","message":"WebSocket connected for roulette 4 (pragmatic-roulette-macao)","timestamp":"2025-11-09 03:10:45"}
{"level":"info","message":"Handshake sent for roulette 4 (pragmatic-roulette-macao)","timestamp":"2025-11-09 03:10:45"}
{"level":"info","message":"WebSocket connected for roulette 5 (pragmatic-mega-roulette)","timestamp":"2025-11-09 03:10:45"}
{"level":"info","message":"Handshake sent for roulette 5 (pragmatic-mega-roulette)","timestamp":"2025-11-09 03:10:45"}
{"level":"info","message":"WebSocket connected for roulette 6 (lightning-roulette)","timestamp":"2025-11-09 03:10:45"}
{"level":"info","message":"Handshake sent for roulette 6 (lightning-roulette)","timestamp":"2025-11-09 03:10:45"}
{"level":"info","message":"📡 Nueva ronda de ruleta emitida para bookmaker 6: 13 (Black)","timestamp":"2025-11-09 03:14:28"}
{"level":"error","message":"Roulette prediction failed for bookmaker 6: Error","timestamp":"2025-11-09 03:14:29"}
{"level":"info","message":"📡 Nueva ronda de ruleta emitida para bookmaker 5: 5 (Red)","timestamp":"2025-11-09 03:36:51"}
{"level":"error","message":"Roulette prediction failed for bookmaker 5: Error","timestamp":"2025-11-09 03:36:51"}
{"level":"info","message":"Cliente conectado: 6lgcklu0dER_VFhYAAAJ","timestamp":"2025-11-09 03:43:41"}
{"level":"info","message":"Cliente conectado: oQMvGwK96M7ZQCDdAAAK","timestamp":"2025-11-09 03:43:41"}
{"level":"info","message":"Cliente conectado: WWuOc2xoFB4ERL-ZAAAL","timestamp":"2025-11-09 03:43:41"}
{"level":"info","message":"Cliente conectado: -bpJkG9KQNxOJ7paAAAM","timestamp":"2025-11-09 03:43:41"}
{"level":"info","message":"Cliente oQMvGwK96M7ZQCDdAAAK unido a ruleta bookmaker:6","timestamp":"2025-11-09 03:43:42"}
{"level":"info","message":"Cliente -bpJkG9KQNxOJ7paAAAM unido a ruleta bookmaker:6","timestamp":"2025-11-09 03:43:42"}
{"level":"info","message":"Historial obtenido para bookmaker 6: 40 rondas","timestamp":"2025-11-09 03:43:42"}
{"level":"info","message":"Historial de ruleta enviado al cliente oQMvGwK96M7ZQCDdAAAK: 40 rondas","timestamp":"2025-11-09 03:43:42"}
{"level":"info","message":"Cliente oQMvGwK96M7ZQCDdAAAK unido exitosamente a la sala roulette:6","timestamp":"2025-11-09 03:43:42"}
{"level":"info","message":"Historial obtenido para bookmaker 6: 40 rondas","timestamp":"2025-11-09 03:43:42"}
{"level":"info","message":"Historial de ruleta enviado al cliente -bpJkG9KQNxOJ7paAAAM: 40 rondas","timestamp":"2025-11-09 03:43:42"}
{"level":"info","message":"Cliente -bpJkG9KQNxOJ7paAAAM unido exitosamente a la sala roulette:6","timestamp":"2025-11-09 03:43:42"}
{"level":"info","message":"Cliente desconectado: oQMvGwK96M7ZQCDdAAAK","timestamp":"2025-11-09 03:43:44"}
{"level":"info","message":"Cliente oQMvGwK96M7ZQCDdAAAK saliendo de todas las salas de roulette:6","timestamp":"2025-11-09 03:43:44"}
{"level":"info","message":"Limpieza completada para cliente oQMvGwK96M7ZQCDdAAAK","timestamp":"2025-11-09 03:43:44"}
{"level":"info","message":"Cliente desconectado: -bpJkG9KQNxOJ7paAAAM","timestamp":"2025-11-09 03:43:44"}
{"level":"info","message":"Cliente -bpJkG9KQNxOJ7paAAAM saliendo de todas las salas de roulette:6","timestamp":"2025-11-09 03:43:44"}
{"level":"info","message":"Limpieza completada para cliente -bpJkG9KQNxOJ7paAAAM","timestamp":"2025-11-09 03:43:44"}
{"level":"info","message":"Cliente desconectado: WWuOc2xoFB4ERL-ZAAAL","timestamp":"2025-11-09 03:43:50"}
{"level":"info","message":"Limpieza completada para cliente WWuOc2xoFB4ERL-ZAAAL","timestamp":"2025-11-09 03:43:50"}
{"level":"info","message":"Cliente desconectado: 6lgcklu0dER_VFhYAAAJ","timestamp":"2025-11-09 03:43:50"}
{"level":"info","message":"Limpieza completada para cliente 6lgcklu0dER_VFhYAAAJ","timestamp":"2025-11-09 03:43:50"}
{"level":"error","message":"Error checking bookmakers for WebSocket updates:","timestamp":"2025-11-09 10:13:26","trace":{"address":"143.198.65.214","code":"EHOSTUNREACH","errno":-4073,"port":5432,"syscall":"connect"}}
{"level":"info","message":"WebSocket closed for roulette 6 (code: 1006, reason: )","timestamp":"2025-11-09 10:13:28"}
{"level":"info","message":"Attempting to reconnect for roulette 6 (Attempt 1/3)","timestamp":"2025-11-09 10:13:28"}
{"level":"info","message":"WebSocket closed for roulette 5 (code: 1006, reason: )","timestamp":"2025-11-09 10:13:28"}
{"level":"info","message":"Attempting to reconnect for roulette 5 (Attempt 1/3)","timestamp":"2025-11-09 10:13:28"}
{"level":"info","message":"WebSocket closed for roulette 4 (code: 1006, reason: )","timestamp":"2025-11-09 10:13:29"}
{"level":"info","message":"Attempting to reconnect for roulette 4 (Attempt 1/3)","timestamp":"2025-11-09 10:13:29"}
{"level":"info","message":"Closed existing WebSocket for roulette 5","timestamp":"2025-11-09 10:13:30"}
{"level":"info","message":"Closed existing WebSocket for roulette 6","timestamp":"2025-11-09 10:13:30"}
{"level":"info","message":"Closed existing WebSocket for roulette 4","timestamp":"2025-11-09 10:13:30"}
{"level":"info","message":"WebSocket connected for roulette 5 (pragmatic-mega-roulette)","timestamp":"2025-11-09 10:13:30"}
{"level":"info","message":"Handshake sent for roulette 5 (pragmatic-mega-roulette)","timestamp":"2025-11-09 10:13:30"}
{"level":"info","message":"WebSocket connected for roulette 6 (lightning-roulette)","timestamp":"2025-11-09 10:13:30"}
{"level":"info","message":"Handshake sent for roulette 6 (lightning-roulette)","timestamp":"2025-11-09 10:13:30"}
{"level":"info","message":"WebSocket connected for roulette 4 (pragmatic-roulette-macao)","timestamp":"2025-11-09 10:13:30"}
{"level":"info","message":"Handshake sent for roulette 4 (pragmatic-roulette-macao)","timestamp":"2025-11-09 10:13:30"}
{"level":"info","message":"📡 Nueva ronda de ruleta emitida para bookmaker 6: 33 (Black)","timestamp":"2025-11-09 10:13:32"}
{"level":"info","message":"📡 Nueva ronda de ruleta emitida para bookmaker 4: 19 (Red)","timestamp":"2025-11-09 10:13:32"}
{"level":"error","message":"Roulette prediction failed for bookmaker 6: Error","timestamp":"2025-11-09 10:13:32"}
{"level":"error","message":"Roulette prediction failed for bookmaker 4: Error","timestamp":"2025-11-09 10:13:32"}
{"level":"info","message":"Cliente conectado: tIJrNQ7ZRac0FnvyAAAT","timestamp":"2025-11-09 10:13:36"}
{"level":"info","message":"Cliente conectado: bs1E8ZpAmsJI9zfFAAAU","timestamp":"2025-11-09 10:13:36"}
{"level":"info","message":"📡 Nueva ronda de ruleta emitida para bookmaker 4: 4 (Black)","timestamp":"2025-11-09 10:14:00"}
{"level":"error","message":"Roulette prediction failed for bookmaker 4: Error","timestamp":"2025-11-09 10:14:00"}
{"level":"info","message":"📡 Nueva ronda de ruleta emitida para bookmaker 6: 6 (Black)","timestamp":"2025-11-09 10:14:03"}
{"level":"error","message":"Roulette prediction failed for bookmaker 6: Error","timestamp":"2025-11-09 10:14:04"}
{"level":"info","message":"Gateway Roulette inicializado","timestamp":"2025-11-09 10:14:28"}
{"level":"info","message":"Inicializando conexiones WebSocket de Ruleta","timestamp":"2025-11-09 10:14:29"}
{"level":"info","message":"Cliente conectado: e3jjj7LQS1b6XbwGAAAB","timestamp":"2025-11-09 10:14:29"}
{"level":"info","message":"Cliente conectado: uPNicdnhBVDbalLgAAAD","timestamp":"2025-11-09 10:14:29"}
{"level":"info","message":"WebSocket connected for roulette 4 (pragmatic-roulette-macao)","timestamp":"2025-11-09 10:14:29"}
{"level":"info","message":"Handshake sent for roulette 4 (pragmatic-roulette-macao)","timestamp":"2025-11-09 10:14:29"}
{"level":"info","message":"WebSocket connected for roulette 5 (pragmatic-mega-roulette)","timestamp":"2025-11-09 10:14:29"}
{"level":"info","message":"Handshake sent for roulette 5 (pragmatic-mega-roulette)","timestamp":"2025-11-09 10:14:29"}
{"level":"info","message":"WebSocket connected for roulette 6 (lightning-roulette)","timestamp":"2025-11-09 10:14:29"}
{"level":"info","message":"Handshake sent for roulette 6 (lightning-roulette)","timestamp":"2025-11-09 10:14:29"}
{"level":"info","message":"📡 Nueva ronda de ruleta emitida para bookmaker 4: 35 (Black)","timestamp":"2025-11-09 10:14:34"}
{"level":"error","message":"Roulette prediction failed for bookmaker 4: Error","timestamp":"2025-11-09 10:14:34"}
{"level":"info","message":"📡 Nueva ronda de ruleta emitida para bookmaker 6: 2 (Black)","timestamp":"2025-11-09 10:14:54"}
{"level":"error","message":"Roulette prediction failed for bookmaker 6: Error","timestamp":"2025-11-09 10:14:54"}
{"level":"info","message":"📡 Nueva ronda de ruleta emitida para bookmaker 4: 8 (Black)","timestamp":"2025-11-09 10:15:15"}
{"level":"error","message":"Roulette prediction failed for bookmaker 4: Error","timestamp":"2025-11-09 10:15:15"}
{"level":"info","message":"📡 Nueva ronda de ruleta emitida para bookmaker 6: 18 (Red)","timestamp":"2025-11-09 10:15:48"}
{"level":"error","message":"Roulette prediction failed for bookmaker 6: Error","timestamp":"2025-11-09 10:15:48"}
{"level":"info","message":"📡 Nueva ronda de ruleta emitida para bookmaker 4: 20 (Black)","timestamp":"2025-11-09 10:15:55"}
{"level":"error","message":"Roulette prediction failed for bookmaker 4: Error","timestamp":"2025-11-09 10:15:55"}
{"level":"info","message":"📡 Nueva ronda de ruleta emitida para bookmaker 4: 24 (Black)","timestamp":"2025-11-09 10:16:33"}
{"level":"error","message":"Roulette prediction failed for bookmaker 4: Error","timestamp":"2025-11-09 10:16:33"}
{"level":"info","message":"📡 Nueva ronda de ruleta emitida para bookmaker 4: 32 (Red)","timestamp":"2025-11-09 10:17:14"}
{"level":"error","message":"Roulette prediction failed for bookmaker 4: Error","timestamp":"2025-11-09 10:17:14"}
{"level":"info","message":"📡 Nueva ronda de ruleta emitida para bookmaker 6: 16 (Red)","timestamp":"2025-11-09 10:17:28"}
{"level":"error","message":"Roulette prediction failed for bookmaker 6: Error","timestamp":"2025-11-09 10:17:28"}
{"level":"info","message":"📡 Nueva ronda de ruleta emitida para bookmaker 4: 27 (Red)","timestamp":"2025-11-09 10:17:55"}
{"level":"error","message":"Roulette prediction failed for bookmaker 4: Error","timestamp":"2025-11-09 10:17:55"}
{"level":"info","message":"📡 Nueva ronda de ruleta emitida para bookmaker 6: 18 (Red)","timestamp":"2025-11-09 10:18:21"}
{"level":"error","message":"Roulette prediction failed for bookmaker 6: Error","timestamp":"2025-11-09 10:18:21"}
{"level":"info","message":"📡 Nueva ronda de ruleta emitida para bookmaker 4: 0 (Green)","timestamp":"2025-11-09 10:18:32"}
{"level":"error","message":"Roulette prediction failed for bookmaker 4: Error","timestamp":"2025-11-09 10:18:32"}
{"level":"info","message":"📡 Nueva ronda de ruleta emitida para bookmaker 4: 13 (Black)","timestamp":"2025-11-09 10:19:11"}
{"level":"error","message":"Roulette prediction failed for bookmaker 4: Error","timestamp":"2025-11-09 10:19:11"}
{"level":"info","message":"📡 Nueva ronda de ruleta emitida para bookmaker 6: 2 (Black)","timestamp":"2025-11-09 10:19:13"}
{"level":"error","message":"Roulette prediction failed for bookmaker 6: Error","timestamp":"2025-11-09 10:19:13"}
{"level":"info","message":"📡 Nueva ronda de ruleta emitida para bookmaker 4: 11 (Black)","timestamp":"2025-11-09 10:19:52"}
{"level":"error","message":"Roulette prediction failed for bookmaker 4: Error","timestamp":"2025-11-09 10:19:52"}
{"level":"info","message":"📡 Nueva ronda de ruleta emitida para bookmaker 6: 15 (Black)","timestamp":"2025-11-09 10:20:02"}
{"level":"error","message":"Roulette prediction failed for bookmaker 6: Error","timestamp":"2025-11-09 10:20:02"}
{"level":"info","message":"📡 Nueva ronda de ruleta emitida para bookmaker 4: 3 (Red)","timestamp":"2025-11-09 10:20:31"}
{"level":"error","message":"Roulette prediction failed for bookmaker 4: Error","timestamp":"2025-11-09 10:20:31"}
{"level":"info","message":"📡 Nueva ronda de ruleta emitida para bookmaker 6: 15 (Black)","timestamp":"2025-11-09 10:20:56"}
{"level":"error","message":"Roulette prediction failed for bookmaker 6: Error","timestamp":"2025-11-09 10:20:56"}
{"level":"info","message":"📡 Nueva ronda de ruleta emitida para bookmaker 4: 35 (Black)","timestamp":"2025-11-09 10:21:12"}
{"level":"error","message":"Roulette prediction failed for bookmaker 4: Error","timestamp":"2025-11-09 10:21:12"}
{"level":"info","message":"📡 Nueva ronda de ruleta emitida para bookmaker 4: 16 (Red)","timestamp":"2025-11-09 10:21:49"}
{"level":"info","message":"📡 Nueva ronda de ruleta emitida para bookmaker 6: 22 (Black)","timestamp":"2025-11-09 10:21:49"}
{"level":"error","message":"Roulette prediction failed for bookmaker 4: Error","timestamp":"2025-11-09 10:21:49"}
{"level":"error","message":"Roulette prediction failed for bookmaker 6: Error","timestamp":"2025-11-09 10:21:49"}
{"level":"info","message":"📡 Nueva ronda de ruleta emitida para bookmaker 4: 5 (Red)","timestamp":"2025-11-09 10:22:28"}
{"level":"error","message":"Roulette prediction failed for bookmaker 4: Error","timestamp":"2025-11-09 10:22:28"}
{"level":"info","message":"📡 Nueva ronda de ruleta emitida para bookmaker 4: 9 (Red)","timestamp":"2025-11-09 10:23:05"}
{"level":"error","message":"Roulette prediction failed for bookmaker 4: Error","timestamp":"2025-11-09 10:23:06"}
{"level":"info","message":"📡 Nueva ronda de ruleta emitida para bookmaker 4: 3 (Red)","timestamp":"2025-11-09 10:23:47"}
{"level":"error","message":"Roulette prediction failed for bookmaker 4: Error","timestamp":"2025-11-09 10:23:47"}
{"level":"info","message":"📡 Nueva ronda de ruleta emitida para bookmaker 6: 12 (Red)","timestamp":"2025-11-09 10:24:13"}
{"level":"error","message":"Roulette prediction failed for bookmaker 6: Error","timestamp":"2025-11-09 10:24:14"}
{"level":"info","message":"📡 Nueva ronda de ruleta emitida para bookmaker 4: 26 (Black)","timestamp":"2025-11-09 10:24:30"}
{"level":"error","message":"Roulette prediction failed for bookmaker 4: Error","timestamp":"2025-11-09 10:24:30"}
{"level":"info","message":"📡 Nueva ronda de ruleta emitida para bookmaker 6: 32 (Red)","timestamp":"2025-11-09 10:25:07"}
{"level":"error","message":"Roulette prediction failed for bookmaker 6: Error","timestamp":"2025-11-09 10:25:08"}
{"level":"info","message":"📡 Nueva ronda de ruleta emitida para bookmaker 4: 33 (Black)","timestamp":"2025-11-09 10:25:15"}
{"level":"error","message":"Roulette prediction failed for bookmaker 4: Error","timestamp":"2025-11-09 10:25:16"}
{"level":"info","message":"Gateway Roulette inicializado","timestamp":"2025-11-09 10:30:58"}
{"level":"info","message":"Inicializando conexiones WebSocket de Ruleta","timestamp":"2025-11-09 10:30:58"}
{"level":"info","message":"WebSocket connected for roulette 6 (lightning-roulette)","timestamp":"2025-11-09 10:30:58"}
{"level":"info","message":"Handshake sent for roulette 6 (lightning-roulette)","timestamp":"2025-11-09 10:30:58"}
{"level":"info","message":"WebSocket connected for roulette 4 (pragmatic-roulette-macao)","timestamp":"2025-11-09 10:30:58"}
{"level":"info","message":"Handshake sent for roulette 4 (pragmatic-roulette-macao)","timestamp":"2025-11-09 10:30:58"}
{"level":"info","message":"WebSocket connected for roulette 5 (pragmatic-mega-roulette)","timestamp":"2025-11-09 10:30:58"}
{"level":"info","message":"Handshake sent for roulette 5 (pragmatic-mega-roulette)","timestamp":"2025-11-09 10:30:58"}
{"level":"info","message":"📡 Nueva ronda de ruleta emitida para bookmaker 6: 11 (Black)","timestamp":"2025-11-09 10:30:59"}
{"level":"error","message":"Roulette prediction failed for bookmaker 6: Error","timestamp":"2025-11-09 10:31:00"}
{"level":"info","message":"📡 Nueva ronda de ruleta emitida para bookmaker 4: 4 (Black)","timestamp":"2025-11-09 10:31:00"}
{"level":"error","message":"Roulette prediction failed for bookmaker 4: Error","timestamp":"2025-11-09 10:31:00"}
{"level":"info","message":"📡 Nueva ronda de ruleta emitida para bookmaker 6: 1 (Red)","timestamp":"2025-11-09 10:31:03"}
{"level":"error","message":"Roulette prediction failed for bookmaker 6: Error","timestamp":"2025-11-09 10:31:03"}
{"level":"info","message":"📡 Nueva ronda de ruleta emitida para bookmaker 4: 18 (Red)","timestamp":"2025-11-09 10:31:39"}
{"level":"error","message":"Roulette prediction failed for bookmaker 4: Error","timestamp":"2025-11-09 10:31:40"}
{"level":"info","message":"Gateway Roulette inicializado","timestamp":"2025-11-09 10:31:46"}
{"level":"info","message":"Inicializando conexiones WebSocket de Ruleta","timestamp":"2025-11-09 10:31:46"}
{"level":"info","message":"WebSocket connected for roulette 4 (pragmatic-roulette-macao)","timestamp":"2025-11-09 10:31:47"}
{"level":"info","message":"Handshake sent for roulette 4 (pragmatic-roulette-macao)","timestamp":"2025-11-09 10:31:47"}
{"level":"info","message":"WebSocket connected for roulette 6 (lightning-roulette)","timestamp":"2025-11-09 10:31:47"}
{"level":"info","message":"Handshake sent for roulette 6 (lightning-roulette)","timestamp":"2025-11-09 10:31:47"}
{"level":"info","message":"WebSocket connected for roulette 5 (pragmatic-mega-roulette)","timestamp":"2025-11-09 10:31:47"}
{"level":"info","message":"Handshake sent for roulette 5 (pragmatic-mega-roulette)","timestamp":"2025-11-09 10:31:47"}
{"level":"info","message":"📡 Nueva ronda de ruleta emitida para bookmaker 6: 10 (Black)","timestamp":"2025-11-09 10:31:59"}
{"level":"error","message":"Roulette prediction failed for bookmaker 6: Error","timestamp":"2025-11-09 10:31:59"}
{"level":"info","message":"Gateway Roulette inicializado","timestamp":"2025-11-09 10:32:03"}
{"level":"info","message":"Inicializando conexiones WebSocket de Ruleta","timestamp":"2025-11-09 10:32:03"}
{"level":"info","message":"WebSocket connected for roulette 4 (pragmatic-roulette-macao)","timestamp":"2025-11-09 10:32:04"}
{"level":"info","message":"Handshake sent for roulette 4 (pragmatic-roulette-macao)","timestamp":"2025-11-09 10:32:04"}
{"level":"info","message":"WebSocket connected for roulette 6 (lightning-roulette)","timestamp":"2025-11-09 10:32:04"}
{"level":"info","message":"Handshake sent for roulette 6 (lightning-roulette)","timestamp":"2025-11-09 10:32:04"}
{"level":"info","message":"WebSocket connected for roulette 5 (pragmatic-mega-roulette)","timestamp":"2025-11-09 10:32:04"}
{"level":"info","message":"Handshake sent for roulette 5 (pragmatic-mega-roulette)","timestamp":"2025-11-09 10:32:04"}
{"level":"info","message":"📡 Nueva ronda de ruleta emitida para bookmaker 4: 12 (Red)","timestamp":"2025-11-09 10:32:20"}
{"level":"error","message":"Roulette prediction failed for bookmaker 4: Error","timestamp":"2025-11-09 10:32:20"}
{"level":"info","message":"📡 Nueva ronda de ruleta emitida para bookmaker 6: 2 (Black)","timestamp":"2025-11-09 10:32:45"}
{"level":"error","message":"Roulette prediction failed for bookmaker 6: Error","timestamp":"2025-11-09 10:32:46"}
{"level":"info","message":"📡 Nueva ronda de ruleta emitida para bookmaker 4: 16 (Red)","timestamp":"2025-11-09 10:33:03"}
{"level":"error","message":"Roulette prediction failed for bookmaker 4: Error","timestamp":"2025-11-09 10:33:03"}
{"level":"info","message":"📡 Nueva ronda de ruleta emitida para bookmaker 6: 22 (Black)","timestamp":"2025-11-09 10:33:34"}
{"level":"error","message":"Roulette prediction failed for bookmaker 6: Error","timestamp":"2025-11-09 10:33:34"}
{"level":"info","message":"📡 Nueva ronda de ruleta emitida para bookmaker 4: 0 (Green)","timestamp":"2025-11-09 10:33:43"}
{"level":"error","message":"Roulette prediction failed for bookmaker 4: Error","timestamp":"2025-11-09 10:33:44"}
{"level":"info","message":"📡 Nueva ronda de ruleta emitida para bookmaker 6: 31 (Black)","timestamp":"2025-11-09 10:34:24"}
{"level":"error","message":"Roulette prediction failed for bookmaker 6: Error","timestamp":"2025-11-09 10:34:24"}
{"level":"info","message":"📡 Nueva ronda de ruleta emitida para bookmaker 4: 25 (Red)","timestamp":"2025-11-09 10:34:26"}
{"level":"error","message":"Roulette prediction failed for bookmaker 4: Error","timestamp":"2025-11-09 10:34:27"}
{"level":"info","message":"📡 Nueva ronda de ruleta emitida para bookmaker 4: 19 (Red)","timestamp":"2025-11-09 10:35:05"}
{"level":"error","message":"Roulette prediction failed for bookmaker 4: Error","timestamp":"2025-11-09 10:35:06"}
{"level":"info","message":"📡 Nueva ronda de ruleta emitida para bookmaker 6: 11 (Black)","timestamp":"2025-11-09 10:36:06"}
{"level":"error","message":"Roulette prediction failed for bookmaker 6: Error","timestamp":"2025-11-09 10:36:06"}
{"level":"info","message":"📡 Nueva ronda de ruleta emitida para bookmaker 4: 25 (Red)","timestamp":"2025-11-09 10:36:26"}
{"level":"error","message":"Roulette prediction failed for bookmaker 4: Error","timestamp":"2025-11-09 10:36:27"}
{"level":"info","message":"📡 Nueva ronda de ruleta emitida para bookmaker 6: 7 (Red)","timestamp":"2025-11-09 10:36:58"}
{"level":"error","message":"Roulette prediction failed for bookmaker 6: Error","timestamp":"2025-11-09 10:36:58"}
{"level":"info","message":"📡 Nueva ronda de ruleta emitida para bookmaker 4: 1 (Red)","timestamp":"2025-11-09 10:37:07"}
{"level":"error","message":"Roulette prediction failed for bookmaker 4: Error","timestamp":"2025-11-09 10:37:08"}
{"level":"info","message":"📡 Nueva ronda de ruleta emitida para bookmaker 4: 25 (Red)","timestamp":"2025-11-09 10:37:49"}
{"level":"error","message":"Roulette prediction failed for bookmaker 4: Error","timestamp":"2025-11-09 10:37:49"}
{"level":"info","message":"📡 Nueva ronda de ruleta emitida para bookmaker 6: 1 (Red)","timestamp":"2025-11-09 10:37:53"}
{"level":"error","message":"Roulette prediction failed for bookmaker 6: Error","timestamp":"2025-11-09 10:37:53"}
{"level":"info","message":"📡 Nueva ronda de ruleta emitida para bookmaker 4: 31 (Black)","timestamp":"2025-11-09 10:38:31"}
{"level":"error","message":"Roulette prediction failed for bookmaker 4: Error","timestamp":"2025-11-09 10:38:31"}
{"level":"info","message":"📡 Nueva ronda de ruleta emitida para bookmaker 6: 30 (Red)","timestamp":"2025-11-09 10:38:41"}
{"level":"error","message":"Roulette prediction failed for bookmaker 6: Error","timestamp":"2025-11-09 10:38:41"}
{"level":"info","message":"📡 Nueva ronda de ruleta emitida para bookmaker 4: 5 (Red)","timestamp":"2025-11-09 10:39:12"}
{"level":"error","message":"Roulette prediction failed for bookmaker 4: Error","timestamp":"2025-11-09 10:39:12"}
{"level":"info","message":"📡 Nueva ronda de ruleta emitida para bookmaker 6: 23 (Red)","timestamp":"2025-11-09 10:39:37"}
{"level":"error","message":"Roulette prediction failed for bookmaker 6: Error","timestamp":"2025-11-09 10:39:37"}
{"level":"info","message":"📡 Nueva ronda de ruleta emitida para bookmaker 4: 6 (Black)","timestamp":"2025-11-09 10:39:56"}
{"level":"error","message":"Roulette prediction failed for bookmaker 4: Error","timestamp":"2025-11-09 10:39:56"}
{"level":"info","message":"📡 Nueva ronda de ruleta emitida para bookmaker 6: 0 (Green)","timestamp":"2025-11-09 10:40:24"}
{"level":"error","message":"Roulette prediction failed for bookmaker 6: Error","timestamp":"2025-11-09 10:40:24"}
{"level":"info","message":"📡 Nueva ronda de ruleta emitida para bookmaker 4: 2 (Black)","timestamp":"2025-11-09 10:40:36"}
{"level":"error","message":"Roulette prediction failed for bookmaker 4: Error","timestamp":"2025-11-09 10:40:36"}
{"level":"info","message":"📡 Nueva ronda de ruleta emitida para bookmaker 4: 4 (Black)","timestamp":"2025-11-09 10:41:17"}
{"level":"error","message":"Roulette prediction failed for bookmaker 4: Error","timestamp":"2025-11-09 10:41:17"}
{"level":"info","message":"📡 Nueva ronda de ruleta emitida para bookmaker 4: 36 (Red)","timestamp":"2025-11-09 10:41:59"}
{"level":"error","message":"Roulette prediction failed for bookmaker 4: Error","timestamp":"2025-11-09 10:41:59"}
{"level":"info","message":"📡 Nueva ronda de ruleta emitida para bookmaker 6: 30 (Red)","timestamp":"2025-11-09 10:42:08"}
{"level":"error","message":"Roulette prediction failed for bookmaker 6: Error","timestamp":"2025-11-09 10:42:08"}
{"level":"info","message":"📡 Nueva ronda de ruleta emitida para bookmaker 4: 21 (Red)","timestamp":"2025-11-09 10:42:41"}
{"level":"error","message":"Roulette prediction failed for bookmaker 4: Error","timestamp":"2025-11-09 10:42:41"}
{"level":"info","message":"📡 Nueva ronda de ruleta emitida para bookmaker 6: 0 (Green)","timestamp":"2025-11-09 10:43:03"}
{"level":"error","message":"Roulette prediction failed for bookmaker 6: Error","timestamp":"2025-11-09 10:43:03"}
{"level":"info","message":"📡 Nueva ronda de ruleta emitida para bookmaker 4: 4 (Black)","timestamp":"2025-11-09 10:43:24"}
{"level":"error","message":"Roulette prediction failed for bookmaker 4: Error","timestamp":"2025-11-09 10:43:24"}
{"level":"info","message":"📡 Nueva ronda de ruleta emitida para bookmaker 6: 7 (Red)","timestamp":"2025-11-09 10:43:57"}
{"level":"error","message":"Roulette prediction failed for bookmaker 6: Error","timestamp":"2025-11-09 10:43:57"}
{"level":"info","message":"📡 Nueva ronda de ruleta emitida para bookmaker 4: 7 (Red)","timestamp":"2025-11-09 10:44:06"}
{"level":"error","message":"Roulette prediction failed for bookmaker 4: Error","timestamp":"2025-11-09 10:44:06"}
{"level":"info","message":"📡 Nueva ronda de ruleta emitida para bookmaker 4: 19 (Red)","timestamp":"2025-11-09 10:44:46"}
{"level":"error","message":"Roulette prediction failed for bookmaker 4: Error","timestamp":"2025-11-09 10:44:46"}
{"level":"info","message":"📡 Nueva ronda de ruleta emitida para bookmaker 6: 35 (Black)","timestamp":"2025-11-09 10:44:49"}
{"level":"error","message":"Roulette prediction failed for bookmaker 6: Error","timestamp":"2025-11-09 10:44:49"}
{"level":"info","message":"📡 Nueva ronda de ruleta emitida para bookmaker 4: 5 (Red)","timestamp":"2025-11-09 10:45:26"}
{"level":"error","message":"Roulette prediction failed for bookmaker 4: Error","timestamp":"2025-11-09 10:45:26"}
{"level":"info","message":"📡 Nueva ronda de ruleta emitida para bookmaker 6: 31 (Black)","timestamp":"2025-11-09 10:45:47"}
{"level":"error","message":"Roulette prediction failed for bookmaker 6: Error","timestamp":"2025-11-09 10:45:47"}
{"level":"info","message":"📡 Nueva ronda de ruleta emitida para bookmaker 4: 0 (Green)","timestamp":"2025-11-09 10:46:06"}
{"level":"error","message":"Roulette prediction failed for bookmaker 4: Error","timestamp":"2025-11-09 10:46:07"}
{"level":"info","message":"📡 Nueva ronda de ruleta emitida para bookmaker 6: 23 (Red)","timestamp":"2025-11-09 10:46:39"}
{"level":"error","message":"Roulette prediction failed for bookmaker 6: Error","timestamp":"2025-11-09 10:46:39"}
{"level":"info","message":"📡 Nueva ronda de ruleta emitida para bookmaker 4: 8 (Black)","timestamp":"2025-11-09 10:46:49"}
{"level":"error","message":"Roulette prediction failed for bookmaker 4: Error","timestamp":"2025-11-09 10:46:50"}
{"level":"info","message":"📡 Nueva ronda de ruleta emitida para bookmaker 4: 4 (Black)","timestamp":"2025-11-09 10:47:29"}
{"level":"error","message":"Roulette prediction failed for bookmaker 4: Error","timestamp":"2025-11-09 10:47:30"}
{"level":"info","message":"📡 Nueva ronda de ruleta emitida para bookmaker 4: 33 (Black)","timestamp":"2025-11-09 10:48:11"}
{"level":"error","message":"Roulette prediction failed for bookmaker 4: Error","timestamp":"2025-11-09 10:48:12"}
{"level":"info","message":"📡 Nueva ronda de ruleta emitida para bookmaker 6: 14 (Red)","timestamp":"2025-11-09 10:48:24"}
{"level":"error","message":"Roulette prediction failed for bookmaker 6: Error","timestamp":"2025-11-09 10:48:25"}
{"level":"info","message":"📡 Nueva ronda de ruleta emitida para bookmaker 4: 13 (Black)","timestamp":"2025-11-09 10:48:54"}
{"level":"error","message":"Roulette prediction failed for bookmaker 4: Error","timestamp":"2025-11-09 10:48:54"}
{"level":"info","message":"📡 Nueva ronda de ruleta emitida para bookmaker 6: 2 (Black)","timestamp":"2025-11-09 10:49:20"}
{"level":"error","message":"Roulette prediction failed for bookmaker 6: Error","timestamp":"2025-11-09 10:49:20"}
{"level":"info","message":"📡 Nueva ronda de ruleta emitida para bookmaker 4: 33 (Black)","timestamp":"2025-11-09 10:49:35"}
{"level":"error","message":"Roulette prediction failed for bookmaker 4: Error","timestamp":"2025-11-09 10:49:35"}
{"level":"info","message":"📡 Nueva ronda de ruleta emitida para bookmaker 6: 19 (Red)","timestamp":"2025-11-09 10:50:11"}
{"level":"error","message":"Roulette prediction failed for bookmaker 6: Error","timestamp":"2025-11-09 10:50:11"}
{"level":"info","message":"📡 Nueva ronda de ruleta emitida para bookmaker 4: 6 (Black)","timestamp":"2025-11-09 10:50:14"}
{"level":"error","message":"Roulette prediction failed for bookmaker 4: Error","timestamp":"2025-11-09 10:50:15"}
{"level":"info","message":"📡 Nueva ronda de ruleta emitida para bookmaker 4: 10 (Black)","timestamp":"2025-11-09 10:50:58"}
{"level":"error","message":"Roulette prediction failed for bookmaker 4: Error","timestamp":"2025-11-09 10:50:58"}
{"level":"info","message":"📡 Nueva ronda de ruleta emitida para bookmaker 6: 0 (Green)","timestamp":"2025-11-09 10:51:01"}
{"level":"error","message":"Roulette prediction failed for bookmaker 6: Error","timestamp":"2025-11-09 10:51:01"}
{"level":"info","message":"📡 Nueva ronda de ruleta emitida para bookmaker 4: 2 (Black)","timestamp":"2025-11-09 10:51:37"}
{"level":"error","message":"Roulette prediction failed for bookmaker 4: Error","timestamp":"2025-11-09 10:51:37"}
{"level":"info","message":"📡 Nueva ronda de ruleta emitida para bookmaker 6: 8 (Black)","timestamp":"2025-11-09 10:51:47"}
{"level":"error","message":"Roulette prediction failed for bookmaker 6: Error","timestamp":"2025-11-09 10:51:48"}
{"level":"info","message":"📡 Nueva ronda de ruleta emitida para bookmaker 4: 28 (Black)","timestamp":"2025-11-09 10:52:19"}
{"level":"error","message":"Roulette prediction failed for bookmaker 4: Error","timestamp":"2025-11-09 10:52:19"}
{"level":"info","message":"📡 Nueva ronda de ruleta emitida para bookmaker 6: 15 (Black)","timestamp":"2025-11-09 10:52:39"}
{"level":"error","message":"Roulette prediction failed for bookmaker 6: Error","timestamp":"2025-11-09 10:52:39"}
{"level":"info","message":"📡 Nueva ronda de ruleta emitida para bookmaker 4: 26 (Black)","timestamp":"2025-11-09 10:53:00"}
{"level":"error","message":"Roulette prediction failed for bookmaker 4: Error","timestamp":"2025-11-09 10:53:00"}
{"level":"info","message":"📡 Nueva ronda de ruleta emitida para bookmaker 4: 31 (Black)","timestamp":"2025-11-09 10:53:40"}
{"level":"error","message":"Roulette prediction failed for bookmaker 4: Error","timestamp":"2025-11-09 10:53:41"}
{"level":"info","message":"📡 Nueva ronda de ruleta emitida para bookmaker 4: 11 (Black)","timestamp":"2025-11-09 10:54:24"}
{"level":"error","message":"Roulette prediction failed for bookmaker 4: Error","timestamp":"2025-11-09 10:54:24"}
{"level":"info","message":"📡 Nueva ronda de ruleta emitida para bookmaker 4: 3 (Red)","timestamp":"2025-11-09 10:55:11"}
{"level":"error","message":"Roulette prediction failed for bookmaker 4: Error","timestamp":"2025-11-09 10:55:11"}
{"level":"info","message":"📡 Nueva ronda de ruleta emitida para bookmaker 6: 31 (Black)","timestamp":"2025-11-09 10:55:13"}
{"level":"error","message":"Roulette prediction failed for bookmaker 6: Error","timestamp":"2025-11-09 10:55:13"}
{"level":"info","message":"📡 Nueva ronda de ruleta emitida para bookmaker 4: 20 (Black)","timestamp":"2025-11-09 10:55:50"}
{"level":"error","message":"Roulette prediction failed for bookmaker 4: Error","timestamp":"2025-11-09 10:55:50"}
{"level":"info","message":"Gateway Roulette inicializado","timestamp":"2025-11-09 10:56:05"}
{"level":"info","message":"Inicializando conexiones WebSocket de Ruleta","timestamp":"2025-11-09 10:56:05"}
{"level":"info","message":"WebSocket connected for roulette 4 (pragmatic-roulette-macao)","timestamp":"2025-11-09 10:56:06"}
{"level":"info","message":"Handshake sent for roulette 4 (pragmatic-roulette-macao)","timestamp":"2025-11-09 10:56:06"}
{"level":"info","message":"WebSocket connected for roulette 5 (pragmatic-mega-roulette)","timestamp":"2025-11-09 10:56:06"}
{"level":"info","message":"Handshake sent for roulette 5 (pragmatic-mega-roulette)","timestamp":"2025-11-09 10:56:06"}
{"level":"info","message":"WebSocket connected for roulette 6 (lightning-roulette)","timestamp":"2025-11-09 10:56:06"}
{"level":"info","message":"Handshake sent for roulette 6 (lightning-roulette)","timestamp":"2025-11-09 10:56:06"}
{"level":"info","message":"📡 Nueva ronda de ruleta emitida para bookmaker 6: 9 (Red)","timestamp":"2025-11-09 10:56:07"}
{"level":"error","message":"Roulette prediction failed for bookmaker 6: Error","timestamp":"2025-11-09 10:56:07"}
{"level":"info","message":"Gateway Roulette inicializado","timestamp":"2025-11-09 10:56:19"}
{"level":"info","message":"Inicializando conexiones WebSocket de Ruleta","timestamp":"2025-11-09 10:56:19"}
{"level":"info","message":"WebSocket connected for roulette 6 (lightning-roulette)","timestamp":"2025-11-09 10:56:19"}
{"level":"info","message":"WebSocket connected for roulette 4 (pragmatic-roulette-macao)","timestamp":"2025-11-09 10:56:19"}
{"level":"info","message":"Handshake sent for roulette 4 (pragmatic-roulette-macao)","timestamp":"2025-11-09 10:56:19"}
{"level":"info","message":"Handshake sent for roulette 6 (lightning-roulette)","timestamp":"2025-11-09 10:56:19"}
{"level":"info","message":"WebSocket connected for roulette 5 (pragmatic-mega-roulette)","timestamp":"2025-11-09 10:56:19"}
{"level":"info","message":"Handshake sent for roulette 5 (pragmatic-mega-roulette)","timestamp":"2025-11-09 10:56:19"}
{"level":"info","message":"📡 Nueva ronda de ruleta emitida para bookmaker 4: 19 (Red)","timestamp":"2025-11-09 10:56:30"}
{"level":"error","message":"Roulette prediction failed for bookmaker 4: Error","timestamp":"2025-11-09 10:56:30"}
{"level":"info","message":"📡 Nueva ronda de ruleta emitida para bookmaker 6: 1 (Red)","timestamp":"2025-11-09 10:56:50"}
{"level":"error","message":"Roulette prediction failed for bookmaker 6: Error","timestamp":"2025-11-09 10:56:50"}
{"level":"info","message":"📡 Nueva ronda de ruleta emitida para bookmaker 4: 19 (Red)","timestamp":"2025-11-09 10:57:08"}
{"level":"error","message":"Roulette prediction failed for bookmaker 4: Error","timestamp":"2025-11-09 10:57:09"}
{"level":"info","message":"📡 Nueva ronda de ruleta emitida para bookmaker 4: 17 (Black)","timestamp":"2025-11-09 10:57:47"}
{"level":"error","message":"Roulette prediction failed for bookmaker 4: Error","timestamp":"2025-11-09 10:57:48"}
{"level":"info","message":"📡 Nueva ronda de ruleta emitida para bookmaker 6: 13 (Black)","timestamp":"2025-11-09 10:57:48"}
{"level":"error","message":"Roulette prediction failed for bookmaker 6: Error","timestamp":"2025-11-09 10:57:48"}
{"level":"info","message":"📡 Nueva ronda de ruleta emitida para bookmaker 4: 8 (Black)","timestamp":"2025-11-09 10:58:24"}
{"level":"error","message":"Roulette prediction failed for bookmaker 4: Error","timestamp":"2025-11-09 10:58:24"}
{"level":"info","message":"📡 Nueva ronda de ruleta emitida para bookmaker 6: 12 (Red)","timestamp":"2025-11-09 10:58:35"}
{"level":"error","message":"Roulette prediction failed for bookmaker 6: Error","timestamp":"2025-11-09 10:58:36"}
{"level":"info","message":"📡 Nueva ronda de ruleta emitida para bookmaker 4: 18 (Red)","timestamp":"2025-11-09 10:59:04"}
{"level":"error","message":"Roulette prediction failed for bookmaker 4: Error","timestamp":"2025-11-09 10:59:05"}
{"level":"info","message":"Gateway Roulette inicializado","timestamp":"2025-11-09 10:59:31"}
{"level":"info","message":"Inicializando conexiones WebSocket de Ruleta","timestamp":"2025-11-09 10:59:31"}
{"level":"info","message":"WebSocket connected for roulette 5 (pragmatic-mega-roulette)","timestamp":"2025-11-09 10:59:32"}
{"level":"info","message":"WebSocket connected for roulette 4 (pragmatic-roulette-macao)","timestamp":"2025-11-09 10:59:32"}
{"level":"info","message":"Handshake sent for roulette 4 (pragmatic-roulette-macao)","timestamp":"2025-11-09 10:59:32"}
{"level":"info","message":"Handshake sent for roulette 5 (pragmatic-mega-roulette)","timestamp":"2025-11-09 10:59:32"}
{"level":"info","message":"WebSocket connected for roulette 6 (lightning-roulette)","timestamp":"2025-11-09 10:59:32"}
{"level":"info","message":"Handshake sent for roulette 6 (lightning-roulette)","timestamp":"2025-11-09 10:59:32"}
{"level":"info","message":"📡 Nueva ronda de ruleta emitida para bookmaker 4: 15 (Black)","timestamp":"2025-11-09 10:59:42"}
{"level":"error","message":"Roulette prediction failed for bookmaker 4: Error","timestamp":"2025-11-09 10:59:42"}
{"level":"info","message":"📡 Nueva ronda de ruleta emitida para bookmaker 4: 9 (Red)","timestamp":"2025-11-09 11:00:23"}
{"level":"error","message":"Roulette prediction failed for bookmaker 4: Error","timestamp":"2025-11-09 11:00:23"}
{"level":"info","message":"📡 Nueva ronda de ruleta emitida para bookmaker 4: 34 (Red)","timestamp":"2025-11-09 11:01:01"}
{"level":"error","message":"Roulette prediction failed for bookmaker 4: Error","timestamp":"2025-11-09 11:01:01"}
{"level":"info","message":"📡 Nueva ronda de ruleta emitida para bookmaker 6: 27 (Red)","timestamp":"2025-11-09 11:01:09"}
{"level":"error","message":"Roulette prediction failed for bookmaker 6: Error","timestamp":"2025-11-09 11:01:10"}
{"level":"info","message":"📡 Nueva ronda de ruleta emitida para bookmaker 6: 28 (Black)","timestamp":"2025-11-09 11:01:58"}
{"level":"error","message":"Roulette prediction failed for bookmaker 6: Error","timestamp":"2025-11-09 11:01:58"}
{"level":"info","message":"📡 Nueva ronda de ruleta emitida para bookmaker 4: 20 (Black)","timestamp":"2025-11-09 11:02:19"}
{"level":"error","message":"Roulette prediction failed for bookmaker 4: Error","timestamp":"2025-11-09 11:02:19"}
{"level":"info","message":"📡 Nueva ronda de ruleta emitida para bookmaker 6: 5 (Red)","timestamp":"2025-11-09 11:02:49"}
{"level":"error","message":"Roulette prediction failed for bookmaker 6: Error","timestamp":"2025-11-09 11:02:49"}
{"level":"info","message":"📡 Nueva ronda de ruleta emitida para bookmaker 4: 15 (Black)","timestamp":"2025-11-09 11:02:55"}
{"level":"error","message":"Roulette prediction failed for bookmaker 4: Error","timestamp":"2025-11-09 11:02:55"}
{"level":"info","message":"📡 Nueva ronda de ruleta emitida para bookmaker 4: 4 (Black)","timestamp":"2025-11-09 11:03:32"}
{"level":"error","message":"Roulette prediction failed for bookmaker 4: Error","timestamp":"2025-11-09 11:03:32"}
{"level":"info","message":"📡 Nueva ronda de ruleta emitida para bookmaker 6: 0 (Green)","timestamp":"2025-11-09 11:03:44"}
{"level":"error","message":"Roulette prediction failed for bookmaker 6: Error","timestamp":"2025-11-09 11:03:44"}
{"level":"info","message":"📡 Nueva ronda de ruleta emitida para bookmaker 4: 13 (Black)","timestamp":"2025-11-09 11:04:13"}
{"level":"error","message":"Roulette prediction failed for bookmaker 4: Error","timestamp":"2025-11-09 11:04:13"}
{"level":"info","message":"📡 Nueva ronda de ruleta emitida para bookmaker 6: 30 (Red)","timestamp":"2025-11-09 11:04:29"}
{"level":"error","message":"Roulette prediction failed for bookmaker 6: Error","timestamp":"2025-11-09 11:04:29"}
{"level":"info","message":"📡 Nueva ronda de ruleta emitida para bookmaker 6: 0 (Green)","timestamp":"2025-11-09 11:05:21"}
{"level":"error","message":"Roulette prediction failed for bookmaker 6: Error","timestamp":"2025-11-09 11:05:21"}
{"level":"info","message":"📡 Nueva ronda de ruleta emitida para bookmaker 4: 11 (Black)","timestamp":"2025-11-09 11:05:29"}
{"level":"error","message":"Roulette prediction failed for bookmaker 4: Error","timestamp":"2025-11-09 11:05:29"}
{"level":"info","message":"📡 Nueva ronda de ruleta emitida para bookmaker 4: 24 (Black)","timestamp":"2025-11-09 11:06:07"}
{"level":"error","message":"Roulette prediction failed for bookmaker 4: Error","timestamp":"2025-11-09 11:06:07"}
{"level":"info","message":"📡 Nueva ronda de ruleta emitida para bookmaker 4: 16 (Red)","timestamp":"2025-11-09 11:06:45"}
{"level":"error","message":"Roulette prediction failed for bookmaker 4: Error","timestamp":"2025-11-09 11:06:45"}
{"level":"info","message":"📡 Nueva ronda de ruleta emitida para bookmaker 6: 28 (Black)","timestamp":"2025-11-09 11:07:07"}
{"level":"error","message":"Roulette prediction failed for bookmaker 6: Error","timestamp":"2025-11-09 11:07:07"}
{"level":"info","message":"📡 Nueva ronda de ruleta emitida para bookmaker 4: 11 (Black)","timestamp":"2025-11-09 11:07:23"}
{"level":"error","message":"Roulette prediction failed for bookmaker 4: Error","timestamp":"2025-11-09 11:07:23"}
{"level":"info","message":"📡 Nueva ronda de ruleta emitida para bookmaker 6: 16 (Red)","timestamp":"2025-11-09 11:07:58"}
{"level":"error","message":"Roulette prediction failed for bookmaker 6: Error","timestamp":"2025-11-09 11:07:58"}
{"level":"info","message":"📡 Nueva ronda de ruleta emitida para bookmaker 4: 0 (Green)","timestamp":"2025-11-09 11:08:02"}
{"level":"error","message":"Roulette prediction failed for bookmaker 4: Error","timestamp":"2025-11-09 11:08:02"}
{"level":"info","message":"Gateway Roulette inicializado","timestamp":"2025-11-09 11:08:42"}
{"level":"info","message":"Inicializando conexiones WebSocket de Ruleta","timestamp":"2025-11-09 11:08:42"}
{"level":"info","message":"WebSocket connected for roulette 6 (lightning-roulette)","timestamp":"2025-11-09 11:08:43"}
{"level":"info","message":"Handshake sent for roulette 6 (lightning-roulette)","timestamp":"2025-11-09 11:08:43"}
{"level":"info","message":"WebSocket connected for roulette 4 (pragmatic-roulette-macao)","timestamp":"2025-11-09 11:08:43"}
{"level":"info","message":"Handshake sent for roulette 4 (pragmatic-roulette-macao)","timestamp":"2025-11-09 11:08:43"}
{"level":"info","message":"WebSocket connected for roulette 5 (pragmatic-mega-roulette)","timestamp":"2025-11-09 11:08:43"}
{"level":"info","message":"Handshake sent for roulette 5 (pragmatic-mega-roulette)","timestamp":"2025-11-09 11:08:43"}
{"level":"info","message":"📡 Nueva ronda de ruleta emitida para bookmaker 4: 2 (Black)","timestamp":"2025-11-09 11:08:44"}
{"level":"error","message":"Roulette prediction failed for bookmaker 4: Error","timestamp":"2025-11-09 11:08:44"}
{"level":"info","message":"📡 Nueva ronda de ruleta emitida para bookmaker 6: 5 (Red)","timestamp":"2025-11-09 11:08:49"}
{"level":"error","message":"Roulette prediction failed for bookmaker 6: Error","timestamp":"2025-11-09 11:08:49"}
{"level":"info","message":"📡 Nueva ronda de ruleta emitida para bookmaker 4: 9 (Red)","timestamp":"2025-11-09 11:09:20"}
{"level":"error","message":"Roulette prediction failed for bookmaker 4: Error","timestamp":"2025-11-09 11:09:20"}
{"level":"info","message":"📡 Nueva ronda de ruleta emitida para bookmaker 6: 4 (Black)","timestamp":"2025-11-09 11:09:42"}
{"level":"error","message":"Roulette prediction failed for bookmaker 6: Error","timestamp":"2025-11-09 11:09:42"}
{"level":"info","message":"📡 Nueva ronda de ruleta emitida para bookmaker 4: 34 (Red)","timestamp":"2025-11-09 11:09:58"}
{"level":"error","message":"Roulette prediction failed for bookmaker 4: Error","timestamp":"2025-11-09 11:09:58"}
{"level":"info","message":"📡 Nueva ronda de ruleta emitida para bookmaker 6: 30 (Red)","timestamp":"2025-11-09 11:10:28"}
{"level":"error","message":"Roulette prediction failed for bookmaker 6: Error","timestamp":"2025-11-09 11:10:28"}
{"level":"info","message":"📡 Nueva ronda de ruleta emitida para bookmaker 4: 25 (Red)","timestamp":"2025-11-09 11:10:34"}
{"level":"error","message":"Roulette prediction failed for bookmaker 4: Error","timestamp":"2025-11-09 11:10:34"}
{"level":"info","message":"📡 Nueva ronda de ruleta emitida para bookmaker 4: 28 (Black)","timestamp":"2025-11-09 11:11:15"}
{"level":"error","message":"Roulette prediction failed for bookmaker 4: Error","timestamp":"2025-11-09 11:11:15"}
{"level":"info","message":"📡 Nueva ronda de ruleta emitida para bookmaker 6: 0 (Green)","timestamp":"2025-11-09 11:11:20"}
{"level":"error","message":"Roulette prediction failed for bookmaker 6: Error","timestamp":"2025-11-09 11:11:20"}
{"level":"info","message":"📡 Nueva ronda de ruleta emitida para bookmaker 4: 28 (Black)","timestamp":"2025-11-09 11:11:53"}
{"level":"error","message":"Roulette prediction failed for bookmaker 4: Error","timestamp":"2025-11-09 11:11:53"}
{"level":"info","message":"Gateway Roulette inicializado","timestamp":"2025-11-09 11:12:50"}
{"level":"info","message":"Inicializando conexiones WebSocket de Ruleta","timestamp":"2025-11-09 11:12:50"}
{"level":"info","message":"WebSocket connected for roulette 5 (pragmatic-mega-roulette)","timestamp":"2025-11-09 11:12:51"}
{"level":"info","message":"Handshake sent for roulette 5 (pragmatic-mega-roulette)","timestamp":"2025-11-09 11:12:51"}
{"level":"info","message":"WebSocket connected for roulette 4 (pragmatic-roulette-macao)","timestamp":"2025-11-09 11:12:51"}
{"level":"info","message":"Handshake sent for roulette 4 (pragmatic-roulette-macao)","timestamp":"2025-11-09 11:12:51"}
{"level":"info","message":"WebSocket connected for roulette 6 (lightning-roulette)","timestamp":"2025-11-09 11:12:51"}
{"level":"info","message":"Handshake sent for roulette 6 (lightning-roulette)","timestamp":"2025-11-09 11:12:51"}
{"level":"info","message":"📡 Nueva ronda de ruleta emitida para bookmaker 4: 2 (Black)","timestamp":"2025-11-09 11:12:52"}
{"level":"error","message":"Roulette prediction failed for bookmaker 4: Error","timestamp":"2025-11-09 11:12:52"}
{"level":"info","message":"📡 Nueva ronda de ruleta emitida para bookmaker 6: 15 (Black)","timestamp":"2025-11-09 11:13:02"}
{"level":"error","message":"Roulette prediction failed for bookmaker 6: Error","timestamp":"2025-11-09 11:13:02"}
{"level":"info","message":"📡 Nueva ronda de ruleta emitida para bookmaker 4: 25 (Red)","timestamp":"2025-11-09 11:13:10"}
{"level":"error","message":"Roulette prediction failed for bookmaker 4: Error","timestamp":"2025-11-09 11:13:10"}
{"level":"info","message":"📡 Nueva ronda de ruleta emitida para bookmaker 4: 31 (Black)","timestamp":"2025-11-09 11:13:48"}
{"level":"error","message":"Roulette prediction failed for bookmaker 4: Error","timestamp":"2025-11-09 11:13:48"}
{"level":"info","message":"📡 Nueva ronda de ruleta emitida para bookmaker 6: 14 (Red)","timestamp":"2025-11-09 11:13:57"}
{"level":"error","message":"Roulette prediction failed for bookmaker 6: Error","timestamp":"2025-11-09 11:13:58"}
{"level":"info","message":"📡 Nueva ronda de ruleta emitida para bookmaker 4: 21 (Red)","timestamp":"2025-11-09 11:14:27"}
{"level":"error","message":"Roulette prediction failed for bookmaker 4: Error","timestamp":"2025-11-09 11:14:27"}
{"level":"info","message":"📡 Nueva ronda de ruleta emitida para bookmaker 6: 28 (Black)","timestamp":"2025-11-09 11:14:44"}
{"level":"error","message":"Roulette prediction failed for bookmaker 6: Error","timestamp":"2025-11-09 11:14:44"}
{"level":"info","message":"📡 Nueva ronda de ruleta emitida para bookmaker 4: 7 (Red)","timestamp":"2025-11-09 11:15:06"}
{"level":"error","message":"Roulette prediction failed for bookmaker 4: Error","timestamp":"2025-11-09 11:15:06"}
{"level":"info","message":"📡 Nueva ronda de ruleta emitida para bookmaker 6: 22 (Black)","timestamp":"2025-11-09 11:15:37"}
{"level":"error","message":"Roulette prediction failed for bookmaker 6: Error","timestamp":"2025-11-09 11:15:37"}
{"level":"info","message":"📡 Nueva ronda de ruleta emitida para bookmaker 4: 27 (Red)","timestamp":"2025-11-09 11:15:41"}
{"level":"error","message":"Roulette prediction failed for bookmaker 4: Error","timestamp":"2025-11-09 11:15:41"}
{"level":"info","message":"📡 Nueva ronda de ruleta emitida para bookmaker 4: 2 (Black)","timestamp":"2025-11-09 11:16:21"}
{"level":"error","message":"Roulette prediction failed for bookmaker 4: Error","timestamp":"2025-11-09 11:16:21"}
{"level":"info","message":"📡 Nueva ronda de ruleta emitida para bookmaker 6: 32 (Red)","timestamp":"2025-11-09 11:16:22"}
{"level":"error","message":"Roulette prediction failed for bookmaker 6: Error","timestamp":"2025-11-09 11:16:22"}
{"level":"info","message":"📡 Nueva ronda de ruleta emitida para bookmaker 4: 19 (Red)","timestamp":"2025-11-09 11:17:36"}
{"level":"error","message":"Roulette prediction failed for bookmaker 4: Error","timestamp":"2025-11-09 11:17:36"}
{"level":"info","message":"📡 Nueva ronda de ruleta emitida para bookmaker 4: 11 (Black)","timestamp":"2025-11-09 11:18:16"}
{"level":"error","message":"Roulette prediction failed for bookmaker 4: Error","timestamp":"2025-11-09 11:18:16"}
{"level":"info","message":"📡 Nueva ronda de ruleta emitida para bookmaker 4: 16 (Red)","timestamp":"2025-11-09 11:18:52"}
{"level":"error","message":"Roulette prediction failed for bookmaker 4: Error","timestamp":"2025-11-09 11:18:52"}
{"level":"info","message":"📡 Nueva ronda de ruleta emitida para bookmaker 4: 12 (Red)","timestamp":"2025-11-09 11:19:32"}
{"level":"error","message":"Roulette prediction failed for bookmaker 4: Error","timestamp":"2025-11-09 11:19:32"}
{"level":"info","message":"📡 Nueva ronda de ruleta emitida para bookmaker 6: 30 (Red)","timestamp":"2025-11-09 11:19:54"}
{"level":"error","message":"Roulette prediction failed for bookmaker 6: Error","timestamp":"2025-11-09 11:19:54"}
{"level":"info","message":"📡 Nueva ronda de ruleta emitida para bookmaker 4: 24 (Black)","timestamp":"2025-11-09 11:20:09"}
{"level":"error","message":"Roulette prediction failed for bookmaker 4: Error","timestamp":"2025-11-09 11:20:09"}
{"level":"info","message":"📡 Nueva ronda de ruleta emitida para bookmaker 4: 14 (Red)","timestamp":"2025-11-09 11:20:45"}
{"level":"error","message":"Roulette prediction failed for bookmaker 4: Error","timestamp":"2025-11-09 11:20:45"}
{"level":"info","message":"📡 Nueva ronda de ruleta emitida para bookmaker 6: 19 (Red)","timestamp":"2025-11-09 11:20:46"}
{"level":"error","message":"Roulette prediction failed for bookmaker 6: Error","timestamp":"2025-11-09 11:20:46"}
{"level":"info","message":"📡 Nueva ronda de ruleta emitida para bookmaker 4: 26 (Black)","timestamp":"2025-11-09 11:21:24"}
{"level":"error","message":"Roulette prediction failed for bookmaker 4: Error","timestamp":"2025-11-09 11:21:24"}
{"level":"info","message":"📡 Nueva ronda de ruleta emitida para bookmaker 4: 10 (Black)","timestamp":"2025-11-09 11:22:03"}
{"level":"error","message":"Roulette prediction failed for bookmaker 4: Error","timestamp":"2025-11-09 11:22:03"}
{"level":"info","message":"📡 Nueva ronda de ruleta emitida para bookmaker 6: 21 (Red)","timestamp":"2025-11-09 11:22:26"}
{"level":"error","message":"Roulette prediction failed for bookmaker 6: Error","timestamp":"2025-11-09 11:22:26"}
{"level":"info","message":"📡 Nueva ronda de ruleta emitida para bookmaker 4: 1 (Red)","timestamp":"2025-11-09 11:22:42"}
{"level":"error","message":"Roulette prediction failed for bookmaker 4: Error","timestamp":"2025-11-09 11:22:42"}
{"level":"info","message":"📡 Nueva ronda de ruleta emitida para bookmaker 6: 35 (Black)","timestamp":"2025-11-09 11:23:20"}
{"level":"error","message":"Roulette prediction failed for bookmaker 6: Error","timestamp":"2025-11-09 11:23:20"}
{"level":"info","message":"📡 Nueva ronda de ruleta emitida para bookmaker 4: 21 (Red)","timestamp":"2025-11-09 11:23:20"}
{"level":"error","message":"Roulette prediction failed for bookmaker 4: Error","timestamp":"2025-11-09 11:23:20"}
{"level":"info","message":"📡 Nueva ronda de ruleta emitida para bookmaker 4: 4 (Black)","timestamp":"2025-11-09 11:24:39"}
{"level":"error","message":"Roulette prediction failed for bookmaker 4: Error","timestamp":"2025-11-09 11:24:39"}
{"level":"info","message":"📡 Nueva ronda de ruleta emitida para bookmaker 4: 10 (Black)","timestamp":"2025-11-09 11:25:37"}
{"level":"error","message":"Roulette prediction failed for bookmaker 4: Error","timestamp":"2025-11-09 11:25:37"}
{"level":"info","message":"📡 Nueva ronda de ruleta emitida para bookmaker 6: 5 (Red)","timestamp":"2025-11-09 11:25:44"}
{"level":"error","message":"Roulette prediction failed for bookmaker 6: Error","timestamp":"2025-11-09 11:25:44"}
{"level":"info","message":"📡 Nueva ronda de ruleta emitida para bookmaker 4: 25 (Red)","timestamp":"2025-11-09 11:26:17"}
{"level":"error","message":"Roulette prediction failed for bookmaker 4: Error","timestamp":"2025-11-09 11:26:17"}
{"level":"info","message":"📡 Nueva ronda de ruleta emitida para bookmaker 6: 5 (Red)","timestamp":"2025-11-09 11:26:35"}
{"level":"error","message":"Roulette prediction failed for bookmaker 6: Error","timestamp":"2025-11-09 11:26:36"}
{"level":"info","message":"📡 Nueva ronda de ruleta emitida para bookmaker 4: 2 (Black)","timestamp":"2025-11-09 11:27:01"}
{"level":"error","message":"Roulette prediction failed for bookmaker 4: Error","timestamp":"2025-11-09 11:27:01"}
{"level":"info","message":"📡 Nueva ronda de ruleta emitida para bookmaker 6: 16 (Red)","timestamp":"2025-11-09 11:27:24"}
{"level":"error","message":"Roulette prediction failed for bookmaker 6: Error","timestamp":"2025-11-09 11:27:24"}
{"level":"info","message":"📡 Nueva ronda de ruleta emitida para bookmaker 4: 32 (Red)","timestamp":"2025-11-09 11:27:43"}
{"level":"error","message":"Roulette prediction failed for bookmaker 4: Error","timestamp":"2025-11-09 11:27:43"}
{"level":"info","message":"📡 Nueva ronda de ruleta emitida para bookmaker 6: 28 (Black)","timestamp":"2025-11-09 11:28:20"}
{"level":"error","message":"Roulette prediction failed for bookmaker 6: Error","timestamp":"2025-11-09 11:28:20"}
{"level":"info","message":"📡 Nueva ronda de ruleta emitida para bookmaker 4: 17 (Black)","timestamp":"2025-11-09 11:28:20"}
{"level":"error","message":"Roulette prediction failed for bookmaker 4: Error","timestamp":"2025-11-09 11:28:20"}
{"level":"info","message":"📡 Nueva ronda de ruleta emitida para bookmaker 4: 27 (Red)","timestamp":"2025-11-09 11:29:00"}
{"level":"error","message":"Roulette prediction failed for bookmaker 4: Error","timestamp":"2025-11-09 11:29:00"}
{"level":"info","message":"📡 Nueva ronda de ruleta emitida para bookmaker 6: 32 (Red)","timestamp":"2025-11-09 11:29:07"}
{"level":"error","message":"Roulette prediction failed for bookmaker 6: Error","timestamp":"2025-11-09 11:29:08"}
{"level":"info","message":"📡 Nueva ronda de ruleta emitida para bookmaker 4: 7 (Red)","timestamp":"2025-11-09 11:29:37"}
{"level":"error","message":"Roulette prediction failed for bookmaker 4: Error","timestamp":"2025-11-09 11:29:37"}
{"level":"info","message":"📡 Nueva ronda de ruleta emitida para bookmaker 6: 21 (Red)","timestamp":"2025-11-09 11:29:54"}
{"level":"error","message":"Roulette prediction failed for bookmaker 6: Error","timestamp":"2025-11-09 11:29:54"}
{"level":"info","message":"📡 Nueva ronda de ruleta emitida para bookmaker 4: 8 (Black)","timestamp":"2025-11-09 11:30:17"}
{"level":"error","message":"Roulette prediction failed for bookmaker 4: Error","timestamp":"2025-11-09 11:30:17"}
{"level":"info","message":"📡 Nueva ronda de ruleta emitida para bookmaker 4: 14 (Red)","timestamp":"2025-11-09 11:30:56"}
{"level":"error","message":"Roulette prediction failed for bookmaker 4: Error","timestamp":"2025-11-09 11:30:56"}
{"level":"info","message":"📡 Nueva ronda de ruleta emitida para bookmaker 6: 2 (Black)","timestamp":"2025-11-09 11:31:34"}
{"level":"error","message":"Roulette prediction failed for bookmaker 6: Error","timestamp":"2025-11-09 11:31:34"}
{"level":"info","message":"📡 Nueva ronda de ruleta emitida para bookmaker 4: 20 (Black)","timestamp":"2025-11-09 11:31:36"}
{"level":"error","message":"Roulette prediction failed for bookmaker 4: Error","timestamp":"2025-11-09 11:31:36"}
{"level":"info","message":"📡 Nueva ronda de ruleta emitida para bookmaker 4: 12 (Red)","timestamp":"2025-11-09 11:32:16"}
{"level":"error","message":"Roulette prediction failed for bookmaker 4: Error","timestamp":"2025-11-09 11:32:16"}
{"level":"info","message":"📡 Nueva ronda de ruleta emitida para bookmaker 6: 26 (Black)","timestamp":"2025-11-09 11:32:19"}
{"level":"error","message":"Roulette prediction failed for bookmaker 6: Error","timestamp":"2025-11-09 11:32:19"}
{"level":"info","message":"📡 Nueva ronda de ruleta emitida para bookmaker 4: 12 (Red)","timestamp":"2025-11-09 11:32:55"}
{"level":"error","message":"Roulette prediction failed for bookmaker 4: Error","timestamp":"2025-11-09 11:32:55"}
{"level":"info","message":"📡 Nueva ronda de ruleta emitida para bookmaker 6: 5 (Red)","timestamp":"2025-11-09 11:33:08"}
{"level":"error","message":"Roulette prediction failed for bookmaker 6: Error","timestamp":"2025-11-09 11:33:08"}
{"level":"info","message":"📡 Nueva ronda de ruleta emitida para bookmaker 4: 12 (Red)","timestamp":"2025-11-09 11:33:36"}
{"level":"error","message":"Roulette prediction failed for bookmaker 4: Error","timestamp":"2025-11-09 11:33:37"}
{"level":"info","message":"📡 Nueva ronda de ruleta emitida para bookmaker 6: 31 (Black)","timestamp":"2025-11-09 11:33:56"}
{"level":"error","message":"Roulette prediction failed for bookmaker 6: Error","timestamp":"2025-11-09 11:33:57"}
{"level":"info","message":"📡 Nueva ronda de ruleta emitida para bookmaker 4: 27 (Red)","timestamp":"2025-11-09 11:34:10"}
{"level":"error","message":"Roulette prediction failed for bookmaker 4: Error","timestamp":"2025-11-09 11:34:10"}
{"level":"info","message":"📡 Nueva ronda de ruleta emitida para bookmaker 4: 5 (Red)","timestamp":"2025-11-09 11:34:50"}
{"level":"error","message":"Roulette prediction failed for bookmaker 4: Error","timestamp":"2025-11-09 11:34:50"}
{"level":"info","message":"📡 Nueva ronda de ruleta emitida para bookmaker 4: 1 (Red)","timestamp":"2025-11-09 11:35:30"}
{"level":"error","message":"Roulette prediction failed for bookmaker 4: Error","timestamp":"2025-11-09 11:35:30"}
{"level":"info","message":"📡 Nueva ronda de ruleta emitida para bookmaker 6: 11 (Black)","timestamp":"2025-11-09 11:35:41"}
{"level":"error","message":"Roulette prediction failed for bookmaker 6: Error","timestamp":"2025-11-09 11:35:42"}
{"level":"info","message":"📡 Nueva ronda de ruleta emitida para bookmaker 4: 31 (Black)","timestamp":"2025-11-09 11:36:10"}
{"level":"error","message":"Roulette prediction failed for bookmaker 4: Error","timestamp":"2025-11-09 11:36:10"}
{"level":"info","message":"📡 Nueva ronda de ruleta emitida para bookmaker 4: 31 (Black)","timestamp":"2025-11-09 11:36:48"}
{"level":"error","message":"Roulette prediction failed for bookmaker 4: Error","timestamp":"2025-11-09 11:36:48"}
{"level":"info","message":"📡 Nueva ronda de ruleta emitida para bookmaker 4: 34 (Red)","timestamp":"2025-11-09 11:37:27"}
{"level":"error","message":"Roulette prediction failed for bookmaker 4: Error","timestamp":"2025-11-09 11:37:27"}
{"level":"info","message":"📡 Nueva ronda de ruleta emitida para bookmaker 4: 7 (Red)","timestamp":"2025-11-09 11:38:06"}
{"level":"error","message":"Roulette prediction failed for bookmaker 4: Error","timestamp":"2025-11-09 11:38:06"}
{"level":"info","message":"📡 Nueva ronda de ruleta emitida para bookmaker 6: 3 (Red)","timestamp":"2025-11-09 11:38:13"}
{"level":"error","message":"Roulette prediction failed for bookmaker 6: Error","timestamp":"2025-11-09 11:38:13"}
{"level":"info","message":"📡 Nueva ronda de ruleta emitida para bookmaker 4: 6 (Black)","timestamp":"2025-11-09 11:38:47"}
{"level":"error","message":"Roulette prediction failed for bookmaker 4: Error","timestamp":"2025-11-09 11:38:47"}
{"level":"info","message":"📡 Nueva ronda de ruleta emitida para bookmaker 6: 17 (Black)","timestamp":"2025-11-09 11:38:57"}
{"level":"error","message":"Roulette prediction failed for bookmaker 6: Error","timestamp":"2025-11-09 11:38:57"}
{"level":"info","message":"📡 Nueva ronda de ruleta emitida para bookmaker 4: 29 (Black)","timestamp":"2025-11-09 11:39:27"}
{"level":"error","message":"Roulette prediction failed for bookmaker 4: Error","timestamp":"2025-11-09 11:39:27"}
{"level":"info","message":"📡 Nueva ronda de ruleta emitida para bookmaker 6: 33 (Black)","timestamp":"2025-11-09 11:39:50"}
{"level":"error","message":"Roulette prediction failed for bookmaker 6: Error","timestamp":"2025-11-09 11:39:50"}
{"level":"info","message":"📡 Nueva ronda de ruleta emitida para bookmaker 4: 14 (Red)","timestamp":"2025-11-09 11:40:07"}
{"level":"error","message":"Roulette prediction failed for bookmaker 4: Error","timestamp":"2025-11-09 11:40:07"}
{"level":"info","message":"📡 Nueva ronda de ruleta emitida para bookmaker 6: 1 (Red)","timestamp":"2025-11-09 11:40:44"}
{"level":"error","message":"Roulette prediction failed for bookmaker 6: Error","timestamp":"2025-11-09 11:40:44"}
{"level":"info","message":"📡 Nueva ronda de ruleta emitida para bookmaker 4: 27 (Red)","timestamp":"2025-11-09 11:41:24"}
{"level":"error","message":"Roulette prediction failed for bookmaker 4: Error","timestamp":"2025-11-09 11:41:24"}
{"level":"info","message":"📡 Nueva ronda de ruleta emitida para bookmaker 6: 14 (Red)","timestamp":"2025-11-09 11:41:35"}
{"level":"error","message":"Roulette prediction failed for bookmaker 6: Error","timestamp":"2025-11-09 11:41:35"}
{"level":"info","message":"📡 Nueva ronda de ruleta emitida para bookmaker 4: 9 (Red)","timestamp":"2025-11-09 11:42:03"}
{"level":"error","message":"Roulette prediction failed for bookmaker 4: Error","timestamp":"2025-11-09 11:42:03"}
{"level":"info","message":"📡 Nueva ronda de ruleta emitida para bookmaker 6: 2 (Black)","timestamp":"2025-11-09 11:42:27"}
{"level":"error","message":"Roulette prediction failed for bookmaker 6: Error","timestamp":"2025-11-09 11:42:27"}
{"level":"info","message":"📡 Nueva ronda de ruleta emitida para bookmaker 4: 19 (Red)","timestamp":"2025-11-09 11:42:39"}
{"level":"error","message":"Roulette prediction failed for bookmaker 4: Error","timestamp":"2025-11-09 11:42:39"}
{"level":"info","message":"📡 Nueva ronda de ruleta emitida para bookmaker 4: 2 (Black)","timestamp":"2025-11-09 11:43:17"}
{"level":"error","message":"Roulette prediction failed for bookmaker 4: Error","timestamp":"2025-11-09 11:43:17"}
{"level":"info","message":"📡 Nueva ronda de ruleta emitida para bookmaker 4: 31 (Black)","timestamp":"2025-11-09 11:43:56"}
{"level":"error","message":"Roulette prediction failed for bookmaker 4: Error","timestamp":"2025-11-09 11:43:57"}
{"level":"info","message":"📡 Nueva ronda de ruleta emitida para bookmaker 6: 3 (Red)","timestamp":"2025-11-09 11:44:13"}
{"level":"error","message":"Roulette prediction failed for bookmaker 6: Error","timestamp":"2025-11-09 11:44:14"}
{"level":"info","message":"📡 Nueva ronda de ruleta emitida para bookmaker 4: 16 (Red)","timestamp":"2025-11-09 11:44:34"}
{"level":"error","message":"Roulette prediction failed for bookmaker 4: Error","timestamp":"2025-11-09 11:44:34"}
{"level":"info","message":"📡 Nueva ronda de ruleta emitida para bookmaker 6: 13 (Black)","timestamp":"2025-11-09 11:45:01"}
{"level":"error","message":"Roulette prediction failed for bookmaker 6: Error","timestamp":"2025-11-09 11:45:01"}
{"level":"info","message":"📡 Nueva ronda de ruleta emitida para bookmaker 4: 10 (Black)","timestamp":"2025-11-09 11:45:14"}
{"level":"error","message":"Roulette prediction failed for bookmaker 4: Error","timestamp":"2025-11-09 11:45:14"}
{"level":"info","message":"📡 Nueva ronda de ruleta emitida para bookmaker 6: 29 (Black)","timestamp":"2025-11-09 11:45:51"}
{"level":"error","message":"Roulette prediction failed for bookmaker 6: Error","timestamp":"2025-11-09 11:45:51"}
{"level":"info","message":"📡 Nueva ronda de ruleta emitida para bookmaker 4: 36 (Red)","timestamp":"2025-11-09 11:45:55"}
{"level":"error","message":"Roulette prediction failed for bookmaker 4: Error","timestamp":"2025-11-09 11:45:55"}
{"level":"info","message":"📡 Nueva ronda de ruleta emitida para bookmaker 4: 17 (Black)","timestamp":"2025-11-09 11:46:40"}
{"level":"error","message":"Roulette prediction failed for bookmaker 4: Error","timestamp":"2025-11-09 11:46:40"}
{"level":"info","message":"📡 Nueva ronda de ruleta emitida para bookmaker 6: 36 (Red)","timestamp":"2025-11-09 11:46:41"}
{"level":"error","message":"Roulette prediction failed for bookmaker 6: Error","timestamp":"2025-11-09 11:46:41"}
{"level":"info","message":"📡 Nueva ronda de ruleta emitida para bookmaker 4: 0 (Green)","timestamp":"2025-11-09 11:47:19"}
{"level":"error","message":"Roulette prediction failed for bookmaker 4: Error","timestamp":"2025-11-09 11:47:19"}
{"level":"info","message":"📡 Nueva ronda de ruleta emitida para bookmaker 6: 19 (Red)","timestamp":"2025-11-09 11:47:34"}
{"level":"error","message":"Roulette prediction failed for bookmaker 6: Error","timestamp":"2025-11-09 11:47:34"}
{"level":"info","message":"📡 Nueva ronda de ruleta emitida para bookmaker 4: 5 (Red)","timestamp":"2025-11-09 11:47:57"}
{"level":"error","message":"Roulette prediction failed for bookmaker 4: Error","timestamp":"2025-11-09 11:47:57"}
{"level":"info","message":"📡 Nueva ronda de ruleta emitida para bookmaker 6: 2 (Black)","timestamp":"2025-11-09 11:48:22"}
{"level":"error","message":"Roulette prediction failed for bookmaker 6: Error","timestamp":"2025-11-09 11:48:22"}
{"level":"info","message":"📡 Nueva ronda de ruleta emitida para bookmaker 4: 16 (Red)","timestamp":"2025-11-09 11:48:37"}
{"level":"error","message":"Roulette prediction failed for bookmaker 4: Error","timestamp":"2025-11-09 11:48:37"}
{"level":"info","message":"📡 Nueva ronda de ruleta emitida para bookmaker 4: 10 (Black)","timestamp":"2025-11-09 11:49:14"}
{"level":"error","message":"Roulette prediction failed for bookmaker 4: Error","timestamp":"2025-11-09 11:49:14"}
{"level":"info","message":"📡 Nueva ronda de ruleta emitida para bookmaker 4: 23 (Red)","timestamp":"2025-11-09 11:49:51"}
{"level":"error","message":"Roulette prediction failed for bookmaker 4: Error","timestamp":"2025-11-09 11:49:51"}
{"level":"info","message":"📡 Nueva ronda de ruleta emitida para bookmaker 6: 30 (Red)","timestamp":"2025-11-09 11:50:08"}
{"level":"error","message":"Roulette prediction failed for bookmaker 6: Error","timestamp":"2025-11-09 11:50:08"}
{"level":"info","message":"📡 Nueva ronda de ruleta emitida para bookmaker 4: 34 (Red)","timestamp":"2025-11-09 11:50:33"}
{"level":"error","message":"Roulette prediction failed for bookmaker 4: Error","timestamp":"2025-11-09 11:50:33"}
{"level":"info","message":"📡 Nueva ronda de ruleta emitida para bookmaker 6: 20 (Black)","timestamp":"2025-11-09 11:50:58"}
{"level":"error","message":"Roulette prediction failed for bookmaker 6: Error","timestamp":"2025-11-09 11:50:59"}
{"level":"info","message":"📡 Nueva ronda de ruleta emitida para bookmaker 4: 10 (Black)","timestamp":"2025-11-09 11:51:12"}
{"level":"error","message":"Roulette prediction failed for bookmaker 4: Error","timestamp":"2025-11-09 11:51:12"}
{"level":"info","message":"📡 Nueva ronda de ruleta emitida para bookmaker 6: 36 (Red)","timestamp":"2025-11-09 11:51:50"}
{"level":"error","message":"Roulette prediction failed for bookmaker 6: Error","timestamp":"2025-11-09 11:51:51"}
{"level":"info","message":"📡 Nueva ronda de ruleta emitida para bookmaker 4: 25 (Red)","timestamp":"2025-11-09 11:51:51"}
{"level":"error","message":"Roulette prediction failed for bookmaker 4: Error","timestamp":"2025-11-09 11:51:51"}
{"level":"info","message":"📡 Nueva ronda de ruleta emitida para bookmaker 4: 12 (Red)","timestamp":"2025-11-09 11:52:30"}
{"level":"error","message":"Roulette prediction failed for bookmaker 4: Error","timestamp":"2025-11-09 11:52:30"}
{"level":"info","message":"📡 Nueva ronda de ruleta emitida para bookmaker 6: 11 (Black)","timestamp":"2025-11-09 11:52:42"}
{"level":"error","message":"Roulette prediction failed for bookmaker 6: Error","timestamp":"2025-11-09 11:52:43"}
{"level":"info","message":"📡 Nueva ronda de ruleta emitida para bookmaker 4: 12 (Red)","timestamp":"2025-11-09 11:53:10"}
{"level":"error","message":"Roulette prediction failed for bookmaker 4: Error","timestamp":"2025-11-09 11:53:10"}
{"level":"info","message":"📡 Nueva ronda de ruleta emitida para bookmaker 6: 29 (Black)","timestamp":"2025-11-09 11:53:28"}
{"level":"error","message":"Roulette prediction failed for bookmaker 6: Error","timestamp":"2025-11-09 11:53:28"}
{"level":"info","message":"📡 Nueva ronda de ruleta emitida para bookmaker 4: 5 (Red)","timestamp":"2025-11-09 11:53:47"}
{"level":"error","message":"Roulette prediction failed for bookmaker 4: Error","timestamp":"2025-11-09 11:53:48"}
{"level":"info","message":"📡 Nueva ronda de ruleta emitida para bookmaker 6: 31 (Black)","timestamp":"2025-11-09 11:54:21"}
{"level":"error","message":"Roulette prediction failed for bookmaker 6: Error","timestamp":"2025-11-09 11:54:21"}
{"level":"info","message":"📡 Nueva ronda de ruleta emitida para bookmaker 4: 27 (Red)","timestamp":"2025-11-09 11:54:24"}
{"level":"error","message":"Roulette prediction failed for bookmaker 4: Error","timestamp":"2025-11-09 11:54:24"}
{"level":"info","message":"📡 Nueva ronda de ruleta emitida para bookmaker 4: 17 (Black)","timestamp":"2025-11-09 11:55:11"}
{"level":"error","message":"Roulette prediction failed for bookmaker 4: Error","timestamp":"2025-11-09 11:55:11"}
{"level":"info","message":"📡 Nueva ronda de ruleta emitida para bookmaker 4: 11 (Black)","timestamp":"2025-11-09 11:55:52"}
{"level":"error","message":"Roulette prediction failed for bookmaker 4: Error","timestamp":"2025-11-09 11:55:52"}
{"level":"info","message":"Gateway Roulette inicializado","timestamp":"2025-11-09 11:56:28"}
{"level":"info","message":"Inicializando conexiones WebSocket de Ruleta","timestamp":"2025-11-09 11:56:28"}
{"level":"info","message":"WebSocket connected for roulette 4 (pragmatic-roulette-macao)","timestamp":"2025-11-09 11:56:29"}
{"level":"info","message":"Handshake sent for roulette 4 (pragmatic-roulette-macao)","timestamp":"2025-11-09 11:56:29"}
{"level":"info","message":"WebSocket connected for roulette 6 (lightning-roulette)","timestamp":"2025-11-09 11:56:29"}
{"level":"info","message":"Handshake sent for roulette 6 (lightning-roulette)","timestamp":"2025-11-09 11:56:29"}
{"level":"info","message":"WebSocket connected for roulette 5 (pragmatic-mega-roulette)","timestamp":"2025-11-09 11:56:29"}
{"level":"info","message":"Handshake sent for roulette 5 (pragmatic-mega-roulette)","timestamp":"2025-11-09 11:56:29"}
{"level":"info","message":"📡 Nueva ronda de ruleta emitida para bookmaker 4: 24 (Black)","timestamp":"2025-11-09 11:56:35"}
{"level":"error","message":"Roulette prediction failed for bookmaker 4: Error","timestamp":"2025-11-09 11:56:35"}
{"level":"info","message":"Gateway Roulette inicializado","timestamp":"2025-11-09 11:56:41"}
{"level":"info","message":"Inicializando conexiones WebSocket de Ruleta","timestamp":"2025-11-09 11:56:41"}
{"level":"info","message":"WebSocket connected for roulette 6 (lightning-roulette)","timestamp":"2025-11-09 11:56:42"}
{"level":"info","message":"Handshake sent for roulette 6 (lightning-roulette)","timestamp":"2025-11-09 11:56:42"}
{"level":"info","message":"WebSocket connected for roulette 4 (pragmatic-roulette-macao)","timestamp":"2025-11-09 11:56:42"}
{"level":"info","message":"Handshake sent for roulette 4 (pragmatic-roulette-macao)","timestamp":"2025-11-09 11:56:42"}
{"level":"info","message":"WebSocket connected for roulette 5 (pragmatic-mega-roulette)","timestamp":"2025-11-09 11:56:42"}
{"level":"info","message":"Handshake sent for roulette 5 (pragmatic-mega-roulette)","timestamp":"2025-11-09 11:56:42"}
{"level":"info","message":"📡 Nueva ronda de ruleta emitida para bookmaker 6: 8 (Black)","timestamp":"2025-11-09 11:56:52"}
{"level":"error","message":"Roulette prediction failed for bookmaker 6: Error","timestamp":"2025-11-09 11:56:52"}
{"level":"info","message":"📡 Nueva ronda de ruleta emitida para bookmaker 4: 16 (Red)","timestamp":"2025-11-09 11:57:16"}
{"level":"error","message":"Roulette prediction failed for bookmaker 4: Error","timestamp":"2025-11-09 11:57:16"}
{"level":"info","message":"📡 Nueva ronda de ruleta emitida para bookmaker 6: 29 (Black)","timestamp":"2025-11-09 11:57:47"}
{"level":"error","message":"Roulette prediction failed for bookmaker 6: Error","timestamp":"2025-11-09 11:57:47"}
{"level":"info","message":"📡 Nueva ronda de ruleta emitida para bookmaker 4: 12 (Red)","timestamp":"2025-11-09 11:58:00"}
{"level":"error","message":"Roulette prediction failed for bookmaker 4: Error","timestamp":"2025-11-09 11:58:00"}
{"level":"info","message":"📡 Nueva ronda de ruleta emitida para bookmaker 6: 20 (Black)","timestamp":"2025-11-09 11:58:38"}
{"level":"error","message":"Roulette prediction failed for bookmaker 6: Error","timestamp":"2025-11-09 11:58:38"}
{"level":"info","message":"📡 Nueva ronda de ruleta emitida para bookmaker 4: 8 (Black)","timestamp":"2025-11-09 11:58:41"}
{"level":"error","message":"Roulette prediction failed for bookmaker 4: Error","timestamp":"2025-11-09 11:58:41"}
{"level":"info","message":"📡 Nueva ronda de ruleta emitida para bookmaker 4: 19 (Red)","timestamp":"2025-11-09 11:59:25"}
{"level":"error","message":"Roulette prediction failed for bookmaker 4: Error","timestamp":"2025-11-09 11:59:25"}
{"level":"info","message":"📡 Nueva ronda de ruleta emitida para bookmaker 6: 28 (Black)","timestamp":"2025-11-09 11:59:28"}
{"level":"error","message":"Roulette prediction failed for bookmaker 6: Error","timestamp":"2025-11-09 11:59:28"}
{"level":"info","message":"📡 Nueva ronda de ruleta emitida para bookmaker 4: 9 (Red)","timestamp":"2025-11-09 12:00:08"}
{"level":"error","message":"Roulette prediction failed for bookmaker 4: Error","timestamp":"2025-11-09 12:00:08"}
{"level":"info","message":"📡 Nueva ronda de ruleta emitida para bookmaker 6: 25 (Red)","timestamp":"2025-11-09 12:00:23"}
{"level":"error","message":"Roulette prediction failed for bookmaker 6: Error","timestamp":"2025-11-09 12:00:24"}
{"level":"info","message":"📡 Nueva ronda de ruleta emitida para bookmaker 4: 29 (Black)","timestamp":"2025-11-09 12:00:48"}
{"level":"error","message":"Roulette prediction failed for bookmaker 4: Error","timestamp":"2025-11-09 12:00:49"}
{"level":"info","message":"📡 Nueva ronda de ruleta emitida para bookmaker 4: 28 (Black)","timestamp":"2025-11-09 12:01:32"}
{"level":"error","message":"Roulette prediction failed for bookmaker 4: Error","timestamp":"2025-11-09 12:01:32"}
{"level":"info","message":"📡 Nueva ronda de ruleta emitida para bookmaker 4: 20 (Black)","timestamp":"2025-11-09 12:02:12"}
{"level":"error","message":"Roulette prediction failed for bookmaker 4: Error","timestamp":"2025-11-09 12:02:12"}
{"level":"info","message":"📡 Nueva ronda de ruleta emitida para bookmaker 4: 8 (Black)","timestamp":"2025-11-09 12:02:55"}
{"level":"error","message":"Roulette prediction failed for bookmaker 4: Error","timestamp":"2025-11-09 12:02:56"}
{"level":"info","message":"📡 Nueva ronda de ruleta emitida para bookmaker 6: 35 (Black)","timestamp":"2025-11-09 12:02:56"}
{"level":"error","message":"Roulette prediction failed for bookmaker 6: Error","timestamp":"2025-11-09 12:02:56"}
{"level":"info","message":"Cliente conectado: udFhpn3cZ_n-HG6wAAAK","timestamp":"2025-11-09 12:03:06"}
{"level":"info","message":"Cliente conectado: 5yo0_YtOagh1ffPdAAAL","timestamp":"2025-11-09 12:03:06"}
{"level":"info","message":"Cliente conectado: n6ODrRVN4g8htEiLAAAM","timestamp":"2025-11-09 12:03:06"}
{"level":"info","message":"Cliente conectado: vKU-LtPfHMpUPqBwAAAN","timestamp":"2025-11-09 12:03:06"}
{"level":"info","message":"Cliente 5yo0_YtOagh1ffPdAAAL unido a ruleta bookmaker:5","timestamp":"2025-11-09 12:03:07"}
{"level":"info","message":"Cliente vKU-LtPfHMpUPqBwAAAN unido a ruleta bookmaker:5","timestamp":"2025-11-09 12:03:07"}
{"level":"info","message":"Historial obtenido para bookmaker 5: 40 rondas","timestamp":"2025-11-09 12:03:07"}
{"level":"info","message":"Historial de ruleta enviado al cliente vKU-LtPfHMpUPqBwAAAN: 40 rondas","timestamp":"2025-11-09 12:03:07"}
{"level":"info","message":"Cliente vKU-LtPfHMpUPqBwAAAN unido exitosamente a la sala roulette:5","timestamp":"2025-11-09 12:03:07"}
{"level":"info","message":"Historial obtenido para bookmaker 5: 40 rondas","timestamp":"2025-11-09 12:03:07"}
{"level":"info","message":"Historial de ruleta enviado al cliente 5yo0_YtOagh1ffPdAAAL: 40 rondas","timestamp":"2025-11-09 12:03:07"}
{"level":"info","message":"Cliente 5yo0_YtOagh1ffPdAAAL unido exitosamente a la sala roulette:5","timestamp":"2025-11-09 12:03:07"}
{"level":"info","message":"Cliente desconectado: 5yo0_YtOagh1ffPdAAAL","timestamp":"2025-11-09 12:03:10"}
{"level":"info","message":"Cliente 5yo0_YtOagh1ffPdAAAL saliendo de todas las salas de roulette:5","timestamp":"2025-11-09 12:03:10"}
{"level":"info","message":"Limpieza completada para cliente 5yo0_YtOagh1ffPdAAAL","timestamp":"2025-11-09 12:03:10"}
{"level":"info","message":"Cliente desconectado: vKU-LtPfHMpUPqBwAAAN","timestamp":"2025-11-09 12:03:10"}
{"level":"info","message":"Cliente vKU-LtPfHMpUPqBwAAAN saliendo de todas las salas de roulette:5","timestamp":"2025-11-09 12:03:10"}
{"level":"info","message":"Limpieza completada para cliente vKU-LtPfHMpUPqBwAAAN","timestamp":"2025-11-09 12:03:10"}
{"level":"info","message":"📡 Nueva ronda de ruleta emitida para bookmaker 4: 13 (Black)","timestamp":"2025-11-09 12:03:38"}
{"level":"error","message":"Roulette prediction failed for bookmaker 4: Error","timestamp":"2025-11-09 12:03:38"}
{"level":"info","message":"📡 Nueva ronda de ruleta emitida para bookmaker 6: 31 (Black)","timestamp":"2025-11-09 12:03:46"}
{"level":"error","message":"Roulette prediction failed for bookmaker 6: Error","timestamp":"2025-11-09 12:03:46"}
{"level":"info","message":"📡 Nueva ronda de ruleta emitida para bookmaker 4: 26 (Black)","timestamp":"2025-11-09 12:04:18"}
{"level":"error","message":"Roulette prediction failed for bookmaker 4: Error","timestamp":"2025-11-09 12:04:18"}
{"level":"info","message":"📡 Nueva ronda de ruleta emitida para bookmaker 6: 1 (Red)","timestamp":"2025-11-09 12:04:42"}
{"level":"error","message":"Roulette prediction failed for bookmaker 6: Error","timestamp":"2025-11-09 12:04:42"}
{"level":"info","message":"📡 Nueva ronda de ruleta emitida para bookmaker 4: 0 (Green)","timestamp":"2025-11-09 12:05:00"}
{"level":"error","message":"Roulette prediction failed for bookmaker 4: Error","timestamp":"2025-11-09 12:05:00"}
{"level":"info","message":"📡 Nueva ronda de ruleta emitida para bookmaker 6: 23 (Red)","timestamp":"2025-11-09 12:05:29"}
{"level":"error","message":"Roulette prediction failed for bookmaker 6: Error","timestamp":"2025-11-09 12:05:30"}
{"level":"info","message":"📡 Nueva ronda de ruleta emitida para bookmaker 4: 19 (Red)","timestamp":"2025-11-09 12:05:39"}
{"level":"error","message":"Roulette prediction failed for bookmaker 4: Error","timestamp":"2025-11-09 12:05:40"}
{"level":"info","message":"📡 Nueva ronda de ruleta emitida para bookmaker 6: 7 (Red)","timestamp":"2025-11-09 12:06:20"}
{"level":"error","message":"Roulette prediction failed for bookmaker 6: Error","timestamp":"2025-11-09 12:06:20"}
{"level":"info","message":"📡 Nueva ronda de ruleta emitida para bookmaker 4: 13 (Black)","timestamp":"2025-11-09 12:06:21"}
{"level":"error","message":"Roulette prediction failed for bookmaker 4: Error","timestamp":"2025-11-09 12:06:21"}
{"level":"info","message":"📡 Nueva ronda de ruleta emitida para bookmaker 4: 13 (Black)","timestamp":"2025-11-09 12:07:02"}
{"level":"error","message":"Roulette prediction failed for bookmaker 4: Error","timestamp":"2025-11-09 12:07:02"}
{"level":"info","message":"📡 Nueva ronda de ruleta emitida para bookmaker 6: 21 (Red)","timestamp":"2025-11-09 12:07:12"}
{"level":"error","message":"Roulette prediction failed for bookmaker 6: Error","timestamp":"2025-11-09 12:07:12"}
{"level":"info","message":"📡 Nueva ronda de ruleta emitida para bookmaker 4: 26 (Black)","timestamp":"2025-11-09 12:07:43"}
{"level":"error","message":"Roulette prediction failed for bookmaker 4: Error","timestamp":"2025-11-09 12:07:43"}
{"level":"info","message":"📡 Nueva ronda de ruleta emitida para bookmaker 4: 33 (Black)","timestamp":"2025-11-09 12:08:24"}
{"level":"error","message":"Roulette prediction failed for bookmaker 4: Error","timestamp":"2025-11-09 12:08:24"}
{"level":"info","message":"📡 Nueva ronda de ruleta emitida para bookmaker 6: 5 (Red)","timestamp":"2025-11-09 12:08:52"}
{"level":"error","message":"Roulette prediction failed for bookmaker 6: Error","timestamp":"2025-11-09 12:08:52"}
{"level":"info","message":"📡 Nueva ronda de ruleta emitida para bookmaker 4: 36 (Red)","timestamp":"2025-11-09 12:09:07"}
{"level":"error","message":"Roulette prediction failed for bookmaker 4: Error","timestamp":"2025-11-09 12:09:07"}
{"level":"info","message":"📡 Nueva ronda de ruleta emitida para bookmaker 6: 1 (Red)","timestamp":"2025-11-09 12:09:41"}
{"level":"error","message":"Roulette prediction failed for bookmaker 6: Error","timestamp":"2025-11-09 12:09:41"}
{"level":"info","message":"📡 Nueva ronda de ruleta emitida para bookmaker 4: 5 (Red)","timestamp":"2025-11-09 12:09:47"}
{"level":"error","message":"Roulette prediction failed for bookmaker 4: Error","timestamp":"2025-11-09 12:09:48"}
{"level":"info","message":"📡 Nueva ronda de ruleta emitida para bookmaker 4: 28 (Black)","timestamp":"2025-11-09 12:10:27"}
{"level":"error","message":"Roulette prediction failed for bookmaker 4: Error","timestamp":"2025-11-09 12:10:28"}
{"level":"info","message":"📡 Nueva ronda de ruleta emitida para bookmaker 6: 28 (Black)","timestamp":"2025-11-09 12:10:34"}
{"level":"error","message":"Roulette prediction failed for bookmaker 6: Error","timestamp":"2025-11-09 12:10:34"}
{"level":"info","message":"📡 Nueva ronda de ruleta emitida para bookmaker 4: 23 (Red)","timestamp":"2025-11-09 12:11:09"}
{"level":"error","message":"Roulette prediction failed for bookmaker 4: Error","timestamp":"2025-11-09 12:11:09"}
{"level":"info","message":"📡 Nueva ronda de ruleta emitida para bookmaker 6: 5 (Red)","timestamp":"2025-11-09 12:11:25"}
{"level":"error","message":"Roulette prediction failed for bookmaker 6: Error","timestamp":"2025-11-09 12:11:25"}
{"level":"info","message":"📡 Nueva ronda de ruleta emitida para bookmaker 4: 19 (Red)","timestamp":"2025-11-09 12:11:50"}
{"level":"error","message":"Roulette prediction failed for bookmaker 4: Error","timestamp":"2025-11-09 12:11:50"}
{"level":"info","message":"📡 Nueva ronda de ruleta emitida para bookmaker 6: 15 (Black)","timestamp":"2025-11-09 12:12:18"}
{"level":"error","message":"Roulette prediction failed for bookmaker 6: Error","timestamp":"2025-11-09 12:12:18"}
{"level":"info","message":"📡 Nueva ronda de ruleta emitida para bookmaker 4: 36 (Red)","timestamp":"2025-11-09 12:12:32"}
{"level":"error","message":"Roulette prediction failed for bookmaker 4: Error","timestamp":"2025-11-09 12:12:32"}
{"level":"info","message":"📡 Nueva ronda de ruleta emitida para bookmaker 6: 17 (Black)","timestamp":"2025-11-09 12:13:07"}
{"level":"error","message":"Roulette prediction failed for bookmaker 6: Error","timestamp":"2025-11-09 12:13:07"}
{"level":"info","message":"📡 Nueva ronda de ruleta emitida para bookmaker 4: 15 (Black)","timestamp":"2025-11-09 12:13:12"}
{"level":"error","message":"Roulette prediction failed for bookmaker 4: Error","timestamp":"2025-11-09 12:13:12"}
{"level":"info","message":"📡 Nueva ronda de ruleta emitida para bookmaker 4: 35 (Black)","timestamp":"2025-11-09 12:13:54"}
{"level":"error","message":"Roulette prediction failed for bookmaker 4: Error","timestamp":"2025-11-09 12:13:54"}
{"level":"info","message":"📡 Nueva ronda de ruleta emitida para bookmaker 4: 25 (Red)","timestamp":"2025-11-09 12:14:34"}
{"level":"error","message":"Roulette prediction failed for bookmaker 4: Error","timestamp":"2025-11-09 12:14:34"}
{"level":"info","message":"📡 Nueva ronda de ruleta emitida para bookmaker 6: 8 (Black)","timestamp":"2025-11-09 12:14:52"}
{"level":"error","message":"Roulette prediction failed for bookmaker 6: Error","timestamp":"2025-11-09 12:14:52"}
{"level":"info","message":"📡 Nueva ronda de ruleta emitida para bookmaker 4: 20 (Black)","timestamp":"2025-11-09 12:15:13"}
{"level":"error","message":"Roulette prediction failed for bookmaker 4: Error","timestamp":"2025-11-09 12:15:13"}
{"level":"info","message":"📡 Nueva ronda de ruleta emitida para bookmaker 6: 29 (Black)","timestamp":"2025-11-09 12:15:45"}
{"level":"error","message":"Roulette prediction failed for bookmaker 6: Error","timestamp":"2025-11-09 12:15:45"}
{"level":"info","message":"📡 Nueva ronda de ruleta emitida para bookmaker 4: 2 (Black)","timestamp":"2025-11-09 12:15:53"}
{"level":"error","message":"Roulette prediction failed for bookmaker 4: Error","timestamp":"2025-11-09 12:15:53"}
{"level":"info","message":"📡 Nueva ronda de ruleta emitida para bookmaker 4: 4 (Black)","timestamp":"2025-11-09 12:16:34"}
{"level":"error","message":"Roulette prediction failed for bookmaker 4: Error","timestamp":"2025-11-09 12:16:34"}
{"level":"info","message":"📡 Nueva ronda de ruleta emitida para bookmaker 6: 15 (Black)","timestamp":"2025-11-09 12:16:36"}
{"level":"error","message":"Roulette prediction failed for bookmaker 6: Error","timestamp":"2025-11-09 12:16:36"}
{"level":"info","message":"📡 Nueva ronda de ruleta emitida para bookmaker 4: 1 (Red)","timestamp":"2025-11-09 12:17:16"}
{"level":"error","message":"Roulette prediction failed for bookmaker 4: Error","timestamp":"2025-11-09 12:17:16"}
{"level":"info","message":"📡 Nueva ronda de ruleta emitida para bookmaker 6: 23 (Red)","timestamp":"2025-11-09 12:17:23"}
{"level":"error","message":"Roulette prediction failed for bookmaker 6: Error","timestamp":"2025-11-09 12:17:24"}
{"level":"info","message":"📡 Nueva ronda de ruleta emitida para bookmaker 4: 15 (Black)","timestamp":"2025-11-09 12:17:56"}
{"level":"error","message":"Roulette prediction failed for bookmaker 4: Error","timestamp":"2025-11-09 12:17:56"}
{"level":"info","message":"📡 Nueva ronda de ruleta emitida para bookmaker 6: 10 (Black)","timestamp":"2025-11-09 12:18:13"}
{"level":"error","message":"Roulette prediction failed for bookmaker 6: Error","timestamp":"2025-11-09 12:18:13"}
{"level":"info","message":"📡 Nueva ronda de ruleta emitida para bookmaker 4: 0 (Green)","timestamp":"2025-11-09 12:18:38"}
{"level":"error","message":"Roulette prediction failed for bookmaker 4: Error","timestamp":"2025-11-09 12:18:38"}
{"level":"info","message":"📡 Nueva ronda de ruleta emitida para bookmaker 6: 34 (Red)","timestamp":"2025-11-09 12:19:05"}
{"level":"error","message":"Roulette prediction failed for bookmaker 6: Error","timestamp":"2025-11-09 12:19:05"}
{"level":"info","message":"📡 Nueva ronda de ruleta emitida para bookmaker 4: 27 (Red)","timestamp":"2025-11-09 12:19:19"}
{"level":"error","message":"Roulette prediction failed for bookmaker 4: Error","timestamp":"2025-11-09 12:19:19"}
{"level":"info","message":"📡 Nueva ronda de ruleta emitida para bookmaker 4: 6 (Black)","timestamp":"2025-11-09 12:19:57"}
{"level":"error","message":"Roulette prediction failed for bookmaker 4: Error","timestamp":"2025-11-09 12:19:57"}
{"level":"info","message":"📡 Nueva ronda de ruleta emitida para bookmaker 4: 33 (Black)","timestamp":"2025-11-09 12:20:39"}
{"level":"error","message":"Roulette prediction failed for bookmaker 4: Error","timestamp":"2025-11-09 12:20:39"}
{"level":"info","message":"📡 Nueva ronda de ruleta emitida para bookmaker 4: 35 (Black)","timestamp":"2025-11-09 12:21:21"}
{"level":"error","message":"Roulette prediction failed for bookmaker 4: Error","timestamp":"2025-11-09 12:21:21"}
{"level":"info","message":"📡 Nueva ronda de ruleta emitida para bookmaker 6: 25 (Red)","timestamp":"2025-11-09 12:21:28"}
{"level":"error","message":"Roulette prediction failed for bookmaker 6: Error","timestamp":"2025-11-09 12:21:28"}
{"level":"info","message":"📡 Nueva ronda de ruleta emitida para bookmaker 4: 23 (Red)","timestamp":"2025-11-09 12:22:02"}
{"level":"error","message":"Roulette prediction failed for bookmaker 4: Error","timestamp":"2025-11-09 12:22:02"}
{"level":"info","message":"📡 Nueva ronda de ruleta emitida para bookmaker 6: 30 (Red)","timestamp":"2025-11-09 12:22:25"}
{"level":"error","message":"Roulette prediction failed for bookmaker 6: Error","timestamp":"2025-11-09 12:22:25"}
{"level":"info","message":"📡 Nueva ronda de ruleta emitida para bookmaker 4: 19 (Red)","timestamp":"2025-11-09 12:22:45"}
{"level":"error","message":"Roulette prediction failed for bookmaker 4: Error","timestamp":"2025-11-09 12:22:45"}
{"level":"info","message":"📡 Nueva ronda de ruleta emitida para bookmaker 6: 16 (Red)","timestamp":"2025-11-09 12:23:15"}
{"level":"error","message":"Roulette prediction failed for bookmaker 6: Error","timestamp":"2025-11-09 12:23:15"}
{"level":"info","message":"📡 Nueva ronda de ruleta emitida para bookmaker 4: 24 (Black)","timestamp":"2025-11-09 12:23:27"}
{"level":"error","message":"Roulette prediction failed for bookmaker 4: Error","timestamp":"2025-11-09 12:23:27"}
{"level":"info","message":"📡 Nueva ronda de ruleta emitida para bookmaker 4: 12 (Red)","timestamp":"2025-11-09 12:24:08"}
{"level":"error","message":"Roulette prediction failed for bookmaker 4: Error","timestamp":"2025-11-09 12:24:08"}
{"level":"info","message":"📡 Nueva ronda de ruleta emitida para bookmaker 6: 1 (Red)","timestamp":"2025-11-09 12:24:10"}
{"level":"error","message":"Roulette prediction failed for bookmaker 6: Error","timestamp":"2025-11-09 12:24:11"}
{"level":"info","message":"📡 Nueva ronda de ruleta emitida para bookmaker 6: 33 (Black)","timestamp":"2025-11-09 12:25:03"}
{"level":"error","message":"Roulette prediction failed for bookmaker 6: Error","timestamp":"2025-11-09 12:25:03"}
{"level":"info","message":"📡 Nueva ronda de ruleta emitida para bookmaker 4: 36 (Red)","timestamp":"2025-11-09 12:25:39"}
{"level":"error","message":"Roulette prediction failed for bookmaker 4: Error","timestamp":"2025-11-09 12:25:39"}
{"level":"info","message":"📡 Nueva ronda de ruleta emitida para bookmaker 6: 11 (Black)","timestamp":"2025-11-09 12:25:48"}
{"level":"error","message":"Roulette prediction failed for bookmaker 6: Error","timestamp":"2025-11-09 12:25:49"}
{"level":"info","message":"📡 Nueva ronda de ruleta emitida para bookmaker 4: 4 (Black)","timestamp":"2025-11-09 12:26:19"}
{"level":"error","message":"Roulette prediction failed for bookmaker 4: Error","timestamp":"2025-11-09 12:26:19"}
{"level":"info","message":"📡 Nueva ronda de ruleta emitida para bookmaker 4: 8 (Black)","timestamp":"2025-11-09 12:26:57"}
{"level":"error","message":"Roulette prediction failed for bookmaker 4: Error","timestamp":"2025-11-09 12:26:57"}
{"level":"info","message":"📡 Nueva ronda de ruleta emitida para bookmaker 6: 17 (Black)","timestamp":"2025-11-09 12:27:25"}
{"level":"error","message":"Roulette prediction failed for bookmaker 6: Error","timestamp":"2025-11-09 12:27:25"}
{"level":"info","message":"📡 Nueva ronda de ruleta emitida para bookmaker 4: 25 (Red)","timestamp":"2025-11-09 12:27:33"}
{"level":"error","message":"Roulette prediction failed for bookmaker 4: Error","timestamp":"2025-11-09 12:27:33"}
{"level":"info","message":"📡 Nueva ronda de ruleta emitida para bookmaker 6: 1 (Red)","timestamp":"2025-11-09 12:28:11"}
{"level":"error","message":"Roulette prediction failed for bookmaker 6: Error","timestamp":"2025-11-09 12:28:11"}
{"level":"info","message":"📡 Nueva ronda de ruleta emitida para bookmaker 4: 32 (Red)","timestamp":"2025-11-09 12:28:15"}
{"level":"error","message":"Roulette prediction failed for bookmaker 4: Error","timestamp":"2025-11-09 12:28:15"}
{"level":"info","message":"📡 Nueva ronda de ruleta emitida para bookmaker 4: 17 (Black)","timestamp":"2025-11-09 12:28:55"}
{"level":"error","message":"Roulette prediction failed for bookmaker 4: Error","timestamp":"2025-11-09 12:28:55"}
{"level":"info","message":"📡 Nueva ronda de ruleta emitida para bookmaker 6: 4 (Black)","timestamp":"2025-11-09 12:29:08"}
{"level":"error","message":"Roulette prediction failed for bookmaker 6: Error","timestamp":"2025-11-09 12:29:08"}
{"level":"info","message":"📡 Nueva ronda de ruleta emitida para bookmaker 4: 31 (Black)","timestamp":"2025-11-09 12:29:34"}
{"level":"error","message":"Roulette prediction failed for bookmaker 4: Error","timestamp":"2025-11-09 12:29:34"}
{"level":"info","message":"📡 Nueva ronda de ruleta emitida para bookmaker 6: 5 (Red)","timestamp":"2025-11-09 12:30:00"}
{"level":"error","message":"Roulette prediction failed for bookmaker 6: Error","timestamp":"2025-11-09 12:30:00"}
{"level":"info","message":"📡 Nueva ronda de ruleta emitida para bookmaker 4: 4 (Black)","timestamp":"2025-11-09 12:30:13"}
{"level":"error","message":"Roulette prediction failed for bookmaker 4: Error","timestamp":"2025-11-09 12:30:13"}
{"level":"info","message":"📡 Nueva ronda de ruleta emitida para bookmaker 6: 2 (Black)","timestamp":"2025-11-09 12:30:48"}
{"level":"error","message":"Roulette prediction failed for bookmaker 6: Error","timestamp":"2025-11-09 12:30:48"}
{"level":"info","message":"📡 Nueva ronda de ruleta emitida para bookmaker 4: 24 (Black)","timestamp":"2025-11-09 12:30:50"}
{"level":"error","message":"Roulette prediction failed for bookmaker 4: Error","timestamp":"2025-11-09 12:30:51"}
{"level":"info","message":"📡 Nueva ronda de ruleta emitida para bookmaker 4: 25 (Red)","timestamp":"2025-11-09 12:31:31"}
{"level":"error","message":"Roulette prediction failed for bookmaker 4: Error","timestamp":"2025-11-09 12:31:31"}
{"level":"info","message":"📡 Nueva ronda de ruleta emitida para bookmaker 6: 34 (Red)","timestamp":"2025-11-09 12:31:36"}
{"level":"error","message":"Roulette prediction failed for bookmaker 6: Error","timestamp":"2025-11-09 12:31:36"}
{"level":"info","message":"📡 Nueva ronda de ruleta emitida para bookmaker 4: 4 (Black)","timestamp":"2025-11-09 12:32:10"}
{"level":"error","message":"Roulette prediction failed for bookmaker 4: Error","timestamp":"2025-11-09 12:32:10"}
{"level":"info","message":"📡 Nueva ronda de ruleta emitida para bookmaker 4: 27 (Red)","timestamp":"2025-11-09 12:32:48"}
{"level":"error","message":"Roulette prediction failed for bookmaker 4: Error","timestamp":"2025-11-09 12:32:49"}
{"level":"info","message":"📡 Nueva ronda de ruleta emitida para bookmaker 6: 3 (Red)","timestamp":"2025-11-09 12:33:17"}
{"level":"error","message":"Roulette prediction failed for bookmaker 6: Error","timestamp":"2025-11-09 12:33:18"}
{"level":"info","message":"📡 Nueva ronda de ruleta emitida para bookmaker 4: 16 (Red)","timestamp":"2025-11-09 12:33:27"}
{"level":"error","message":"Roulette prediction failed for bookmaker 4: Error","timestamp":"2025-11-09 12:33:28"}
{"level":"info","message":"📡 Nueva ronda de ruleta emitida para bookmaker 4: 14 (Red)","timestamp":"2025-11-09 12:34:06"}
{"level":"error","message":"Roulette prediction failed for bookmaker 4: Error","timestamp":"2025-11-09 12:34:06"}
{"level":"info","message":"📡 Nueva ronda de ruleta emitida para bookmaker 6: 8 (Black)","timestamp":"2025-11-09 12:34:08"}
{"level":"error","message":"Roulette prediction failed for bookmaker 6: Error","timestamp":"2025-11-09 12:34:08"}
{"level":"info","message":"📡 Nueva ronda de ruleta emitida para bookmaker 4: 26 (Black)","timestamp":"2025-11-09 12:34:44"}
{"level":"error","message":"Roulette prediction failed for bookmaker 4: Error","timestamp":"2025-11-09 12:34:44"}
{"level":"info","message":"📡 Nueva ronda de ruleta emitida para bookmaker 6: 28 (Black)","timestamp":"2025-11-09 12:35:08"}
{"level":"error","message":"Roulette prediction failed for bookmaker 6: Error","timestamp":"2025-11-09 12:35:08"}
{"level":"info","message":"📡 Nueva ronda de ruleta emitida para bookmaker 4: 1 (Red)","timestamp":"2025-11-09 12:35:22"}
{"level":"error","message":"Roulette prediction failed for bookmaker 4: Error","timestamp":"2025-11-09 12:35:22"}
{"level":"info","message":"📡 Nueva ronda de ruleta emitida para bookmaker 6: 1 (Red)","timestamp":"2025-11-09 12:35:56"}
{"level":"error","message":"Roulette prediction failed for bookmaker 6: Error","timestamp":"2025-11-09 12:35:56"}
{"level":"info","message":"📡 Nueva ronda de ruleta emitida para bookmaker 4: 10 (Black)","timestamp":"2025-11-09 12:35:58"}
{"level":"error","message":"Roulette prediction failed for bookmaker 4: Error","timestamp":"2025-11-09 12:35:59"}
{"level":"info","message":"📡 Nueva ronda de ruleta emitida para bookmaker 4: 24 (Black)","timestamp":"2025-11-09 12:36:37"}
{"level":"error","message":"Roulette prediction failed for bookmaker 4: Error","timestamp":"2025-11-09 12:36:37"}
{"level":"info","message":"📡 Nueva ronda de ruleta emitida para bookmaker 6: 15 (Black)","timestamp":"2025-11-09 12:36:49"}
{"level":"error","message":"Roulette prediction failed for bookmaker 6: Error","timestamp":"2025-11-09 12:36:49"}
{"level":"info","message":"📡 Nueva ronda de ruleta emitida para bookmaker 4: 10 (Black)","timestamp":"2025-11-09 12:37:15"}
{"level":"error","message":"Roulette prediction failed for bookmaker 4: Error","timestamp":"2025-11-09 12:37:15"}
{"level":"info","message":"📡 Nueva ronda de ruleta emitida para bookmaker 6: 22 (Black)","timestamp":"2025-11-09 12:37:43"}
{"level":"error","message":"Roulette prediction failed for bookmaker 6: Error","timestamp":"2025-11-09 12:37:43"}
{"level":"info","message":"📡 Nueva ronda de ruleta emitida para bookmaker 4: 10 (Black)","timestamp":"2025-11-09 12:37:54"}
{"level":"error","message":"Roulette prediction failed for bookmaker 4: Error","timestamp":"2025-11-09 12:37:54"}
{"level":"info","message":"📡 Nueva ronda de ruleta emitida para bookmaker 4: 28 (Black)","timestamp":"2025-11-09 12:38:33"}
{"level":"error","message":"Roulette prediction failed for bookmaker 4: Error","timestamp":"2025-11-09 12:38:34"}
{"level":"info","message":"📡 Nueva ronda de ruleta emitida para bookmaker 4: 24 (Black)","timestamp":"2025-11-09 12:39:11"}
{"level":"error","message":"Roulette prediction failed for bookmaker 4: Error","timestamp":"2025-11-09 12:39:11"}
{"level":"info","message":"📡 Nueva ronda de ruleta emitida para bookmaker 4: 31 (Black)","timestamp":"2025-11-09 12:39:50"}
{"level":"error","message":"Roulette prediction failed for bookmaker 4: Error","timestamp":"2025-11-09 12:39:50"}
{"level":"info","message":"📡 Nueva ronda de ruleta emitida para bookmaker 6: 32 (Red)","timestamp":"2025-11-09 12:40:09"}
{"level":"error","message":"Roulette prediction failed for bookmaker 6: Error","timestamp":"2025-11-09 12:40:09"}
{"level":"info","message":"📡 Nueva ronda de ruleta emitida para bookmaker 6: 10 (Black)","timestamp":"2025-11-09 12:41:02"}
{"level":"error","message":"Roulette prediction failed for bookmaker 6: Error","timestamp":"2025-11-09 12:41:02"}
{"level":"info","message":"📡 Nueva ronda de ruleta emitida para bookmaker 4: 30 (Red)","timestamp":"2025-11-09 12:41:07"}
{"level":"error","message":"Roulette prediction failed for bookmaker 4: Error","timestamp":"2025-11-09 12:41:07"}
{"level":"info","message":"📡 Nueva ronda de ruleta emitida para bookmaker 4: 5 (Red)","timestamp":"2025-11-09 12:41:45"}
{"level":"error","message":"Roulette prediction failed for bookmaker 4: Error","timestamp":"2025-11-09 12:41:45"}
{"level":"info","message":"📡 Nueva ronda de ruleta emitida para bookmaker 6: 3 (Red)","timestamp":"2025-11-09 12:41:51"}
{"level":"error","message":"Roulette prediction failed for bookmaker 6: Error","timestamp":"2025-11-09 12:41:51"}
{"level":"info","message":"📡 Nueva ronda de ruleta emitida para bookmaker 4: 19 (Red)","timestamp":"2025-11-09 12:42:24"}
{"level":"error","message":"Roulette prediction failed for bookmaker 4: Error","timestamp":"2025-11-09 12:42:25"}
{"level":"info","message":"📡 Nueva ronda de ruleta emitida para bookmaker 6: 35 (Black)","timestamp":"2025-11-09 12:42:43"}
{"level":"error","message":"Roulette prediction failed for bookmaker 6: Error","timestamp":"2025-11-09 12:42:43"}
{"level":"info","message":"📡 Nueva ronda de ruleta emitida para bookmaker 4: 25 (Red)","timestamp":"2025-11-09 12:43:02"}
{"level":"error","message":"Roulette prediction failed for bookmaker 4: Error","timestamp":"2025-11-09 12:43:03"}
{"level":"info","message":"📡 Nueva ronda de ruleta emitida para bookmaker 4: 18 (Red)","timestamp":"2025-11-09 12:43:43"}
{"level":"error","message":"Roulette prediction failed for bookmaker 4: Error","timestamp":"2025-11-09 12:43:43"}
{"level":"info","message":"📡 Nueva ronda de ruleta emitida para bookmaker 4: 1 (Red)","timestamp":"2025-11-09 12:44:20"}
{"level":"error","message":"Roulette prediction failed for bookmaker 4: Error","timestamp":"2025-11-09 12:44:20"}
{"level":"info","message":"📡 Nueva ronda de ruleta emitida para bookmaker 4: 17 (Black)","timestamp":"2025-11-09 12:45:00"}
{"level":"error","message":"Roulette prediction failed for bookmaker 4: Error","timestamp":"2025-11-09 12:45:00"}
{"level":"info","message":"📡 Nueva ronda de ruleta emitida para bookmaker 6: 13 (Black)","timestamp":"2025-11-09 12:46:06"}
{"level":"error","message":"Roulette prediction failed for bookmaker 6: Error","timestamp":"2025-11-09 12:46:06"}
{"level":"info","message":"📡 Nueva ronda de ruleta emitida para bookmaker 4: 35 (Black)","timestamp":"2025-11-09 12:46:29"}
{"level":"error","message":"Roulette prediction failed for bookmaker 4: Error","timestamp":"2025-11-09 12:46:30"}
{"level":"info","message":"📡 Nueva ronda de ruleta emitida para bookmaker 6: 30 (Red)","timestamp":"2025-11-09 12:46:54"}
{"level":"error","message":"Roulette prediction failed for bookmaker 6: Error","timestamp":"2025-11-09 12:46:54"}
{"level":"info","message":"📡 Nueva ronda de ruleta emitida para bookmaker 4: 14 (Red)","timestamp":"2025-11-09 12:46:57"}
{"level":"error","message":"Roulette prediction failed for bookmaker 4: Error","timestamp":"2025-11-09 12:46:57"}
{"level":"info","message":"📡 Nueva ronda de ruleta emitida para bookmaker 4: 24 (Black)","timestamp":"2025-11-09 12:47:36"}
{"level":"error","message":"Roulette prediction failed for bookmaker 4: Error","timestamp":"2025-11-09 12:47:36"}
{"level":"info","message":"📡 Nueva ronda de ruleta emitida para bookmaker 6: 36 (Red)","timestamp":"2025-11-09 12:47:39"}
{"level":"error","message":"Roulette prediction failed for bookmaker 6: Error","timestamp":"2025-11-09 12:47:39"}
{"level":"info","message":"📡 Nueva ronda de ruleta emitida para bookmaker 4: 28 (Black)","timestamp":"2025-11-09 12:48:10"}
{"level":"error","message":"Roulette prediction failed for bookmaker 4: Error","timestamp":"2025-11-09 12:48:10"}
{"level":"info","message":"📡 Nueva ronda de ruleta emitida para bookmaker 6: 1 (Red)","timestamp":"2025-11-09 12:48:31"}
{"level":"error","message":"Roulette prediction failed for bookmaker 6: Error","timestamp":"2025-11-09 12:48:32"}
{"level":"info","message":"📡 Nueva ronda de ruleta emitida para bookmaker 4: 28 (Black)","timestamp":"2025-11-09 12:48:48"}
{"level":"error","message":"Roulette prediction failed for bookmaker 4: Error","timestamp":"2025-11-09 12:48:48"}
{"level":"info","message":"📡 Nueva ronda de ruleta emitida para bookmaker 6: 11 (Black)","timestamp":"2025-11-09 12:49:23"}
{"level":"error","message":"Roulette prediction failed for bookmaker 6: Error","timestamp":"2025-11-09 12:49:23"}
{"level":"info","message":"📡 Nueva ronda de ruleta emitida para bookmaker 4: 8 (Black)","timestamp":"2025-11-09 12:49:26"}
{"level":"error","message":"Roulette prediction failed for bookmaker 4: Error","timestamp":"2025-11-09 12:49:26"}
{"level":"info","message":"📡 Nueva ronda de ruleta emitida para bookmaker 4: 1 (Red)","timestamp":"2025-11-09 12:50:08"}
{"level":"error","message":"Roulette prediction failed for bookmaker 4: Error","timestamp":"2025-11-09 12:50:08"}
{"level":"info","message":"📡 Nueva ronda de ruleta emitida para bookmaker 4: 25 (Red)","timestamp":"2025-11-09 12:50:45"}
{"level":"error","message":"Roulette prediction failed for bookmaker 4: Error","timestamp":"2025-11-09 12:50:45"}
{"level":"info","message":"📡 Nueva ronda de ruleta emitida para bookmaker 6: 10 (Black)","timestamp":"2025-11-09 12:52:02"}
{"level":"error","message":"Roulette prediction failed for bookmaker 6: Error","timestamp":"2025-11-09 12:52:02"}
{"level":"info","message":"📡 Nueva ronda de ruleta emitida para bookmaker 4: 21 (Red)","timestamp":"2025-11-09 12:52:03"}
{"level":"error","message":"Roulette prediction failed for bookmaker 4: Error","timestamp":"2025-11-09 12:52:03"}
{"level":"info","message":"📡 Nueva ronda de ruleta emitida para bookmaker 4: 1 (Red)","timestamp":"2025-11-09 12:52:42"}
{"level":"error","message":"Roulette prediction failed for bookmaker 4: Error","timestamp":"2025-11-09 12:52:42"}
{"level":"info","message":"📡 Nueva ronda de ruleta emitida para bookmaker 6: 1 (Red)","timestamp":"2025-11-09 12:52:54"}
{"level":"error","message":"Roulette prediction failed for bookmaker 6: Error","timestamp":"2025-11-09 12:52:54"}
{"level":"info","message":"📡 Nueva ronda de ruleta emitida para bookmaker 6: 26 (Black)","timestamp":"2025-11-09 12:53:47"}
{"level":"error","message":"Roulette prediction failed for bookmaker 6: Error","timestamp":"2025-11-09 12:53:47"}
{"level":"info","message":"📡 Nueva ronda de ruleta emitida para bookmaker 4: 36 (Red)","timestamp":"2025-11-09 12:53:58"}
{"level":"error","message":"Roulette prediction failed for bookmaker 4: Error","timestamp":"2025-11-09 12:53:58"}
{"level":"info","message":"📡 Nueva ronda de ruleta emitida para bookmaker 4: 4 (Black)","timestamp":"2025-11-09 12:54:35"}
{"level":"error","message":"Roulette prediction failed for bookmaker 4: Error","timestamp":"2025-11-09 12:54:35"}
{"level":"info","message":"📡 Nueva ronda de ruleta emitida para bookmaker 6: 32 (Red)","timestamp":"2025-11-09 12:54:40"}
{"level":"error","message":"Roulette prediction failed for bookmaker 6: Error","timestamp":"2025-11-09 12:54:40"}
{"level":"info","message":"📡 Nueva ronda de ruleta emitida para bookmaker 4: 4 (Black)","timestamp":"2025-11-09 12:55:35"}
{"level":"error","message":"Roulette prediction failed for bookmaker 4: Error","timestamp":"2025-11-09 12:55:35"}
{"level":"info","message":"📡 Nueva ronda de ruleta emitida para bookmaker 6: 23 (Red)","timestamp":"2025-11-09 12:55:36"}
{"level":"error","message":"Roulette prediction failed for bookmaker 6: Error","timestamp":"2025-11-09 12:55:36"}
{"level":"info","message":"📡 Nueva ronda de ruleta emitida para bookmaker 4: 7 (Red)","timestamp":"2025-11-09 12:56:16"}
{"level":"error","message":"Roulette prediction failed for bookmaker 4: Error","timestamp":"2025-11-09 12:56:16"}
{"level":"info","message":"📡 Nueva ronda de ruleta emitida para bookmaker 6: 8 (Black)","timestamp":"2025-11-09 12:56:29"}
{"level":"error","message":"Roulette prediction failed for bookmaker 6: Error","timestamp":"2025-11-09 12:56:29"}
{"level":"info","message":"📡 Nueva ronda de ruleta emitida para bookmaker 4: 22 (Black)","timestamp":"2025-11-09 12:56:58"}
{"level":"error","message":"Roulette prediction failed for bookmaker 4: Error","timestamp":"2025-11-09 12:56:58"}
{"level":"info","message":"📡 Nueva ronda de ruleta emitida para bookmaker 4: 7 (Red)","timestamp":"2025-11-09 12:57:42"}
{"level":"error","message":"Roulette prediction failed for bookmaker 4: Error","timestamp":"2025-11-09 12:57:42"}
{"level":"info","message":"📡 Nueva ronda de ruleta emitida para bookmaker 6: 14 (Red)","timestamp":"2025-11-09 12:58:16"}
{"level":"error","message":"Roulette prediction failed for bookmaker 6: Error","timestamp":"2025-11-09 12:58:16"}
{"level":"info","message":"📡 Nueva ronda de ruleta emitida para bookmaker 4: 1 (Red)","timestamp":"2025-11-09 12:58:26"}
{"level":"error","message":"Roulette prediction failed for bookmaker 4: Error","timestamp":"2025-11-09 12:58:26"}
{"level":"info","message":"📡 Nueva ronda de ruleta emitida para bookmaker 6: 22 (Black)","timestamp":"2025-11-09 12:59:08"}
{"level":"error","message":"Roulette prediction failed for bookmaker 6: Error","timestamp":"2025-11-09 12:59:08"}
{"level":"info","message":"📡 Nueva ronda de ruleta emitida para bookmaker 4: 1 (Red)","timestamp":"2025-11-09 12:59:10"}
{"level":"error","message":"Roulette prediction failed for bookmaker 4: Error","timestamp":"2025-11-09 12:59:10"}
{"level":"info","message":"📡 Nueva ronda de ruleta emitida para bookmaker 4: 0 (Green)","timestamp":"2025-11-09 12:59:48"}
{"level":"error","message":"Roulette prediction failed for bookmaker 4: Error","timestamp":"2025-11-09 12:59:48"}
{"level":"info","message":"Gateway Roulette inicializado","timestamp":"2025-11-09 13:00:00"}
{"level":"info","message":"Inicializando conexiones WebSocket de Ruleta","timestamp":"2025-11-09 13:00:00"}
{"level":"info","message":"Cliente conectado: Gb0MpPDcdW3Eol1kAAAF","timestamp":"2025-11-09 13:00:00"}
{"level":"info","message":"Cliente conectado: 1RSOGWTAKXccLPk-AAAJ","timestamp":"2025-11-09 13:00:00"}
{"level":"info","message":"WebSocket connected for roulette 6 (lightning-roulette)","timestamp":"2025-11-09 13:00:01"}
{"level":"info","message":"Handshake sent for roulette 6 (lightning-roulette)","timestamp":"2025-11-09 13:00:01"}
{"level":"info","message":"WebSocket connected for roulette 4 (pragmatic-roulette-macao)","timestamp":"2025-11-09 13:00:01"}
{"level":"info","message":"Handshake sent for roulette 4 (pragmatic-roulette-macao)","timestamp":"2025-11-09 13:00:01"}
{"level":"info","message":"WebSocket connected for roulette 5 (pragmatic-mega-roulette)","timestamp":"2025-11-09 13:00:01"}
{"level":"info","message":"Handshake sent for roulette 5 (pragmatic-mega-roulette)","timestamp":"2025-11-09 13:00:01"}
{"level":"info","message":"📡 Nueva ronda de ruleta emitida para bookmaker 6: 18 (Red)","timestamp":"2025-11-09 13:00:03"}
{"level":"error","message":"Roulette prediction failed for bookmaker 6: Error","timestamp":"2025-11-09 13:00:03"}
{"level":"info","message":"Gateway Roulette inicializado","timestamp":"2025-11-09 13:00:07"}
{"level":"info","message":"Inicializando conexiones WebSocket de Ruleta","timestamp":"2025-11-09 13:00:07"}
{"level":"info","message":"Cliente conectado: 8LqzpF3QyOL2iAyiAAAH","timestamp":"2025-11-09 13:00:07"}
{"level":"info","message":"Cliente conectado: 4-m3ZzccVyj6YKTYAAAJ","timestamp":"2025-11-09 13:00:07"}
{"level":"info","message":"WebSocket connected for roulette 4 (pragmatic-roulette-macao)","timestamp":"2025-11-09 13:00:08"}
{"level":"info","message":"Handshake sent for roulette 4 (pragmatic-roulette-macao)","timestamp":"2025-11-09 13:00:08"}
{"level":"info","message":"WebSocket connected for roulette 5 (pragmatic-mega-roulette)","timestamp":"2025-11-09 13:00:08"}
{"level":"info","message":"Handshake sent for roulette 5 (pragmatic-mega-roulette)","timestamp":"2025-11-09 13:00:08"}
{"level":"info","message":"WebSocket connected for roulette 6 (lightning-roulette)","timestamp":"2025-11-09 13:00:08"}
{"level":"info","message":"Handshake sent for roulette 6 (lightning-roulette)","timestamp":"2025-11-09 13:00:08"}
{"level":"info","message":"📡 Nueva ronda de ruleta emitida para bookmaker 4: 23 (Red)","timestamp":"2025-11-09 13:00:28"}
{"level":"error","message":"Roulette prediction failed for bookmaker 4: Error","timestamp":"2025-11-09 13:00:28"}
{"level":"info","message":"📡 Nueva ronda de ruleta emitida para bookmaker 6: 21 (Red)","timestamp":"2025-11-09 13:00:58"}
{"level":"error","message":"Roulette prediction failed for bookmaker 6: Error","timestamp":"2025-11-09 13:00:58"}
{"level":"info","message":"📡 Nueva ronda de ruleta emitida para bookmaker 4: 29 (Black)","timestamp":"2025-11-09 13:01:06"}
{"level":"error","message":"Roulette prediction failed for bookmaker 4: Error","timestamp":"2025-11-09 13:01:06"}
{"level":"info","message":"📡 Nueva ronda de ruleta emitida para bookmaker 6: 32 (Red)","timestamp":"2025-11-09 13:01:47"}
{"level":"error","message":"Roulette prediction failed for bookmaker 6: Error","timestamp":"2025-11-09 13:01:47"}
{"level":"info","message":"📡 Nueva ronda de ruleta emitida para bookmaker 4: 17 (Black)","timestamp":"2025-11-09 13:01:51"}
{"level":"error","message":"Roulette prediction failed for bookmaker 4: Error","timestamp":"2025-11-09 13:01:51"}
{"level":"info","message":"📡 Nueva ronda de ruleta emitida para bookmaker 4: 30 (Red)","timestamp":"2025-11-09 13:02:26"}
{"level":"error","message":"Roulette prediction failed for bookmaker 4: Error","timestamp":"2025-11-09 13:02:26"}
{"level":"info","message":"📡 Nueva ronda de ruleta emitida para bookmaker 6: 19 (Red)","timestamp":"2025-11-09 13:02:39"}
{"level":"error","message":"Roulette prediction failed for bookmaker 6: Error","timestamp":"2025-11-09 13:02:39"}
{"level":"info","message":"📡 Nueva ronda de ruleta emitida para bookmaker 4: 27 (Red)","timestamp":"2025-11-09 13:03:01"}
{"level":"error","message":"Roulette prediction failed for bookmaker 4: Error","timestamp":"2025-11-09 13:03:02"}
{"level":"info","message":"📡 Nueva ronda de ruleta emitida para bookmaker 4: 0 (Green)","timestamp":"2025-11-09 13:03:41"}
{"level":"error","message":"Roulette prediction failed for bookmaker 4: Error","timestamp":"2025-11-09 13:03:42"}
{"level":"info","message":"📡 Nueva ronda de ruleta emitida para bookmaker 6: 30 (Red)","timestamp":"2025-11-09 13:04:21"}
{"level":"error","message":"Roulette prediction failed for bookmaker 6: Error","timestamp":"2025-11-09 13:04:21"}
{"level":"info","message":"📡 Nueva ronda de ruleta emitida para bookmaker 4: 28 (Black)","timestamp":"2025-11-09 13:04:22"}
{"level":"error","message":"Roulette prediction failed for bookmaker 4: Error","timestamp":"2025-11-09 13:04:22"}
{"level":"info","message":"📡 Nueva ronda de ruleta emitida para bookmaker 4: 25 (Red)","timestamp":"2025-11-09 13:05:01"}
{"level":"error","message":"Roulette prediction failed for bookmaker 4: Error","timestamp":"2025-11-09 13:05:01"}
{"level":"info","message":"📡 Nueva ronda de ruleta emitida para bookmaker 6: 30 (Red)","timestamp":"2025-11-09 13:05:13"}
{"level":"error","message":"Roulette prediction failed for bookmaker 6: Error","timestamp":"2025-11-09 13:05:13"}
{"level":"info","message":"📡 Nueva ronda de ruleta emitida para bookmaker 4: 4 (Black)","timestamp":"2025-11-09 13:05:41"}
{"level":"error","message":"Roulette prediction failed for bookmaker 4: Error","timestamp":"2025-11-09 13:05:41"}
{"level":"info","message":"📡 Nueva ronda de ruleta emitida para bookmaker 6: 11 (Black)","timestamp":"2025-11-09 13:05:59"}
{"level":"error","message":"Roulette prediction failed for bookmaker 6: Error","timestamp":"2025-11-09 13:05:59"}
{"level":"info","message":"📡 Nueva ronda de ruleta emitida para bookmaker 4: 9 (Red)","timestamp":"2025-11-09 13:06:20"}
{"level":"error","message":"Roulette prediction failed for bookmaker 4: Error","timestamp":"2025-11-09 13:06:20"}
{"level":"info","message":"📡 Nueva ronda de ruleta emitida para bookmaker 6: 3 (Red)","timestamp":"2025-11-09 13:06:55"}
{"level":"error","message":"Roulette prediction failed for bookmaker 6: Error","timestamp":"2025-11-09 13:06:55"}
{"level":"info","message":"📡 Nueva ronda de ruleta emitida para bookmaker 4: 18 (Red)","timestamp":"2025-11-09 13:06:59"}
{"level":"error","message":"Roulette prediction failed for bookmaker 4: Error","timestamp":"2025-11-09 13:07:00"}
{"level":"info","message":"📡 Nueva ronda de ruleta emitida para bookmaker 4: 4 (Black)","timestamp":"2025-11-09 13:07:38"}
{"level":"error","message":"Roulette prediction failed for bookmaker 4: Error","timestamp":"2025-11-09 13:07:38"}
{"level":"info","message":"📡 Nueva ronda de ruleta emitida para bookmaker 6: 5 (Red)","timestamp":"2025-11-09 13:07:49"}
{"level":"error","message":"Roulette prediction failed for bookmaker 6: Error","timestamp":"2025-11-09 13:07:49"}
{"level":"info","message":"📡 Nueva ronda de ruleta emitida para bookmaker 4: 12 (Red)","timestamp":"2025-11-09 13:08:18"}
{"level":"error","message":"Roulette prediction failed for bookmaker 4: Error","timestamp":"2025-11-09 13:08:18"}
{"level":"info","message":"📡 Nueva ronda de ruleta emitida para bookmaker 6: 19 (Red)","timestamp":"2025-11-09 13:08:42"}
{"level":"error","message":"Roulette prediction failed for bookmaker 6: Error","timestamp":"2025-11-09 13:08:42"}
{"level":"info","message":"📡 Nueva ronda de ruleta emitida para bookmaker 4: 16 (Red)","timestamp":"2025-11-09 13:08:58"}
{"level":"error","message":"Roulette prediction failed for bookmaker 4: Error","timestamp":"2025-11-09 13:08:58"}
{"level":"info","message":"Gateway Roulette inicializado","timestamp":"2025-11-09 13:09:27"}
{"level":"info","message":"Inicializando conexiones WebSocket de Ruleta","timestamp":"2025-11-09 13:09:27"}
{"level":"info","message":"Cliente conectado: _7xalPpDxcjM4Zl2AAAE","timestamp":"2025-11-09 13:09:27"}
{"level":"info","message":"Cliente conectado: 1R6RriOcqnaYljZqAAAH","timestamp":"2025-11-09 13:09:27"}
{"level":"info","message":"WebSocket connected for roulette 4 (pragmatic-roulette-macao)","timestamp":"2025-11-09 13:09:27"}
{"level":"info","message":"Handshake sent for roulette 4 (pragmatic-roulette-macao)","timestamp":"2025-11-09 13:09:27"}
{"level":"info","message":"WebSocket connected for roulette 5 (pragmatic-mega-roulette)","timestamp":"2025-11-09 13:09:28"}
{"level":"info","message":"Handshake sent for roulette 5 (pragmatic-mega-roulette)","timestamp":"2025-11-09 13:09:28"}
{"level":"info","message":"WebSocket connected for roulette 6 (lightning-roulette)","timestamp":"2025-11-09 13:09:28"}
{"level":"info","message":"Handshake sent for roulette 6 (lightning-roulette)","timestamp":"2025-11-09 13:09:28"}
{"level":"info","message":"Gateway Roulette inicializado","timestamp":"2025-11-09 13:09:38"}
{"level":"info","message":"Inicializando conexiones WebSocket de Ruleta","timestamp":"2025-11-09 13:09:38"}
{"level":"info","message":"Cliente conectado: 3zade8Qp3ZqF_Et8AAAD","timestamp":"2025-11-09 13:09:39"}
{"level":"info","message":"Cliente conectado: mf_HbDRz8tU-OsXLAAAH","timestamp":"2025-11-09 13:09:39"}
{"level":"info","message":"WebSocket connected for roulette 5 (pragmatic-mega-roulette)","timestamp":"2025-11-09 13:09:39"}
{"level":"info","message":"Handshake sent for roulette 5 (pragmatic-mega-roulette)","timestamp":"2025-11-09 13:09:39"}
{"level":"info","message":"WebSocket connected for roulette 4 (pragmatic-roulette-macao)","timestamp":"2025-11-09 13:09:39"}
{"level":"info","message":"Handshake sent for roulette 4 (pragmatic-roulette-macao)","timestamp":"2025-11-09 13:09:39"}
{"level":"info","message":"WebSocket connected for roulette 6 (lightning-roulette)","timestamp":"2025-11-09 13:09:39"}
{"level":"info","message":"Handshake sent for roulette 6 (lightning-roulette)","timestamp":"2025-11-09 13:09:39"}
{"level":"info","message":"📡 Nueva ronda de ruleta emitida para bookmaker 4: 10 (Black)","timestamp":"2025-11-09 13:09:40"}
{"level":"error","message":"Roulette prediction failed for bookmaker 4: Error","timestamp":"2025-11-09 13:09:40"}
{"level":"info","message":"📡 Nueva ronda de ruleta emitida para bookmaker 4: 17 (Black)","timestamp":"2025-11-09 13:10:16"}
{"level":"error","message":"Roulette prediction failed for bookmaker 4: Error","timestamp":"2025-11-09 13:10:16"}
{"level":"info","message":"📡 Nueva ronda de ruleta emitida para bookmaker 6: 21 (Red)","timestamp":"2025-11-09 13:10:30"}
{"level":"error","message":"Roulette prediction failed for bookmaker 6: Error","timestamp":"2025-11-09 13:10:30"}
{"level":"info","message":"📡 Nueva ronda de ruleta emitida para bookmaker 4: 13 (Black)","timestamp":"2025-11-09 13:10:55"}
{"level":"error","message":"Roulette prediction failed for bookmaker 4: Error","timestamp":"2025-11-09 13:10:55"}
{"level":"info","message":"📡 Nueva ronda de ruleta emitida para bookmaker 6: 2 (Black)","timestamp":"2025-11-09 13:11:22"}
{"level":"error","message":"Roulette prediction failed for bookmaker 6: Error","timestamp":"2025-11-09 13:11:22"}
{"level":"info","message":"📡 Nueva ronda de ruleta emitida para bookmaker 4: 35 (Black)","timestamp":"2025-11-09 13:11:34"}
{"level":"error","message":"Roulette prediction failed for bookmaker 4: Error","timestamp":"2025-11-09 13:11:34"}
{"level":"info","message":"📡 Nueva ronda de ruleta emitida para bookmaker 6: 28 (Black)","timestamp":"2025-11-09 13:12:10"}
{"level":"error","message":"Roulette prediction failed for bookmaker 6: Error","timestamp":"2025-11-09 13:12:10"}
{"level":"info","message":"📡 Nueva ronda de ruleta emitida para bookmaker 4: 31 (Black)","timestamp":"2025-11-09 13:12:13"}
{"level":"error","message":"Roulette prediction failed for bookmaker 4: Error","timestamp":"2025-11-09 13:12:13"}
{"level":"info","message":"📡 Nueva ronda de ruleta emitida para bookmaker 4: 34 (Red)","timestamp":"2025-11-09 13:12:49"}
{"level":"error","message":"Roulette prediction failed for bookmaker 4: Error","timestamp":"2025-11-09 13:12:49"}
{"level":"info","message":"📡 Nueva ronda de ruleta emitida para bookmaker 6: 23 (Red)","timestamp":"2025-11-09 13:12:55"}
{"level":"error","message":"Roulette prediction failed for bookmaker 6: Error","timestamp":"2025-11-09 13:12:55"}
{"level":"info","message":"📡 Nueva ronda de ruleta emitida para bookmaker 4: 2 (Black)","timestamp":"2025-11-09 13:13:29"}
{"level":"error","message":"Roulette prediction failed for bookmaker 4: Error","timestamp":"2025-11-09 13:13:29"}
{"level":"info","message":"📡 Nueva ronda de ruleta emitida para bookmaker 6: 11 (Black)","timestamp":"2025-11-09 13:13:47"}
{"level":"error","message":"Roulette prediction failed for bookmaker 6: Error","timestamp":"2025-11-09 13:13:47"}
{"level":"info","message":"📡 Nueva ronda de ruleta emitida para bookmaker 4: 28 (Black)","timestamp":"2025-11-09 13:14:08"}
{"level":"error","message":"Roulette prediction failed for bookmaker 4: Error","timestamp":"2025-11-09 13:14:08"}
{"level":"info","message":"📡 Nueva ronda de ruleta emitida para bookmaker 6: 12 (Red)","timestamp":"2025-11-09 13:14:35"}
{"level":"error","message":"Roulette prediction failed for bookmaker 6: Error","timestamp":"2025-11-09 13:14:35"}
{"level":"info","message":"📡 Nueva ronda de ruleta emitida para bookmaker 4: 9 (Red)","timestamp":"2025-11-09 13:14:48"}
{"level":"error","message":"Roulette prediction failed for bookmaker 4: Error","timestamp":"2025-11-09 13:14:48"}
{"level":"info","message":"📡 Nueva ronda de ruleta emitida para bookmaker 4: 10 (Black)","timestamp":"2025-11-09 13:16:07"}
{"level":"error","message":"Roulette prediction failed for bookmaker 4: Error","timestamp":"2025-11-09 13:16:07"}
{"level":"info","message":"📡 Nueva ronda de ruleta emitida para bookmaker 4: 0 (Green)","timestamp":"2025-11-09 13:16:46"}
{"level":"error","message":"Roulette prediction failed for bookmaker 4: Error","timestamp":"2025-11-09 13:16:46"}
{"level":"info","message":"📡 Nueva ronda de ruleta emitida para bookmaker 6: 36 (Red)","timestamp":"2025-11-09 13:17:08"}
{"level":"error","message":"Roulette prediction failed for bookmaker 6: Error","timestamp":"2025-11-09 13:17:09"}
{"level":"info","message":"📡 Nueva ronda de ruleta emitida para bookmaker 4: 8 (Black)","timestamp":"2025-11-09 13:17:24"}
{"level":"error","message":"Roulette prediction failed for bookmaker 4: Error","timestamp":"2025-11-09 13:17:24"}
{"level":"info","message":"📡 Nueva ronda de ruleta emitida para bookmaker 6: 8 (Black)","timestamp":"2025-11-09 13:17:57"}
{"level":"error","message":"Roulette prediction failed for bookmaker 6: Error","timestamp":"2025-11-09 13:17:57"}
{"level":"info","message":"📡 Nueva ronda de ruleta emitida para bookmaker 4: 18 (Red)","timestamp":"2025-11-09 13:18:04"}
{"level":"error","message":"Roulette prediction failed for bookmaker 4: Error","timestamp":"2025-11-09 13:18:04"}
{"level":"info","message":"Gateway Roulette inicializado","timestamp":"2025-11-09 13:18:14"}
{"level":"info","message":"Inicializando conexiones WebSocket de Ruleta","timestamp":"2025-11-09 13:18:14"}
{"level":"info","message":"Cliente conectado: pWYDefp0Sxs6X1T3AAAF","timestamp":"2025-11-09 13:18:14"}
{"level":"info","message":"Cliente conectado: 3ubbBetyp3n5ICppAAAI","timestamp":"2025-11-09 13:18:14"}
{"level":"info","message":"WebSocket connected for roulette 5 (pragmatic-mega-roulette)","timestamp":"2025-11-09 13:18:15"}
{"level":"info","message":"Handshake sent for roulette 5 (pragmatic-mega-roulette)","timestamp":"2025-11-09 13:18:15"}
{"level":"info","message":"WebSocket connected for roulette 6 (lightning-roulette)","timestamp":"2025-11-09 13:18:15"}
{"level":"info","message":"Handshake sent for roulette 6 (lightning-roulette)","timestamp":"2025-11-09 13:18:15"}
{"level":"info","message":"WebSocket connected for roulette 4 (pragmatic-roulette-macao)","timestamp":"2025-11-09 13:18:15"}
{"level":"info","message":"Handshake sent for roulette 4 (pragmatic-roulette-macao)","timestamp":"2025-11-09 13:18:15"}
{"level":"info","message":"Gateway Roulette inicializado","timestamp":"2025-11-09 13:18:22"}
{"level":"info","message":"Inicializando conexiones WebSocket de Ruleta","timestamp":"2025-11-09 13:18:22"}
{"level":"info","message":"Cliente conectado: DDwzy8nGQW7hJvQXAAAB","timestamp":"2025-11-09 13:18:22"}
{"level":"info","message":"Cliente conectado: 9Vaeh10LcURUF_LnAAAF","timestamp":"2025-11-09 13:18:22"}
{"level":"info","message":"WebSocket connected for roulette 5 (pragmatic-mega-roulette)","timestamp":"2025-11-09 13:18:23"}
{"level":"info","message":"Handshake sent for roulette 5 (pragmatic-mega-roulette)","timestamp":"2025-11-09 13:18:23"}
{"level":"info","message":"WebSocket connected for roulette 4 (pragmatic-roulette-macao)","timestamp":"2025-11-09 13:18:23"}
{"level":"info","message":"Handshake sent for roulette 4 (pragmatic-roulette-macao)","timestamp":"2025-11-09 13:18:23"}
{"level":"info","message":"WebSocket connected for roulette 6 (lightning-roulette)","timestamp":"2025-11-09 13:18:23"}
{"level":"info","message":"Handshake sent for roulette 6 (lightning-roulette)","timestamp":"2025-11-09 13:18:23"}
{"level":"info","message":"📡 Nueva ronda de ruleta emitida para bookmaker 4: 15 (Black)","timestamp":"2025-11-09 13:18:45"}
{"level":"error","message":"Roulette prediction failed for bookmaker 4: Error","timestamp":"2025-11-09 13:18:45"}
{"level":"info","message":"📡 Nueva ronda de ruleta emitida para bookmaker 6: 35 (Black)","timestamp":"2025-11-09 13:18:46"}
{"level":"error","message":"Roulette prediction failed for bookmaker 6: Error","timestamp":"2025-11-09 13:18:46"}
{"level":"info","message":"📡 Nueva ronda de ruleta emitida para bookmaker 4: 14 (Red)","timestamp":"2025-11-09 13:19:24"}
{"level":"error","message":"Roulette prediction failed for bookmaker 4: Error","timestamp":"2025-11-09 13:19:24"}
{"level":"info","message":"📡 Nueva ronda de ruleta emitida para bookmaker 6: 32 (Red)","timestamp":"2025-11-09 13:19:36"}
{"level":"error","message":"Roulette prediction failed for bookmaker 6: Error","timestamp":"2025-11-09 13:19:37"}
{"level":"info","message":"📡 Nueva ronda de ruleta emitida para bookmaker 4: 23 (Red)","timestamp":"2025-11-09 13:20:03"}
{"level":"error","message":"Roulette prediction failed for bookmaker 4: Error","timestamp":"2025-11-09 13:20:04"}
{"level":"info","message":"📡 Nueva ronda de ruleta emitida para bookmaker 6: 16 (Red)","timestamp":"2025-11-09 13:20:23"}
{"level":"error","message":"Roulette prediction failed for bookmaker 6: Error","timestamp":"2025-11-09 13:20:23"}
{"level":"info","message":"📡 Nueva ronda de ruleta emitida para bookmaker 4: 15 (Black)","timestamp":"2025-11-09 13:20:43"}
{"level":"error","message":"Roulette prediction failed for bookmaker 4: Error","timestamp":"2025-11-09 13:20:43"}
{"level":"info","message":"📡 Nueva ronda de ruleta emitida para bookmaker 6: 19 (Red)","timestamp":"2025-11-09 13:21:12"}
{"level":"error","message":"Roulette prediction failed for bookmaker 6: Error","timestamp":"2025-11-09 13:21:12"}
{"level":"info","message":"📡 Nueva ronda de ruleta emitida para bookmaker 4: 24 (Black)","timestamp":"2025-11-09 13:21:24"}
{"level":"error","message":"Roulette prediction failed for bookmaker 4: Error","timestamp":"2025-11-09 13:21:24"}
{"level":"info","message":"📡 Nueva ronda de ruleta emitida para bookmaker 4: 23 (Red)","timestamp":"2025-11-09 13:22:02"}
{"level":"error","message":"Roulette prediction failed for bookmaker 4: Error","timestamp":"2025-11-09 13:22:02"}
{"level":"info","message":"📡 Nueva ronda de ruleta emitida para bookmaker 4: 5 (Red)","timestamp":"2025-11-09 13:22:41"}
{"level":"error","message":"Roulette prediction failed for bookmaker 4: Error","timestamp":"2025-11-09 13:22:41"}
{"level":"info","message":"📡 Nueva ronda de ruleta emitida para bookmaker 6: 35 (Black)","timestamp":"2025-11-09 13:22:54"}
{"level":"error","message":"Roulette prediction failed for bookmaker 6: Error","timestamp":"2025-11-09 13:22:54"}
{"level":"info","message":"📡 Nueva ronda de ruleta emitida para bookmaker 4: 22 (Black)","timestamp":"2025-11-09 13:23:22"}
{"level":"error","message":"Roulette prediction failed for bookmaker 4: Error","timestamp":"2025-11-09 13:23:22"}
{"level":"info","message":"📡 Nueva ronda de ruleta emitida para bookmaker 6: 7 (Red)","timestamp":"2025-11-09 13:23:44"}
{"level":"error","message":"Roulette prediction failed for bookmaker 6: Error","timestamp":"2025-11-09 13:23:44"}
{"level":"info","message":"📡 Nueva ronda de ruleta emitida para bookmaker 4: 17 (Black)","timestamp":"2025-11-09 13:24:00"}
{"level":"error","message":"Roulette prediction failed for bookmaker 4: Error","timestamp":"2025-11-09 13:24:01"}
{"level":"info","message":"📡 Nueva ronda de ruleta emitida para bookmaker 4: 2 (Black)","timestamp":"2025-11-09 13:24:49"}
{"level":"error","message":"Roulette prediction failed for bookmaker 4: Error","timestamp":"2025-11-09 13:24:49"}
{"level":"info","message":"📡 Nueva ronda de ruleta emitida para bookmaker 6: 26 (Black)","timestamp":"2025-11-09 13:25:21"}
{"level":"error","message":"Roulette prediction failed for bookmaker 6: Error","timestamp":"2025-11-09 13:25:22"}
{"level":"info","message":"📡 Nueva ronda de ruleta emitida para bookmaker 4: 12 (Red)","timestamp":"2025-11-09 13:25:28"}
{"level":"error","message":"Roulette prediction failed for bookmaker 4: Error","timestamp":"2025-11-09 13:25:28"}
{"level":"info","message":"📡 Nueva ronda de ruleta emitida para bookmaker 4: 24 (Black)","timestamp":"2025-11-09 13:26:51"}
{"level":"error","message":"Roulette prediction failed for bookmaker 4: Error","timestamp":"2025-11-09 13:26:51"}
{"level":"info","message":"📡 Nueva ronda de ruleta emitida para bookmaker 6: 26 (Black)","timestamp":"2025-11-09 13:27:02"}
{"level":"error","message":"Roulette prediction failed for bookmaker 6: Error","timestamp":"2025-11-09 13:27:02"}
{"level":"info","message":"📡 Nueva ronda de ruleta emitida para bookmaker 4: 6 (Black)","timestamp":"2025-11-09 13:27:31"}
{"level":"error","message":"Roulette prediction failed for bookmaker 4: Error","timestamp":"2025-11-09 13:27:31"}
{"level":"info","message":"📡 Nueva ronda de ruleta emitida para bookmaker 4: 25 (Red)","timestamp":"2025-11-09 13:28:10"}
{"level":"error","message":"Roulette prediction failed for bookmaker 4: Error","timestamp":"2025-11-09 13:28:10"}
{"level":"info","message":"📡 Nueva ronda de ruleta emitida para bookmaker 4: 36 (Red)","timestamp":"2025-11-09 13:28:50"}
{"level":"error","message":"Roulette prediction failed for bookmaker 4: Error","timestamp":"2025-11-09 13:28:51"}
{"level":"info","message":"📡 Nueva ronda de ruleta emitida para bookmaker 6: 23 (Red)","timestamp":"2025-11-09 13:29:32"}
{"level":"error","message":"Roulette prediction failed for bookmaker 6: Error","timestamp":"2025-11-09 13:29:32"}
{"level":"info","message":"📡 Nueva ronda de ruleta emitida para bookmaker 4: 9 (Red)","timestamp":"2025-11-09 13:29:32"}
{"level":"error","message":"Roulette prediction failed for bookmaker 4: Error","timestamp":"2025-11-09 13:29:33"}
{"level":"info","message":"📡 Nueva ronda de ruleta emitida para bookmaker 4: 21 (Red)","timestamp":"2025-11-09 13:30:17"}
{"level":"error","message":"Roulette prediction failed for bookmaker 4: Error","timestamp":"2025-11-09 13:30:17"}
{"level":"info","message":"📡 Nueva ronda de ruleta emitida para bookmaker 6: 29 (Black)","timestamp":"2025-11-09 13:30:20"}
{"level":"error","message":"Roulette prediction failed for bookmaker 6: Error","timestamp":"2025-11-09 13:30:20"}
{"level":"info","message":"📡 Nueva ronda de ruleta emitida para bookmaker 4: 18 (Red)","timestamp":"2025-11-09 13:31:00"}
{"level":"error","message":"Roulette prediction failed for bookmaker 4: Error","timestamp":"2025-11-09 13:31:00"}
{"level":"info","message":"📡 Nueva ronda de ruleta emitida para bookmaker 6: 5 (Red)","timestamp":"2025-11-09 13:31:18"}
{"level":"error","message":"Roulette prediction failed for bookmaker 6: Error","timestamp":"2025-11-09 13:31:19"}
{"level":"info","message":"📡 Nueva ronda de ruleta emitida para bookmaker 4: 33 (Black)","timestamp":"2025-11-09 13:31:41"}
{"level":"error","message":"Roulette prediction failed for bookmaker 4: Error","timestamp":"2025-11-09 13:31:41"}
{"level":"info","message":"📡 Nueva ronda de ruleta emitida para bookmaker 6: 4 (Black)","timestamp":"2025-11-09 13:32:12"}
{"level":"error","message":"Roulette prediction failed for bookmaker 6: Error","timestamp":"2025-11-09 13:32:12"}
{"level":"info","message":"📡 Nueva ronda de ruleta emitida para bookmaker 4: 34 (Red)","timestamp":"2025-11-09 13:32:24"}
{"level":"error","message":"Roulette prediction failed for bookmaker 4: Error","timestamp":"2025-11-09 13:32:24"}
{"level":"info","message":"📡 Nueva ronda de ruleta emitida para bookmaker 6: 14 (Red)","timestamp":"2025-11-09 13:33:02"}
{"level":"error","message":"Roulette prediction failed for bookmaker 6: Error","timestamp":"2025-11-09 13:33:02"}
{"level":"info","message":"📡 Nueva ronda de ruleta emitida para bookmaker 4: 27 (Red)","timestamp":"2025-11-09 13:33:04"}
{"level":"error","message":"Roulette prediction failed for bookmaker 4: Error","timestamp":"2025-11-09 13:33:04"}
{"level":"info","message":"📡 Nueva ronda de ruleta emitida para bookmaker 4: 2 (Black)","timestamp":"2025-11-09 13:33:47"}
{"level":"error","message":"Roulette prediction failed for bookmaker 4: Error","timestamp":"2025-11-09 13:33:47"}
{"level":"info","message":"📡 Nueva ronda de ruleta emitida para bookmaker 4: 15 (Black)","timestamp":"2025-11-09 13:34:27"}
{"level":"error","message":"Roulette prediction failed for bookmaker 4: Error","timestamp":"2025-11-09 13:34:28"}
{"level":"info","message":"📡 Nueva ronda de ruleta emitida para bookmaker 4: 23 (Red)","timestamp":"2025-11-09 13:35:08"}
{"level":"error","message":"Roulette prediction failed for bookmaker 4: Error","timestamp":"2025-11-09 13:35:08"}
{"level":"info","message":"📡 Nueva ronda de ruleta emitida para bookmaker 4: 6 (Black)","timestamp":"2025-11-09 13:35:46"}
{"level":"error","message":"Roulette prediction failed for bookmaker 4: Error","timestamp":"2025-11-09 13:35:47"}
{"level":"info","message":"📡 Nueva ronda de ruleta emitida para bookmaker 6: 14 (Red)","timestamp":"2025-11-09 13:36:22"}
{"level":"error","message":"Roulette prediction failed for bookmaker 6: Error","timestamp":"2025-11-09 13:36:23"}
{"level":"info","message":"📡 Nueva ronda de ruleta emitida para bookmaker 4: 30 (Red)","timestamp":"2025-11-09 13:36:27"}
{"level":"error","message":"Roulette prediction failed for bookmaker 4: Error","timestamp":"2025-11-09 13:36:28"}
{"level":"info","message":"📡 Nueva ronda de ruleta emitida para bookmaker 4: 28 (Black)","timestamp":"2025-11-09 13:37:09"}
{"level":"error","message":"Roulette prediction failed for bookmaker 4: Error","timestamp":"2025-11-09 13:37:09"}
{"level":"info","message":"📡 Nueva ronda de ruleta emitida para bookmaker 6: 24 (Black)","timestamp":"2025-11-09 13:37:16"}
{"level":"error","message":"Roulette prediction failed for bookmaker 6: Error","timestamp":"2025-11-09 13:37:16"}
{"level":"info","message":"📡 Nueva ronda de ruleta emitida para bookmaker 4: 20 (Black)","timestamp":"2025-11-09 13:37:49"}
{"level":"error","message":"Roulette prediction failed for bookmaker 4: Error","timestamp":"2025-11-09 13:37:50"}
{"level":"info","message":"📡 Nueva ronda de ruleta emitida para bookmaker 6: 9 (Red)","timestamp":"2025-11-09 13:38:07"}
{"level":"error","message":"Roulette prediction failed for bookmaker 6: Error","timestamp":"2025-11-09 13:38:07"}
{"level":"info","message":"📡 Nueva ronda de ruleta emitida para bookmaker 4: 31 (Black)","timestamp":"2025-11-09 13:38:30"}
{"level":"error","message":"Roulette prediction failed for bookmaker 4: Error","timestamp":"2025-11-09 13:38:31"}
{"level":"info","message":"Cliente conectado: Zuoz_yhEhDZ4fCh7AAAU","timestamp":"2025-11-09 13:38:34"}
{"level":"info","message":"Cliente conectado: NZwQFmJi0hjNZJgOAAAV","timestamp":"2025-11-09 13:38:34"}
{"level":"info","message":"Cliente conectado: _aCMS7mnirCs1yHxAAAW","timestamp":"2025-11-09 13:38:34"}
{"level":"info","message":"Cliente conectado: n3Z8DLNzp3uNgO4KAAAX","timestamp":"2025-11-09 13:38:34"}
{"level":"info","message":"Cliente NZwQFmJi0hjNZJgOAAAV unido a ruleta bookmaker:4","timestamp":"2025-11-09 13:38:34"}
{"level":"info","message":"Cliente n3Z8DLNzp3uNgO4KAAAX unido a ruleta bookmaker:4","timestamp":"2025-11-09 13:38:34"}
{"level":"info","message":"Historial obtenido para bookmaker 4: 40 rondas","timestamp":"2025-11-09 13:38:34"}
{"level":"info","message":"Historial de ruleta enviado al cliente NZwQFmJi0hjNZJgOAAAV: 40 rondas","timestamp":"2025-11-09 13:38:34"}
{"level":"info","message":"Cliente NZwQFmJi0hjNZJgOAAAV unido exitosamente a la sala roulette:4","timestamp":"2025-11-09 13:38:34"}
{"level":"info","message":"Historial obtenido para bookmaker 4: 40 rondas","timestamp":"2025-11-09 13:38:34"}
{"level":"info","message":"Historial de ruleta enviado al cliente n3Z8DLNzp3uNgO4KAAAX: 40 rondas","timestamp":"2025-11-09 13:38:34"}
{"level":"info","message":"Cliente n3Z8DLNzp3uNgO4KAAAX unido exitosamente a la sala roulette:4","timestamp":"2025-11-09 13:38:34"}
{"level":"info","message":"📡 Nueva ronda de ruleta emitida para bookmaker 6: 35 (Black)","timestamp":"2025-11-09 13:39:02"}
{"level":"error","message":"Roulette prediction failed for bookmaker 6: Error","timestamp":"2025-11-09 13:39:03"}
{"level":"info","message":"📡 Nueva ronda de ruleta emitida para bookmaker 4: 11 (Black)","timestamp":"2025-11-09 13:39:09"}
{"level":"error","message":"Roulette prediction failed for bookmaker 4: Error","timestamp":"2025-11-09 13:39:10"}
{"level":"info","message":"Cliente conectado: E16wK2_5J3XicXwwAAAc","timestamp":"2025-11-09 13:39:32"}
{"level":"info","message":"Cliente conectado: Yp4cEFKiqvrXIn7EAAAd","timestamp":"2025-11-09 13:39:32"}
{"level":"info","message":"Cliente conectado: wnboBmObWscEovgLAAAe","timestamp":"2025-11-09 13:39:32"}
{"level":"info","message":"Cliente conectado: h5MJ6-yvhyC6Zff6AAAf","timestamp":"2025-11-09 13:39:32"}
{"level":"info","message":"Cliente Yp4cEFKiqvrXIn7EAAAd unido a ruleta bookmaker:5","timestamp":"2025-11-09 13:39:33"}
{"level":"info","message":"Cliente h5MJ6-yvhyC6Zff6AAAf unido a ruleta bookmaker:5","timestamp":"2025-11-09 13:39:33"}
{"level":"info","message":"Historial obtenido para bookmaker 5: 40 rondas","timestamp":"2025-11-09 13:39:33"}
{"level":"info","message":"Historial de ruleta enviado al cliente h5MJ6-yvhyC6Zff6AAAf: 40 rondas","timestamp":"2025-11-09 13:39:33"}
{"level":"info","message":"Cliente h5MJ6-yvhyC6Zff6AAAf unido exitosamente a la sala roulette:5","timestamp":"2025-11-09 13:39:33"}
{"level":"info","message":"Historial obtenido para bookmaker 5: 40 rondas","timestamp":"2025-11-09 13:39:33"}
{"level":"info","message":"Historial de ruleta enviado al cliente Yp4cEFKiqvrXIn7EAAAd: 40 rondas","timestamp":"2025-11-09 13:39:33"}
{"level":"info","message":"Cliente Yp4cEFKiqvrXIn7EAAAd unido exitosamente a la sala roulette:5","timestamp":"2025-11-09 13:39:33"}
{"level":"info","message":"📡 Nueva ronda de ruleta emitida para bookmaker 6: 8 (Black)","timestamp":"2025-11-09 13:39:54"}
{"level":"error","message":"Roulette prediction failed for bookmaker 6: Error","timestamp":"2025-11-09 13:39:55"}
{"level":"info","message":"📡 Nueva ronda de ruleta emitida para bookmaker 4: 5 (Red)","timestamp":"2025-11-09 13:40:32"}
{"level":"error","message":"Roulette prediction failed for bookmaker 4: Error","timestamp":"2025-11-09 13:40:33"}
{"level":"info","message":"Cliente desconectado: NZwQFmJi0hjNZJgOAAAV","timestamp":"2025-11-09 13:41:07"}
{"level":"info","message":"Cliente NZwQFmJi0hjNZJgOAAAV saliendo de todas las salas de roulette:4","timestamp":"2025-11-09 13:41:07"}
{"level":"info","message":"Limpieza completada para cliente NZwQFmJi0hjNZJgOAAAV","timestamp":"2025-11-09 13:41:07"}
{"level":"info","message":"Cliente desconectado: n3Z8DLNzp3uNgO4KAAAX","timestamp":"2025-11-09 13:41:07"}
{"level":"info","message":"Cliente n3Z8DLNzp3uNgO4KAAAX saliendo de todas las salas de roulette:4","timestamp":"2025-11-09 13:41:07"}
{"level":"info","message":"Limpieza completada para cliente n3Z8DLNzp3uNgO4KAAAX","timestamp":"2025-11-09 13:41:07"}
{"level":"info","message":"📡 Nueva ronda de ruleta emitida para bookmaker 4: 33 (Black)","timestamp":"2025-11-09 13:41:12"}
{"level":"error","message":"Roulette prediction failed for bookmaker 4: Error","timestamp":"2025-11-09 13:41:13"}
{"level":"info","message":"📡 Nueva ronda de ruleta emitida para bookmaker 6: 15 (Black)","timestamp":"2025-11-09 13:41:35"}
{"level":"error","message":"Roulette prediction failed for bookmaker 6: Error","timestamp":"2025-11-09 13:41:35"}
{"level":"info","message":"📡 Nueva ronda de ruleta emitida para bookmaker 4: 27 (Red)","timestamp":"2025-11-09 13:41:55"}
{"level":"error","message":"Roulette prediction failed for bookmaker 4: Error","timestamp":"2025-11-09 13:41:55"}
{"level":"info","message":"📡 Nueva ronda de ruleta emitida para bookmaker 6: 34 (Red)","timestamp":"2025-11-09 13:42:27"}
{"level":"error","message":"Roulette prediction failed for bookmaker 6: Error","timestamp":"2025-11-09 13:42:27"}
{"level":"info","message":"📡 Nueva ronda de ruleta emitida para bookmaker 4: 34 (Red)","timestamp":"2025-11-09 13:42:35"}
{"level":"error","message":"Roulette prediction failed for bookmaker 4: Error","timestamp":"2025-11-09 13:42:35"}
{"level":"info","message":"📡 Nueva ronda de ruleta emitida para bookmaker 4: 10 (Black)","timestamp":"2025-11-09 13:43:15"}
{"level":"error","message":"Roulette prediction failed for bookmaker 4: Error","timestamp":"2025-11-09 13:43:15"}
{"level":"info","message":"📡 Nueva ronda de ruleta emitida para bookmaker 6: 34 (Red)","timestamp":"2025-11-09 13:43:16"}
{"level":"error","message":"Roulette prediction failed for bookmaker 6: Error","timestamp":"2025-11-09 13:43:16"}
{"level":"info","message":"📡 Nueva ronda de ruleta emitida para bookmaker 4: 34 (Red)","timestamp":"2025-11-09 13:43:56"}
{"level":"error","message":"Roulette prediction failed for bookmaker 4: Error","timestamp":"2025-11-09 13:43:56"}
{"level":"info","message":"📡 Nueva ronda de ruleta emitida para bookmaker 6: 21 (Red)","timestamp":"2025-11-09 13:44:02"}
{"level":"error","message":"Roulette prediction failed for bookmaker 6: Error","timestamp":"2025-11-09 13:44:03"}
{"level":"info","message":"📡 Nueva ronda de ruleta emitida para bookmaker 4: 33 (Black)","timestamp":"2025-11-09 13:44:37"}
{"level":"error","message":"Roulette prediction failed for bookmaker 4: Error","timestamp":"2025-11-09 13:44:37"}
{"level":"info","message":"Cliente conectado: _sZjKTVQ_1W1XlliAAAm","timestamp":"2025-11-09 13:44:39"}
{"level":"info","message":"Cliente conectado: 0JfdRniGiKIXoL0xAAAn","timestamp":"2025-11-09 13:44:39"}
{"level":"info","message":"Cliente conectado: SR-gtqCDF5S8hOPMAAAo","timestamp":"2025-11-09 13:44:39"}
{"level":"info","message":"Cliente conectado: ZIOSZ-1pXEJLrP5tAAAp","timestamp":"2025-11-09 13:44:39"}
{"level":"info","message":"Cliente 0JfdRniGiKIXoL0xAAAn unido a ruleta bookmaker:4","timestamp":"2025-11-09 13:44:39"}
{"level":"info","message":"Cliente ZIOSZ-1pXEJLrP5tAAAp unido a ruleta bookmaker:4","timestamp":"2025-11-09 13:44:39"}
{"level":"info","message":"Historial obtenido para bookmaker 4: 40 rondas","timestamp":"2025-11-09 13:44:39"}
{"level":"info","message":"Historial de ruleta enviado al cliente 0JfdRniGiKIXoL0xAAAn: 40 rondas","timestamp":"2025-11-09 13:44:39"}
{"level":"info","message":"Cliente 0JfdRniGiKIXoL0xAAAn unido exitosamente a la sala roulette:4","timestamp":"2025-11-09 13:44:39"}
{"level":"info","message":"Historial obtenido para bookmaker 4: 40 rondas","timestamp":"2025-11-09 13:44:39"}
{"level":"info","message":"Historial de ruleta enviado al cliente ZIOSZ-1pXEJLrP5tAAAp: 40 rondas","timestamp":"2025-11-09 13:44:39"}
{"level":"info","message":"Cliente ZIOSZ-1pXEJLrP5tAAAp unido exitosamente a la sala roulette:4","timestamp":"2025-11-09 13:44:39"}
{"level":"info","message":"📡 Nueva ronda de ruleta emitida para bookmaker 6: 28 (Black)","timestamp":"2025-11-09 13:44:58"}
{"level":"error","message":"Roulette prediction failed for bookmaker 6: Error","timestamp":"2025-11-09 13:44:58"}
{"level":"info","message":"📡 Nueva ronda de ruleta emitida para bookmaker 4: 4 (Black)","timestamp":"2025-11-09 13:45:19"}
{"level":"error","message":"Roulette prediction failed for bookmaker 4: Error","timestamp":"2025-11-09 13:45:19"}
{"level":"info","message":"📡 Nueva ronda de ruleta emitida para bookmaker 6: 34 (Red)","timestamp":"2025-11-09 13:45:50"}
{"level":"error","message":"Roulette prediction failed for bookmaker 6: Error","timestamp":"2025-11-09 13:45:50"}
{"level":"info","message":"📡 Nueva ronda de ruleta emitida para bookmaker 4: 5 (Red)","timestamp":"2025-11-09 13:45:59"}
{"level":"error","message":"Roulette prediction failed for bookmaker 4: Error","timestamp":"2025-11-09 13:45:59"}
{"level":"info","message":"📡 Nueva ronda de ruleta emitida para bookmaker 4: 17 (Black)","timestamp":"2025-11-09 13:46:40"}
{"level":"error","message":"Roulette prediction failed for bookmaker 4: Error","timestamp":"2025-11-09 13:46:40"}
{"level":"info","message":"Cliente desconectado: Yp4cEFKiqvrXIn7EAAAd","timestamp":"2025-11-09 13:46:48"}
{"level":"info","message":"Cliente Yp4cEFKiqvrXIn7EAAAd saliendo de todas las salas de roulette:5","timestamp":"2025-11-09 13:46:48"}
{"level":"info","message":"Limpieza completada para cliente Yp4cEFKiqvrXIn7EAAAd","timestamp":"2025-11-09 13:46:48"}
{"level":"info","message":"Cliente desconectado: h5MJ6-yvhyC6Zff6AAAf","timestamp":"2025-11-09 13:46:48"}
{"level":"info","message":"Cliente h5MJ6-yvhyC6Zff6AAAf saliendo de todas las salas de roulette:5","timestamp":"2025-11-09 13:46:48"}
{"level":"info","message":"Limpieza completada para cliente h5MJ6-yvhyC6Zff6AAAf","timestamp":"2025-11-09 13:46:48"}
{"level":"info","message":"Cliente conectado: STr8KUh-ZMlZTuX2AAAs","timestamp":"2025-11-09 13:46:49"}
{"level":"info","message":"Cliente conectado: 4YKtij2TqBMCxrsmAAAt","timestamp":"2025-11-09 13:46:49"}
{"level":"info","message":"Cliente conectado: qeftBwnEEU-uXw0hAAAw","timestamp":"2025-11-09 13:46:49"}
{"level":"info","message":"Cliente conectado: 3c70sRiMYollptNpAAAx","timestamp":"2025-11-09 13:46:49"}
{"level":"info","message":"Cliente 4YKtij2TqBMCxrsmAAAt unido a ruleta bookmaker:5","timestamp":"2025-11-09 13:46:49"}
{"level":"info","message":"Cliente 3c70sRiMYollptNpAAAx unido a ruleta bookmaker:5","timestamp":"2025-11-09 13:46:49"}
{"level":"info","message":"Historial obtenido para bookmaker 5: 40 rondas","timestamp":"2025-11-09 13:46:50"}
{"level":"info","message":"Historial de ruleta enviado al cliente 4YKtij2TqBMCxrsmAAAt: 40 rondas","timestamp":"2025-11-09 13:46:50"}
{"level":"info","message":"Cliente 4YKtij2TqBMCxrsmAAAt unido exitosamente a la sala roulette:5","timestamp":"2025-11-09 13:46:50"}
{"level":"info","message":"Historial obtenido para bookmaker 5: 40 rondas","timestamp":"2025-11-09 13:46:50"}
{"level":"info","message":"Historial de ruleta enviado al cliente 3c70sRiMYollptNpAAAx: 40 rondas","timestamp":"2025-11-09 13:46:50"}
{"level":"info","message":"Cliente 3c70sRiMYollptNpAAAx unido exitosamente a la sala roulette:5","timestamp":"2025-11-09 13:46:50"}
{"level":"info","message":"Cliente desconectado: 4YKtij2TqBMCxrsmAAAt","timestamp":"2025-11-09 13:46:59"}
{"level":"info","message":"Cliente 4YKtij2TqBMCxrsmAAAt saliendo de todas las salas de roulette:5","timestamp":"2025-11-09 13:46:59"}
{"level":"info","message":"Limpieza completada para cliente 4YKtij2TqBMCxrsmAAAt","timestamp":"2025-11-09 13:46:59"}
{"level":"info","message":"Cliente desconectado: 3c70sRiMYollptNpAAAx","timestamp":"2025-11-09 13:46:59"}
{"level":"info","message":"Cliente 3c70sRiMYollptNpAAAx saliendo de todas las salas de roulette:5","timestamp":"2025-11-09 13:46:59"}
{"level":"info","message":"Limpieza completada para cliente 3c70sRiMYollptNpAAAx","timestamp":"2025-11-09 13:46:59"}
{"level":"info","message":"Cliente conectado: qGDnGToX9VqY9gsiAAA0","timestamp":"2025-11-09 13:46:59"}
{"level":"info","message":"Cliente conectado: sQ1RM7J2tKs8cZLCAAA1","timestamp":"2025-11-09 13:46:59"}
{"level":"info","message":"Cliente conectado: 0bWBcj99mvrGCdI8AAA4","timestamp":"2025-11-09 13:46:59"}
{"level":"info","message":"Cliente conectado: CAV7qlraMcz6AOuaAAA5","timestamp":"2025-11-09 13:46:59"}
{"level":"info","message":"Cliente sQ1RM7J2tKs8cZLCAAA1 unido a ruleta bookmaker:5","timestamp":"2025-11-09 13:47:00"}
{"level":"info","message":"Cliente CAV7qlraMcz6AOuaAAA5 unido a ruleta bookmaker:5","timestamp":"2025-11-09 13:47:00"}
{"level":"info","message":"Historial obtenido para bookmaker 5: 40 rondas","timestamp":"2025-11-09 13:47:01"}
{"level":"info","message":"Historial de ruleta enviado al cliente sQ1RM7J2tKs8cZLCAAA1: 40 rondas","timestamp":"2025-11-09 13:47:01"}
{"level":"info","message":"Cliente sQ1RM7J2tKs8cZLCAAA1 unido exitosamente a la sala roulette:5","timestamp":"2025-11-09 13:47:01"}
{"level":"info","message":"Historial obtenido para bookmaker 5: 40 rondas","timestamp":"2025-11-09 13:47:01"}
{"level":"info","message":"Historial de ruleta enviado al cliente CAV7qlraMcz6AOuaAAA5: 40 rondas","timestamp":"2025-11-09 13:47:01"}
{"level":"info","message":"Cliente CAV7qlraMcz6AOuaAAA5 unido exitosamente a la sala roulette:5","timestamp":"2025-11-09 13:47:01"}
{"level":"info","message":"Cliente desconectado: sQ1RM7J2tKs8cZLCAAA1","timestamp":"2025-11-09 13:47:08"}
{"level":"info","message":"Cliente sQ1RM7J2tKs8cZLCAAA1 saliendo de todas las salas de roulette:5","timestamp":"2025-11-09 13:47:08"}
{"level":"info","message":"Limpieza completada para cliente sQ1RM7J2tKs8cZLCAAA1","timestamp":"2025-11-09 13:47:08"}
{"level":"info","message":"Cliente desconectado: CAV7qlraMcz6AOuaAAA5","timestamp":"2025-11-09 13:47:08"}
{"level":"info","message":"Cliente CAV7qlraMcz6AOuaAAA5 saliendo de todas las salas de roulette:5","timestamp":"2025-11-09 13:47:08"}
{"level":"info","message":"Limpieza completada para cliente CAV7qlraMcz6AOuaAAA5","timestamp":"2025-11-09 13:47:08"}
{"level":"info","message":"Cliente conectado: 1jGLvasJTSaaBl3bAAA9","timestamp":"2025-11-09 13:47:08"}
{"level":"info","message":"Cliente conectado: 33EBZwHmFnYFLbpaAAA-","timestamp":"2025-11-09 13:47:08"}
{"level":"info","message":"Cliente conectado: jGTr7vA0FoQ9kMKNAAA_","timestamp":"2025-11-09 13:47:08"}
{"level":"info","message":"Cliente conectado: kNilNjXwdhqtiXCBAABB","timestamp":"2025-11-09 13:47:08"}
{"level":"info","message":"Cliente 33EBZwHmFnYFLbpaAAA- unido a ruleta bookmaker:5","timestamp":"2025-11-09 13:47:08"}
{"level":"info","message":"Cliente kNilNjXwdhqtiXCBAABB unido a ruleta bookmaker:5","timestamp":"2025-11-09 13:47:08"}
{"level":"info","message":"Historial obtenido para bookmaker 5: 40 rondas","timestamp":"2025-11-09 13:47:09"}
{"level":"info","message":"Historial de ruleta enviado al cliente 33EBZwHmFnYFLbpaAAA-: 40 rondas","timestamp":"2025-11-09 13:47:09"}
{"level":"info","message":"Cliente 33EBZwHmFnYFLbpaAAA- unido exitosamente a la sala roulette:5","timestamp":"2025-11-09 13:47:09"}
{"level":"info","message":"Historial obtenido para bookmaker 5: 40 rondas","timestamp":"2025-11-09 13:47:09"}
{"level":"info","message":"Historial de ruleta enviado al cliente kNilNjXwdhqtiXCBAABB: 40 rondas","timestamp":"2025-11-09 13:47:09"}
{"level":"info","message":"Cliente kNilNjXwdhqtiXCBAABB unido exitosamente a la sala roulette:5","timestamp":"2025-11-09 13:47:09"}
{"level":"info","message":"📡 Nueva ronda de ruleta emitida para bookmaker 4: 36 (Red)","timestamp":"2025-11-09 13:47:22"}
{"level":"error","message":"Roulette prediction failed for bookmaker 4: Error","timestamp":"2025-11-09 13:47:22"}
{"level":"info","message":"Cliente desconectado: 33EBZwHmFnYFLbpaAAA-","timestamp":"2025-11-09 13:47:27"}
{"level":"info","message":"Cliente 33EBZwHmFnYFLbpaAAA- saliendo de todas las salas de roulette:5","timestamp":"2025-11-09 13:47:27"}
{"level":"info","message":"Limpieza completada para cliente 33EBZwHmFnYFLbpaAAA-","timestamp":"2025-11-09 13:47:27"}
{"level":"info","message":"Cliente desconectado: kNilNjXwdhqtiXCBAABB","timestamp":"2025-11-09 13:47:27"}
{"level":"info","message":"Cliente kNilNjXwdhqtiXCBAABB saliendo de todas las salas de roulette:5","timestamp":"2025-11-09 13:47:27"}
{"level":"info","message":"Limpieza completada para cliente kNilNjXwdhqtiXCBAABB","timestamp":"2025-11-09 13:47:27"}
{"level":"info","message":"Cliente conectado: vSIVxPgZODrUCCO3AABG","timestamp":"2025-11-09 13:47:27"}
{"level":"info","message":"Cliente conectado: qNtzeaNLQGDR4BFLAABH","timestamp":"2025-11-09 13:47:27"}
{"level":"info","message":"Cliente conectado: 5qNgu1Nqm6cL3K-vAABI","timestamp":"2025-11-09 13:47:27"}
{"level":"info","message":"Cliente conectado: ZckjCp4f6blocwt7AABJ","timestamp":"2025-11-09 13:47:27"}
{"level":"info","message":"Cliente qNtzeaNLQGDR4BFLAABH unido a ruleta bookmaker:5","timestamp":"2025-11-09 13:47:27"}
{"level":"info","message":"Cliente ZckjCp4f6blocwt7AABJ unido a ruleta bookmaker:5","timestamp":"2025-11-09 13:47:27"}
{"level":"info","message":"Historial obtenido para bookmaker 5: 40 rondas","timestamp":"2025-11-09 13:47:28"}
{"level":"info","message":"Historial de ruleta enviado al cliente qNtzeaNLQGDR4BFLAABH: 40 rondas","timestamp":"2025-11-09 13:47:28"}
{"level":"info","message":"Cliente qNtzeaNLQGDR4BFLAABH unido exitosamente a la sala roulette:5","timestamp":"2025-11-09 13:47:28"}
{"level":"info","message":"Historial obtenido para bookmaker 5: 40 rondas","timestamp":"2025-11-09 13:47:28"}
{"level":"info","message":"Historial de ruleta enviado al cliente ZckjCp4f6blocwt7AABJ: 40 rondas","timestamp":"2025-11-09 13:47:28"}
{"level":"info","message":"Cliente ZckjCp4f6blocwt7AABJ unido exitosamente a la sala roulette:5","timestamp":"2025-11-09 13:47:28"}
{"level":"info","message":"📡 Nueva ronda de ruleta emitida para bookmaker 6: 29 (Black)","timestamp":"2025-11-09 13:47:31"}
{"level":"error","message":"Roulette prediction failed for bookmaker 6: Error","timestamp":"2025-11-09 13:47:31"}
{"level":"info","message":"Cliente desconectado: qNtzeaNLQGDR4BFLAABH","timestamp":"2025-11-09 13:47:44"}
{"level":"info","message":"Cliente qNtzeaNLQGDR4BFLAABH saliendo de todas las salas de roulette:5","timestamp":"2025-11-09 13:47:44"}
{"level":"info","message":"Limpieza completada para cliente qNtzeaNLQGDR4BFLAABH","timestamp":"2025-11-09 13:47:44"}
{"level":"info","message":"Cliente desconectado: ZckjCp4f6blocwt7AABJ","timestamp":"2025-11-09 13:47:44"}
{"level":"info","message":"Cliente ZckjCp4f6blocwt7AABJ saliendo de todas las salas de roulette:5","timestamp":"2025-11-09 13:47:44"}
{"level":"info","message":"Limpieza completada para cliente ZckjCp4f6blocwt7AABJ","timestamp":"2025-11-09 13:47:44"}
{"level":"info","message":"Cliente conectado: -iCgPQ_CYRlObO4SAABN","timestamp":"2025-11-09 13:47:45"}
{"level":"info","message":"Cliente conectado: GFencNr6PqUmNfRcAABO","timestamp":"2025-11-09 13:47:45"}
{"level":"info","message":"Cliente conectado: p3o_J_DgN0ttXpQlAABP","timestamp":"2025-11-09 13:47:45"}
{"level":"info","message":"Cliente conectado: scMGnA_Z3ZZVKBurAABR","timestamp":"2025-11-09 13:47:45"}
{"level":"info","message":"Cliente GFencNr6PqUmNfRcAABO unido a ruleta bookmaker:5","timestamp":"2025-11-09 13:47:45"}
{"level":"info","message":"Cliente scMGnA_Z3ZZVKBurAABR unido a ruleta bookmaker:5","timestamp":"2025-11-09 13:47:45"}
{"level":"info","message":"Historial obtenido para bookmaker 5: 40 rondas","timestamp":"2025-11-09 13:47:46"}
{"level":"info","message":"Historial de ruleta enviado al cliente GFencNr6PqUmNfRcAABO: 40 rondas","timestamp":"2025-11-09 13:47:46"}
{"level":"info","message":"Cliente GFencNr6PqUmNfRcAABO unido exitosamente a la sala roulette:5","timestamp":"2025-11-09 13:47:46"}
{"level":"info","message":"Historial obtenido para bookmaker 5: 40 rondas","timestamp":"2025-11-09 13:47:46"}
{"level":"info","message":"Historial de ruleta enviado al cliente scMGnA_Z3ZZVKBurAABR: 40 rondas","timestamp":"2025-11-09 13:47:46"}
{"level":"info","message":"Cliente scMGnA_Z3ZZVKBurAABR unido exitosamente a la sala roulette:5","timestamp":"2025-11-09 13:47:46"}
{"level":"info","message":"Cliente desconectado: GFencNr6PqUmNfRcAABO","timestamp":"2025-11-09 13:47:55"}
{"level":"info","message":"Cliente GFencNr6PqUmNfRcAABO saliendo de todas las salas de roulette:5","timestamp":"2025-11-09 13:47:55"}
{"level":"info","message":"Limpieza completada para cliente GFencNr6PqUmNfRcAABO","timestamp":"2025-11-09 13:47:55"}
{"level":"info","message":"Cliente desconectado: scMGnA_Z3ZZVKBurAABR","timestamp":"2025-11-09 13:47:55"}
{"level":"info","message":"Cliente scMGnA_Z3ZZVKBurAABR saliendo de todas las salas de roulette:5","timestamp":"2025-11-09 13:47:55"}
{"level":"info","message":"Limpieza completada para cliente scMGnA_Z3ZZVKBurAABR","timestamp":"2025-11-09 13:47:55"}
{"level":"info","message":"Cliente conectado: CAz8mpkA_ulf4BdPAABU","timestamp":"2025-11-09 13:47:55"}
{"level":"info","message":"Cliente conectado: CP9knR-Ua8hO6EMkAABV","timestamp":"2025-11-09 13:47:55"}
{"level":"info","message":"Cliente conectado: 7vD6TjbPmtqecsZkAABY","timestamp":"2025-11-09 13:47:55"}
{"level":"info","message":"Cliente conectado: Nc8xPGPU4ys56M1jAABZ","timestamp":"2025-11-09 13:47:55"}
{"level":"info","message":"Cliente CP9knR-Ua8hO6EMkAABV unido a ruleta bookmaker:5","timestamp":"2025-11-09 13:47:56"}
{"level":"info","message":"Cliente Nc8xPGPU4ys56M1jAABZ unido a ruleta bookmaker:5","timestamp":"2025-11-09 13:47:56"}
{"level":"info","message":"Historial obtenido para bookmaker 5: 40 rondas","timestamp":"2025-11-09 13:47:57"}
{"level":"info","message":"Historial de ruleta enviado al cliente CP9knR-Ua8hO6EMkAABV: 40 rondas","timestamp":"2025-11-09 13:47:57"}
{"level":"info","message":"Cliente CP9knR-Ua8hO6EMkAABV unido exitosamente a la sala roulette:5","timestamp":"2025-11-09 13:47:57"}
{"level":"info","message":"Historial obtenido para bookmaker 5: 40 rondas","timestamp":"2025-11-09 13:47:57"}
{"level":"info","message":"Historial de ruleta enviado al cliente Nc8xPGPU4ys56M1jAABZ: 40 rondas","timestamp":"2025-11-09 13:47:57"}
{"level":"info","message":"Cliente Nc8xPGPU4ys56M1jAABZ unido exitosamente a la sala roulette:5","timestamp":"2025-11-09 13:47:57"}
{"level":"info","message":"📡 Nueva ronda de ruleta emitida para bookmaker 4: 1 (Red)","timestamp":"2025-11-09 13:48:01"}
{"level":"error","message":"Roulette prediction failed for bookmaker 4: Error","timestamp":"2025-11-09 13:48:01"}
{"level":"info","message":"Cliente desconectado: CP9knR-Ua8hO6EMkAABV","timestamp":"2025-11-09 13:48:11"}
{"level":"info","message":"Cliente CP9knR-Ua8hO6EMkAABV saliendo de todas las salas de roulette:5","timestamp":"2025-11-09 13:48:11"}
{"level":"info","message":"Limpieza completada para cliente CP9knR-Ua8hO6EMkAABV","timestamp":"2025-11-09 13:48:11"}
{"level":"info","message":"Cliente desconectado: Nc8xPGPU4ys56M1jAABZ","timestamp":"2025-11-09 13:48:11"}
{"level":"info","message":"Cliente Nc8xPGPU4ys56M1jAABZ saliendo de todas las salas de roulette:5","timestamp":"2025-11-09 13:48:11"}
{"level":"info","message":"Limpieza completada para cliente Nc8xPGPU4ys56M1jAABZ","timestamp":"2025-11-09 13:48:11"}
{"level":"info","message":"Cliente conectado: hrlPyoIkdRbzV4_FAABd","timestamp":"2025-11-09 13:48:11"}
{"level":"info","message":"Cliente conectado: aMaXpqfW__8H3JH_AABe","timestamp":"2025-11-09 13:48:11"}
{"level":"info","message":"Cliente conectado: RmnmBj9q-0nUKP1cAABf","timestamp":"2025-11-09 13:48:11"}
{"level":"info","message":"Cliente conectado: uNuaaWdzP9FLP2ppAABh","timestamp":"2025-11-09 13:48:11"}
{"level":"info","message":"Cliente aMaXpqfW__8H3JH_AABe unido a ruleta bookmaker:5","timestamp":"2025-11-09 13:48:12"}
{"level":"info","message":"Cliente uNuaaWdzP9FLP2ppAABh unido a ruleta bookmaker:5","timestamp":"2025-11-09 13:48:12"}
{"level":"info","message":"Historial obtenido para bookmaker 5: 40 rondas","timestamp":"2025-11-09 13:48:13"}
{"level":"info","message":"Historial de ruleta enviado al cliente aMaXpqfW__8H3JH_AABe: 40 rondas","timestamp":"2025-11-09 13:48:13"}
{"level":"info","message":"Cliente aMaXpqfW__8H3JH_AABe unido exitosamente a la sala roulette:5","timestamp":"2025-11-09 13:48:13"}
{"level":"info","message":"Historial obtenido para bookmaker 5: 40 rondas","timestamp":"2025-11-09 13:48:13"}
{"level":"info","message":"Historial de ruleta enviado al cliente uNuaaWdzP9FLP2ppAABh: 40 rondas","timestamp":"2025-11-09 13:48:13"}
{"level":"info","message":"Cliente uNuaaWdzP9FLP2ppAABh unido exitosamente a la sala roulette:5","timestamp":"2025-11-09 13:48:13"}
{"level":"info","message":"📡 Nueva ronda de ruleta emitida para bookmaker 6: 29 (Black)","timestamp":"2025-11-09 13:48:20"}
{"level":"error","message":"Roulette prediction failed for bookmaker 6: Error","timestamp":"2025-11-09 13:48:20"}
{"level":"info","message":"Cliente desconectado: aMaXpqfW__8H3JH_AABe","timestamp":"2025-11-09 13:48:23"}
{"level":"info","message":"Cliente aMaXpqfW__8H3JH_AABe saliendo de todas las salas de roulette:5","timestamp":"2025-11-09 13:48:23"}
{"level":"info","message":"Limpieza completada para cliente aMaXpqfW__8H3JH_AABe","timestamp":"2025-11-09 13:48:23"}
{"level":"info","message":"Cliente desconectado: uNuaaWdzP9FLP2ppAABh","timestamp":"2025-11-09 13:48:23"}
{"level":"info","message":"Cliente uNuaaWdzP9FLP2ppAABh saliendo de todas las salas de roulette:5","timestamp":"2025-11-09 13:48:23"}
{"level":"info","message":"Limpieza completada para cliente uNuaaWdzP9FLP2ppAABh","timestamp":"2025-11-09 13:48:23"}
{"level":"info","message":"Cliente conectado: zbvONpS3al85bn13AABl","timestamp":"2025-11-09 13:48:23"}
{"level":"info","message":"Cliente conectado: N03FFQYwW6RaT8QwAABm","timestamp":"2025-11-09 13:48:23"}
{"level":"info","message":"Cliente conectado: K28KcsUxmM1JPPKkAABn","timestamp":"2025-11-09 13:48:23"}
{"level":"info","message":"Cliente conectado: I6LjAxrs2Z8_BoekAABp","timestamp":"2025-11-09 13:48:23"}
{"level":"info","message":"Cliente N03FFQYwW6RaT8QwAABm unido a ruleta bookmaker:5","timestamp":"2025-11-09 13:48:24"}
{"level":"info","message":"Cliente I6LjAxrs2Z8_BoekAABp unido a ruleta bookmaker:5","timestamp":"2025-11-09 13:48:24"}
{"level":"info","message":"Historial obtenido para bookmaker 5: 40 rondas","timestamp":"2025-11-09 13:48:25"}
{"level":"info","message":"Historial de ruleta enviado al cliente N03FFQYwW6RaT8QwAABm: 40 rondas","timestamp":"2025-11-09 13:48:25"}
{"level":"info","message":"Cliente N03FFQYwW6RaT8QwAABm unido exitosamente a la sala roulette:5","timestamp":"2025-11-09 13:48:25"}
{"level":"info","message":"Historial obtenido para bookmaker 5: 40 rondas","timestamp":"2025-11-09 13:48:25"}
{"level":"info","message":"Historial de ruleta enviado al cliente I6LjAxrs2Z8_BoekAABp: 40 rondas","timestamp":"2025-11-09 13:48:25"}
{"level":"info","message":"Cliente I6LjAxrs2Z8_BoekAABp unido exitosamente a la sala roulette:5","timestamp":"2025-11-09 13:48:25"}
{"level":"info","message":"Cliente desconectado: N03FFQYwW6RaT8QwAABm","timestamp":"2025-11-09 13:48:34"}
{"level":"info","message":"Cliente N03FFQYwW6RaT8QwAABm saliendo de todas las salas de roulette:5","timestamp":"2025-11-09 13:48:34"}
{"level":"info","message":"Limpieza completada para cliente N03FFQYwW6RaT8QwAABm","timestamp":"2025-11-09 13:48:34"}
{"level":"info","message":"Cliente desconectado: I6LjAxrs2Z8_BoekAABp","timestamp":"2025-11-09 13:48:34"}
{"level":"info","message":"Cliente I6LjAxrs2Z8_BoekAABp saliendo de todas las salas de roulette:5","timestamp":"2025-11-09 13:48:34"}
{"level":"info","message":"Limpieza completada para cliente I6LjAxrs2Z8_BoekAABp","timestamp":"2025-11-09 13:48:34"}
{"level":"info","message":"Cliente conectado: GXfp5u56xOIUReyQAABt","timestamp":"2025-11-09 13:48:35"}
{"level":"info","message":"Cliente conectado: 4BiBW66Nm5q8whWOAABu","timestamp":"2025-11-09 13:48:35"}
{"level":"info","message":"Cliente conectado: I_DZkIkLigWwKt7HAABv","timestamp":"2025-11-09 13:48:35"}
{"level":"info","message":"Cliente conectado: PCx7cWafYx6s3wWUAABx","timestamp":"2025-11-09 13:48:35"}
{"level":"info","message":"Cliente 4BiBW66Nm5q8whWOAABu unido a ruleta bookmaker:5","timestamp":"2025-11-09 13:48:35"}
{"level":"info","message":"Cliente PCx7cWafYx6s3wWUAABx unido a ruleta bookmaker:5","timestamp":"2025-11-09 13:48:35"}
{"level":"info","message":"Historial obtenido para bookmaker 5: 40 rondas","timestamp":"2025-11-09 13:48:36"}
{"level":"info","message":"Historial de ruleta enviado al cliente 4BiBW66Nm5q8whWOAABu: 40 rondas","timestamp":"2025-11-09 13:48:36"}
{"level":"info","message":"Cliente 4BiBW66Nm5q8whWOAABu unido exitosamente a la sala roulette:5","timestamp":"2025-11-09 13:48:36"}
{"level":"info","message":"Historial obtenido para bookmaker 5: 40 rondas","timestamp":"2025-11-09 13:48:36"}
{"level":"info","message":"Historial de ruleta enviado al cliente PCx7cWafYx6s3wWUAABx: 40 rondas","timestamp":"2025-11-09 13:48:36"}
{"level":"info","message":"Cliente PCx7cWafYx6s3wWUAABx unido exitosamente a la sala roulette:5","timestamp":"2025-11-09 13:48:36"}
{"level":"info","message":"📡 Nueva ronda de ruleta emitida para bookmaker 4: 9 (Red)","timestamp":"2025-11-09 13:48:43"}
{"level":"error","message":"Roulette prediction failed for bookmaker 4: Error","timestamp":"2025-11-09 13:48:43"}
{"level":"info","message":"Cliente desconectado: 4BiBW66Nm5q8whWOAABu","timestamp":"2025-11-09 13:48:45"}
{"level":"info","message":"Cliente 4BiBW66Nm5q8whWOAABu saliendo de todas las salas de roulette:5","timestamp":"2025-11-09 13:48:45"}
{"level":"info","message":"Limpieza completada para cliente 4BiBW66Nm5q8whWOAABu","timestamp":"2025-11-09 13:48:45"}
{"level":"info","message":"Cliente desconectado: PCx7cWafYx6s3wWUAABx","timestamp":"2025-11-09 13:48:45"}
{"level":"info","message":"Cliente PCx7cWafYx6s3wWUAABx saliendo de todas las salas de roulette:5","timestamp":"2025-11-09 13:48:45"}
{"level":"info","message":"Limpieza completada para cliente PCx7cWafYx6s3wWUAABx","timestamp":"2025-11-09 13:48:45"}
{"level":"info","message":"Cliente conectado: OOWzh7h0SDwzae4SAAB0","timestamp":"2025-11-09 13:48:45"}
{"level":"info","message":"Cliente conectado: DqHX0k-qc7pbbjoRAAB1","timestamp":"2025-11-09 13:48:45"}
{"level":"info","message":"Cliente conectado: 5TpwlMmQk-wGHi6LAAB4","timestamp":"2025-11-09 13:48:45"}
{"level":"info","message":"Cliente conectado: lfJLJqijVMy3Fi0QAAB5","timestamp":"2025-11-09 13:48:45"}
{"level":"info","message":"Cliente DqHX0k-qc7pbbjoRAAB1 unido a ruleta bookmaker:5","timestamp":"2025-11-09 13:48:45"}
{"level":"info","message":"Cliente lfJLJqijVMy3Fi0QAAB5 unido a ruleta bookmaker:5","timestamp":"2025-11-09 13:48:45"}
{"level":"info","message":"Historial obtenido para bookmaker 5: 40 rondas","timestamp":"2025-11-09 13:48:46"}
{"level":"info","message":"Historial de ruleta enviado al cliente lfJLJqijVMy3Fi0QAAB5: 40 rondas","timestamp":"2025-11-09 13:48:46"}
{"level":"info","message":"Cliente lfJLJqijVMy3Fi0QAAB5 unido exitosamente a la sala roulette:5","timestamp":"2025-11-09 13:48:46"}
{"level":"info","message":"Historial obtenido para bookmaker 5: 40 rondas","timestamp":"2025-11-09 13:48:46"}
{"level":"info","message":"Historial de ruleta enviado al cliente DqHX0k-qc7pbbjoRAAB1: 40 rondas","timestamp":"2025-11-09 13:48:46"}
{"level":"info","message":"Cliente DqHX0k-qc7pbbjoRAAB1 unido exitosamente a la sala roulette:5","timestamp":"2025-11-09 13:48:46"}
{"level":"info","message":"Cliente desconectado: DqHX0k-qc7pbbjoRAAB1","timestamp":"2025-11-09 13:49:00"}
{"level":"info","message":"Cliente DqHX0k-qc7pbbjoRAAB1 saliendo de todas las salas de roulette:5","timestamp":"2025-11-09 13:49:00"}
{"level":"info","message":"Limpieza completada para cliente DqHX0k-qc7pbbjoRAAB1","timestamp":"2025-11-09 13:49:00"}
{"level":"info","message":"Cliente desconectado: lfJLJqijVMy3Fi0QAAB5","timestamp":"2025-11-09 13:49:00"}
{"level":"info","message":"Cliente lfJLJqijVMy3Fi0QAAB5 saliendo de todas las salas de roulette:5","timestamp":"2025-11-09 13:49:00"}
{"level":"info","message":"Limpieza completada para cliente lfJLJqijVMy3Fi0QAAB5","timestamp":"2025-11-09 13:49:00"}
{"level":"info","message":"Cliente conectado: yqyQmd7L2DMy98c6AAB8","timestamp":"2025-11-09 13:49:00"}
{"level":"info","message":"Cliente conectado: hSOwTl9LIJVOyPPsAAB9","timestamp":"2025-11-09 13:49:00"}
{"level":"info","message":"Cliente conectado: PINBsaEjqrOpAdftAACA","timestamp":"2025-11-09 13:49:00"}
{"level":"info","message":"Cliente conectado: I68i1Ut8FeLtavrfAACB","timestamp":"2025-11-09 13:49:00"}
{"level":"info","message":"Cliente hSOwTl9LIJVOyPPsAAB9 unido a ruleta bookmaker:5","timestamp":"2025-11-09 13:49:00"}
{"level":"info","message":"Cliente I68i1Ut8FeLtavrfAACB unido a ruleta bookmaker:5","timestamp":"2025-11-09 13:49:00"}
{"level":"info","message":"Historial obtenido para bookmaker 5: 40 rondas","timestamp":"2025-11-09 13:49:01"}
{"level":"info","message":"Historial de ruleta enviado al cliente I68i1Ut8FeLtavrfAACB: 40 rondas","timestamp":"2025-11-09 13:49:01"}
{"level":"info","message":"Cliente I68i1Ut8FeLtavrfAACB unido exitosamente a la sala roulette:5","timestamp":"2025-11-09 13:49:01"}
{"level":"info","message":"Historial obtenido para bookmaker 5: 40 rondas","timestamp":"2025-11-09 13:49:01"}
{"level":"info","message":"Historial de ruleta enviado al cliente hSOwTl9LIJVOyPPsAAB9: 40 rondas","timestamp":"2025-11-09 13:49:01"}
{"level":"info","message":"Cliente hSOwTl9LIJVOyPPsAAB9 unido exitosamente a la sala roulette:5","timestamp":"2025-11-09 13:49:01"}
{"level":"info","message":"📡 Nueva ronda de ruleta emitida para bookmaker 6: 23 (Red)","timestamp":"2025-11-09 13:49:11"}
{"level":"error","message":"Roulette prediction failed for bookmaker 6: Error","timestamp":"2025-11-09 13:49:12"}
{"level":"info","message":"Cliente desconectado: hSOwTl9LIJVOyPPsAAB9","timestamp":"2025-11-09 13:49:13"}
{"level":"info","message":"Cliente hSOwTl9LIJVOyPPsAAB9 saliendo de todas las salas de roulette:5","timestamp":"2025-11-09 13:49:13"}
{"level":"info","message":"Limpieza completada para cliente hSOwTl9LIJVOyPPsAAB9","timestamp":"2025-11-09 13:49:13"}
{"level":"info","message":"Cliente desconectado: I68i1Ut8FeLtavrfAACB","timestamp":"2025-11-09 13:49:13"}
{"level":"info","message":"Cliente I68i1Ut8FeLtavrfAACB saliendo de todas las salas de roulette:5","timestamp":"2025-11-09 13:49:13"}
{"level":"info","message":"Limpieza completada para cliente I68i1Ut8FeLtavrfAACB","timestamp":"2025-11-09 13:49:13"}
{"level":"info","message":"Cliente conectado: R7rCREM2KHZDWgGzAACG","timestamp":"2025-11-09 13:49:13"}
{"level":"info","message":"Cliente conectado: _zNsh-igfGv_R2VVAACH","timestamp":"2025-11-09 13:49:13"}
{"level":"info","message":"Cliente conectado: mqg3JA7Vrd-zs89QAACI","timestamp":"2025-11-09 13:49:13"}
{"level":"info","message":"Cliente conectado: 6vGK606FWKXFglFeAACJ","timestamp":"2025-11-09 13:49:13"}
{"level":"info","message":"Cliente _zNsh-igfGv_R2VVAACH unido a ruleta bookmaker:5","timestamp":"2025-11-09 13:49:13"}
{"level":"info","message":"Cliente 6vGK606FWKXFglFeAACJ unido a ruleta bookmaker:5","timestamp":"2025-11-09 13:49:13"}
{"level":"info","message":"Historial obtenido para bookmaker 5: 40 rondas","timestamp":"2025-11-09 13:49:13"}
{"level":"info","message":"Historial de ruleta enviado al cliente _zNsh-igfGv_R2VVAACH: 40 rondas","timestamp":"2025-11-09 13:49:13"}
{"level":"info","message":"Cliente _zNsh-igfGv_R2VVAACH unido exitosamente a la sala roulette:5","timestamp":"2025-11-09 13:49:13"}
{"level":"info","message":"Historial obtenido para bookmaker 5: 40 rondas","timestamp":"2025-11-09 13:49:14"}
{"level":"info","message":"Historial de ruleta enviado al cliente 6vGK606FWKXFglFeAACJ: 40 rondas","timestamp":"2025-11-09 13:49:14"}
{"level":"info","message":"Cliente 6vGK606FWKXFglFeAACJ unido exitosamente a la sala roulette:5","timestamp":"2025-11-09 13:49:14"}
{"level":"info","message":"Cliente desconectado: _zNsh-igfGv_R2VVAACH","timestamp":"2025-11-09 13:49:25"}
{"level":"info","message":"Cliente _zNsh-igfGv_R2VVAACH saliendo de todas las salas de roulette:5","timestamp":"2025-11-09 13:49:25"}
{"level":"info","message":"Limpieza completada para cliente _zNsh-igfGv_R2VVAACH","timestamp":"2025-11-09 13:49:25"}
{"level":"info","message":"Cliente desconectado: 6vGK606FWKXFglFeAACJ","timestamp":"2025-11-09 13:49:25"}
{"level":"info","message":"Cliente 6vGK606FWKXFglFeAACJ saliendo de todas las salas de roulette:5","timestamp":"2025-11-09 13:49:25"}
{"level":"info","message":"Limpieza completada para cliente 6vGK606FWKXFglFeAACJ","timestamp":"2025-11-09 13:49:25"}
{"level":"info","message":"Cliente conectado: 1bK3pEsuZSfarZc9AACO","timestamp":"2025-11-09 13:49:26"}
{"level":"info","message":"Cliente conectado: iSnAGqnt5FWh0eluAACP","timestamp":"2025-11-09 13:49:26"}
{"level":"info","message":"Cliente conectado: KUeKV0MhvBCsHcEKAACQ","timestamp":"2025-11-09 13:49:26"}
{"level":"info","message":"Cliente conectado: QXZ9oLHzlN4ME8kpAACR","timestamp":"2025-11-09 13:49:26"}
{"level":"info","message":"Cliente iSnAGqnt5FWh0eluAACP unido a ruleta bookmaker:5","timestamp":"2025-11-09 13:49:26"}
{"level":"info","message":"Cliente QXZ9oLHzlN4ME8kpAACR unido a ruleta bookmaker:5","timestamp":"2025-11-09 13:49:26"}
{"level":"info","message":"📡 Nueva ronda de ruleta emitida para bookmaker 4: 2 (Black)","timestamp":"2025-11-09 13:49:27"}
{"level":"error","message":"Roulette prediction failed for bookmaker 4: Error","timestamp":"2025-11-09 13:49:27"}
{"level":"info","message":"Historial obtenido para bookmaker 5: 40 rondas","timestamp":"2025-11-09 13:49:27"}
{"level":"info","message":"Historial de ruleta enviado al cliente QXZ9oLHzlN4ME8kpAACR: 40 rondas","timestamp":"2025-11-09 13:49:27"}
{"level":"info","message":"Cliente QXZ9oLHzlN4ME8kpAACR unido exitosamente a la sala roulette:5","timestamp":"2025-11-09 13:49:27"}
{"level":"info","message":"Historial obtenido para bookmaker 5: 40 rondas","timestamp":"2025-11-09 13:49:27"}
{"level":"info","message":"Historial de ruleta enviado al cliente iSnAGqnt5FWh0eluAACP: 40 rondas","timestamp":"2025-11-09 13:49:27"}
{"level":"info","message":"Cliente iSnAGqnt5FWh0eluAACP unido exitosamente a la sala roulette:5","timestamp":"2025-11-09 13:49:27"}
{"level":"info","message":"Cliente desconectado: iSnAGqnt5FWh0eluAACP","timestamp":"2025-11-09 13:49:37"}
{"level":"info","message":"Cliente iSnAGqnt5FWh0eluAACP saliendo de todas las salas de roulette:5","timestamp":"2025-11-09 13:49:37"}
{"level":"info","message":"Limpieza completada para cliente iSnAGqnt5FWh0eluAACP","timestamp":"2025-11-09 13:49:37"}
{"level":"info","message":"Cliente desconectado: QXZ9oLHzlN4ME8kpAACR","timestamp":"2025-11-09 13:49:37"}
{"level":"info","message":"Cliente QXZ9oLHzlN4ME8kpAACR saliendo de todas las salas de roulette:5","timestamp":"2025-11-09 13:49:37"}
{"level":"info","message":"Limpieza completada para cliente QXZ9oLHzlN4ME8kpAACR","timestamp":"2025-11-09 13:49:37"}
{"level":"info","message":"Cliente conectado: oRsHroqVaZJ1pnU9AACW","timestamp":"2025-11-09 13:49:37"}
{"level":"info","message":"Cliente conectado: SfaXS2SXKuoNcRUQAACX","timestamp":"2025-11-09 13:49:37"}
{"level":"info","message":"Cliente conectado: Ok48f67vB__0WWeqAACY","timestamp":"2025-11-09 13:49:37"}
{"level":"info","message":"Cliente conectado: 53c5_yLIkiVLuyBHAACZ","timestamp":"2025-11-09 13:49:37"}
{"level":"info","message":"Cliente SfaXS2SXKuoNcRUQAACX unido a ruleta bookmaker:5","timestamp":"2025-11-09 13:49:37"}
{"level":"info","message":"Cliente 53c5_yLIkiVLuyBHAACZ unido a ruleta bookmaker:5","timestamp":"2025-11-09 13:49:37"}
{"level":"info","message":"Historial obtenido para bookmaker 5: 40 rondas","timestamp":"2025-11-09 13:49:38"}
{"level":"info","message":"Historial de ruleta enviado al cliente SfaXS2SXKuoNcRUQAACX: 40 rondas","timestamp":"2025-11-09 13:49:38"}
{"level":"info","message":"Cliente SfaXS2SXKuoNcRUQAACX unido exitosamente a la sala roulette:5","timestamp":"2025-11-09 13:49:38"}
{"level":"info","message":"Historial obtenido para bookmaker 5: 40 rondas","timestamp":"2025-11-09 13:49:38"}
{"level":"info","message":"Historial de ruleta enviado al cliente 53c5_yLIkiVLuyBHAACZ: 40 rondas","timestamp":"2025-11-09 13:49:38"}
{"level":"info","message":"Cliente 53c5_yLIkiVLuyBHAACZ unido exitosamente a la sala roulette:5","timestamp":"2025-11-09 13:49:38"}
{"level":"info","message":"Cliente desconectado: SfaXS2SXKuoNcRUQAACX","timestamp":"2025-11-09 13:49:52"}
{"level":"info","message":"Cliente SfaXS2SXKuoNcRUQAACX saliendo de todas las salas de roulette:5","timestamp":"2025-11-09 13:49:52"}
{"level":"info","message":"Limpieza completada para cliente SfaXS2SXKuoNcRUQAACX","timestamp":"2025-11-09 13:49:52"}
{"level":"info","message":"Cliente desconectado: 53c5_yLIkiVLuyBHAACZ","timestamp":"2025-11-09 13:49:52"}
{"level":"info","message":"Cliente 53c5_yLIkiVLuyBHAACZ saliendo de todas las salas de roulette:5","timestamp":"2025-11-09 13:49:52"}
{"level":"info","message":"Limpieza completada para cliente 53c5_yLIkiVLuyBHAACZ","timestamp":"2025-11-09 13:49:52"}
{"level":"info","message":"Cliente conectado: OgWBue0dGhjIwrwlAACd","timestamp":"2025-11-09 13:49:52"}
{"level":"info","message":"Cliente conectado: oXMJdMlPq5R8a3zBAACe","timestamp":"2025-11-09 13:49:52"}
{"level":"info","message":"Cliente conectado: yyIH8Tvej7H0D_2ZAACf","timestamp":"2025-11-09 13:49:52"}
{"level":"info","message":"Cliente conectado: NPlZ9UbLJxr6YAteAACh","timestamp":"2025-11-09 13:49:52"}
{"level":"info","message":"Cliente oXMJdMlPq5R8a3zBAACe unido a ruleta bookmaker:5","timestamp":"2025-11-09 13:49:52"}
{"level":"info","message":"Cliente NPlZ9UbLJxr6YAteAACh unido a ruleta bookmaker:5","timestamp":"2025-11-09 13:49:52"}
{"level":"info","message":"Historial obtenido para bookmaker 5: 40 rondas","timestamp":"2025-11-09 13:49:53"}
{"level":"info","message":"Historial de ruleta enviado al cliente NPlZ9UbLJxr6YAteAACh: 40 rondas","timestamp":"2025-11-09 13:49:53"}
{"level":"info","message":"Cliente NPlZ9UbLJxr6YAteAACh unido exitosamente a la sala roulette:5","timestamp":"2025-11-09 13:49:53"}
{"level":"info","message":"Historial obtenido para bookmaker 5: 40 rondas","timestamp":"2025-11-09 13:49:53"}
{"level":"info","message":"Historial de ruleta enviado al cliente oXMJdMlPq5R8a3zBAACe: 40 rondas","timestamp":"2025-11-09 13:49:53"}
{"level":"info","message":"Cliente oXMJdMlPq5R8a3zBAACe unido exitosamente a la sala roulette:5","timestamp":"2025-11-09 13:49:53"}
{"level":"info","message":"📡 Nueva ronda de ruleta emitida para bookmaker 6: 9 (Red)","timestamp":"2025-11-09 13:50:02"}
{"level":"error","message":"Roulette prediction failed for bookmaker 6: Error","timestamp":"2025-11-09 13:50:02"}
{"level":"info","message":"📡 Nueva ronda de ruleta emitida para bookmaker 4: 12 (Red)","timestamp":"2025-11-09 13:50:48"}
{"level":"error","message":"Roulette prediction failed for bookmaker 4: Error","timestamp":"2025-11-09 13:50:48"}
{"level":"info","message":"Cliente desconectado: oXMJdMlPq5R8a3zBAACe","timestamp":"2025-11-09 13:51:11"}
{"level":"info","message":"Cliente oXMJdMlPq5R8a3zBAACe saliendo de todas las salas de roulette:5","timestamp":"2025-11-09 13:51:11"}
{"level":"info","message":"Limpieza completada para cliente oXMJdMlPq5R8a3zBAACe","timestamp":"2025-11-09 13:51:11"}
{"level":"info","message":"Cliente desconectado: NPlZ9UbLJxr6YAteAACh","timestamp":"2025-11-09 13:51:11"}
{"level":"info","message":"Cliente NPlZ9UbLJxr6YAteAACh saliendo de todas las salas de roulette:5","timestamp":"2025-11-09 13:51:11"}
{"level":"info","message":"Limpieza completada para cliente NPlZ9UbLJxr6YAteAACh","timestamp":"2025-11-09 13:51:11"}
{"level":"info","message":"Cliente conectado: aa2wjTG1IlClFHAOAACk","timestamp":"2025-11-09 13:51:11"}
{"level":"info","message":"Cliente conectado: WgHDhTDFCi-s9Hw3AACl","timestamp":"2025-11-09 13:51:11"}
{"level":"info","message":"Cliente conectado: wMjvra6KFr2dg6Q-AACo","timestamp":"2025-11-09 13:51:11"}
{"level":"info","message":"Cliente conectado: BJ0cn4m7QWqSETEXAACp","timestamp":"2025-11-09 13:51:11"}
{"level":"info","message":"Cliente WgHDhTDFCi-s9Hw3AACl unido a ruleta bookmaker:5","timestamp":"2025-11-09 13:51:12"}
{"level":"info","message":"Cliente BJ0cn4m7QWqSETEXAACp unido a ruleta bookmaker:5","timestamp":"2025-11-09 13:51:12"}
{"level":"info","message":"Historial obtenido para bookmaker 5: 40 rondas","timestamp":"2025-11-09 13:51:12"}
{"level":"info","message":"Historial de ruleta enviado al cliente WgHDhTDFCi-s9Hw3AACl: 40 rondas","timestamp":"2025-11-09 13:51:12"}
{"level":"info","message":"Cliente WgHDhTDFCi-s9Hw3AACl unido exitosamente a la sala roulette:5","timestamp":"2025-11-09 13:51:12"}
{"level":"info","message":"Historial obtenido para bookmaker 5: 40 rondas","timestamp":"2025-11-09 13:51:12"}
{"level":"info","message":"Historial de ruleta enviado al cliente BJ0cn4m7QWqSETEXAACp: 40 rondas","timestamp":"2025-11-09 13:51:12"}
{"level":"info","message":"Cliente BJ0cn4m7QWqSETEXAACp unido exitosamente a la sala roulette:5","timestamp":"2025-11-09 13:51:12"}
{"level":"info","message":"Cliente desconectado: WgHDhTDFCi-s9Hw3AACl","timestamp":"2025-11-09 13:51:19"}
{"level":"info","message":"Cliente WgHDhTDFCi-s9Hw3AACl saliendo de todas las salas de roulette:5","timestamp":"2025-11-09 13:51:19"}
{"level":"info","message":"Limpieza completada para cliente WgHDhTDFCi-s9Hw3AACl","timestamp":"2025-11-09 13:51:19"}
{"level":"info","message":"Cliente desconectado: BJ0cn4m7QWqSETEXAACp","timestamp":"2025-11-09 13:51:19"}
{"level":"info","message":"Cliente BJ0cn4m7QWqSETEXAACp saliendo de todas las salas de roulette:5","timestamp":"2025-11-09 13:51:19"}
{"level":"info","message":"Limpieza completada para cliente BJ0cn4m7QWqSETEXAACp","timestamp":"2025-11-09 13:51:19"}
{"level":"info","message":"Cliente conectado: rUDSpjPZ3S62yIp_AACu","timestamp":"2025-11-09 13:51:19"}
{"level":"info","message":"Cliente conectado: 6SD4ZjWojDXe3ECCAACv","timestamp":"2025-11-09 13:51:19"}
{"level":"info","message":"Cliente conectado: AoHs1idBKBmOJ1FaAACw","timestamp":"2025-11-09 13:51:19"}
{"level":"info","message":"Cliente conectado: oxqUbEfZBJ9yzpURAACx","timestamp":"2025-11-09 13:51:19"}
{"level":"info","message":"Cliente 6SD4ZjWojDXe3ECCAACv unido a ruleta bookmaker:5","timestamp":"2025-11-09 13:51:19"}
{"level":"info","message":"Cliente oxqUbEfZBJ9yzpURAACx unido a ruleta bookmaker:5","timestamp":"2025-11-09 13:51:19"}
{"level":"info","message":"Historial obtenido para bookmaker 5: 40 rondas","timestamp":"2025-11-09 13:51:20"}
{"level":"info","message":"Historial de ruleta enviado al cliente oxqUbEfZBJ9yzpURAACx: 40 rondas","timestamp":"2025-11-09 13:51:20"}
{"level":"info","message":"Cliente oxqUbEfZBJ9yzpURAACx unido exitosamente a la sala roulette:5","timestamp":"2025-11-09 13:51:20"}
{"level":"info","message":"Historial obtenido para bookmaker 5: 40 rondas","timestamp":"2025-11-09 13:51:20"}
{"level":"info","message":"Historial de ruleta enviado al cliente 6SD4ZjWojDXe3ECCAACv: 40 rondas","timestamp":"2025-11-09 13:51:20"}
{"level":"info","message":"Cliente 6SD4ZjWojDXe3ECCAACv unido exitosamente a la sala roulette:5","timestamp":"2025-11-09 13:51:20"}
{"level":"info","message":"📡 Nueva ronda de ruleta emitida para bookmaker 4: 36 (Red)","timestamp":"2025-11-09 13:51:30"}
{"level":"error","message":"Roulette prediction failed for bookmaker 4: Error","timestamp":"2025-11-09 13:51:30"}
{"level":"info","message":"Cliente desconectado: 6SD4ZjWojDXe3ECCAACv","timestamp":"2025-11-09 13:51:34"}
{"level":"info","message":"Cliente 6SD4ZjWojDXe3ECCAACv saliendo de todas las salas de roulette:5","timestamp":"2025-11-09 13:51:34"}
{"level":"info","message":"Limpieza completada para cliente 6SD4ZjWojDXe3ECCAACv","timestamp":"2025-11-09 13:51:34"}
{"level":"info","message":"Cliente desconectado: oxqUbEfZBJ9yzpURAACx","timestamp":"2025-11-09 13:51:34"}
{"level":"info","message":"Cliente oxqUbEfZBJ9yzpURAACx saliendo de todas las salas de roulette:5","timestamp":"2025-11-09 13:51:34"}
{"level":"info","message":"Limpieza completada para cliente oxqUbEfZBJ9yzpURAACx","timestamp":"2025-11-09 13:51:34"}
{"level":"info","message":"Cliente conectado: sidVhUv-ZGU6-YFSAAC2","timestamp":"2025-11-09 13:51:34"}
{"level":"info","message":"Cliente conectado: Rzed1VYYY4Mx7ynyAAC3","timestamp":"2025-11-09 13:51:34"}
{"level":"info","message":"Cliente conectado: flTQf-BgMpLzDD6MAAC4","timestamp":"2025-11-09 13:51:34"}
{"level":"info","message":"Cliente conectado: qZRi4pYG8ONuy2JmAAC5","timestamp":"2025-11-09 13:51:34"}
{"level":"info","message":"Cliente Rzed1VYYY4Mx7ynyAAC3 unido a ruleta bookmaker:5","timestamp":"2025-11-09 13:51:34"}
{"level":"info","message":"Cliente qZRi4pYG8ONuy2JmAAC5 unido a ruleta bookmaker:5","timestamp":"2025-11-09 13:51:34"}
{"level":"info","message":"Historial obtenido para bookmaker 5: 40 rondas","timestamp":"2025-11-09 13:51:35"}
{"level":"info","message":"Historial de ruleta enviado al cliente Rzed1VYYY4Mx7ynyAAC3: 40 rondas","timestamp":"2025-11-09 13:51:35"}
{"level":"info","message":"Cliente Rzed1VYYY4Mx7ynyAAC3 unido exitosamente a la sala roulette:5","timestamp":"2025-11-09 13:51:35"}
{"level":"info","message":"Historial obtenido para bookmaker 5: 40 rondas","timestamp":"2025-11-09 13:51:35"}
{"level":"info","message":"Historial de ruleta enviado al cliente qZRi4pYG8ONuy2JmAAC5: 40 rondas","timestamp":"2025-11-09 13:51:35"}
{"level":"info","message":"Cliente qZRi4pYG8ONuy2JmAAC5 unido exitosamente a la sala roulette:5","timestamp":"2025-11-09 13:51:35"}
{"level":"info","message":"📡 Nueva ronda de ruleta emitida para bookmaker 6: 36 (Red)","timestamp":"2025-11-09 13:51:43"}
{"level":"error","message":"Roulette prediction failed for bookmaker 6: Error","timestamp":"2025-11-09 13:51:43"}
{"level":"info","message":"Cliente desconectado: Rzed1VYYY4Mx7ynyAAC3","timestamp":"2025-11-09 13:52:01"}
{"level":"info","message":"Cliente Rzed1VYYY4Mx7ynyAAC3 saliendo de todas las salas de roulette:5","timestamp":"2025-11-09 13:52:01"}
{"level":"info","message":"Limpieza completada para cliente Rzed1VYYY4Mx7ynyAAC3","timestamp":"2025-11-09 13:52:01"}
{"level":"info","message":"Cliente desconectado: qZRi4pYG8ONuy2JmAAC5","timestamp":"2025-11-09 13:52:01"}
{"level":"info","message":"Cliente qZRi4pYG8ONuy2JmAAC5 saliendo de todas las salas de roulette:5","timestamp":"2025-11-09 13:52:01"}
{"level":"info","message":"Limpieza completada para cliente qZRi4pYG8ONuy2JmAAC5","timestamp":"2025-11-09 13:52:01"}
{"level":"info","message":"Cliente conectado: 0tQc8Lz4sYH8XKNLAAC-","timestamp":"2025-11-09 13:52:01"}
{"level":"info","message":"Cliente conectado: 2XtO0jpUbeeGEnxmAAC_","timestamp":"2025-11-09 13:52:01"}
{"level":"info","message":"Cliente conectado: bJEw0Vak2AGmpi15AADA","timestamp":"2025-11-09 13:52:01"}
{"level":"info","message":"Cliente conectado: wYS70ut9-obecmSaAADB","timestamp":"2025-11-09 13:52:01"}
{"level":"info","message":"Cliente 2XtO0jpUbeeGEnxmAAC_ unido a ruleta bookmaker:5","timestamp":"2025-11-09 13:52:01"}
{"level":"info","message":"Cliente wYS70ut9-obecmSaAADB unido a ruleta bookmaker:5","timestamp":"2025-11-09 13:52:01"}
{"level":"info","message":"Historial obtenido para bookmaker 5: 40 rondas","timestamp":"2025-11-09 13:52:02"}
{"level":"info","message":"Historial de ruleta enviado al cliente 2XtO0jpUbeeGEnxmAAC_: 40 rondas","timestamp":"2025-11-09 13:52:02"}
{"level":"info","message":"Cliente 2XtO0jpUbeeGEnxmAAC_ unido exitosamente a la sala roulette:5","timestamp":"2025-11-09 13:52:02"}
{"level":"info","message":"Historial obtenido para bookmaker 5: 40 rondas","timestamp":"2025-11-09 13:52:02"}
{"level":"info","message":"Historial de ruleta enviado al cliente wYS70ut9-obecmSaAADB: 40 rondas","timestamp":"2025-11-09 13:52:02"}
{"level":"info","message":"Cliente wYS70ut9-obecmSaAADB unido exitosamente a la sala roulette:5","timestamp":"2025-11-09 13:52:02"}
{"level":"info","message":"📡 Nueva ronda de ruleta emitida para bookmaker 4: 1 (Red)","timestamp":"2025-11-09 13:52:53"}
{"level":"error","message":"Roulette prediction failed for bookmaker 4: Error","timestamp":"2025-11-09 13:52:53"}
{"level":"info","message":"Cliente desconectado: 2XtO0jpUbeeGEnxmAAC_","timestamp":"2025-11-09 13:53:19"}
{"level":"info","message":"Cliente 2XtO0jpUbeeGEnxmAAC_ saliendo de todas las salas de roulette:5","timestamp":"2025-11-09 13:53:19"}
{"level":"info","message":"Limpieza completada para cliente 2XtO0jpUbeeGEnxmAAC_","timestamp":"2025-11-09 13:53:19"}
{"level":"info","message":"Cliente desconectado: wYS70ut9-obecmSaAADB","timestamp":"2025-11-09 13:53:19"}
{"level":"info","message":"Cliente wYS70ut9-obecmSaAADB saliendo de todas las salas de roulette:5","timestamp":"2025-11-09 13:53:19"}
{"level":"info","message":"Limpieza completada para cliente wYS70ut9-obecmSaAADB","timestamp":"2025-11-09 13:53:19"}
{"level":"info","message":"Cliente conectado: uV_U2MKPyMq93A4JAADE","timestamp":"2025-11-09 13:53:19"}
{"level":"info","message":"Cliente conectado: qTVM5r5rhFdvJK8iAADF","timestamp":"2025-11-09 13:53:19"}
{"level":"info","message":"Cliente conectado: o7zWiFnEC5Ag--FfAADI","timestamp":"2025-11-09 13:53:19"}
{"level":"info","message":"Cliente conectado: c-qBFyokBljoFtztAADJ","timestamp":"2025-11-09 13:53:19"}
{"level":"info","message":"Cliente qTVM5r5rhFdvJK8iAADF unido a ruleta bookmaker:5","timestamp":"2025-11-09 13:53:20"}
{"level":"info","message":"Cliente c-qBFyokBljoFtztAADJ unido a ruleta bookmaker:5","timestamp":"2025-11-09 13:53:20"}
{"level":"info","message":"Historial obtenido para bookmaker 5: 40 rondas","timestamp":"2025-11-09 13:53:20"}
{"level":"info","message":"Historial de ruleta enviado al cliente qTVM5r5rhFdvJK8iAADF: 40 rondas","timestamp":"2025-11-09 13:53:20"}
{"level":"info","message":"Cliente qTVM5r5rhFdvJK8iAADF unido exitosamente a la sala roulette:5","timestamp":"2025-11-09 13:53:20"}
{"level":"info","message":"Historial obtenido para bookmaker 5: 40 rondas","timestamp":"2025-11-09 13:53:21"}
{"level":"info","message":"Historial de ruleta enviado al cliente c-qBFyokBljoFtztAADJ: 40 rondas","timestamp":"2025-11-09 13:53:21"}
{"level":"info","message":"Cliente c-qBFyokBljoFtztAADJ unido exitosamente a la sala roulette:5","timestamp":"2025-11-09 13:53:21"}
{"level":"info","message":"📡 Nueva ronda de ruleta emitida para bookmaker 4: 16 (Red)","timestamp":"2025-11-09 13:53:32"}
{"level":"error","message":"Roulette prediction failed for bookmaker 4: Error","timestamp":"2025-11-09 13:53:32"}
{"level":"info","message":"📡 Nueva ronda de ruleta emitida para bookmaker 6: 18 (Red)","timestamp":"2025-11-09 13:53:34"}
{"level":"error","message":"Roulette prediction failed for bookmaker 6: Error","timestamp":"2025-11-09 13:53:34"}
{"level":"info","message":"Cliente desconectado: qTVM5r5rhFdvJK8iAADF","timestamp":"2025-11-09 13:53:50"}
{"level":"info","message":"Cliente qTVM5r5rhFdvJK8iAADF saliendo de todas las salas de roulette:5","timestamp":"2025-11-09 13:53:50"}
{"level":"info","message":"Limpieza completada para cliente qTVM5r5rhFdvJK8iAADF","timestamp":"2025-11-09 13:53:50"}
{"level":"info","message":"Cliente desconectado: c-qBFyokBljoFtztAADJ","timestamp":"2025-11-09 13:53:50"}
{"level":"info","message":"Cliente c-qBFyokBljoFtztAADJ saliendo de todas las salas de roulette:5","timestamp":"2025-11-09 13:53:50"}
{"level":"info","message":"Limpieza completada para cliente c-qBFyokBljoFtztAADJ","timestamp":"2025-11-09 13:53:50"}
{"level":"info","message":"Cliente conectado: wPivxkP3MPMJMEGDAADN","timestamp":"2025-11-09 13:53:50"}
{"level":"info","message":"Cliente conectado: ZHylV1tm1EwYgZW7AADO","timestamp":"2025-11-09 13:53:50"}
{"level":"info","message":"Cliente conectado: me794b1j6eLO4dCMAADQ","timestamp":"2025-11-09 13:53:50"}
{"level":"info","message":"Cliente conectado: vcch53V3mOuzQKxWAADR","timestamp":"2025-11-09 13:53:50"}
{"level":"info","message":"Cliente ZHylV1tm1EwYgZW7AADO unido a ruleta bookmaker:5","timestamp":"2025-11-09 13:53:51"}
{"level":"info","message":"Cliente vcch53V3mOuzQKxWAADR unido a ruleta bookmaker:5","timestamp":"2025-11-09 13:53:51"}
{"level":"info","message":"Historial obtenido para bookmaker 5: 40 rondas","timestamp":"2025-11-09 13:53:51"}
{"level":"info","message":"Historial de ruleta enviado al cliente ZHylV1tm1EwYgZW7AADO: 40 rondas","timestamp":"2025-11-09 13:53:51"}
{"level":"info","message":"Cliente ZHylV1tm1EwYgZW7AADO unido exitosamente a la sala roulette:5","timestamp":"2025-11-09 13:53:51"}
{"level":"info","message":"Historial obtenido para bookmaker 5: 40 rondas","timestamp":"2025-11-09 13:53:51"}
{"level":"info","message":"Historial de ruleta enviado al cliente vcch53V3mOuzQKxWAADR: 40 rondas","timestamp":"2025-11-09 13:53:51"}
{"level":"info","message":"Cliente vcch53V3mOuzQKxWAADR unido exitosamente a la sala roulette:5","timestamp":"2025-11-09 13:53:51"}
{"level":"info","message":"📡 Nueva ronda de ruleta emitida para bookmaker 4: 3 (Red)","timestamp":"2025-11-09 13:54:14"}
{"level":"error","message":"Roulette prediction failed for bookmaker 4: Error","timestamp":"2025-11-09 13:54:14"}
{"level":"info","message":"📡 Nueva ronda de ruleta emitida para bookmaker 6: 8 (Black)","timestamp":"2025-11-09 13:54:31"}
{"level":"error","message":"Roulette prediction failed for bookmaker 6: Error","timestamp":"2025-11-09 13:54:31"}
{"level":"info","message":"Cliente desconectado: ZHylV1tm1EwYgZW7AADO","timestamp":"2025-11-09 13:54:39"}
{"level":"info","message":"Cliente ZHylV1tm1EwYgZW7AADO saliendo de todas las salas de roulette:5","timestamp":"2025-11-09 13:54:39"}
{"level":"info","message":"Limpieza completada para cliente ZHylV1tm1EwYgZW7AADO","timestamp":"2025-11-09 13:54:39"}
{"level":"info","message":"Cliente desconectado: vcch53V3mOuzQKxWAADR","timestamp":"2025-11-09 13:54:39"}
{"level":"info","message":"Cliente vcch53V3mOuzQKxWAADR saliendo de todas las salas de roulette:5","timestamp":"2025-11-09 13:54:39"}
{"level":"info","message":"Limpieza completada para cliente vcch53V3mOuzQKxWAADR","timestamp":"2025-11-09 13:54:39"}
{"level":"info","message":"Cliente conectado: hIVGvIQJIgO7MdsDAADW","timestamp":"2025-11-09 13:54:39"}
{"level":"info","message":"Cliente conectado: H9stlmY8LL52-yXiAADX","timestamp":"2025-11-09 13:54:39"}
{"level":"info","message":"Cliente conectado: 0g1bfcZ6H2kfItDgAADY","timestamp":"2025-11-09 13:54:39"}
{"level":"info","message":"Cliente conectado: gPIOOLghbRCIXCRGAADZ","timestamp":"2025-11-09 13:54:39"}
{"level":"info","message":"Cliente H9stlmY8LL52-yXiAADX unido a ruleta bookmaker:5","timestamp":"2025-11-09 13:54:40"}
{"level":"info","message":"Cliente gPIOOLghbRCIXCRGAADZ unido a ruleta bookmaker:5","timestamp":"2025-11-09 13:54:40"}
{"level":"info","message":"Historial obtenido para bookmaker 5: 40 rondas","timestamp":"2025-11-09 13:54:40"}
{"level":"info","message":"Historial de ruleta enviado al cliente H9stlmY8LL52-yXiAADX: 40 rondas","timestamp":"2025-11-09 13:54:40"}
{"level":"info","message":"Cliente H9stlmY8LL52-yXiAADX unido exitosamente a la sala roulette:5","timestamp":"2025-11-09 13:54:40"}
{"level":"info","message":"Historial obtenido para bookmaker 5: 40 rondas","timestamp":"2025-11-09 13:54:40"}
{"level":"info","message":"Historial de ruleta enviado al cliente gPIOOLghbRCIXCRGAADZ: 40 rondas","timestamp":"2025-11-09 13:54:40"}
{"level":"info","message":"Cliente gPIOOLghbRCIXCRGAADZ unido exitosamente a la sala roulette:5","timestamp":"2025-11-09 13:54:40"}
{"level":"info","message":"📡 Nueva ronda de ruleta emitida para bookmaker 4: 24 (Black)","timestamp":"2025-11-09 13:55:02"}
{"level":"error","message":"Roulette prediction failed for bookmaker 4: Error","timestamp":"2025-11-09 13:55:02"}
{"level":"info","message":"Cliente desconectado: H9stlmY8LL52-yXiAADX","timestamp":"2025-11-09 13:55:03"}
{"level":"info","message":"Cliente H9stlmY8LL52-yXiAADX saliendo de todas las salas de roulette:5","timestamp":"2025-11-09 13:55:03"}
{"level":"info","message":"Limpieza completada para cliente H9stlmY8LL52-yXiAADX","timestamp":"2025-11-09 13:55:03"}
{"level":"info","message":"Cliente desconectado: gPIOOLghbRCIXCRGAADZ","timestamp":"2025-11-09 13:55:03"}
{"level":"info","message":"Cliente gPIOOLghbRCIXCRGAADZ saliendo de todas las salas de roulette:5","timestamp":"2025-11-09 13:55:03"}
{"level":"info","message":"Limpieza completada para cliente gPIOOLghbRCIXCRGAADZ","timestamp":"2025-11-09 13:55:03"}
{"level":"info","message":"Cliente conectado: HFmeBHF2N9w-1PoeAADd","timestamp":"2025-11-09 13:55:03"}
{"level":"info","message":"Cliente conectado: beaS5Y_rGxo7v87AAADe","timestamp":"2025-11-09 13:55:03"}
{"level":"info","message":"Cliente conectado: frg7Nhsap1mUvF0OAADf","timestamp":"2025-11-09 13:55:03"}
{"level":"info","message":"Cliente conectado: yLgu_gTH7N0KnLlzAADh","timestamp":"2025-11-09 13:55:03"}
{"level":"info","message":"Cliente beaS5Y_rGxo7v87AAADe unido a ruleta bookmaker:5","timestamp":"2025-11-09 13:55:04"}
{"level":"info","message":"Cliente yLgu_gTH7N0KnLlzAADh unido a ruleta bookmaker:5","timestamp":"2025-11-09 13:55:04"}
{"level":"info","message":"Historial obtenido para bookmaker 5: 40 rondas","timestamp":"2025-11-09 13:55:04"}
{"level":"info","message":"Historial de ruleta enviado al cliente beaS5Y_rGxo7v87AAADe: 40 rondas","timestamp":"2025-11-09 13:55:04"}
{"level":"info","message":"Cliente beaS5Y_rGxo7v87AAADe unido exitosamente a la sala roulette:5","timestamp":"2025-11-09 13:55:04"}
{"level":"info","message":"Historial obtenido para bookmaker 5: 40 rondas","timestamp":"2025-11-09 13:55:05"}
{"level":"info","message":"Historial de ruleta enviado al cliente yLgu_gTH7N0KnLlzAADh: 40 rondas","timestamp":"2025-11-09 13:55:05"}
{"level":"info","message":"Cliente yLgu_gTH7N0KnLlzAADh unido exitosamente a la sala roulette:5","timestamp":"2025-11-09 13:55:05"}
{"level":"info","message":"Cliente desconectado: beaS5Y_rGxo7v87AAADe","timestamp":"2025-11-09 13:55:11"}
{"level":"info","message":"Cliente beaS5Y_rGxo7v87AAADe saliendo de todas las salas de roulette:5","timestamp":"2025-11-09 13:55:11"}
{"level":"info","message":"Limpieza completada para cliente beaS5Y_rGxo7v87AAADe","timestamp":"2025-11-09 13:55:11"}
{"level":"info","message":"Cliente desconectado: yLgu_gTH7N0KnLlzAADh","timestamp":"2025-11-09 13:55:11"}
{"level":"info","message":"Cliente yLgu_gTH7N0KnLlzAADh saliendo de todas las salas de roulette:5","timestamp":"2025-11-09 13:55:11"}
{"level":"info","message":"Limpieza completada para cliente yLgu_gTH7N0KnLlzAADh","timestamp":"2025-11-09 13:55:11"}
{"level":"info","message":"Cliente conectado: d_64AnJR-2CmPc5mAADl","timestamp":"2025-11-09 13:55:11"}
{"level":"info","message":"Cliente conectado: VDisulcVs3opjeHoAADm","timestamp":"2025-11-09 13:55:11"}
{"level":"info","message":"Cliente conectado: AaHPCIFVJSxzUjhxAADn","timestamp":"2025-11-09 13:55:11"}
{"level":"info","message":"Cliente conectado: tSG3WBBogT3OWN53AADp","timestamp":"2025-11-09 13:55:11"}
{"level":"info","message":"Cliente VDisulcVs3opjeHoAADm unido a ruleta bookmaker:5","timestamp":"2025-11-09 13:55:12"}
{"level":"info","message":"Cliente tSG3WBBogT3OWN53AADp unido a ruleta bookmaker:5","timestamp":"2025-11-09 13:55:12"}
{"level":"info","message":"Historial obtenido para bookmaker 5: 40 rondas","timestamp":"2025-11-09 13:55:12"}
{"level":"info","message":"Historial de ruleta enviado al cliente VDisulcVs3opjeHoAADm: 40 rondas","timestamp":"2025-11-09 13:55:12"}
{"level":"info","message":"Cliente VDisulcVs3opjeHoAADm unido exitosamente a la sala roulette:5","timestamp":"2025-11-09 13:55:12"}
{"level":"info","message":"Historial obtenido para bookmaker 5: 40 rondas","timestamp":"2025-11-09 13:55:12"}
{"level":"info","message":"Historial de ruleta enviado al cliente tSG3WBBogT3OWN53AADp: 40 rondas","timestamp":"2025-11-09 13:55:12"}
{"level":"info","message":"Cliente tSG3WBBogT3OWN53AADp unido exitosamente a la sala roulette:5","timestamp":"2025-11-09 13:55:12"}
{"level":"info","message":"Cliente desconectado: VDisulcVs3opjeHoAADm","timestamp":"2025-11-09 13:55:18"}
{"level":"info","message":"Cliente VDisulcVs3opjeHoAADm saliendo de todas las salas de roulette:5","timestamp":"2025-11-09 13:55:18"}
{"level":"info","message":"Limpieza completada para cliente VDisulcVs3opjeHoAADm","timestamp":"2025-11-09 13:55:18"}
{"level":"info","message":"Cliente desconectado: tSG3WBBogT3OWN53AADp","timestamp":"2025-11-09 13:55:18"}
{"level":"info","message":"Cliente tSG3WBBogT3OWN53AADp saliendo de todas las salas de roulette:5","timestamp":"2025-11-09 13:55:18"}
{"level":"info","message":"Limpieza completada para cliente tSG3WBBogT3OWN53AADp","timestamp":"2025-11-09 13:55:18"}
{"level":"info","message":"Cliente conectado: qAyGBa_kBzNAC7DuAADu","timestamp":"2025-11-09 13:55:18"}
{"level":"info","message":"Cliente conectado: LnDN114L-kicVJCVAADv","timestamp":"2025-11-09 13:55:18"}
{"level":"info","message":"Cliente conectado: UBa87XvXnvQBFqXuAADw","timestamp":"2025-11-09 13:55:18"}
{"level":"info","message":"Cliente conectado: Rh0aJ-wObyPtRZWEAADx","timestamp":"2025-11-09 13:55:18"}
{"level":"info","message":"Cliente LnDN114L-kicVJCVAADv unido a ruleta bookmaker:5","timestamp":"2025-11-09 13:55:19"}
{"level":"info","message":"Cliente Rh0aJ-wObyPtRZWEAADx unido a ruleta bookmaker:5","timestamp":"2025-11-09 13:55:19"}
{"level":"info","message":"Historial obtenido para bookmaker 5: 40 rondas","timestamp":"2025-11-09 13:55:19"}
{"level":"info","message":"Historial de ruleta enviado al cliente LnDN114L-kicVJCVAADv: 40 rondas","timestamp":"2025-11-09 13:55:19"}
{"level":"info","message":"Cliente LnDN114L-kicVJCVAADv unido exitosamente a la sala roulette:5","timestamp":"2025-11-09 13:55:19"}
{"level":"info","message":"Historial obtenido para bookmaker 5: 40 rondas","timestamp":"2025-11-09 13:55:19"}
{"level":"info","message":"Historial de ruleta enviado al cliente Rh0aJ-wObyPtRZWEAADx: 40 rondas","timestamp":"2025-11-09 13:55:19"}
{"level":"info","message":"Cliente Rh0aJ-wObyPtRZWEAADx unido exitosamente a la sala roulette:5","timestamp":"2025-11-09 13:55:19"}
{"level":"info","message":"Cliente desconectado: LnDN114L-kicVJCVAADv","timestamp":"2025-11-09 13:55:26"}
{"level":"info","message":"Cliente LnDN114L-kicVJCVAADv saliendo de todas las salas de roulette:5","timestamp":"2025-11-09 13:55:26"}
{"level":"info","message":"Limpieza completada para cliente LnDN114L-kicVJCVAADv","timestamp":"2025-11-09 13:55:26"}
{"level":"info","message":"Cliente desconectado: Rh0aJ-wObyPtRZWEAADx","timestamp":"2025-11-09 13:55:26"}
{"level":"info","message":"Cliente Rh0aJ-wObyPtRZWEAADx saliendo de todas las salas de roulette:5","timestamp":"2025-11-09 13:55:26"}
{"level":"info","message":"Limpieza completada para cliente Rh0aJ-wObyPtRZWEAADx","timestamp":"2025-11-09 13:55:26"}
{"level":"info","message":"📡 Nueva ronda de ruleta emitida para bookmaker 6: 23 (Red)","timestamp":"2025-11-09 13:55:26"}
{"level":"info","message":"Cliente conectado: C7KnNbRQJUIp7Yr8AAD1","timestamp":"2025-11-09 13:55:26"}
{"level":"info","message":"Cliente conectado: VYr4Eo8R2hGTOeywAAD2","timestamp":"2025-11-09 13:55:26"}
{"level":"info","message":"Cliente conectado: FnXN0Y8cYu8Xy4bCAAD3","timestamp":"2025-11-09 13:55:26"}
{"level":"info","message":"Cliente conectado: JqyKDEmEl-e6RNV2AAD5","timestamp":"2025-11-09 13:55:26"}
{"level":"error","message":"Roulette prediction failed for bookmaker 6: Error","timestamp":"2025-11-09 13:55:26"}
{"level":"info","message":"Cliente VYr4Eo8R2hGTOeywAAD2 unido a ruleta bookmaker:5","timestamp":"2025-11-09 13:55:27"}
{"level":"info","message":"Cliente JqyKDEmEl-e6RNV2AAD5 unido a ruleta bookmaker:5","timestamp":"2025-11-09 13:55:27"}
{"level":"info","message":"Historial obtenido para bookmaker 5: 40 rondas","timestamp":"2025-11-09 13:55:27"}
{"level":"info","message":"Historial de ruleta enviado al cliente VYr4Eo8R2hGTOeywAAD2: 40 rondas","timestamp":"2025-11-09 13:55:27"}
{"level":"info","message":"Cliente VYr4Eo8R2hGTOeywAAD2 unido exitosamente a la sala roulette:5","timestamp":"2025-11-09 13:55:27"}
{"level":"info","message":"Historial obtenido para bookmaker 5: 40 rondas","timestamp":"2025-11-09 13:55:27"}
{"level":"info","message":"Historial de ruleta enviado al cliente JqyKDEmEl-e6RNV2AAD5: 40 rondas","timestamp":"2025-11-09 13:55:27"}
{"level":"info","message":"Cliente JqyKDEmEl-e6RNV2AAD5 unido exitosamente a la sala roulette:5","timestamp":"2025-11-09 13:55:27"}
{"level":"info","message":"📡 Nueva ronda de ruleta emitida para bookmaker 4: 12 (Red)","timestamp":"2025-11-09 13:56:20"}
{"level":"info","message":"📡 Nueva ronda de ruleta emitida para bookmaker 6: 2 (Black)","timestamp":"2025-11-09 13:56:20"}
{"level":"error","message":"Roulette prediction failed for bookmaker 4: Error","timestamp":"2025-11-09 13:56:20"}
{"level":"error","message":"Roulette prediction failed for bookmaker 6: Error","timestamp":"2025-11-09 13:56:20"}
{"level":"info","message":"📡 Nueva ronda de ruleta emitida para bookmaker 4: 4 (Black)","timestamp":"2025-11-09 13:56:57"}
{"level":"error","message":"Roulette prediction failed for bookmaker 4: Error","timestamp":"2025-11-09 13:56:57"}
{"level":"info","message":"📡 Nueva ronda de ruleta emitida para bookmaker 6: 13 (Black)","timestamp":"2025-11-09 13:57:09"}
{"level":"error","message":"Roulette prediction failed for bookmaker 6: Error","timestamp":"2025-11-09 13:57:09"}
{"level":"info","message":"📡 Nueva ronda de ruleta emitida para bookmaker 4: 29 (Black)","timestamp":"2025-11-09 13:57:37"}
{"level":"error","message":"Roulette prediction failed for bookmaker 4: Error","timestamp":"2025-11-09 13:57:37"}
{"level":"info","message":"📡 Nueva ronda de ruleta emitida para bookmaker 6: 0 (Green)","timestamp":"2025-11-09 13:57:57"}
{"level":"error","message":"Roulette prediction failed for bookmaker 6: Error","timestamp":"2025-11-09 13:57:57"}
{"level":"info","message":"📡 Nueva ronda de ruleta emitida para bookmaker 4: 28 (Black)","timestamp":"2025-11-09 13:58:13"}
{"level":"error","message":"Roulette prediction failed for bookmaker 4: Error","timestamp":"2025-11-09 13:58:13"}
{"level":"info","message":"📡 Nueva ronda de ruleta emitida para bookmaker 4: 20 (Black)","timestamp":"2025-11-09 13:58:49"}
{"level":"error","message":"Roulette prediction failed for bookmaker 4: Error","timestamp":"2025-11-09 13:58:49"}
{"level":"info","message":"Cliente desconectado: VYr4Eo8R2hGTOeywAAD2","timestamp":"2025-11-09 13:59:15"}
{"level":"info","message":"Cliente VYr4Eo8R2hGTOeywAAD2 saliendo de todas las salas de roulette:5","timestamp":"2025-11-09 13:59:15"}
{"level":"info","message":"Limpieza completada para cliente VYr4Eo8R2hGTOeywAAD2","timestamp":"2025-11-09 13:59:15"}
{"level":"info","message":"Cliente desconectado: JqyKDEmEl-e6RNV2AAD5","timestamp":"2025-11-09 13:59:15"}
{"level":"info","message":"Cliente JqyKDEmEl-e6RNV2AAD5 saliendo de todas las salas de roulette:5","timestamp":"2025-11-09 13:59:15"}
{"level":"info","message":"Limpieza completada para cliente JqyKDEmEl-e6RNV2AAD5","timestamp":"2025-11-09 13:59:15"}
{"level":"info","message":"Cliente conectado: zoq7ohbe48LEo5kxAAD8","timestamp":"2025-11-09 13:59:15"}
{"level":"info","message":"Cliente conectado: T0pM5cToie_wP3TrAAD9","timestamp":"2025-11-09 13:59:15"}
{"level":"info","message":"Cliente conectado: 9sY5pTre7TNZXs57AAEA","timestamp":"2025-11-09 13:59:15"}
{"level":"info","message":"Cliente conectado: 8CIgTIHUAnVwg1n5AAEB","timestamp":"2025-11-09 13:59:15"}
{"level":"info","message":"Cliente zoq7ohbe48LEo5kxAAD8 unido a ruleta bookmaker:5","timestamp":"2025-11-09 13:59:15"}
{"level":"info","message":"Cliente 8CIgTIHUAnVwg1n5AAEB unido a ruleta bookmaker:5","timestamp":"2025-11-09 13:59:15"}
{"level":"info","message":"Historial obtenido para bookmaker 5: 40 rondas","timestamp":"2025-11-09 13:59:15"}
{"level":"info","message":"Historial de ruleta enviado al cliente zoq7ohbe48LEo5kxAAD8: 40 rondas","timestamp":"2025-11-09 13:59:15"}
{"level":"info","message":"Cliente zoq7ohbe48LEo5kxAAD8 unido exitosamente a la sala roulette:5","timestamp":"2025-11-09 13:59:15"}
{"level":"info","message":"Historial obtenido para bookmaker 5: 40 rondas","timestamp":"2025-11-09 13:59:16"}
{"level":"info","message":"Historial de ruleta enviado al cliente 8CIgTIHUAnVwg1n5AAEB: 40 rondas","timestamp":"2025-11-09 13:59:16"}
{"level":"info","message":"Cliente 8CIgTIHUAnVwg1n5AAEB unido exitosamente a la sala roulette:5","timestamp":"2025-11-09 13:59:16"}
{"level":"info","message":"📡 Nueva ronda de ruleta emitida para bookmaker 4: 10 (Black)","timestamp":"2025-11-09 13:59:24"}
{"level":"error","message":"Roulette prediction failed for bookmaker 4: Error","timestamp":"2025-11-09 13:59:24"}
{"level":"info","message":"Cliente desconectado: zoq7ohbe48LEo5kxAAD8","timestamp":"2025-11-09 13:59:31"}
{"level":"info","message":"Cliente zoq7ohbe48LEo5kxAAD8 saliendo de todas las salas de roulette:5","timestamp":"2025-11-09 13:59:31"}
{"level":"info","message":"Limpieza completada para cliente zoq7ohbe48LEo5kxAAD8","timestamp":"2025-11-09 13:59:31"}
{"level":"info","message":"Cliente desconectado: 8CIgTIHUAnVwg1n5AAEB","timestamp":"2025-11-09 13:59:31"}
{"level":"info","message":"Cliente 8CIgTIHUAnVwg1n5AAEB saliendo de todas las salas de roulette:5","timestamp":"2025-11-09 13:59:31"}
{"level":"info","message":"Limpieza completada para cliente 8CIgTIHUAnVwg1n5AAEB","timestamp":"2025-11-09 13:59:31"}
{"level":"info","message":"Cliente conectado: Nat13ECQzb3uYyBoAAEG","timestamp":"2025-11-09 13:59:31"}
{"level":"info","message":"Cliente conectado: KBr345Dvv0FRAra2AAEH","timestamp":"2025-11-09 13:59:31"}
{"level":"info","message":"Cliente conectado: E8WhSnbWNv_sStTjAAEI","timestamp":"2025-11-09 13:59:31"}
{"level":"info","message":"Cliente conectado: TOMLGxVzjyvjVpUcAAEJ","timestamp":"2025-11-09 13:59:31"}
{"level":"info","message":"Cliente KBr345Dvv0FRAra2AAEH unido a ruleta bookmaker:5","timestamp":"2025-11-09 13:59:31"}
{"level":"info","message":"Cliente TOMLGxVzjyvjVpUcAAEJ unido a ruleta bookmaker:5","timestamp":"2025-11-09 13:59:31"}
{"level":"info","message":"Historial obtenido para bookmaker 5: 40 rondas","timestamp":"2025-11-09 13:59:31"}
{"level":"info","message":"Historial de ruleta enviado al cliente KBr345Dvv0FRAra2AAEH: 40 rondas","timestamp":"2025-11-09 13:59:31"}
{"level":"info","message":"Cliente KBr345Dvv0FRAra2AAEH unido exitosamente a la sala roulette:5","timestamp":"2025-11-09 13:59:31"}
{"level":"info","message":"Historial obtenido para bookmaker 5: 40 rondas","timestamp":"2025-11-09 13:59:32"}
{"level":"info","message":"Historial de ruleta enviado al cliente TOMLGxVzjyvjVpUcAAEJ: 40 rondas","timestamp":"2025-11-09 13:59:32"}
{"level":"info","message":"Cliente TOMLGxVzjyvjVpUcAAEJ unido exitosamente a la sala roulette:5","timestamp":"2025-11-09 13:59:32"}
{"level":"info","message":"📡 Nueva ronda de ruleta emitida para bookmaker 6: 1 (Red)","timestamp":"2025-11-09 13:59:42"}
{"level":"error","message":"Roulette prediction failed for bookmaker 6: Error","timestamp":"2025-11-09 13:59:43"}
{"level":"info","message":"📡 Nueva ronda de ruleta emitida para bookmaker 6: 11 (Black)","timestamp":"2025-11-09 14:00:36"}
{"level":"error","message":"Roulette prediction failed for bookmaker 6: Error","timestamp":"2025-11-09 14:00:37"}
{"level":"info","message":"📡 Nueva ronda de ruleta emitida para bookmaker 4: 25 (Red)","timestamp":"2025-11-09 14:00:38"}
{"level":"error","message":"Roulette prediction failed for bookmaker 4: Error","timestamp":"2025-11-09 14:00:38"}
{"level":"info","message":"📡 Nueva ronda de ruleta emitida para bookmaker 4: 8 (Black)","timestamp":"2025-11-09 14:01:19"}
{"level":"error","message":"Roulette prediction failed for bookmaker 4: Error","timestamp":"2025-11-09 14:01:19"}
{"level":"info","message":"📡 Nueva ronda de ruleta emitida para bookmaker 6: 9 (Red)","timestamp":"2025-11-09 14:01:27"}
{"level":"error","message":"Roulette prediction failed for bookmaker 6: Error","timestamp":"2025-11-09 14:01:28"}
{"level":"info","message":"📡 Nueva ronda de ruleta emitida para bookmaker 4: 20 (Black)","timestamp":"2025-11-09 14:01:55"}
{"level":"error","message":"Roulette prediction failed for bookmaker 4: Error","timestamp":"2025-11-09 14:01:55"}
{"level":"info","message":"Cliente desconectado: KBr345Dvv0FRAra2AAEH","timestamp":"2025-11-09 14:02:13"}
{"level":"info","message":"Cliente KBr345Dvv0FRAra2AAEH saliendo de todas las salas de roulette:5","timestamp":"2025-11-09 14:02:13"}
{"level":"info","message":"Limpieza completada para cliente KBr345Dvv0FRAra2AAEH","timestamp":"2025-11-09 14:02:13"}
{"level":"info","message":"Cliente desconectado: TOMLGxVzjyvjVpUcAAEJ","timestamp":"2025-11-09 14:02:13"}
{"level":"info","message":"Cliente TOMLGxVzjyvjVpUcAAEJ saliendo de todas las salas de roulette:5","timestamp":"2025-11-09 14:02:13"}
{"level":"info","message":"Limpieza completada para cliente TOMLGxVzjyvjVpUcAAEJ","timestamp":"2025-11-09 14:02:13"}
{"level":"info","message":"Cliente conectado: CL5xteaDKRC0GcUzAAEN","timestamp":"2025-11-09 14:02:13"}
{"level":"info","message":"Cliente conectado: 7weLc7x4TPPo9ANiAAEO","timestamp":"2025-11-09 14:02:13"}
{"level":"info","message":"Cliente conectado: Df3RKOjWonZa2orJAAEP","timestamp":"2025-11-09 14:02:13"}
{"level":"info","message":"Cliente conectado: WGvdrH8l9SzU1ozkAAER","timestamp":"2025-11-09 14:02:13"}
{"level":"info","message":"Cliente 7weLc7x4TPPo9ANiAAEO unido a ruleta bookmaker:5","timestamp":"2025-11-09 14:02:13"}
{"level":"info","message":"Cliente WGvdrH8l9SzU1ozkAAER unido a ruleta bookmaker:5","timestamp":"2025-11-09 14:02:13"}
{"level":"info","message":"Historial obtenido para bookmaker 5: 40 rondas","timestamp":"2025-11-09 14:02:13"}
{"level":"info","message":"Historial de ruleta enviado al cliente 7weLc7x4TPPo9ANiAAEO: 40 rondas","timestamp":"2025-11-09 14:02:13"}
{"level":"info","message":"Cliente 7weLc7x4TPPo9ANiAAEO unido exitosamente a la sala roulette:5","timestamp":"2025-11-09 14:02:13"}
{"level":"info","message":"Historial obtenido para bookmaker 5: 40 rondas","timestamp":"2025-11-09 14:02:14"}
{"level":"info","message":"Historial de ruleta enviado al cliente WGvdrH8l9SzU1ozkAAER: 40 rondas","timestamp":"2025-11-09 14:02:14"}
{"level":"info","message":"Cliente WGvdrH8l9SzU1ozkAAER unido exitosamente a la sala roulette:5","timestamp":"2025-11-09 14:02:14"}
{"level":"info","message":"Cliente desconectado: 7weLc7x4TPPo9ANiAAEO","timestamp":"2025-11-09 14:02:15"}
{"level":"info","message":"Cliente 7weLc7x4TPPo9ANiAAEO saliendo de todas las salas de roulette:5","timestamp":"2025-11-09 14:02:15"}
{"level":"info","message":"Limpieza completada para cliente 7weLc7x4TPPo9ANiAAEO","timestamp":"2025-11-09 14:02:15"}
{"level":"info","message":"Cliente desconectado: WGvdrH8l9SzU1ozkAAER","timestamp":"2025-11-09 14:02:15"}
{"level":"info","message":"Cliente WGvdrH8l9SzU1ozkAAER saliendo de todas las salas de roulette:5","timestamp":"2025-11-09 14:02:15"}
{"level":"info","message":"Limpieza completada para cliente WGvdrH8l9SzU1ozkAAER","timestamp":"2025-11-09 14:02:15"}
{"level":"info","message":"Cliente conectado: kzhlxUTpDQ9dpEwVAAEW","timestamp":"2025-11-09 14:02:15"}
{"level":"info","message":"Cliente conectado: 5dwFcTMfrZ0MX0rdAAEX","timestamp":"2025-11-09 14:02:15"}
{"level":"info","message":"Cliente conectado: aS1NTbGRiS-GK_RbAAEY","timestamp":"2025-11-09 14:02:15"}
{"level":"info","message":"Cliente conectado: bF-KDrxmY_c52vhyAAEZ","timestamp":"2025-11-09 14:02:15"}
{"level":"info","message":"Cliente 5dwFcTMfrZ0MX0rdAAEX unido a ruleta bookmaker:5","timestamp":"2025-11-09 14:02:16"}
{"level":"info","message":"Cliente bF-KDrxmY_c52vhyAAEZ unido a ruleta bookmaker:5","timestamp":"2025-11-09 14:02:16"}
{"level":"info","message":"Historial obtenido para bookmaker 5: 40 rondas","timestamp":"2025-11-09 14:02:16"}
{"level":"info","message":"Historial de ruleta enviado al cliente 5dwFcTMfrZ0MX0rdAAEX: 40 rondas","timestamp":"2025-11-09 14:02:16"}
{"level":"info","message":"Cliente 5dwFcTMfrZ0MX0rdAAEX unido exitosamente a la sala roulette:5","timestamp":"2025-11-09 14:02:16"}
{"level":"info","message":"Historial obtenido para bookmaker 5: 40 rondas","timestamp":"2025-11-09 14:02:16"}
{"level":"info","message":"Historial de ruleta enviado al cliente bF-KDrxmY_c52vhyAAEZ: 40 rondas","timestamp":"2025-11-09 14:02:16"}
{"level":"info","message":"Cliente bF-KDrxmY_c52vhyAAEZ unido exitosamente a la sala roulette:5","timestamp":"2025-11-09 14:02:16"}
{"level":"info","message":"Cliente desconectado: 5dwFcTMfrZ0MX0rdAAEX","timestamp":"2025-11-09 14:02:18"}
{"level":"info","message":"Cliente 5dwFcTMfrZ0MX0rdAAEX saliendo de todas las salas de roulette:5","timestamp":"2025-11-09 14:02:18"}
{"level":"info","message":"Limpieza completada para cliente 5dwFcTMfrZ0MX0rdAAEX","timestamp":"2025-11-09 14:02:18"}
{"level":"info","message":"Cliente desconectado: bF-KDrxmY_c52vhyAAEZ","timestamp":"2025-11-09 14:02:18"}
{"level":"info","message":"Cliente bF-KDrxmY_c52vhyAAEZ saliendo de todas las salas de roulette:5","timestamp":"2025-11-09 14:02:18"}
{"level":"info","message":"Limpieza completada para cliente bF-KDrxmY_c52vhyAAEZ","timestamp":"2025-11-09 14:02:18"}
{"level":"info","message":"Cliente conectado: P79uLa3uem-c9o3lAAEd","timestamp":"2025-11-09 14:02:18"}
{"level":"info","message":"Cliente conectado: -vkNa_kGUxUUv1ZmAAEe","timestamp":"2025-11-09 14:02:18"}
{"level":"info","message":"Cliente conectado: D0sZk3nn6eQG1KuHAAEg","timestamp":"2025-11-09 14:02:18"}
{"level":"info","message":"Cliente conectado: f4PkOk05RQWxg_OMAAEh","timestamp":"2025-11-09 14:02:18"}
{"level":"info","message":"Cliente -vkNa_kGUxUUv1ZmAAEe unido a ruleta bookmaker:5","timestamp":"2025-11-09 14:02:18"}
{"level":"info","message":"Cliente f4PkOk05RQWxg_OMAAEh unido a ruleta bookmaker:5","timestamp":"2025-11-09 14:02:18"}
{"level":"info","message":"Historial obtenido para bookmaker 5: 40 rondas","timestamp":"2025-11-09 14:02:18"}
{"level":"info","message":"Historial de ruleta enviado al cliente -vkNa_kGUxUUv1ZmAAEe: 40 rondas","timestamp":"2025-11-09 14:02:18"}
{"level":"info","message":"Cliente -vkNa_kGUxUUv1ZmAAEe unido exitosamente a la sala roulette:5","timestamp":"2025-11-09 14:02:18"}
{"level":"info","message":"Historial obtenido para bookmaker 5: 40 rondas","timestamp":"2025-11-09 14:02:18"}
{"level":"info","message":"Historial de ruleta enviado al cliente f4PkOk05RQWxg_OMAAEh: 40 rondas","timestamp":"2025-11-09 14:02:18"}
{"level":"info","message":"Cliente f4PkOk05RQWxg_OMAAEh unido exitosamente a la sala roulette:5","timestamp":"2025-11-09 14:02:18"}
{"level":"info","message":"📡 Nueva ronda de ruleta emitida para bookmaker 6: 7 (Red)","timestamp":"2025-11-09 14:02:19"}
{"level":"error","message":"Roulette prediction failed for bookmaker 6: Error","timestamp":"2025-11-09 14:02:19"}
{"level":"info","message":"Cliente desconectado: -vkNa_kGUxUUv1ZmAAEe","timestamp":"2025-11-09 14:02:20"}
{"level":"info","message":"Cliente -vkNa_kGUxUUv1ZmAAEe saliendo de todas las salas de roulette:5","timestamp":"2025-11-09 14:02:20"}
{"level":"info","message":"Limpieza completada para cliente -vkNa_kGUxUUv1ZmAAEe","timestamp":"2025-11-09 14:02:20"}
{"level":"info","message":"Cliente desconectado: f4PkOk05RQWxg_OMAAEh","timestamp":"2025-11-09 14:02:20"}
{"level":"info","message":"Cliente f4PkOk05RQWxg_OMAAEh saliendo de todas las salas de roulette:5","timestamp":"2025-11-09 14:02:20"}
{"level":"info","message":"Limpieza completada para cliente f4PkOk05RQWxg_OMAAEh","timestamp":"2025-11-09 14:02:20"}
{"level":"info","message":"Cliente conectado: 8GewVyG9cQmW9lUeAAEm","timestamp":"2025-11-09 14:02:20"}
{"level":"info","message":"Cliente conectado: taeR3y1hCY-BGwA_AAEn","timestamp":"2025-11-09 14:02:20"}
{"level":"info","message":"Cliente conectado: ye2o6y29CEgMrTl1AAEo","timestamp":"2025-11-09 14:02:20"}
{"level":"info","message":"Cliente conectado: oPUq8HinkAmmN3BkAAEp","timestamp":"2025-11-09 14:02:20"}
{"level":"info","message":"Cliente taeR3y1hCY-BGwA_AAEn unido a ruleta bookmaker:5","timestamp":"2025-11-09 14:02:20"}
{"level":"info","message":"Cliente oPUq8HinkAmmN3BkAAEp unido a ruleta bookmaker:5","timestamp":"2025-11-09 14:02:20"}
{"level":"info","message":"Historial obtenido para bookmaker 5: 40 rondas","timestamp":"2025-11-09 14:02:20"}
{"level":"info","message":"Historial de ruleta enviado al cliente taeR3y1hCY-BGwA_AAEn: 40 rondas","timestamp":"2025-11-09 14:02:20"}
{"level":"info","message":"Cliente taeR3y1hCY-BGwA_AAEn unido exitosamente a la sala roulette:5","timestamp":"2025-11-09 14:02:20"}
{"level":"info","message":"Historial obtenido para bookmaker 5: 40 rondas","timestamp":"2025-11-09 14:02:20"}
{"level":"info","message":"Historial de ruleta enviado al cliente oPUq8HinkAmmN3BkAAEp: 40 rondas","timestamp":"2025-11-09 14:02:20"}
{"level":"info","message":"Cliente oPUq8HinkAmmN3BkAAEp unido exitosamente a la sala roulette:5","timestamp":"2025-11-09 14:02:20"}
{"level":"info","message":"📡 Nueva ronda de ruleta emitida para bookmaker 4: 28 (Black)","timestamp":"2025-11-09 14:02:31"}
{"level":"error","message":"Roulette prediction failed for bookmaker 4: Error","timestamp":"2025-11-09 14:02:31"}
{"level":"info","message":"📡 Nueva ronda de ruleta emitida para bookmaker 4: 36 (Red)","timestamp":"2025-11-09 14:03:11"}
{"level":"error","message":"Roulette prediction failed for bookmaker 4: Error","timestamp":"2025-11-09 14:03:11"}
{"level":"info","message":"📡 Nueva ronda de ruleta emitida para bookmaker 6: 14 (Red)","timestamp":"2025-11-09 14:03:12"}
{"level":"error","message":"Roulette prediction failed for bookmaker 6: Error","timestamp":"2025-11-09 14:03:12"}
{"level":"info","message":"Cliente desconectado: taeR3y1hCY-BGwA_AAEn","timestamp":"2025-11-09 14:03:30"}
{"level":"info","message":"Cliente taeR3y1hCY-BGwA_AAEn saliendo de todas las salas de roulette:5","timestamp":"2025-11-09 14:03:30"}
{"level":"info","message":"Limpieza completada para cliente taeR3y1hCY-BGwA_AAEn","timestamp":"2025-11-09 14:03:30"}
{"level":"info","message":"Cliente desconectado: oPUq8HinkAmmN3BkAAEp","timestamp":"2025-11-09 14:03:30"}
{"level":"info","message":"Cliente oPUq8HinkAmmN3BkAAEp saliendo de todas las salas de roulette:5","timestamp":"2025-11-09 14:03:30"}
{"level":"info","message":"Limpieza completada para cliente oPUq8HinkAmmN3BkAAEp","timestamp":"2025-11-09 14:03:30"}
{"level":"info","message":"Cliente conectado: OZ5tglyc7ChqqpklAAEu","timestamp":"2025-11-09 14:03:31"}
{"level":"info","message":"Cliente conectado: 5j7wY1APMAdoTCV7AAEv","timestamp":"2025-11-09 14:03:31"}
{"level":"info","message":"Cliente conectado: 1UU04DcemXjv4gI1AAEw","timestamp":"2025-11-09 14:03:31"}
{"level":"info","message":"Cliente conectado: PbOY83HNNFYM07sMAAEx","timestamp":"2025-11-09 14:03:31"}
{"level":"info","message":"Cliente 5j7wY1APMAdoTCV7AAEv unido a ruleta bookmaker:5","timestamp":"2025-11-09 14:03:31"}
{"level":"info","message":"Cliente PbOY83HNNFYM07sMAAEx unido a ruleta bookmaker:5","timestamp":"2025-11-09 14:03:31"}
{"level":"info","message":"Historial obtenido para bookmaker 5: 40 rondas","timestamp":"2025-11-09 14:03:31"}
{"level":"info","message":"Historial de ruleta enviado al cliente 5j7wY1APMAdoTCV7AAEv: 40 rondas","timestamp":"2025-11-09 14:03:31"}
{"level":"info","message":"Cliente 5j7wY1APMAdoTCV7AAEv unido exitosamente a la sala roulette:5","timestamp":"2025-11-09 14:03:31"}
{"level":"info","message":"Historial obtenido para bookmaker 5: 40 rondas","timestamp":"2025-11-09 14:03:32"}
{"level":"info","message":"Historial de ruleta enviado al cliente PbOY83HNNFYM07sMAAEx: 40 rondas","timestamp":"2025-11-09 14:03:32"}
{"level":"info","message":"Cliente PbOY83HNNFYM07sMAAEx unido exitosamente a la sala roulette:5","timestamp":"2025-11-09 14:03:32"}
{"level":"info","message":"📡 Nueva ronda de ruleta emitida para bookmaker 4: 11 (Black)","timestamp":"2025-11-09 14:03:47"}
{"level":"error","message":"Roulette prediction failed for bookmaker 4: Error","timestamp":"2025-11-09 14:03:47"}
{"level":"info","message":"📡 Nueva ronda de ruleta emitida para bookmaker 6: 3 (Red)","timestamp":"2025-11-09 14:04:08"}
{"level":"error","message":"Roulette prediction failed for bookmaker 6: Error","timestamp":"2025-11-09 14:04:08"}
{"level":"info","message":"📡 Nueva ronda de ruleta emitida para bookmaker 4: 7 (Red)","timestamp":"2025-11-09 14:04:25"}
{"level":"error","message":"Roulette prediction failed for bookmaker 4: Error","timestamp":"2025-11-09 14:04:25"}
{"level":"info","message":"📡 Nueva ronda de ruleta emitida para bookmaker 4: 19 (Red)","timestamp":"2025-11-09 14:05:04"}
{"level":"error","message":"Roulette prediction failed for bookmaker 4: Error","timestamp":"2025-11-09 14:05:04"}
{"level":"info","message":"📡 Nueva ronda de ruleta emitida para bookmaker 4: 36 (Red)","timestamp":"2025-11-09 14:05:50"}
{"level":"error","message":"Roulette prediction failed for bookmaker 4: Error","timestamp":"2025-11-09 14:05:50"}
{"level":"info","message":"📡 Nueva ronda de ruleta emitida para bookmaker 4: 7 (Red)","timestamp":"2025-11-09 14:06:21"}
{"level":"error","message":"Roulette prediction failed for bookmaker 4: Error","timestamp":"2025-11-09 14:06:21"}
{"level":"info","message":"📡 Nueva ronda de ruleta emitida para bookmaker 6: 29 (Black)","timestamp":"2025-11-09 14:06:39"}
{"level":"error","message":"Roulette prediction failed for bookmaker 6: Error","timestamp":"2025-11-09 14:06:39"}
{"level":"info","message":"Cliente desconectado: 5j7wY1APMAdoTCV7AAEv","timestamp":"2025-11-09 14:06:58"}
{"level":"info","message":"Cliente 5j7wY1APMAdoTCV7AAEv saliendo de todas las salas de roulette:5","timestamp":"2025-11-09 14:06:58"}
{"level":"info","message":"Limpieza completada para cliente 5j7wY1APMAdoTCV7AAEv","timestamp":"2025-11-09 14:06:58"}
{"level":"info","message":"Cliente desconectado: PbOY83HNNFYM07sMAAEx","timestamp":"2025-11-09 14:06:58"}
{"level":"info","message":"Cliente PbOY83HNNFYM07sMAAEx saliendo de todas las salas de roulette:5","timestamp":"2025-11-09 14:06:58"}
{"level":"info","message":"Limpieza completada para cliente PbOY83HNNFYM07sMAAEx","timestamp":"2025-11-09 14:06:58"}
{"level":"info","message":"Cliente conectado: 2e55xKNQ_aT-Sqw8AAE2","timestamp":"2025-11-09 14:06:58"}
{"level":"info","message":"Cliente conectado: KXQmG37OER8C1qytAAE3","timestamp":"2025-11-09 14:06:58"}
{"level":"info","message":"Cliente conectado: foaI5NAjCfQEv3bgAAE4","timestamp":"2025-11-09 14:06:58"}
{"level":"info","message":"Cliente conectado: YdGYzfRnJdHVu7NbAAE5","timestamp":"2025-11-09 14:06:58"}
{"level":"info","message":"Cliente KXQmG37OER8C1qytAAE3 unido a ruleta bookmaker:5","timestamp":"2025-11-09 14:06:59"}
{"level":"info","message":"Cliente YdGYzfRnJdHVu7NbAAE5 unido a ruleta bookmaker:5","timestamp":"2025-11-09 14:06:59"}
{"level":"info","message":"Historial obtenido para bookmaker 5: 40 rondas","timestamp":"2025-11-09 14:06:59"}
{"level":"info","message":"Historial de ruleta enviado al cliente YdGYzfRnJdHVu7NbAAE5: 40 rondas","timestamp":"2025-11-09 14:06:59"}
{"level":"info","message":"Cliente YdGYzfRnJdHVu7NbAAE5 unido exitosamente a la sala roulette:5","timestamp":"2025-11-09 14:06:59"}
{"level":"info","message":"Historial obtenido para bookmaker 5: 40 rondas","timestamp":"2025-11-09 14:06:59"}
{"level":"info","message":"Historial de ruleta enviado al cliente KXQmG37OER8C1qytAAE3: 40 rondas","timestamp":"2025-11-09 14:06:59"}
{"level":"info","message":"Cliente KXQmG37OER8C1qytAAE3 unido exitosamente a la sala roulette:5","timestamp":"2025-11-09 14:06:59"}
{"level":"info","message":"📡 Nueva ronda de ruleta emitida para bookmaker 4: 26 (Black)","timestamp":"2025-11-09 14:07:00"}
{"level":"error","message":"Roulette prediction failed for bookmaker 4: Error","timestamp":"2025-11-09 14:07:00"}
{"level":"info","message":"Cliente desconectado: KXQmG37OER8C1qytAAE3","timestamp":"2025-11-09 14:07:27"}
{"level":"info","message":"Cliente KXQmG37OER8C1qytAAE3 saliendo de todas las salas de roulette:5","timestamp":"2025-11-09 14:07:27"}
{"level":"info","message":"Limpieza completada para cliente KXQmG37OER8C1qytAAE3","timestamp":"2025-11-09 14:07:27"}
{"level":"info","message":"Cliente desconectado: YdGYzfRnJdHVu7NbAAE5","timestamp":"2025-11-09 14:07:27"}
{"level":"info","message":"Cliente YdGYzfRnJdHVu7NbAAE5 saliendo de todas las salas de roulette:5","timestamp":"2025-11-09 14:07:27"}
{"level":"info","message":"Limpieza completada para cliente YdGYzfRnJdHVu7NbAAE5","timestamp":"2025-11-09 14:07:27"}
{"level":"info","message":"Cliente conectado: NwIiu9Ur8rhdYAXmAAE-","timestamp":"2025-11-09 14:07:27"}
{"level":"info","message":"Cliente conectado: 8x-PDKo7lUT6OTM4AAE_","timestamp":"2025-11-09 14:07:27"}
{"level":"info","message":"Cliente conectado: RwGQ5whuaeCPw8B2AAFA","timestamp":"2025-11-09 14:07:27"}
{"level":"info","message":"Cliente conectado: q01NmGgYNTNrVYd-AAFB","timestamp":"2025-11-09 14:07:27"}
{"level":"info","message":"Cliente 8x-PDKo7lUT6OTM4AAE_ unido a ruleta bookmaker:5","timestamp":"2025-11-09 14:07:27"}
{"level":"info","message":"Cliente q01NmGgYNTNrVYd-AAFB unido a ruleta bookmaker:5","timestamp":"2025-11-09 14:07:27"}
{"level":"info","message":"Historial obtenido para bookmaker 5: 40 rondas","timestamp":"2025-11-09 14:07:27"}
{"level":"info","message":"Historial de ruleta enviado al cliente 8x-PDKo7lUT6OTM4AAE_: 40 rondas","timestamp":"2025-11-09 14:07:27"}
{"level":"info","message":"Cliente 8x-PDKo7lUT6OTM4AAE_ unido exitosamente a la sala roulette:5","timestamp":"2025-11-09 14:07:27"}
{"level":"info","message":"Historial obtenido para bookmaker 5: 40 rondas","timestamp":"2025-11-09 14:07:28"}
{"level":"info","message":"Historial de ruleta enviado al cliente q01NmGgYNTNrVYd-AAFB: 40 rondas","timestamp":"2025-11-09 14:07:28"}
{"level":"info","message":"Cliente q01NmGgYNTNrVYd-AAFB unido exitosamente a la sala roulette:5","timestamp":"2025-11-09 14:07:28"}
{"level":"info","message":"📡 Nueva ronda de ruleta emitida para bookmaker 6: 15 (Black)","timestamp":"2025-11-09 14:07:32"}
{"level":"error","message":"Roulette prediction failed for bookmaker 6: Error","timestamp":"2025-11-09 14:07:32"}
{"level":"info","message":"📡 Nueva ronda de ruleta emitida para bookmaker 4: 6 (Black)","timestamp":"2025-11-09 14:08:19"}
{"level":"error","message":"Roulette prediction failed for bookmaker 4: Error","timestamp":"2025-11-09 14:08:19"}
{"level":"info","message":"📡 Nueva ronda de ruleta emitida para bookmaker 6: 8 (Black)","timestamp":"2025-11-09 14:08:23"}
{"level":"error","message":"Roulette prediction failed for bookmaker 6: Error","timestamp":"2025-11-09 14:08:23"}
{"level":"info","message":"Cliente desconectado: 8x-PDKo7lUT6OTM4AAE_","timestamp":"2025-11-09 14:08:28"}
{"level":"info","message":"Cliente 8x-PDKo7lUT6OTM4AAE_ saliendo de todas las salas de roulette:5","timestamp":"2025-11-09 14:08:28"}
{"level":"info","message":"Limpieza completada para cliente 8x-PDKo7lUT6OTM4AAE_","timestamp":"2025-11-09 14:08:28"}
{"level":"info","message":"Cliente desconectado: q01NmGgYNTNrVYd-AAFB","timestamp":"2025-11-09 14:08:28"}
{"level":"info","message":"Cliente q01NmGgYNTNrVYd-AAFB saliendo de todas las salas de roulette:5","timestamp":"2025-11-09 14:08:28"}
{"level":"info","message":"Limpieza completada para cliente q01NmGgYNTNrVYd-AAFB","timestamp":"2025-11-09 14:08:28"}
{"level":"info","message":"Cliente conectado: 22dbcpcDB2DIO0ksAAFG","timestamp":"2025-11-09 14:08:28"}
{"level":"info","message":"Cliente conectado: 5e1ug6gDqHk7k7O-AAFH","timestamp":"2025-11-09 14:08:28"}
{"level":"info","message":"Cliente conectado: BLASZYRqEWfZGAfsAAFI","timestamp":"2025-11-09 14:08:28"}
{"level":"info","message":"Cliente conectado: tKK_PXIZvZOFfq4lAAFJ","timestamp":"2025-11-09 14:08:28"}
{"level":"info","message":"Cliente 5e1ug6gDqHk7k7O-AAFH unido a ruleta bookmaker:5","timestamp":"2025-11-09 14:08:29"}
{"level":"info","message":"Cliente tKK_PXIZvZOFfq4lAAFJ unido a ruleta bookmaker:5","timestamp":"2025-11-09 14:08:29"}
{"level":"info","message":"Historial obtenido para bookmaker 5: 40 rondas","timestamp":"2025-11-09 14:08:29"}
{"level":"info","message":"Historial de ruleta enviado al cliente 5e1ug6gDqHk7k7O-AAFH: 40 rondas","timestamp":"2025-11-09 14:08:29"}
{"level":"info","message":"Cliente 5e1ug6gDqHk7k7O-AAFH unido exitosamente a la sala roulette:5","timestamp":"2025-11-09 14:08:29"}
{"level":"info","message":"Historial obtenido para bookmaker 5: 40 rondas","timestamp":"2025-11-09 14:08:29"}
{"level":"info","message":"Historial de ruleta enviado al cliente tKK_PXIZvZOFfq4lAAFJ: 40 rondas","timestamp":"2025-11-09 14:08:29"}
{"level":"info","message":"Cliente tKK_PXIZvZOFfq4lAAFJ unido exitosamente a la sala roulette:5","timestamp":"2025-11-09 14:08:29"}
{"level":"info","message":"📡 Nueva ronda de ruleta emitida para bookmaker 4: 27 (Red)","timestamp":"2025-11-09 14:08:59"}
{"level":"error","message":"Roulette prediction failed for bookmaker 4: Error","timestamp":"2025-11-09 14:08:59"}
{"level":"info","message":"📡 Nueva ronda de ruleta emitida para bookmaker 6: 25 (Red)","timestamp":"2025-11-09 14:09:08"}
{"level":"error","message":"Roulette prediction failed for bookmaker 6: Error","timestamp":"2025-11-09 14:09:08"}
{"level":"info","message":"Cliente desconectado: 5e1ug6gDqHk7k7O-AAFH","timestamp":"2025-11-09 14:09:09"}
{"level":"info","message":"Cliente 5e1ug6gDqHk7k7O-AAFH saliendo de todas las salas de roulette:5","timestamp":"2025-11-09 14:09:09"}
{"level":"info","message":"Limpieza completada para cliente 5e1ug6gDqHk7k7O-AAFH","timestamp":"2025-11-09 14:09:09"}
{"level":"info","message":"Cliente desconectado: tKK_PXIZvZOFfq4lAAFJ","timestamp":"2025-11-09 14:09:09"}
{"level":"info","message":"Cliente tKK_PXIZvZOFfq4lAAFJ saliendo de todas las salas de roulette:5","timestamp":"2025-11-09 14:09:09"}
{"level":"info","message":"Limpieza completada para cliente tKK_PXIZvZOFfq4lAAFJ","timestamp":"2025-11-09 14:09:09"}
{"level":"info","message":"Cliente conectado: q7NgWOzUD7CqC-scAAFN","timestamp":"2025-11-09 14:09:09"}
{"level":"info","message":"Cliente conectado: fHT79ZLFjlergLiGAAFO","timestamp":"2025-11-09 14:09:09"}
{"level":"info","message":"Cliente conectado: 9X2W-8jB3EEQ_JoEAAFP","timestamp":"2025-11-09 14:09:09"}
{"level":"info","message":"Cliente conectado: mq3Zk1MXcIWtc-U5AAFR","timestamp":"2025-11-09 14:09:09"}
{"level":"info","message":"Cliente fHT79ZLFjlergLiGAAFO unido a ruleta bookmaker:5","timestamp":"2025-11-09 14:09:09"}
{"level":"info","message":"Cliente mq3Zk1MXcIWtc-U5AAFR unido a ruleta bookmaker:5","timestamp":"2025-11-09 14:09:09"}
{"level":"info","message":"Historial obtenido para bookmaker 5: 40 rondas","timestamp":"2025-11-09 14:09:10"}
{"level":"info","message":"Historial de ruleta enviado al cliente fHT79ZLFjlergLiGAAFO: 40 rondas","timestamp":"2025-11-09 14:09:10"}
{"level":"info","message":"Cliente fHT79ZLFjlergLiGAAFO unido exitosamente a la sala roulette:5","timestamp":"2025-11-09 14:09:10"}
{"level":"info","message":"Historial obtenido para bookmaker 5: 40 rondas","timestamp":"2025-11-09 14:09:10"}
{"level":"info","message":"Historial de ruleta enviado al cliente mq3Zk1MXcIWtc-U5AAFR: 40 rondas","timestamp":"2025-11-09 14:09:10"}
{"level":"info","message":"Cliente mq3Zk1MXcIWtc-U5AAFR unido exitosamente a la sala roulette:5","timestamp":"2025-11-09 14:09:10"}
{"level":"info","message":"Cliente desconectado: fHT79ZLFjlergLiGAAFO","timestamp":"2025-11-09 14:09:21"}
{"level":"info","message":"Cliente fHT79ZLFjlergLiGAAFO saliendo de todas las salas de roulette:5","timestamp":"2025-11-09 14:09:21"}
{"level":"info","message":"Limpieza completada para cliente fHT79ZLFjlergLiGAAFO","timestamp":"2025-11-09 14:09:21"}
{"level":"info","message":"Cliente desconectado: mq3Zk1MXcIWtc-U5AAFR","timestamp":"2025-11-09 14:09:21"}
{"level":"info","message":"Cliente mq3Zk1MXcIWtc-U5AAFR saliendo de todas las salas de roulette:5","timestamp":"2025-11-09 14:09:21"}
{"level":"info","message":"Limpieza completada para cliente mq3Zk1MXcIWtc-U5AAFR","timestamp":"2025-11-09 14:09:21"}
{"level":"info","message":"Cliente conectado: n1h_fyoX8LFxEbSrAAFT","timestamp":"2025-11-09 14:09:21"}
{"level":"info","message":"Cliente conectado: JwPUGgn_F-KvSzduAAFV","timestamp":"2025-11-09 14:09:21"}
{"level":"info","message":"Cliente conectado: l0rvKF1vRYNu1YC4AAFX","timestamp":"2025-11-09 14:09:21"}
{"level":"info","message":"Cliente conectado: 4Bq-hCi7FOLZExEdAAFZ","timestamp":"2025-11-09 14:09:21"}
{"level":"info","message":"Cliente JwPUGgn_F-KvSzduAAFV unido a ruleta bookmaker:5","timestamp":"2025-11-09 14:09:21"}
{"level":"info","message":"Cliente 4Bq-hCi7FOLZExEdAAFZ unido a ruleta bookmaker:5","timestamp":"2025-11-09 14:09:21"}
{"level":"info","message":"Historial obtenido para bookmaker 5: 40 rondas","timestamp":"2025-11-09 14:09:22"}
{"level":"info","message":"Historial de ruleta enviado al cliente 4Bq-hCi7FOLZExEdAAFZ: 40 rondas","timestamp":"2025-11-09 14:09:22"}
{"level":"info","message":"Cliente 4Bq-hCi7FOLZExEdAAFZ unido exitosamente a la sala roulette:5","timestamp":"2025-11-09 14:09:22"}
{"level":"info","message":"Historial obtenido para bookmaker 5: 40 rondas","timestamp":"2025-11-09 14:09:22"}
{"level":"info","message":"Historial de ruleta enviado al cliente JwPUGgn_F-KvSzduAAFV: 40 rondas","timestamp":"2025-11-09 14:09:22"}
{"level":"info","message":"Cliente JwPUGgn_F-KvSzduAAFV unido exitosamente a la sala roulette:5","timestamp":"2025-11-09 14:09:22"}
{"level":"info","message":"Cliente desconectado: JwPUGgn_F-KvSzduAAFV","timestamp":"2025-11-09 14:09:28"}
{"level":"info","message":"Cliente JwPUGgn_F-KvSzduAAFV saliendo de todas las salas de roulette:5","timestamp":"2025-11-09 14:09:28"}
{"level":"info","message":"Limpieza completada para cliente JwPUGgn_F-KvSzduAAFV","timestamp":"2025-11-09 14:09:28"}
{"level":"info","message":"Cliente desconectado: 4Bq-hCi7FOLZExEdAAFZ","timestamp":"2025-11-09 14:09:28"}
{"level":"info","message":"Cliente 4Bq-hCi7FOLZExEdAAFZ saliendo de todas las salas de roulette:5","timestamp":"2025-11-09 14:09:28"}
{"level":"info","message":"Limpieza completada para cliente 4Bq-hCi7FOLZExEdAAFZ","timestamp":"2025-11-09 14:09:28"}
{"level":"info","message":"Cliente conectado: oS3WHV4_3pc4165mAAFe","timestamp":"2025-11-09 14:09:28"}
{"level":"info","message":"Cliente conectado: wislE9MMK6VAg_OJAAFf","timestamp":"2025-11-09 14:09:28"}
{"level":"info","message":"Cliente conectado: -4Nc8fENtDPJUCdYAAFg","timestamp":"2025-11-09 14:09:28"}
{"level":"info","message":"Cliente conectado: vatDuxnV1WJFlpoUAAFh","timestamp":"2025-11-09 14:09:28"}
{"level":"info","message":"Cliente wislE9MMK6VAg_OJAAFf unido a ruleta bookmaker:5","timestamp":"2025-11-09 14:09:29"}
{"level":"info","message":"Cliente vatDuxnV1WJFlpoUAAFh unido a ruleta bookmaker:5","timestamp":"2025-11-09 14:09:29"}
{"level":"info","message":"Historial obtenido para bookmaker 5: 40 rondas","timestamp":"2025-11-09 14:09:29"}
{"level":"info","message":"Historial de ruleta enviado al cliente wislE9MMK6VAg_OJAAFf: 40 rondas","timestamp":"2025-11-09 14:09:29"}
{"level":"info","message":"Cliente wislE9MMK6VAg_OJAAFf unido exitosamente a la sala roulette:5","timestamp":"2025-11-09 14:09:29"}
{"level":"info","message":"Historial obtenido para bookmaker 5: 40 rondas","timestamp":"2025-11-09 14:09:29"}
{"level":"info","message":"Historial de ruleta enviado al cliente vatDuxnV1WJFlpoUAAFh: 40 rondas","timestamp":"2025-11-09 14:09:29"}
{"level":"info","message":"Cliente vatDuxnV1WJFlpoUAAFh unido exitosamente a la sala roulette:5","timestamp":"2025-11-09 14:09:29"}
{"level":"info","message":"📡 Nueva ronda de ruleta emitida para bookmaker 4: 2 (Black)","timestamp":"2025-11-09 14:09:34"}
{"level":"error","message":"Roulette prediction failed for bookmaker 4: Error","timestamp":"2025-11-09 14:09:34"}
{"level":"info","message":"Cliente desconectado: wislE9MMK6VAg_OJAAFf","timestamp":"2025-11-09 14:09:55"}
{"level":"info","message":"Cliente wislE9MMK6VAg_OJAAFf saliendo de todas las salas de roulette:5","timestamp":"2025-11-09 14:09:55"}
{"level":"info","message":"Limpieza completada para cliente wislE9MMK6VAg_OJAAFf","timestamp":"2025-11-09 14:09:55"}
{"level":"info","message":"Cliente desconectado: vatDuxnV1WJFlpoUAAFh","timestamp":"2025-11-09 14:09:55"}
{"level":"info","message":"Cliente vatDuxnV1WJFlpoUAAFh saliendo de todas las salas de roulette:5","timestamp":"2025-11-09 14:09:55"}
{"level":"info","message":"Limpieza completada para cliente vatDuxnV1WJFlpoUAAFh","timestamp":"2025-11-09 14:09:55"}
{"level":"info","message":"Cliente conectado: sqlnMtEQDnZj9nxtAAFk","timestamp":"2025-11-09 14:09:55"}
{"level":"info","message":"Cliente conectado: ylvlH2RN0DKnaHoOAAFl","timestamp":"2025-11-09 14:09:55"}
{"level":"info","message":"Cliente conectado: UvcpMf6_ZgBObngOAAFo","timestamp":"2025-11-09 14:09:55"}
{"level":"info","message":"Cliente conectado: 41xSXqVzTjFxyz3yAAFp","timestamp":"2025-11-09 14:09:55"}
{"level":"info","message":"Cliente ylvlH2RN0DKnaHoOAAFl unido a ruleta bookmaker:5","timestamp":"2025-11-09 14:09:55"}
{"level":"info","message":"Cliente 41xSXqVzTjFxyz3yAAFp unido a ruleta bookmaker:5","timestamp":"2025-11-09 14:09:55"}
{"level":"info","message":"Historial obtenido para bookmaker 5: 40 rondas","timestamp":"2025-11-09 14:09:56"}
{"level":"info","message":"Historial de ruleta enviado al cliente ylvlH2RN0DKnaHoOAAFl: 40 rondas","timestamp":"2025-11-09 14:09:56"}
{"level":"info","message":"Cliente ylvlH2RN0DKnaHoOAAFl unido exitosamente a la sala roulette:5","timestamp":"2025-11-09 14:09:56"}
{"level":"info","message":"Historial obtenido para bookmaker 5: 40 rondas","timestamp":"2025-11-09 14:09:56"}
{"level":"info","message":"Historial de ruleta enviado al cliente 41xSXqVzTjFxyz3yAAFp: 40 rondas","timestamp":"2025-11-09 14:09:56"}
{"level":"info","message":"Cliente 41xSXqVzTjFxyz3yAAFp unido exitosamente a la sala roulette:5","timestamp":"2025-11-09 14:09:56"}
{"level":"info","message":"📡 Nueva ronda de ruleta emitida para bookmaker 6: 13 (Black)","timestamp":"2025-11-09 14:10:01"}
{"level":"error","message":"Roulette prediction failed for bookmaker 6: Error","timestamp":"2025-11-09 14:10:01"}
{"level":"info","message":"Cliente desconectado: ylvlH2RN0DKnaHoOAAFl","timestamp":"2025-11-09 14:10:06"}
{"level":"info","message":"Cliente ylvlH2RN0DKnaHoOAAFl saliendo de todas las salas de roulette:5","timestamp":"2025-11-09 14:10:06"}
{"level":"info","message":"Limpieza completada para cliente ylvlH2RN0DKnaHoOAAFl","timestamp":"2025-11-09 14:10:06"}
{"level":"info","message":"Cliente desconectado: 41xSXqVzTjFxyz3yAAFp","timestamp":"2025-11-09 14:10:06"}
{"level":"info","message":"Cliente 41xSXqVzTjFxyz3yAAFp saliendo de todas las salas de roulette:5","timestamp":"2025-11-09 14:10:06"}
{"level":"info","message":"Limpieza completada para cliente 41xSXqVzTjFxyz3yAAFp","timestamp":"2025-11-09 14:10:06"}
{"level":"info","message":"Cliente conectado: a6elh22etvluW3F4AAFu","timestamp":"2025-11-09 14:10:07"}
{"level":"info","message":"Cliente conectado: MakvxCEOFacaUI_dAAFv","timestamp":"2025-11-09 14:10:07"}
{"level":"info","message":"Cliente conectado: 6oofaz52irzFrRCeAAFw","timestamp":"2025-11-09 14:10:07"}
{"level":"info","message":"Cliente conectado: DjdiWYYpKVg5uNIcAAFx","timestamp":"2025-11-09 14:10:07"}
{"level":"info","message":"Cliente MakvxCEOFacaUI_dAAFv unido a ruleta bookmaker:5","timestamp":"2025-11-09 14:10:07"}
{"level":"info","message":"Cliente DjdiWYYpKVg5uNIcAAFx unido a ruleta bookmaker:5","timestamp":"2025-11-09 14:10:07"}
{"level":"info","message":"Historial obtenido para bookmaker 5: 40 rondas","timestamp":"2025-11-09 14:10:08"}
{"level":"info","message":"Historial de ruleta enviado al cliente MakvxCEOFacaUI_dAAFv: 40 rondas","timestamp":"2025-11-09 14:10:08"}
{"level":"info","message":"Cliente MakvxCEOFacaUI_dAAFv unido exitosamente a la sala roulette:5","timestamp":"2025-11-09 14:10:08"}
{"level":"info","message":"Historial obtenido para bookmaker 5: 40 rondas","timestamp":"2025-11-09 14:10:08"}
{"level":"info","message":"Historial de ruleta enviado al cliente DjdiWYYpKVg5uNIcAAFx: 40 rondas","timestamp":"2025-11-09 14:10:08"}
{"level":"info","message":"Cliente DjdiWYYpKVg5uNIcAAFx unido exitosamente a la sala roulette:5","timestamp":"2025-11-09 14:10:08"}
{"level":"info","message":"📡 Nueva ronda de ruleta emitida para bookmaker 4: 8 (Black)","timestamp":"2025-11-09 14:10:14"}
{"level":"error","message":"Roulette prediction failed for bookmaker 4: Error","timestamp":"2025-11-09 14:10:14"}
{"level":"info","message":"Cliente desconectado: MakvxCEOFacaUI_dAAFv","timestamp":"2025-11-09 14:10:16"}
{"level":"info","message":"Cliente MakvxCEOFacaUI_dAAFv saliendo de todas las salas de roulette:5","timestamp":"2025-11-09 14:10:16"}
{"level":"info","message":"Limpieza completada para cliente MakvxCEOFacaUI_dAAFv","timestamp":"2025-11-09 14:10:16"}
{"level":"info","message":"Cliente desconectado: DjdiWYYpKVg5uNIcAAFx","timestamp":"2025-11-09 14:10:16"}
{"level":"info","message":"Cliente DjdiWYYpKVg5uNIcAAFx saliendo de todas las salas de roulette:5","timestamp":"2025-11-09 14:10:16"}
{"level":"info","message":"Limpieza completada para cliente DjdiWYYpKVg5uNIcAAFx","timestamp":"2025-11-09 14:10:16"}
{"level":"info","message":"📡 Nueva ronda de ruleta emitida para bookmaker 4: 13 (Black)","timestamp":"2025-11-09 14:10:51"}
{"level":"error","message":"Roulette prediction failed for bookmaker 4: Error","timestamp":"2025-11-09 14:10:51"}
{"level":"info","message":"📡 Nueva ronda de ruleta emitida para bookmaker 4: 31 (Black)","timestamp":"2025-11-09 14:11:30"}
{"level":"error","message":"Roulette prediction failed for bookmaker 4: Error","timestamp":"2025-11-09 14:11:30"}
{"level":"info","message":"📡 Nueva ronda de ruleta emitida para bookmaker 4: 31 (Black)","timestamp":"2025-11-09 14:12:06"}
{"level":"error","message":"Roulette prediction failed for bookmaker 4: Error","timestamp":"2025-11-09 14:12:06"}
{"level":"info","message":"📡 Nueva ronda de ruleta emitida para bookmaker 6: 18 (Red)","timestamp":"2025-11-09 14:12:33"}
{"level":"error","message":"Roulette prediction failed for bookmaker 6: Error","timestamp":"2025-11-09 14:12:33"}
{"level":"info","message":"📡 Nueva ronda de ruleta emitida para bookmaker 4: 27 (Red)","timestamp":"2025-11-09 14:12:47"}
{"level":"error","message":"Roulette prediction failed for bookmaker 4: Error","timestamp":"2025-11-09 14:12:47"}
{"level":"info","message":"📡 Nueva ronda de ruleta emitida para bookmaker 4: 11 (Black)","timestamp":"2025-11-09 14:13:26"}
{"level":"error","message":"Roulette prediction failed for bookmaker 4: Error","timestamp":"2025-11-09 14:13:26"}
{"level":"info","message":"Cliente desconectado: ZIOSZ-1pXEJLrP5tAAAp","timestamp":"2025-11-09 14:13:44"}
{"level":"info","message":"Cliente ZIOSZ-1pXEJLrP5tAAAp saliendo de todas las salas de roulette:4","timestamp":"2025-11-09 14:13:44"}
{"level":"info","message":"Limpieza completada para cliente ZIOSZ-1pXEJLrP5tAAAp","timestamp":"2025-11-09 14:13:44"}
{"level":"info","message":"Cliente desconectado: DDwzy8nGQW7hJvQXAAAB","timestamp":"2025-11-09 14:13:44"}
{"level":"info","message":"Limpieza completada para cliente DDwzy8nGQW7hJvQXAAAB","timestamp":"2025-11-09 14:13:44"}
{"level":"info","message":"Cliente desconectado: 0JfdRniGiKIXoL0xAAAn","timestamp":"2025-11-09 14:13:44"}
{"level":"info","message":"Cliente 0JfdRniGiKIXoL0xAAAn saliendo de todas las salas de roulette:4","timestamp":"2025-11-09 14:13:44"}
{"level":"info","message":"Limpieza completada para cliente 0JfdRniGiKIXoL0xAAAn","timestamp":"2025-11-09 14:13:44"}
{"level":"info","message":"Cliente desconectado: _aCMS7mnirCs1yHxAAAW","timestamp":"2025-11-09 14:13:44"}
{"level":"info","message":"Limpieza completada para cliente _aCMS7mnirCs1yHxAAAW","timestamp":"2025-11-09 14:13:44"}
{"level":"info","message":"Cliente desconectado: Zuoz_yhEhDZ4fCh7AAAU","timestamp":"2025-11-09 14:13:44"}
{"level":"info","message":"Limpieza completada para cliente Zuoz_yhEhDZ4fCh7AAAU","timestamp":"2025-11-09 14:13:44"}
{"level":"info","message":"Cliente desconectado: SR-gtqCDF5S8hOPMAAAo","timestamp":"2025-11-09 14:13:44"}
{"level":"info","message":"Limpieza completada para cliente SR-gtqCDF5S8hOPMAAAo","timestamp":"2025-11-09 14:13:44"}
{"level":"info","message":"Cliente desconectado: _sZjKTVQ_1W1XlliAAAm","timestamp":"2025-11-09 14:13:44"}
{"level":"info","message":"Limpieza completada para cliente _sZjKTVQ_1W1XlliAAAm","timestamp":"2025-11-09 14:13:44"}
{"level":"info","message":"Cliente desconectado: 9Vaeh10LcURUF_LnAAAF","timestamp":"2025-11-09 14:13:44"}
{"level":"info","message":"Limpieza completada para cliente 9Vaeh10LcURUF_LnAAAF","timestamp":"2025-11-09 14:13:44"}
{"level":"info","message":"Cliente desconectado: E16wK2_5J3XicXwwAAAc","timestamp":"2025-11-09 14:13:46"}
{"level":"info","message":"Limpieza completada para cliente E16wK2_5J3XicXwwAAAc","timestamp":"2025-11-09 14:13:46"}
{"level":"info","message":"Cliente desconectado: vSIVxPgZODrUCCO3AABG","timestamp":"2025-11-09 14:13:46"}
{"level":"info","message":"Limpieza completada para cliente vSIVxPgZODrUCCO3AABG","timestamp":"2025-11-09 14:13:46"}
{"level":"info","message":"Cliente desconectado: jGTr7vA0FoQ9kMKNAAA_","timestamp":"2025-11-09 14:13:46"}
{"level":"info","message":"Limpieza completada para cliente jGTr7vA0FoQ9kMKNAAA_","timestamp":"2025-11-09 14:13:46"}
{"level":"info","message":"Cliente desconectado: 1jGLvasJTSaaBl3bAAA9","timestamp":"2025-11-09 14:13:46"}
{"level":"info","message":"Limpieza completada para cliente 1jGLvasJTSaaBl3bAAA9","timestamp":"2025-11-09 14:13:46"}
{"level":"info","message":"Cliente desconectado: 0bWBcj99mvrGCdI8AAA4","timestamp":"2025-11-09 14:13:46"}
{"level":"info","message":"Limpieza completada para cliente 0bWBcj99mvrGCdI8AAA4","timestamp":"2025-11-09 14:13:46"}
{"level":"info","message":"Cliente desconectado: qGDnGToX9VqY9gsiAAA0","timestamp":"2025-11-09 14:13:46"}
{"level":"info","message":"Limpieza completada para cliente qGDnGToX9VqY9gsiAAA0","timestamp":"2025-11-09 14:13:46"}
{"level":"info","message":"Cliente desconectado: qeftBwnEEU-uXw0hAAAw","timestamp":"2025-11-09 14:13:46"}
{"level":"info","message":"Limpieza completada para cliente qeftBwnEEU-uXw0hAAAw","timestamp":"2025-11-09 14:13:46"}
{"level":"info","message":"Cliente desconectado: STr8KUh-ZMlZTuX2AAAs","timestamp":"2025-11-09 14:13:46"}
{"level":"info","message":"Limpieza completada para cliente STr8KUh-ZMlZTuX2AAAs","timestamp":"2025-11-09 14:13:46"}
{"level":"info","message":"Cliente desconectado: wnboBmObWscEovgLAAAe","timestamp":"2025-11-09 14:13:46"}
{"level":"info","message":"Limpieza completada para cliente wnboBmObWscEovgLAAAe","timestamp":"2025-11-09 14:13:46"}
{"level":"info","message":"Cliente desconectado: 6oofaz52irzFrRCeAAFw","timestamp":"2025-11-09 14:13:46"}
{"level":"info","message":"Limpieza completada para cliente 6oofaz52irzFrRCeAAFw","timestamp":"2025-11-09 14:13:46"}
{"level":"info","message":"Cliente desconectado: a6elh22etvluW3F4AAFu","timestamp":"2025-11-09 14:13:46"}
{"level":"info","message":"Limpieza completada para cliente a6elh22etvluW3F4AAFu","timestamp":"2025-11-09 14:13:46"}
{"level":"info","message":"Cliente desconectado: UvcpMf6_ZgBObngOAAFo","timestamp":"2025-11-09 14:13:46"}
{"level":"info","message":"Limpieza completada para cliente UvcpMf6_ZgBObngOAAFo","timestamp":"2025-11-09 14:13:46"}
{"level":"info","message":"Cliente desconectado: sqlnMtEQDnZj9nxtAAFk","timestamp":"2025-11-09 14:13:46"}
{"level":"info","message":"Limpieza completada para cliente sqlnMtEQDnZj9nxtAAFk","timestamp":"2025-11-09 14:13:46"}
{"level":"info","message":"Cliente desconectado: -4Nc8fENtDPJUCdYAAFg","timestamp":"2025-11-09 14:13:46"}
{"level":"info","message":"Limpieza completada para cliente -4Nc8fENtDPJUCdYAAFg","timestamp":"2025-11-09 14:13:46"}
{"level":"info","message":"Cliente desconectado: oS3WHV4_3pc4165mAAFe","timestamp":"2025-11-09 14:13:46"}
{"level":"info","message":"Limpieza completada para cliente oS3WHV4_3pc4165mAAFe","timestamp":"2025-11-09 14:13:46"}
{"level":"info","message":"Cliente desconectado: l0rvKF1vRYNu1YC4AAFX","timestamp":"2025-11-09 14:13:46"}
{"level":"info","message":"Limpieza completada para cliente l0rvKF1vRYNu1YC4AAFX","timestamp":"2025-11-09 14:13:46"}
{"level":"info","message":"Cliente desconectado: n1h_fyoX8LFxEbSrAAFT","timestamp":"2025-11-09 14:13:46"}
{"level":"info","message":"Limpieza completada para cliente n1h_fyoX8LFxEbSrAAFT","timestamp":"2025-11-09 14:13:46"}
{"level":"info","message":"Cliente desconectado: 9X2W-8jB3EEQ_JoEAAFP","timestamp":"2025-11-09 14:13:46"}
{"level":"info","message":"Limpieza completada para cliente 9X2W-8jB3EEQ_JoEAAFP","timestamp":"2025-11-09 14:13:46"}
{"level":"info","message":"Cliente desconectado: q7NgWOzUD7CqC-scAAFN","timestamp":"2025-11-09 14:13:46"}
{"level":"info","message":"Limpieza completada para cliente q7NgWOzUD7CqC-scAAFN","timestamp":"2025-11-09 14:13:46"}
{"level":"info","message":"Cliente desconectado: BLASZYRqEWfZGAfsAAFI","timestamp":"2025-11-09 14:13:46"}
{"level":"info","message":"Limpieza completada para cliente BLASZYRqEWfZGAfsAAFI","timestamp":"2025-11-09 14:13:46"}
{"level":"info","message":"Cliente desconectado: 22dbcpcDB2DIO0ksAAFG","timestamp":"2025-11-09 14:13:46"}
{"level":"info","message":"Limpieza completada para cliente 22dbcpcDB2DIO0ksAAFG","timestamp":"2025-11-09 14:13:46"}
{"level":"info","message":"Cliente desconectado: RwGQ5whuaeCPw8B2AAFA","timestamp":"2025-11-09 14:13:46"}
{"level":"info","message":"Limpieza completada para cliente RwGQ5whuaeCPw8B2AAFA","timestamp":"2025-11-09 14:13:46"}
{"level":"info","message":"Cliente desconectado: NwIiu9Ur8rhdYAXmAAE-","timestamp":"2025-11-09 14:13:46"}
{"level":"info","message":"Limpieza completada para cliente NwIiu9Ur8rhdYAXmAAE-","timestamp":"2025-11-09 14:13:46"}
{"level":"info","message":"Cliente desconectado: foaI5NAjCfQEv3bgAAE4","timestamp":"2025-11-09 14:13:46"}
{"level":"info","message":"Limpieza completada para cliente foaI5NAjCfQEv3bgAAE4","timestamp":"2025-11-09 14:13:46"}
{"level":"info","message":"Cliente desconectado: 2e55xKNQ_aT-Sqw8AAE2","timestamp":"2025-11-09 14:13:46"}
{"level":"info","message":"Limpieza completada para cliente 2e55xKNQ_aT-Sqw8AAE2","timestamp":"2025-11-09 14:13:46"}
{"level":"info","message":"Cliente desconectado: 1UU04DcemXjv4gI1AAEw","timestamp":"2025-11-09 14:13:46"}
{"level":"info","message":"Limpieza completada para cliente 1UU04DcemXjv4gI1AAEw","timestamp":"2025-11-09 14:13:46"}
{"level":"info","message":"Cliente desconectado: OZ5tglyc7ChqqpklAAEu","timestamp":"2025-11-09 14:13:46"}
{"level":"info","message":"Limpieza completada para cliente OZ5tglyc7ChqqpklAAEu","timestamp":"2025-11-09 14:13:46"}
{"level":"info","message":"Cliente desconectado: ye2o6y29CEgMrTl1AAEo","timestamp":"2025-11-09 14:13:46"}
{"level":"info","message":"Limpieza completada para cliente ye2o6y29CEgMrTl1AAEo","timestamp":"2025-11-09 14:13:46"}
{"level":"info","message":"Cliente desconectado: 8GewVyG9cQmW9lUeAAEm","timestamp":"2025-11-09 14:13:46"}
{"level":"info","message":"Limpieza completada para cliente 8GewVyG9cQmW9lUeAAEm","timestamp":"2025-11-09 14:13:46"}
{"level":"info","message":"Cliente desconectado: D0sZk3nn6eQG1KuHAAEg","timestamp":"2025-11-09 14:13:46"}
{"level":"info","message":"Limpieza completada para cliente D0sZk3nn6eQG1KuHAAEg","timestamp":"2025-11-09 14:13:46"}
{"level":"info","message":"Cliente desconectado: P79uLa3uem-c9o3lAAEd","timestamp":"2025-11-09 14:13:46"}
{"level":"info","message":"Limpieza completada para cliente P79uLa3uem-c9o3lAAEd","timestamp":"2025-11-09 14:13:46"}
{"level":"info","message":"Cliente desconectado: aS1NTbGRiS-GK_RbAAEY","timestamp":"2025-11-09 14:13:46"}
{"level":"info","message":"Limpieza completada para cliente aS1NTbGRiS-GK_RbAAEY","timestamp":"2025-11-09 14:13:46"}
{"level":"info","message":"Cliente desconectado: kzhlxUTpDQ9dpEwVAAEW","timestamp":"2025-11-09 14:13:46"}
{"level":"info","message":"Limpieza completada para cliente kzhlxUTpDQ9dpEwVAAEW","timestamp":"2025-11-09 14:13:46"}
{"level":"info","message":"Cliente desconectado: Df3RKOjWonZa2orJAAEP","timestamp":"2025-11-09 14:13:46"}
{"level":"info","message":"Limpieza completada para cliente Df3RKOjWonZa2orJAAEP","timestamp":"2025-11-09 14:13:46"}
{"level":"info","message":"Cliente desconectado: CL5xteaDKRC0GcUzAAEN","timestamp":"2025-11-09 14:13:46"}
{"level":"info","message":"Limpieza completada para cliente CL5xteaDKRC0GcUzAAEN","timestamp":"2025-11-09 14:13:46"}
{"level":"info","message":"Cliente desconectado: E8WhSnbWNv_sStTjAAEI","timestamp":"2025-11-09 14:13:46"}
{"level":"info","message":"Limpieza completada para cliente E8WhSnbWNv_sStTjAAEI","timestamp":"2025-11-09 14:13:46"}
{"level":"info","message":"Cliente desconectado: Nat13ECQzb3uYyBoAAEG","timestamp":"2025-11-09 14:13:46"}
{"level":"info","message":"Limpieza completada para cliente Nat13ECQzb3uYyBoAAEG","timestamp":"2025-11-09 14:13:46"}
{"level":"info","message":"Cliente desconectado: 9sY5pTre7TNZXs57AAEA","timestamp":"2025-11-09 14:13:46"}
{"level":"info","message":"Limpieza completada para cliente 9sY5pTre7TNZXs57AAEA","timestamp":"2025-11-09 14:13:46"}
{"level":"info","message":"Cliente desconectado: T0pM5cToie_wP3TrAAD9","timestamp":"2025-11-09 14:13:46"}
{"level":"info","message":"Limpieza completada para cliente T0pM5cToie_wP3TrAAD9","timestamp":"2025-11-09 14:13:46"}
{"level":"info","message":"Cliente desconectado: FnXN0Y8cYu8Xy4bCAAD3","timestamp":"2025-11-09 14:13:46"}
{"level":"info","message":"Limpieza completada para cliente FnXN0Y8cYu8Xy4bCAAD3","timestamp":"2025-11-09 14:13:46"}
{"level":"info","message":"Cliente desconectado: C7KnNbRQJUIp7Yr8AAD1","timestamp":"2025-11-09 14:13:46"}
{"level":"info","message":"Limpieza completada para cliente C7KnNbRQJUIp7Yr8AAD1","timestamp":"2025-11-09 14:13:46"}
{"level":"info","message":"Cliente desconectado: UBa87XvXnvQBFqXuAADw","timestamp":"2025-11-09 14:13:46"}
{"level":"info","message":"Limpieza completada para cliente UBa87XvXnvQBFqXuAADw","timestamp":"2025-11-09 14:13:46"}
{"level":"info","message":"Cliente desconectado: qAyGBa_kBzNAC7DuAADu","timestamp":"2025-11-09 14:13:46"}
{"level":"info","message":"Limpieza completada para cliente qAyGBa_kBzNAC7DuAADu","timestamp":"2025-11-09 14:13:46"}
{"level":"info","message":"Cliente desconectado: AaHPCIFVJSxzUjhxAADn","timestamp":"2025-11-09 14:13:46"}
{"level":"info","message":"Limpieza completada para cliente AaHPCIFVJSxzUjhxAADn","timestamp":"2025-11-09 14:13:46"}
{"level":"info","message":"Cliente desconectado: d_64AnJR-2CmPc5mAADl","timestamp":"2025-11-09 14:13:46"}
{"level":"info","message":"Limpieza completada para cliente d_64AnJR-2CmPc5mAADl","timestamp":"2025-11-09 14:13:46"}
{"level":"info","message":"Cliente desconectado: frg7Nhsap1mUvF0OAADf","timestamp":"2025-11-09 14:13:46"}
{"level":"info","message":"Limpieza completada para cliente frg7Nhsap1mUvF0OAADf","timestamp":"2025-11-09 14:13:46"}
{"level":"info","message":"Cliente desconectado: HFmeBHF2N9w-1PoeAADd","timestamp":"2025-11-09 14:13:46"}
{"level":"info","message":"Limpieza completada para cliente HFmeBHF2N9w-1PoeAADd","timestamp":"2025-11-09 14:13:46"}
{"level":"info","message":"Cliente desconectado: 0g1bfcZ6H2kfItDgAADY","timestamp":"2025-11-09 14:13:46"}
{"level":"info","message":"Limpieza completada para cliente 0g1bfcZ6H2kfItDgAADY","timestamp":"2025-11-09 14:13:46"}
{"level":"info","message":"Cliente desconectado: hIVGvIQJIgO7MdsDAADW","timestamp":"2025-11-09 14:13:46"}
{"level":"info","message":"Limpieza completada para cliente hIVGvIQJIgO7MdsDAADW","timestamp":"2025-11-09 14:13:46"}
{"level":"info","message":"Cliente desconectado: me794b1j6eLO4dCMAADQ","timestamp":"2025-11-09 14:13:46"}
{"level":"info","message":"Limpieza completada para cliente me794b1j6eLO4dCMAADQ","timestamp":"2025-11-09 14:13:46"}
{"level":"info","message":"Cliente desconectado: wPivxkP3MPMJMEGDAADN","timestamp":"2025-11-09 14:13:46"}
{"level":"info","message":"Limpieza completada para cliente wPivxkP3MPMJMEGDAADN","timestamp":"2025-11-09 14:13:46"}
{"level":"info","message":"Cliente desconectado: o7zWiFnEC5Ag--FfAADI","timestamp":"2025-11-09 14:13:46"}
{"level":"info","message":"Limpieza completada para cliente o7zWiFnEC5Ag--FfAADI","timestamp":"2025-11-09 14:13:46"}
{"level":"info","message":"Cliente desconectado: uV_U2MKPyMq93A4JAADE","timestamp":"2025-11-09 14:13:46"}
{"level":"info","message":"Limpieza completada para cliente uV_U2MKPyMq93A4JAADE","timestamp":"2025-11-09 14:13:46"}
{"level":"info","message":"Cliente desconectado: bJEw0Vak2AGmpi15AADA","timestamp":"2025-11-09 14:13:46"}
{"level":"info","message":"Limpieza completada para cliente bJEw0Vak2AGmpi15AADA","timestamp":"2025-11-09 14:13:46"}
{"level":"info","message":"Cliente desconectado: 0tQc8Lz4sYH8XKNLAAC-","timestamp":"2025-11-09 14:13:46"}
{"level":"info","message":"Limpieza completada para cliente 0tQc8Lz4sYH8XKNLAAC-","timestamp":"2025-11-09 14:13:46"}
{"level":"info","message":"Cliente desconectado: flTQf-BgMpLzDD6MAAC4","timestamp":"2025-11-09 14:13:46"}
{"level":"info","message":"Limpieza completada para cliente flTQf-BgMpLzDD6MAAC4","timestamp":"2025-11-09 14:13:46"}
{"level":"info","message":"Cliente desconectado: sidVhUv-ZGU6-YFSAAC2","timestamp":"2025-11-09 14:13:46"}
{"level":"info","message":"Limpieza completada para cliente sidVhUv-ZGU6-YFSAAC2","timestamp":"2025-11-09 14:13:46"}
{"level":"info","message":"Cliente desconectado: AoHs1idBKBmOJ1FaAACw","timestamp":"2025-11-09 14:13:46"}
{"level":"info","message":"Limpieza completada para cliente AoHs1idBKBmOJ1FaAACw","timestamp":"2025-11-09 14:13:46"}
{"level":"info","message":"Cliente desconectado: rUDSpjPZ3S62yIp_AACu","timestamp":"2025-11-09 14:13:46"}
{"level":"info","message":"Limpieza completada para cliente rUDSpjPZ3S62yIp_AACu","timestamp":"2025-11-09 14:13:46"}
{"level":"info","message":"Cliente desconectado: wMjvra6KFr2dg6Q-AACo","timestamp":"2025-11-09 14:13:46"}
{"level":"info","message":"Limpieza completada para cliente wMjvra6KFr2dg6Q-AACo","timestamp":"2025-11-09 14:13:46"}
{"level":"info","message":"Cliente desconectado: aa2wjTG1IlClFHAOAACk","timestamp":"2025-11-09 14:13:46"}
{"level":"info","message":"Limpieza completada para cliente aa2wjTG1IlClFHAOAACk","timestamp":"2025-11-09 14:13:46"}
{"level":"info","message":"Cliente desconectado: yyIH8Tvej7H0D_2ZAACf","timestamp":"2025-11-09 14:13:46"}
{"level":"info","message":"Limpieza completada para cliente yyIH8Tvej7H0D_2ZAACf","timestamp":"2025-11-09 14:13:46"}
{"level":"info","message":"Cliente desconectado: OgWBue0dGhjIwrwlAACd","timestamp":"2025-11-09 14:13:46"}
{"level":"info","message":"Limpieza completada para cliente OgWBue0dGhjIwrwlAACd","timestamp":"2025-11-09 14:13:46"}
{"level":"info","message":"Cliente desconectado: Ok48f67vB__0WWeqAACY","timestamp":"2025-11-09 14:13:46"}
{"level":"info","message":"Limpieza completada para cliente Ok48f67vB__0WWeqAACY","timestamp":"2025-11-09 14:13:46"}
{"level":"info","message":"Cliente desconectado: oRsHroqVaZJ1pnU9AACW","timestamp":"2025-11-09 14:13:46"}
{"level":"info","message":"Limpieza completada para cliente oRsHroqVaZJ1pnU9AACW","timestamp":"2025-11-09 14:13:46"}
{"level":"info","message":"Cliente desconectado: KUeKV0MhvBCsHcEKAACQ","timestamp":"2025-11-09 14:13:46"}
{"level":"info","message":"Limpieza completada para cliente KUeKV0MhvBCsHcEKAACQ","timestamp":"2025-11-09 14:13:46"}
{"level":"info","message":"Cliente desconectado: 1bK3pEsuZSfarZc9AACO","timestamp":"2025-11-09 14:13:46"}
{"level":"info","message":"Limpieza completada para cliente 1bK3pEsuZSfarZc9AACO","timestamp":"2025-11-09 14:13:46"}
{"level":"info","message":"Cliente desconectado: mqg3JA7Vrd-zs89QAACI","timestamp":"2025-11-09 14:13:46"}
{"level":"info","message":"Limpieza completada para cliente mqg3JA7Vrd-zs89QAACI","timestamp":"2025-11-09 14:13:46"}
{"level":"info","message":"Cliente desconectado: R7rCREM2KHZDWgGzAACG","timestamp":"2025-11-09 14:13:46"}
{"level":"info","message":"Limpieza completada para cliente R7rCREM2KHZDWgGzAACG","timestamp":"2025-11-09 14:13:46"}
{"level":"info","message":"Cliente desconectado: PINBsaEjqrOpAdftAACA","timestamp":"2025-11-09 14:13:46"}
{"level":"info","message":"Limpieza completada para cliente PINBsaEjqrOpAdftAACA","timestamp":"2025-11-09 14:13:46"}
{"level":"info","message":"Cliente desconectado: yqyQmd7L2DMy98c6AAB8","timestamp":"2025-11-09 14:13:46"}
{"level":"info","message":"Limpieza completada para cliente yqyQmd7L2DMy98c6AAB8","timestamp":"2025-11-09 14:13:46"}
{"level":"info","message":"Cliente desconectado: 5TpwlMmQk-wGHi6LAAB4","timestamp":"2025-11-09 14:13:46"}
{"level":"info","message":"Limpieza completada para cliente 5TpwlMmQk-wGHi6LAAB4","timestamp":"2025-11-09 14:13:46"}
{"level":"info","message":"Cliente desconectado: OOWzh7h0SDwzae4SAAB0","timestamp":"2025-11-09 14:13:46"}
{"level":"info","message":"Limpieza completada para cliente OOWzh7h0SDwzae4SAAB0","timestamp":"2025-11-09 14:13:46"}
{"level":"info","message":"Cliente desconectado: I_DZkIkLigWwKt7HAABv","timestamp":"2025-11-09 14:13:46"}
{"level":"info","message":"Limpieza completada para cliente I_DZkIkLigWwKt7HAABv","timestamp":"2025-11-09 14:13:46"}
{"level":"info","message":"Cliente desconectado: GXfp5u56xOIUReyQAABt","timestamp":"2025-11-09 14:13:46"}
{"level":"info","message":"Limpieza completada para cliente GXfp5u56xOIUReyQAABt","timestamp":"2025-11-09 14:13:46"}
{"level":"info","message":"Cliente desconectado: K28KcsUxmM1JPPKkAABn","timestamp":"2025-11-09 14:13:46"}
{"level":"info","message":"Limpieza completada para cliente K28KcsUxmM1JPPKkAABn","timestamp":"2025-11-09 14:13:46"}
{"level":"info","message":"Cliente desconectado: zbvONpS3al85bn13AABl","timestamp":"2025-11-09 14:13:46"}
{"level":"info","message":"Limpieza completada para cliente zbvONpS3al85bn13AABl","timestamp":"2025-11-09 14:13:46"}
{"level":"info","message":"Cliente desconectado: RmnmBj9q-0nUKP1cAABf","timestamp":"2025-11-09 14:13:46"}
{"level":"info","message":"Limpieza completada para cliente RmnmBj9q-0nUKP1cAABf","timestamp":"2025-11-09 14:13:46"}
{"level":"info","message":"Cliente desconectado: hrlPyoIkdRbzV4_FAABd","timestamp":"2025-11-09 14:13:46"}
{"level":"info","message":"Limpieza completada para cliente hrlPyoIkdRbzV4_FAABd","timestamp":"2025-11-09 14:13:46"}
{"level":"info","message":"Cliente desconectado: 7vD6TjbPmtqecsZkAABY","timestamp":"2025-11-09 14:13:46"}
{"level":"info","message":"Limpieza completada para cliente 7vD6TjbPmtqecsZkAABY","timestamp":"2025-11-09 14:13:46"}
{"level":"info","message":"Cliente desconectado: CAz8mpkA_ulf4BdPAABU","timestamp":"2025-11-09 14:13:46"}
{"level":"info","message":"Limpieza completada para cliente CAz8mpkA_ulf4BdPAABU","timestamp":"2025-11-09 14:13:46"}
{"level":"info","message":"Cliente desconectado: p3o_J_DgN0ttXpQlAABP","timestamp":"2025-11-09 14:13:46"}
{"level":"info","message":"Limpieza completada para cliente p3o_J_DgN0ttXpQlAABP","timestamp":"2025-11-09 14:13:46"}
{"level":"info","message":"Cliente desconectado: -iCgPQ_CYRlObO4SAABN","timestamp":"2025-11-09 14:13:46"}
{"level":"info","message":"Limpieza completada para cliente -iCgPQ_CYRlObO4SAABN","timestamp":"2025-11-09 14:13:46"}
{"level":"info","message":"Cliente desconectado: 5qNgu1Nqm6cL3K-vAABI","timestamp":"2025-11-09 14:13:46"}
{"level":"info","message":"Limpieza completada para cliente 5qNgu1Nqm6cL3K-vAABI","timestamp":"2025-11-09 14:13:46"}
{"level":"info","message":"📡 Nueva ronda de ruleta emitida para bookmaker 4: 29 (Black)","timestamp":"2025-11-09 14:14:03"}
{"level":"error","message":"Roulette prediction failed for bookmaker 4: Error","timestamp":"2025-11-09 14:14:03"}
{"level":"info","message":"📡 Nueva ronda de ruleta emitida para bookmaker 6: 14 (Red)","timestamp":"2025-11-09 14:14:15"}
{"level":"error","message":"Roulette prediction failed for bookmaker 6: Error","timestamp":"2025-11-09 14:14:16"}
{"level":"info","message":"📡 Nueva ronda de ruleta emitida para bookmaker 4: 24 (Black)","timestamp":"2025-11-09 14:14:40"}
{"level":"error","message":"Roulette prediction failed for bookmaker 4: Error","timestamp":"2025-11-09 14:14:40"}
{"level":"info","message":"📡 Nueva ronda de ruleta emitida para bookmaker 6: 10 (Black)","timestamp":"2025-11-09 14:15:08"}
{"level":"error","message":"Roulette prediction failed for bookmaker 6: Error","timestamp":"2025-11-09 14:15:08"}
{"level":"info","message":"📡 Nueva ronda de ruleta emitida para bookmaker 4: 36 (Red)","timestamp":"2025-11-09 14:15:17"}
{"level":"error","message":"Roulette prediction failed for bookmaker 4: Error","timestamp":"2025-11-09 14:15:17"}
{"level":"info","message":"📡 Nueva ronda de ruleta emitida para bookmaker 4: 36 (Red)","timestamp":"2025-11-09 14:15:57"}
{"level":"error","message":"Roulette prediction failed for bookmaker 4: Error","timestamp":"2025-11-09 14:15:57"}
{"level":"info","message":"📡 Nueva ronda de ruleta emitida para bookmaker 6: 22 (Black)","timestamp":"2025-11-09 14:16:01"}
{"level":"error","message":"Roulette prediction failed for bookmaker 6: Error","timestamp":"2025-11-09 14:16:01"}
{"level":"info","message":"📡 Nueva ronda de ruleta emitida para bookmaker 4: 17 (Black)","timestamp":"2025-11-09 14:16:36"}
{"level":"error","message":"Roulette prediction failed for bookmaker 4: Error","timestamp":"2025-11-09 14:16:36"}
{"level":"info","message":"Gateway Roulette inicializado","timestamp":"2025-11-09 14:17:07"}
{"level":"info","message":"Inicializando conexiones WebSocket de Ruleta","timestamp":"2025-11-09 14:17:07"}
{"level":"info","message":"WebSocket connected for roulette 4 (pragmatic-roulette-macao)","timestamp":"2025-11-09 14:17:08"}
{"level":"info","message":"Handshake sent for roulette 4 (pragmatic-roulette-macao)","timestamp":"2025-11-09 14:17:08"}
{"level":"info","message":"WebSocket connected for roulette 5 (pragmatic-mega-roulette)","timestamp":"2025-11-09 14:17:08"}
{"level":"info","message":"Handshake sent for roulette 5 (pragmatic-mega-roulette)","timestamp":"2025-11-09 14:17:08"}
{"level":"info","message":"WebSocket connected for roulette 6 (lightning-roulette)","timestamp":"2025-11-09 14:17:08"}
{"level":"info","message":"Handshake sent for roulette 6 (lightning-roulette)","timestamp":"2025-11-09 14:17:08"}
{"level":"info","message":"📡 Nueva ronda de ruleta emitida para bookmaker 6: 3 (Red)","timestamp":"2025-11-09 14:17:09"}
{"level":"error","message":"Roulette prediction failed for bookmaker 6: Error","timestamp":"2025-11-09 14:17:09"}
{"level":"info","message":"📡 Nueva ronda de ruleta emitida para bookmaker 4: 21 (Red)","timestamp":"2025-11-09 14:17:11"}
{"level":"error","message":"Roulette prediction failed for bookmaker 4: Error","timestamp":"2025-11-09 14:17:11"}
{"level":"info","message":"📡 Nueva ronda de ruleta emitida para bookmaker 4: 2 (Black)","timestamp":"2025-11-09 14:17:53"}
{"level":"error","message":"Roulette prediction failed for bookmaker 4: Error","timestamp":"2025-11-09 14:17:53"}
{"level":"info","message":"📡 Nueva ronda de ruleta emitida para bookmaker 6: 25 (Red)","timestamp":"2025-11-09 14:18:28"}
{"level":"error","message":"Roulette prediction failed for bookmaker 6: Error","timestamp":"2025-11-09 14:18:28"}
{"level":"info","message":"📡 Nueva ronda de ruleta emitida para bookmaker 4: 32 (Red)","timestamp":"2025-11-09 14:18:29"}
{"level":"error","message":"Roulette prediction failed for bookmaker 4: Error","timestamp":"2025-11-09 14:18:29"}
{"level":"info","message":"📡 Nueva ronda de ruleta emitida para bookmaker 4: 0 (Green)","timestamp":"2025-11-09 14:19:08"}
{"level":"error","message":"Roulette prediction failed for bookmaker 4: Error","timestamp":"2025-11-09 14:19:08"}
{"level":"info","message":"📡 Nueva ronda de ruleta emitida para bookmaker 6: 27 (Red)","timestamp":"2025-11-09 14:19:27"}
{"level":"error","message":"Roulette prediction failed for bookmaker 6: Error","timestamp":"2025-11-09 14:19:28"}
{"level":"info","message":"📡 Nueva ronda de ruleta emitida para bookmaker 4: 13 (Black)","timestamp":"2025-11-09 14:19:47"}
{"level":"error","message":"Roulette prediction failed for bookmaker 4: Error","timestamp":"2025-11-09 14:19:47"}
{"level":"info","message":"📡 Nueva ronda de ruleta emitida para bookmaker 4: 20 (Black)","timestamp":"2025-11-09 14:20:25"}
{"level":"error","message":"Roulette prediction failed for bookmaker 4: Error","timestamp":"2025-11-09 14:20:25"}
{"level":"info","message":"📡 Nueva ronda de ruleta emitida para bookmaker 4: 23 (Red)","timestamp":"2025-11-09 14:21:04"}
{"level":"error","message":"Roulette prediction failed for bookmaker 4: Error","timestamp":"2025-11-09 14:21:04"}
{"level":"info","message":"📡 Nueva ronda de ruleta emitida para bookmaker 6: 10 (Black)","timestamp":"2025-11-09 14:21:05"}
{"level":"error","message":"Roulette prediction failed for bookmaker 6: Error","timestamp":"2025-11-09 14:21:05"}
{"level":"info","message":"📡 Nueva ronda de ruleta emitida para bookmaker 4: 4 (Black)","timestamp":"2025-11-09 14:21:43"}
{"level":"error","message":"Roulette prediction failed for bookmaker 4: Error","timestamp":"2025-11-09 14:21:43"}
{"level":"info","message":"📡 Nueva ronda de ruleta emitida para bookmaker 6: 23 (Red)","timestamp":"2025-11-09 14:21:56"}
{"level":"error","message":"Roulette prediction failed for bookmaker 6: Error","timestamp":"2025-11-09 14:21:56"}
{"level":"info","message":"📡 Nueva ronda de ruleta emitida para bookmaker 4: 10 (Black)","timestamp":"2025-11-09 14:22:19"}
{"level":"error","message":"Roulette prediction failed for bookmaker 4: Error","timestamp":"2025-11-09 14:22:19"}
{"level":"info","message":"📡 Nueva ronda de ruleta emitida para bookmaker 6: 22 (Black)","timestamp":"2025-11-09 14:22:48"}
{"level":"error","message":"Roulette prediction failed for bookmaker 6: Error","timestamp":"2025-11-09 14:22:48"}
{"level":"info","message":"📡 Nueva ronda de ruleta emitida para bookmaker 4: 3 (Red)","timestamp":"2025-11-09 14:22:56"}
{"level":"error","message":"Roulette prediction failed for bookmaker 4: Error","timestamp":"2025-11-09 14:22:56"}
{"level":"info","message":"📡 Nueva ronda de ruleta emitida para bookmaker 4: 34 (Red)","timestamp":"2025-11-09 14:23:32"}
{"level":"error","message":"Roulette prediction failed for bookmaker 4: Error","timestamp":"2025-11-09 14:23:32"}
{"level":"info","message":"📡 Nueva ronda de ruleta emitida para bookmaker 6: 1 (Red)","timestamp":"2025-11-09 14:24:33"}
{"level":"error","message":"Roulette prediction failed for bookmaker 6: Error","timestamp":"2025-11-09 14:24:33"}
{"level":"info","message":"📡 Nueva ronda de ruleta emitida para bookmaker 4: 25 (Red)","timestamp":"2025-11-09 14:25:16"}
{"level":"error","message":"Roulette prediction failed for bookmaker 4: Error","timestamp":"2025-11-09 14:25:16"}
{"level":"info","message":"📡 Nueva ronda de ruleta emitida para bookmaker 6: 23 (Red)","timestamp":"2025-11-09 14:25:21"}
{"level":"error","message":"Roulette prediction failed for bookmaker 6: Error","timestamp":"2025-11-09 14:25:21"}
{"level":"info","message":"📡 Nueva ronda de ruleta emitida para bookmaker 4: 30 (Red)","timestamp":"2025-11-09 14:25:54"}
{"level":"error","message":"Roulette prediction failed for bookmaker 4: Error","timestamp":"2025-11-09 14:25:54"}
{"level":"info","message":"📡 Nueva ronda de ruleta emitida para bookmaker 6: 28 (Black)","timestamp":"2025-11-09 14:26:08"}
{"level":"error","message":"Roulette prediction failed for bookmaker 6: Error","timestamp":"2025-11-09 14:26:08"}
{"level":"info","message":"📡 Nueva ronda de ruleta emitida para bookmaker 4: 3 (Red)","timestamp":"2025-11-09 14:26:36"}
{"level":"error","message":"Roulette prediction failed for bookmaker 4: Error","timestamp":"2025-11-09 14:26:36"}
{"level":"info","message":"📡 Nueva ronda de ruleta emitida para bookmaker 6: 17 (Black)","timestamp":"2025-11-09 14:26:54"}
{"level":"error","message":"Roulette prediction failed for bookmaker 6: Error","timestamp":"2025-11-09 14:26:54"}
{"level":"info","message":"📡 Nueva ronda de ruleta emitida para bookmaker 4: 31 (Black)","timestamp":"2025-11-09 14:27:17"}
{"level":"error","message":"Roulette prediction failed for bookmaker 4: Error","timestamp":"2025-11-09 14:27:17"}
{"level":"info","message":"📡 Nueva ronda de ruleta emitida para bookmaker 6: 10 (Black)","timestamp":"2025-11-09 14:27:42"}
{"level":"error","message":"Roulette prediction failed for bookmaker 6: Error","timestamp":"2025-11-09 14:27:43"}
{"level":"info","message":"📡 Nueva ronda de ruleta emitida para bookmaker 4: 2 (Black)","timestamp":"2025-11-09 14:28:02"}
{"level":"error","message":"Roulette prediction failed for bookmaker 4: Error","timestamp":"2025-11-09 14:28:02"}
{"level":"info","message":"📡 Nueva ronda de ruleta emitida para bookmaker 6: 13 (Black)","timestamp":"2025-11-09 14:28:37"}
{"level":"error","message":"Roulette prediction failed for bookmaker 6: Error","timestamp":"2025-11-09 14:28:37"}
{"level":"info","message":"📡 Nueva ronda de ruleta emitida para bookmaker 4: 35 (Black)","timestamp":"2025-11-09 14:29:26"}
{"level":"error","message":"Roulette prediction failed for bookmaker 4: Error","timestamp":"2025-11-09 14:29:26"}
{"level":"info","message":"📡 Nueva ronda de ruleta emitida para bookmaker 4: 31 (Black)","timestamp":"2025-11-09 14:30:45"}
{"level":"error","message":"Roulette prediction failed for bookmaker 4: Error","timestamp":"2025-11-09 14:30:45"}
{"level":"error","message":"Error checking bookmakers for WebSocket updates:","timestamp":"2025-11-09 14:53:44","trace":{"address":"143.198.65.214","code":"EHOSTUNREACH","errno":-4073,"port":5432,"syscall":"connect"}}
{"level":"info","message":"WebSocket closed for roulette 5 (code: 1006, reason: )","timestamp":"2025-11-09 14:53:46"}
{"level":"info","message":"Attempting to reconnect for roulette 5 (Attempt 1/3)","timestamp":"2025-11-09 14:53:46"}
{"level":"info","message":"WebSocket closed for roulette 4 (code: 1006, reason: )","timestamp":"2025-11-09 14:53:46"}
{"level":"info","message":"Attempting to reconnect for roulette 4 (Attempt 1/3)","timestamp":"2025-11-09 14:53:46"}
{"level":"info","message":"WebSocket closed for roulette 6 (code: 1006, reason: )","timestamp":"2025-11-09 14:53:46"}
{"level":"info","message":"Attempting to reconnect for roulette 6 (Attempt 1/3)","timestamp":"2025-11-09 14:53:46"}
{"level":"info","message":"Closed existing WebSocket for roulette 5","timestamp":"2025-11-09 14:53:47"}
{"level":"info","message":"Closed existing WebSocket for roulette 6","timestamp":"2025-11-09 14:53:47"}
{"level":"info","message":"Closed existing WebSocket for roulette 4","timestamp":"2025-11-09 14:53:47"}
{"level":"info","message":"WebSocket connected for roulette 5 (pragmatic-mega-roulette)","timestamp":"2025-11-09 14:53:48"}
{"level":"info","message":"Handshake sent for roulette 5 (pragmatic-mega-roulette)","timestamp":"2025-11-09 14:53:48"}
{"level":"info","message":"WebSocket connected for roulette 6 (lightning-roulette)","timestamp":"2025-11-09 14:53:48"}
{"level":"info","message":"Handshake sent for roulette 6 (lightning-roulette)","timestamp":"2025-11-09 14:53:48"}
{"level":"info","message":"WebSocket connected for roulette 4 (pragmatic-roulette-macao)","timestamp":"2025-11-09 14:53:48"}
{"level":"info","message":"Handshake sent for roulette 4 (pragmatic-roulette-macao)","timestamp":"2025-11-09 14:53:48"}
{"level":"info","message":"📡 Nueva ronda de ruleta emitida para bookmaker 6: 7 (Red)","timestamp":"2025-11-09 14:53:49"}
{"level":"info","message":"📡 Nueva ronda de ruleta emitida para bookmaker 4: 26 (Black)","timestamp":"2025-11-09 14:53:50"}
{"level":"error","message":"Roulette prediction failed for bookmaker 6: Error","timestamp":"2025-11-09 14:53:50"}
{"level":"error","message":"Roulette prediction failed for bookmaker 4: Error","timestamp":"2025-11-09 14:53:50"}
{"level":"info","message":"📡 Nueva ronda de ruleta emitida para bookmaker 4: 18 (Red)","timestamp":"2025-11-09 14:53:50"}
{"level":"error","message":"Roulette prediction failed for bookmaker 4: Error","timestamp":"2025-11-09 14:53:50"}
{"level":"info","message":"📡 Nueva ronda de ruleta emitida para bookmaker 6: 14 (Red)","timestamp":"2025-11-09 14:53:55"}
{"level":"error","message":"Roulette prediction failed for bookmaker 6: Error","timestamp":"2025-11-09 14:53:56"}
{"level":"info","message":"📡 Nueva ronda de ruleta emitida para bookmaker 4: 14 (Red)","timestamp":"2025-11-09 14:54:38"}
{"level":"error","message":"Roulette prediction failed for bookmaker 4: Error","timestamp":"2025-11-09 14:54:38"}
{"level":"info","message":"📡 Nueva ronda de ruleta emitida para bookmaker 4: 25 (Red)","timestamp":"2025-11-09 14:55:19"}
{"level":"error","message":"Roulette prediction failed for bookmaker 4: Error","timestamp":"2025-11-09 14:55:19"}
{"level":"info","message":"📡 Nueva ronda de ruleta emitida para bookmaker 6: 23 (Red)","timestamp":"2025-11-09 14:55:45"}
{"level":"error","message":"Roulette prediction failed for bookmaker 6: Error","timestamp":"2025-11-09 14:55:45"}
{"level":"info","message":"📡 Nueva ronda de ruleta emitida para bookmaker 4: 6 (Black)","timestamp":"2025-11-09 14:56:00"}
{"level":"error","message":"Roulette prediction failed for bookmaker 4: Error","timestamp":"2025-11-09 14:56:00"}
{"level":"info","message":"📡 Nueva ronda de ruleta emitida para bookmaker 6: 16 (Red)","timestamp":"2025-11-09 14:56:31"}
{"level":"error","message":"Roulette prediction failed for bookmaker 6: Error","timestamp":"2025-11-09 14:56:31"}
{"level":"info","message":"📡 Nueva ronda de ruleta emitida para bookmaker 4: 1 (Red)","timestamp":"2025-11-09 14:56:39"}
{"level":"error","message":"Roulette prediction failed for bookmaker 4: Error","timestamp":"2025-11-09 14:56:39"}
{"level":"info","message":"📡 Nueva ronda de ruleta emitida para bookmaker 4: 12 (Red)","timestamp":"2025-11-09 14:57:19"}
{"level":"error","message":"Roulette prediction failed for bookmaker 4: Error","timestamp":"2025-11-09 14:57:19"}
{"level":"info","message":"📡 Nueva ronda de ruleta emitida para bookmaker 6: 10 (Black)","timestamp":"2025-11-09 14:57:22"}
{"level":"error","message":"Roulette prediction failed for bookmaker 6: Error","timestamp":"2025-11-09 14:57:22"}
{"level":"info","message":"📡 Nueva ronda de ruleta emitida para bookmaker 4: 36 (Red)","timestamp":"2025-11-09 14:58:00"}
{"level":"error","message":"Roulette prediction failed for bookmaker 4: Error","timestamp":"2025-11-09 14:58:00"}
{"level":"info","message":"📡 Nueva ronda de ruleta emitida para bookmaker 6: 2 (Black)","timestamp":"2025-11-09 14:58:14"}
{"level":"error","message":"Roulette prediction failed for bookmaker 6: Error","timestamp":"2025-11-09 14:58:14"}
{"level":"info","message":"📡 Nueva ronda de ruleta emitida para bookmaker 4: 1 (Red)","timestamp":"2025-11-09 14:58:41"}
{"level":"error","message":"Roulette prediction failed for bookmaker 4: Error","timestamp":"2025-11-09 14:58:41"}
{"level":"info","message":"📡 Nueva ronda de ruleta emitida para bookmaker 4: 4 (Black)","timestamp":"2025-11-09 14:59:23"}
{"level":"error","message":"Roulette prediction failed for bookmaker 4: Error","timestamp":"2025-11-09 14:59:23"}
{"level":"info","message":"📡 Nueva ronda de ruleta emitida para bookmaker 6: 0 (Green)","timestamp":"2025-11-09 14:59:58"}
{"level":"error","message":"Roulette prediction failed for bookmaker 6: Error","timestamp":"2025-11-09 14:59:58"}
{"level":"info","message":"📡 Nueva ronda de ruleta emitida para bookmaker 4: 16 (Red)","timestamp":"2025-11-09 15:00:03"}
{"level":"error","message":"Roulette prediction failed for bookmaker 4: Error","timestamp":"2025-11-09 15:00:03"}
{"level":"info","message":"📡 Nueva ronda de ruleta emitida para bookmaker 4: 23 (Red)","timestamp":"2025-11-09 15:00:44"}
{"level":"error","message":"Roulette prediction failed for bookmaker 4: Error","timestamp":"2025-11-09 15:00:44"}
{"level":"info","message":"📡 Nueva ronda de ruleta emitida para bookmaker 4: 35 (Black)","timestamp":"2025-11-09 15:01:25"}
{"level":"error","message":"Roulette prediction failed for bookmaker 4: Error","timestamp":"2025-11-09 15:01:25"}
{"level":"info","message":"📡 Nueva ronda de ruleta emitida para bookmaker 6: 24 (Black)","timestamp":"2025-11-09 15:01:38"}
{"level":"error","message":"Roulette prediction failed for bookmaker 6: Error","timestamp":"2025-11-09 15:01:38"}
{"level":"info","message":"📡 Nueva ronda de ruleta emitida para bookmaker 4: 26 (Black)","timestamp":"2025-11-09 15:02:06"}
{"level":"error","message":"Roulette prediction failed for bookmaker 4: Error","timestamp":"2025-11-09 15:02:06"}
{"level":"info","message":"📡 Nueva ronda de ruleta emitida para bookmaker 6: 5 (Red)","timestamp":"2025-11-09 15:02:30"}
{"level":"error","message":"Roulette prediction failed for bookmaker 6: Error","timestamp":"2025-11-09 15:02:31"}
{"level":"info","message":"📡 Nueva ronda de ruleta emitida para bookmaker 4: 21 (Red)","timestamp":"2025-11-09 15:02:45"}
{"level":"error","message":"Roulette prediction failed for bookmaker 4: Error","timestamp":"2025-11-09 15:02:45"}
{"level":"info","message":"📡 Nueva ronda de ruleta emitida para bookmaker 6: 17 (Black)","timestamp":"2025-11-09 15:03:23"}
{"level":"error","message":"Roulette prediction failed for bookmaker 6: Error","timestamp":"2025-11-09 15:03:23"}
{"level":"info","message":"📡 Nueva ronda de ruleta emitida para bookmaker 4: 29 (Black)","timestamp":"2025-11-09 15:03:23"}
{"level":"error","message":"Roulette prediction failed for bookmaker 4: Error","timestamp":"2025-11-09 15:03:24"}
{"level":"info","message":"📡 Nueva ronda de ruleta emitida para bookmaker 4: 8 (Black)","timestamp":"2025-11-09 15:04:06"}
{"level":"error","message":"Roulette prediction failed for bookmaker 4: Error","timestamp":"2025-11-09 15:04:07"}
{"level":"info","message":"📡 Nueva ronda de ruleta emitida para bookmaker 6: 36 (Red)","timestamp":"2025-11-09 15:04:15"}
{"level":"error","message":"Roulette prediction failed for bookmaker 6: Error","timestamp":"2025-11-09 15:04:15"}
{"level":"info","message":"📡 Nueva ronda de ruleta emitida para bookmaker 4: 31 (Black)","timestamp":"2025-11-09 15:04:50"}
{"level":"error","message":"Roulette prediction failed for bookmaker 4: Error","timestamp":"2025-11-09 15:04:50"}
{"level":"info","message":"📡 Nueva ronda de ruleta emitida para bookmaker 6: 31 (Black)","timestamp":"2025-11-09 15:05:04"}
{"level":"error","message":"Roulette prediction failed for bookmaker 6: Error","timestamp":"2025-11-09 15:05:04"}
{"level":"info","message":"📡 Nueva ronda de ruleta emitida para bookmaker 4: 6 (Black)","timestamp":"2025-11-09 15:05:31"}
{"level":"error","message":"Roulette prediction failed for bookmaker 4: Error","timestamp":"2025-11-09 15:05:32"}
{"level":"info","message":"📡 Nueva ronda de ruleta emitida para bookmaker 6: 22 (Black)","timestamp":"2025-11-09 15:05:57"}
{"level":"error","message":"Roulette prediction failed for bookmaker 6: Error","timestamp":"2025-11-09 15:05:57"}
{"level":"info","message":"📡 Nueva ronda de ruleta emitida para bookmaker 4: 1 (Red)","timestamp":"2025-11-09 15:06:11"}
{"level":"error","message":"Roulette prediction failed for bookmaker 4: Error","timestamp":"2025-11-09 15:06:11"}
{"level":"info","message":"📡 Nueva ronda de ruleta emitida para bookmaker 4: 17 (Black)","timestamp":"2025-11-09 15:06:53"}
{"level":"error","message":"Roulette prediction failed for bookmaker 4: Error","timestamp":"2025-11-09 15:06:53"}
{"level":"info","message":"📡 Nueva ronda de ruleta emitida para bookmaker 4: 28 (Black)","timestamp":"2025-11-09 15:07:34"}
{"level":"error","message":"Roulette prediction failed for bookmaker 4: Error","timestamp":"2025-11-09 15:07:35"}
{"level":"info","message":"📡 Nueva ronda de ruleta emitida para bookmaker 4: 34 (Red)","timestamp":"2025-11-09 15:08:15"}
{"level":"error","message":"Roulette prediction failed for bookmaker 4: Error","timestamp":"2025-11-09 15:08:15"}
{"level":"info","message":"📡 Nueva ronda de ruleta emitida para bookmaker 4: 31 (Black)","timestamp":"2025-11-09 15:08:57"}
{"level":"error","message":"Roulette prediction failed for bookmaker 4: Error","timestamp":"2025-11-09 15:08:58"}
{"level":"info","message":"📡 Nueva ronda de ruleta emitida para bookmaker 6: 4 (Black)","timestamp":"2025-11-09 15:09:20"}
{"level":"error","message":"Roulette prediction failed for bookmaker 6: Error","timestamp":"2025-11-09 15:09:20"}
{"level":"info","message":"📡 Nueva ronda de ruleta emitida para bookmaker 4: 33 (Black)","timestamp":"2025-11-09 15:09:35"}
{"level":"error","message":"Roulette prediction failed for bookmaker 4: Error","timestamp":"2025-11-09 15:09:35"}
{"level":"info","message":"📡 Nueva ronda de ruleta emitida para bookmaker 4: 36 (Red)","timestamp":"2025-11-09 15:10:19"}
{"level":"error","message":"Roulette prediction failed for bookmaker 4: Error","timestamp":"2025-11-09 15:10:19"}
{"level":"info","message":"📡 Nueva ronda de ruleta emitida para bookmaker 4: 6 (Black)","timestamp":"2025-11-09 15:11:00"}
{"level":"error","message":"Roulette prediction failed for bookmaker 4: Error","timestamp":"2025-11-09 15:11:00"}
{"level":"info","message":"📡 Nueva ronda de ruleta emitida para bookmaker 6: 23 (Red)","timestamp":"2025-11-09 15:11:12"}
{"level":"error","message":"Roulette prediction failed for bookmaker 6: Error","timestamp":"2025-11-09 15:11:13"}
{"level":"info","message":"📡 Nueva ronda de ruleta emitida para bookmaker 4: 11 (Black)","timestamp":"2025-11-09 15:11:43"}
{"level":"error","message":"Roulette prediction failed for bookmaker 4: Error","timestamp":"2025-11-09 15:11:43"}
{"level":"info","message":"📡 Nueva ronda de ruleta emitida para bookmaker 6: 35 (Black)","timestamp":"2025-11-09 15:12:02"}
{"level":"error","message":"Roulette prediction failed for bookmaker 6: Error","timestamp":"2025-11-09 15:12:02"}
{"level":"info","message":"📡 Nueva ronda de ruleta emitida para bookmaker 4: 30 (Red)","timestamp":"2025-11-09 15:12:25"}
{"level":"error","message":"Roulette prediction failed for bookmaker 4: Error","timestamp":"2025-11-09 15:12:25"}
{"level":"info","message":"📡 Nueva ronda de ruleta emitida para bookmaker 4: 10 (Black)","timestamp":"2025-11-09 15:13:07"}
{"level":"error","message":"Roulette prediction failed for bookmaker 4: Error","timestamp":"2025-11-09 15:13:07"}
{"level":"info","message":"📡 Nueva ronda de ruleta emitida para bookmaker 4: 26 (Black)","timestamp":"2025-11-09 15:13:47"}
{"level":"error","message":"Roulette prediction failed for bookmaker 4: Error","timestamp":"2025-11-09 15:13:47"}
{"level":"info","message":"📡 Nueva ronda de ruleta emitida para bookmaker 4: 9 (Red)","timestamp":"2025-11-09 15:14:32"}
{"level":"error","message":"Roulette prediction failed for bookmaker 4: Error","timestamp":"2025-11-09 15:14:32"}
{"level":"info","message":"📡 Nueva ronda de ruleta emitida para bookmaker 6: 33 (Black)","timestamp":"2025-11-09 15:14:39"}
{"level":"error","message":"Roulette prediction failed for bookmaker 6: Error","timestamp":"2025-11-09 15:14:39"}
{"level":"info","message":"📡 Nueva ronda de ruleta emitida para bookmaker 4: 13 (Black)","timestamp":"2025-11-09 15:15:13"}
{"level":"error","message":"Roulette prediction failed for bookmaker 4: Error","timestamp":"2025-11-09 15:15:13"}
{"level":"info","message":"📡 Nueva ronda de ruleta emitida para bookmaker 6: 9 (Red)","timestamp":"2025-11-09 15:15:34"}
{"level":"error","message":"Roulette prediction failed for bookmaker 6: Error","timestamp":"2025-11-09 15:15:34"}
{"level":"info","message":"📡 Nueva ronda de ruleta emitida para bookmaker 4: 7 (Red)","timestamp":"2025-11-09 15:15:53"}
{"level":"error","message":"Roulette prediction failed for bookmaker 4: Error","timestamp":"2025-11-09 15:15:53"}
{"level":"info","message":"📡 Nueva ronda de ruleta emitida para bookmaker 6: 28 (Black)","timestamp":"2025-11-09 15:16:24"}
{"level":"error","message":"Roulette prediction failed for bookmaker 6: Error","timestamp":"2025-11-09 15:16:24"}
{"level":"info","message":"📡 Nueva ronda de ruleta emitida para bookmaker 4: 34 (Red)","timestamp":"2025-11-09 15:16:34"}
{"level":"error","message":"Roulette prediction failed for bookmaker 4: Error","timestamp":"2025-11-09 15:16:34"}
{"level":"info","message":"Cliente conectado: EbYcgx9FJcdjwSO1AAAE","timestamp":"2025-11-09 15:17:09"}
{"level":"info","message":"Cliente conectado: sdH0vpCBLCTKfhJLAAAF","timestamp":"2025-11-09 15:17:09"}
{"level":"info","message":"Cliente conectado: oN4t-qt_HHqD9UfRAAAG","timestamp":"2025-11-09 15:17:09"}
{"level":"info","message":"Cliente conectado: ovnu4qcwHO1XAQkuAAAH","timestamp":"2025-11-09 15:17:09"}
{"level":"info","message":"Cliente sdH0vpCBLCTKfhJLAAAF unido a ruleta bookmaker:4","timestamp":"2025-11-09 15:17:09"}
{"level":"info","message":"Cliente ovnu4qcwHO1XAQkuAAAH unido a ruleta bookmaker:4","timestamp":"2025-11-09 15:17:09"}
{"level":"info","message":"Historial obtenido para bookmaker 4: 40 rondas","timestamp":"2025-11-09 15:17:09"}
{"level":"info","message":"Historial de ruleta enviado al cliente sdH0vpCBLCTKfhJLAAAF: 40 rondas","timestamp":"2025-11-09 15:17:09"}
{"level":"info","message":"Cliente sdH0vpCBLCTKfhJLAAAF unido exitosamente a la sala roulette:4","timestamp":"2025-11-09 15:17:09"}
{"level":"info","message":"Historial obtenido para bookmaker 4: 40 rondas","timestamp":"2025-11-09 15:17:09"}
{"level":"info","message":"Historial de ruleta enviado al cliente ovnu4qcwHO1XAQkuAAAH: 40 rondas","timestamp":"2025-11-09 15:17:09"}
{"level":"info","message":"Cliente ovnu4qcwHO1XAQkuAAAH unido exitosamente a la sala roulette:4","timestamp":"2025-11-09 15:17:09"}
{"level":"info","message":"📡 Nueva ronda de ruleta emitida para bookmaker 4: 24 (Black)","timestamp":"2025-11-09 15:17:14"}
{"level":"error","message":"Roulette prediction failed for bookmaker 4: Error","timestamp":"2025-11-09 15:17:14"}
{"level":"info","message":"Cliente desconectado: sdH0vpCBLCTKfhJLAAAF","timestamp":"2025-11-09 15:17:16"}
{"level":"info","message":"Cliente sdH0vpCBLCTKfhJLAAAF saliendo de todas las salas de roulette:4","timestamp":"2025-11-09 15:17:16"}
{"level":"info","message":"Limpieza completada para cliente sdH0vpCBLCTKfhJLAAAF","timestamp":"2025-11-09 15:17:16"}
{"level":"info","message":"Cliente desconectado: ovnu4qcwHO1XAQkuAAAH","timestamp":"2025-11-09 15:17:16"}
{"level":"info","message":"Cliente ovnu4qcwHO1XAQkuAAAH saliendo de todas las salas de roulette:4","timestamp":"2025-11-09 15:17:16"}
{"level":"info","message":"Limpieza completada para cliente ovnu4qcwHO1XAQkuAAAH","timestamp":"2025-11-09 15:17:16"}
{"level":"info","message":"📡 Nueva ronda de ruleta emitida para bookmaker 6: 21 (Red)","timestamp":"2025-11-09 15:17:20"}
{"level":"error","message":"Roulette prediction failed for bookmaker 6: Error","timestamp":"2025-11-09 15:17:20"}
{"level":"info","message":"📡 Nueva ronda de ruleta emitida para bookmaker 4: 29 (Black)","timestamp":"2025-11-09 15:17:53"}
{"level":"error","message":"Roulette prediction failed for bookmaker 4: Error","timestamp":"2025-11-09 15:17:53"}
{"level":"info","message":"📡 Nueva ronda de ruleta emitida para bookmaker 6: 6 (Black)","timestamp":"2025-11-09 15:18:11"}
{"level":"error","message":"Roulette prediction failed for bookmaker 6: Error","timestamp":"2025-11-09 15:18:11"}
{"level":"info","message":"📡 Nueva ronda de ruleta emitida para bookmaker 4: 19 (Red)","timestamp":"2025-11-09 15:18:34"}
{"level":"error","message":"Roulette prediction failed for bookmaker 4: Error","timestamp":"2025-11-09 15:18:34"}
{"level":"info","message":"📡 Nueva ronda de ruleta emitida para bookmaker 4: 2 (Black)","timestamp":"2025-11-09 15:19:14"}
{"level":"error","message":"Roulette prediction failed for bookmaker 4: Error","timestamp":"2025-11-09 15:19:14"}
{"level":"info","message":"📡 Nueva ronda de ruleta emitida para bookmaker 4: 9 (Red)","timestamp":"2025-11-09 15:19:54"}
{"level":"error","message":"Roulette prediction failed for bookmaker 4: Error","timestamp":"2025-11-09 15:19:54"}
{"level":"info","message":"Cliente desconectado: EbYcgx9FJcdjwSO1AAAE","timestamp":"2025-11-09 15:20:00"}
{"level":"info","message":"Limpieza completada para cliente EbYcgx9FJcdjwSO1AAAE","timestamp":"2025-11-09 15:20:00"}
{"level":"info","message":"Cliente desconectado: oN4t-qt_HHqD9UfRAAAG","timestamp":"2025-11-09 15:20:00"}
{"level":"info","message":"Limpieza completada para cliente oN4t-qt_HHqD9UfRAAAG","timestamp":"2025-11-09 15:20:00"}
{"level":"info","message":"📡 Nueva ronda de ruleta emitida para bookmaker 4: 4 (Black)","timestamp":"2025-11-09 15:20:35"}
{"level":"error","message":"Roulette prediction failed for bookmaker 4: Error","timestamp":"2025-11-09 15:20:35"}
{"level":"info","message":"📡 Nueva ronda de ruleta emitida para bookmaker 6: 6 (Black)","timestamp":"2025-11-09 15:20:43"}
{"level":"error","message":"Roulette prediction failed for bookmaker 6: Error","timestamp":"2025-11-09 15:20:43"}
{"level":"info","message":"📡 Nueva ronda de ruleta emitida para bookmaker 4: 33 (Black)","timestamp":"2025-11-09 15:21:16"}
{"level":"error","message":"Roulette prediction failed for bookmaker 4: Error","timestamp":"2025-11-09 15:21:16"}
{"level":"info","message":"📡 Nueva ronda de ruleta emitida para bookmaker 4: 13 (Black)","timestamp":"2025-11-09 15:21:57"}
{"level":"error","message":"Roulette prediction failed for bookmaker 4: Error","timestamp":"2025-11-09 15:21:57"}
{"level":"info","message":"📡 Nueva ronda de ruleta emitida para bookmaker 6: 2 (Black)","timestamp":"2025-11-09 15:22:27"}
{"level":"error","message":"Roulette prediction failed for bookmaker 6: Error","timestamp":"2025-11-09 15:22:27"}
{"level":"info","message":"📡 Nueva ronda de ruleta emitida para bookmaker 4: 9 (Red)","timestamp":"2025-11-09 15:22:38"}
{"level":"error","message":"Roulette prediction failed for bookmaker 4: Error","timestamp":"2025-11-09 15:22:38"}
{"level":"info","message":"📡 Nueva ronda de ruleta emitida para bookmaker 4: 9 (Red)","timestamp":"2025-11-09 15:23:19"}
{"level":"error","message":"Roulette prediction failed for bookmaker 4: Error","timestamp":"2025-11-09 15:23:19"}
{"level":"info","message":"📡 Nueva ronda de ruleta emitida para bookmaker 6: 24 (Black)","timestamp":"2025-11-09 15:23:20"}
{"level":"error","message":"Roulette prediction failed for bookmaker 6: Error","timestamp":"2025-11-09 15:23:20"}
{"level":"info","message":"📡 Nueva ronda de ruleta emitida para bookmaker 4: 1 (Red)","timestamp":"2025-11-09 15:23:59"}
{"level":"error","message":"Roulette prediction failed for bookmaker 4: Error","timestamp":"2025-11-09 15:23:59"}
{"level":"info","message":"📡 Nueva ronda de ruleta emitida para bookmaker 6: 31 (Black)","timestamp":"2025-11-09 15:24:14"}
{"level":"error","message":"Roulette prediction failed for bookmaker 6: Error","timestamp":"2025-11-09 15:24:14"}
{"level":"info","message":"Cliente conectado: MqjDr1iuTombock6AAAN","timestamp":"2025-11-09 15:24:45"}
{"level":"info","message":"Cliente conectado: 0gNWW1hFO7-xdqJeAAAO","timestamp":"2025-11-09 15:24:45"}
{"level":"info","message":"Cliente conectado: wdDXLO44r43I6TNMAAAQ","timestamp":"2025-11-09 15:24:45"}
{"level":"info","message":"Cliente conectado: qSrsNU3gmZylCJ-uAAAR","timestamp":"2025-11-09 15:24:45"}
{"level":"info","message":"Cliente 0gNWW1hFO7-xdqJeAAAO unido a ruleta bookmaker:6","timestamp":"2025-11-09 15:24:46"}
{"level":"info","message":"Cliente qSrsNU3gmZylCJ-uAAAR unido a ruleta bookmaker:6","timestamp":"2025-11-09 15:24:46"}
{"level":"info","message":"Historial obtenido para bookmaker 6: 40 rondas","timestamp":"2025-11-09 15:24:46"}
{"level":"info","message":"Historial de ruleta enviado al cliente 0gNWW1hFO7-xdqJeAAAO: 40 rondas","timestamp":"2025-11-09 15:24:46"}
{"level":"info","message":"Cliente 0gNWW1hFO7-xdqJeAAAO unido exitosamente a la sala roulette:6","timestamp":"2025-11-09 15:24:46"}
{"level":"info","message":"Historial obtenido para bookmaker 6: 40 rondas","timestamp":"2025-11-09 15:24:46"}
{"level":"info","message":"Historial de ruleta enviado al cliente qSrsNU3gmZylCJ-uAAAR: 40 rondas","timestamp":"2025-11-09 15:24:46"}
{"level":"info","message":"Cliente qSrsNU3gmZylCJ-uAAAR unido exitosamente a la sala roulette:6","timestamp":"2025-11-09 15:24:46"}
{"level":"info","message":"Cliente desconectado: 0gNWW1hFO7-xdqJeAAAO","timestamp":"2025-11-09 15:24:54"}
{"level":"info","message":"Cliente 0gNWW1hFO7-xdqJeAAAO saliendo de todas las salas de roulette:6","timestamp":"2025-11-09 15:24:54"}
{"level":"info","message":"Limpieza completada para cliente 0gNWW1hFO7-xdqJeAAAO","timestamp":"2025-11-09 15:24:54"}
{"level":"info","message":"Cliente desconectado: qSrsNU3gmZylCJ-uAAAR","timestamp":"2025-11-09 15:24:54"}
{"level":"info","message":"Cliente qSrsNU3gmZylCJ-uAAAR saliendo de todas las salas de roulette:6","timestamp":"2025-11-09 15:24:54"}
{"level":"info","message":"Limpieza completada para cliente qSrsNU3gmZylCJ-uAAAR","timestamp":"2025-11-09 15:24:54"}
{"level":"info","message":"📡 Nueva ronda de ruleta emitida para bookmaker 4: 23 (Red)","timestamp":"2025-11-09 15:24:55"}
{"level":"error","message":"Roulette prediction failed for bookmaker 4: Error","timestamp":"2025-11-09 15:24:55"}
{"level":"info","message":"📡 Nueva ronda de ruleta emitida para bookmaker 4: 12 (Red)","timestamp":"2025-11-09 15:25:33"}
{"level":"error","message":"Roulette prediction failed for bookmaker 4: Error","timestamp":"2025-11-09 15:25:33"}
{"level":"info","message":"📡 Nueva ronda de ruleta emitida para bookmaker 4: 24 (Black)","timestamp":"2025-11-09 15:26:12"}
{"level":"error","message":"Roulette prediction failed for bookmaker 4: Error","timestamp":"2025-11-09 15:26:12"}
{"level":"info","message":"📡 Nueva ronda de ruleta emitida para bookmaker 6: 33 (Black)","timestamp":"2025-11-09 15:26:47"}
{"level":"error","message":"Roulette prediction failed for bookmaker 6: Error","timestamp":"2025-11-09 15:26:47"}
{"level":"info","message":"📡 Nueva ronda de ruleta emitida para bookmaker 4: 12 (Red)","timestamp":"2025-11-09 15:26:48"}
{"level":"error","message":"Roulette prediction failed for bookmaker 4: Error","timestamp":"2025-11-09 15:26:48"}
{"level":"info","message":"📡 Nueva ronda de ruleta emitida para bookmaker 4: 8 (Black)","timestamp":"2025-11-09 15:27:25"}
{"level":"error","message":"Roulette prediction failed for bookmaker 4: Error","timestamp":"2025-11-09 15:27:25"}
{"level":"info","message":"📡 Nueva ronda de ruleta emitida para bookmaker 6: 28 (Black)","timestamp":"2025-11-09 15:27:37"}
{"level":"error","message":"Roulette prediction failed for bookmaker 6: Error","timestamp":"2025-11-09 15:27:37"}
{"level":"info","message":"📡 Nueva ronda de ruleta emitida para bookmaker 4: 17 (Black)","timestamp":"2025-11-09 15:27:59"}
{"level":"error","message":"Roulette prediction failed for bookmaker 4: Error","timestamp":"2025-11-09 15:27:59"}
{"level":"info","message":"📡 Nueva ronda de ruleta emitida para bookmaker 6: 21 (Red)","timestamp":"2025-11-09 15:28:26"}
{"level":"error","message":"Roulette prediction failed for bookmaker 6: Error","timestamp":"2025-11-09 15:28:26"}
{"level":"info","message":"📡 Nueva ronda de ruleta emitida para bookmaker 4: 9 (Red)","timestamp":"2025-11-09 15:28:36"}
{"level":"error","message":"Roulette prediction failed for bookmaker 4: Error","timestamp":"2025-11-09 15:28:36"}
{"level":"info","message":"📡 Nueva ronda de ruleta emitida para bookmaker 6: 3 (Red)","timestamp":"2025-11-09 15:29:13"}
{"level":"error","message":"Roulette prediction failed for bookmaker 6: Error","timestamp":"2025-11-09 15:29:13"}
{"level":"info","message":"📡 Nueva ronda de ruleta emitida para bookmaker 4: 14 (Red)","timestamp":"2025-11-09 15:29:15"}
{"level":"error","message":"Roulette prediction failed for bookmaker 4: Error","timestamp":"2025-11-09 15:29:16"}
{"level":"info","message":"📡 Nueva ronda de ruleta emitida para bookmaker 4: 11 (Black)","timestamp":"2025-11-09 15:29:52"}
{"level":"error","message":"Roulette prediction failed for bookmaker 4: Error","timestamp":"2025-11-09 15:29:52"}
{"level":"info","message":"📡 Nueva ronda de ruleta emitida para bookmaker 6: 35 (Black)","timestamp":"2025-11-09 15:30:08"}
{"level":"error","message":"Roulette prediction failed for bookmaker 6: Error","timestamp":"2025-11-09 15:30:08"}
{"level":"info","message":"📡 Nueva ronda de ruleta emitida para bookmaker 4: 34 (Red)","timestamp":"2025-11-09 15:30:32"}
{"level":"error","message":"Roulette prediction failed for bookmaker 4: Error","timestamp":"2025-11-09 15:30:32"}
{"level":"info","message":"📡 Nueva ronda de ruleta emitida para bookmaker 6: 3 (Red)","timestamp":"2025-11-09 15:30:57"}
{"level":"error","message":"Roulette prediction failed for bookmaker 6: Error","timestamp":"2025-11-09 15:30:57"}
{"level":"info","message":"📡 Nueva ronda de ruleta emitida para bookmaker 4: 36 (Red)","timestamp":"2025-11-09 15:31:07"}
{"level":"error","message":"Roulette prediction failed for bookmaker 4: Error","timestamp":"2025-11-09 15:31:07"}
{"level":"info","message":"📡 Nueva ronda de ruleta emitida para bookmaker 4: 16 (Red)","timestamp":"2025-11-09 15:31:45"}
{"level":"error","message":"Roulette prediction failed for bookmaker 4: Error","timestamp":"2025-11-09 15:31:45"}
{"level":"info","message":"📡 Nueva ronda de ruleta emitida para bookmaker 4: 11 (Black)","timestamp":"2025-11-09 15:32:20"}
{"level":"error","message":"Roulette prediction failed for bookmaker 4: Error","timestamp":"2025-11-09 15:32:20"}
{"level":"info","message":"📡 Nueva ronda de ruleta emitida para bookmaker 6: 34 (Red)","timestamp":"2025-11-09 15:32:41"}
{"level":"error","message":"Roulette prediction failed for bookmaker 6: Error","timestamp":"2025-11-09 15:32:42"}
{"level":"info","message":"📡 Nueva ronda de ruleta emitida para bookmaker 4: 0 (Green)","timestamp":"2025-11-09 15:32:58"}
{"level":"error","message":"Roulette prediction failed for bookmaker 4: Error","timestamp":"2025-11-09 15:32:58"}
{"level":"info","message":"📡 Nueva ronda de ruleta emitida para bookmaker 6: 11 (Black)","timestamp":"2025-11-09 15:33:33"}
{"level":"error","message":"Roulette prediction failed for bookmaker 6: Error","timestamp":"2025-11-09 15:33:34"}
{"level":"info","message":"📡 Nueva ronda de ruleta emitida para bookmaker 4: 7 (Red)","timestamp":"2025-11-09 15:33:34"}
{"level":"error","message":"Roulette prediction failed for bookmaker 4: Error","timestamp":"2025-11-09 15:33:34"}
{"level":"info","message":"📡 Nueva ronda de ruleta emitida para bookmaker 4: 1 (Red)","timestamp":"2025-11-09 15:34:12"}
{"level":"error","message":"Roulette prediction failed for bookmaker 4: Error","timestamp":"2025-11-09 15:34:12"}
{"level":"info","message":"📡 Nueva ronda de ruleta emitida para bookmaker 6: 36 (Red)","timestamp":"2025-11-09 15:34:20"}
{"level":"error","message":"Roulette prediction failed for bookmaker 6: Error","timestamp":"2025-11-09 15:34:20"}
{"level":"info","message":"📡 Nueva ronda de ruleta emitida para bookmaker 4: 23 (Red)","timestamp":"2025-11-09 15:34:47"}
{"level":"error","message":"Roulette prediction failed for bookmaker 4: Error","timestamp":"2025-11-09 15:34:47"}
{"level":"info","message":"📡 Nueva ronda de ruleta emitida para bookmaker 6: 32 (Red)","timestamp":"2025-11-09 15:35:11"}
{"level":"error","message":"Roulette prediction failed for bookmaker 6: Error","timestamp":"2025-11-09 15:35:11"}
{"level":"info","message":"📡 Nueva ronda de ruleta emitida para bookmaker 4: 20 (Black)","timestamp":"2025-11-09 15:35:28"}
{"level":"error","message":"Roulette prediction failed for bookmaker 4: Error","timestamp":"2025-11-09 15:35:28"}
{"level":"info","message":"📡 Nueva ronda de ruleta emitida para bookmaker 6: 2 (Black)","timestamp":"2025-11-09 15:36:03"}
{"level":"error","message":"Roulette prediction failed for bookmaker 6: Error","timestamp":"2025-11-09 15:36:04"}
{"level":"info","message":"📡 Nueva ronda de ruleta emitida para bookmaker 4: 27 (Red)","timestamp":"2025-11-09 15:36:05"}
{"level":"error","message":"Roulette prediction failed for bookmaker 4: Error","timestamp":"2025-11-09 15:36:05"}
{"level":"info","message":"📡 Nueva ronda de ruleta emitida para bookmaker 4: 26 (Black)","timestamp":"2025-11-09 15:36:43"}
{"level":"error","message":"Roulette prediction failed for bookmaker 4: Error","timestamp":"2025-11-09 15:36:43"}
{"level":"info","message":"📡 Nueva ronda de ruleta emitida para bookmaker 6: 14 (Red)","timestamp":"2025-11-09 15:36:54"}
{"level":"error","message":"Roulette prediction failed for bookmaker 6: Error","timestamp":"2025-11-09 15:36:55"}
{"level":"info","message":"📡 Nueva ronda de ruleta emitida para bookmaker 4: 28 (Black)","timestamp":"2025-11-09 15:37:21"}
{"level":"error","message":"Roulette prediction failed for bookmaker 4: Error","timestamp":"2025-11-09 15:37:21"}
{"level":"info","message":"Gateway Roulette inicializado","timestamp":"2025-11-09 15:37:37"}
{"level":"info","message":"Gateway Roulette inicializado","timestamp":"2025-11-09 15:37:41"}
{"level":"info","message":"Inicializando conexiones WebSocket de Ruleta","timestamp":"2025-11-09 15:37:41"}
{"level":"info","message":"WebSocket connected for roulette 4 (pragmatic-roulette-macao)","timestamp":"2025-11-09 15:37:42"}
{"level":"info","message":"Handshake sent for roulette 4 (pragmatic-roulette-macao)","timestamp":"2025-11-09 15:37:42"}
{"level":"info","message":"WebSocket connected for roulette 5 (pragmatic-mega-roulette)","timestamp":"2025-11-09 15:37:42"}
{"level":"info","message":"Handshake sent for roulette 5 (pragmatic-mega-roulette)","timestamp":"2025-11-09 15:37:42"}
{"level":"info","message":"WebSocket connected for roulette 6 (lightning-roulette)","timestamp":"2025-11-09 15:37:42"}
{"level":"info","message":"Handshake sent for roulette 6 (lightning-roulette)","timestamp":"2025-11-09 15:37:42"}
{"level":"info","message":"Cliente conectado: 2zAUhxf4RthluSZ_AAAB","timestamp":"2025-11-09 15:37:42"}
{"level":"info","message":"Cliente conectado: -MqvbkNuktylrqQDAAAD","timestamp":"2025-11-09 15:37:46"}
{"level":"info","message":"📡 Nueva ronda de ruleta emitida para bookmaker 4: 34 (Red)","timestamp":"2025-11-09 15:38:00"}
{"level":"error","message":"Roulette prediction failed for bookmaker 4: Error","timestamp":"2025-11-09 15:38:00"}
{"level":"info","message":"📡 Nueva ronda de ruleta emitida para bookmaker 6: 35 (Black)","timestamp":"2025-11-09 15:38:35"}
{"level":"error","message":"Roulette prediction failed for bookmaker 6: Error","timestamp":"2025-11-09 15:38:35"}
{"level":"info","message":"📡 Nueva ronda de ruleta emitida para bookmaker 4: 27 (Red)","timestamp":"2025-11-09 15:38:39"}
{"level":"error","message":"Roulette prediction failed for bookmaker 4: Error","timestamp":"2025-11-09 15:38:39"}
{"level":"info","message":"📡 Nueva ronda de ruleta emitida para bookmaker 4: 24 (Black)","timestamp":"2025-11-09 15:39:17"}
{"level":"error","message":"Roulette prediction failed for bookmaker 4: Error","timestamp":"2025-11-09 15:39:17"}
{"level":"info","message":"📡 Nueva ronda de ruleta emitida para bookmaker 6: 5 (Red)","timestamp":"2025-11-09 15:39:27"}
{"level":"error","message":"Roulette prediction failed for bookmaker 6: Error","timestamp":"2025-11-09 15:39:27"}
{"level":"info","message":"📡 Nueva ronda de ruleta emitida para bookmaker 4: 0 (Green)","timestamp":"2025-11-09 15:39:54"}
{"level":"error","message":"Roulette prediction failed for bookmaker 4: Error","timestamp":"2025-11-09 15:39:54"}
{"level":"info","message":"📡 Nueva ronda de ruleta emitida para bookmaker 6: 17 (Black)","timestamp":"2025-11-09 15:40:20"}
{"level":"error","message":"Roulette prediction failed for bookmaker 6: Error","timestamp":"2025-11-09 15:40:20"}
{"level":"info","message":"📡 Nueva ronda de ruleta emitida para bookmaker 4: 6 (Black)","timestamp":"2025-11-09 15:40:30"}
{"level":"error","message":"Roulette prediction failed for bookmaker 4: Error","timestamp":"2025-11-09 15:40:30"}
{"level":"info","message":"📡 Nueva ronda de ruleta emitida para bookmaker 5: 34 (Red)","timestamp":"2025-11-09 15:45:07"}
{"level":"error","message":"Roulette prediction failed for bookmaker 5: Error","timestamp":"2025-11-09 15:45:07"}
{"level":"info","message":"📡 Nueva ronda de ruleta emitida para bookmaker 6: 9 (Red)","timestamp":"2025-11-09 15:45:22"}
{"level":"info","message":"📡 Nueva ronda de ruleta emitida para bookmaker 4: 24 (Black)","timestamp":"2025-11-09 15:45:22"}
{"level":"error","message":"Roulette prediction failed for bookmaker 6: Error","timestamp":"2025-11-09 15:45:22"}
{"level":"error","message":"Roulette prediction failed for bookmaker 4: Error","timestamp":"2025-11-09 15:45:22"}
{"level":"info","message":"📡 Nueva ronda de ruleta emitida para bookmaker 5: 34 (Red)","timestamp":"2025-11-09 15:45:45"}
{"level":"error","message":"Roulette prediction failed for bookmaker 5: Error","timestamp":"2025-11-09 15:45:46"}
{"level":"info","message":"📡 Nueva ronda de ruleta emitida para bookmaker 4: 28 (Black)","timestamp":"2025-11-09 15:45:59"}
{"level":"error","message":"Roulette prediction failed for bookmaker 4: Error","timestamp":"2025-11-09 15:45:59"}
{"level":"info","message":"📡 Nueva ronda de ruleta emitida para bookmaker 6: 36 (Red)","timestamp":"2025-11-09 15:46:21"}
{"level":"error","message":"Roulette prediction failed for bookmaker 6: Error","timestamp":"2025-11-09 15:46:21"}
{"level":"info","message":"📡 Nueva ronda de ruleta emitida para bookmaker 5: 23 (Red)","timestamp":"2025-11-09 15:46:29"}
{"level":"error","message":"Roulette prediction failed for bookmaker 5: Error","timestamp":"2025-11-09 15:46:29"}
{"level":"info","message":"📡 Nueva ronda de ruleta emitida para bookmaker 4: 16 (Red)","timestamp":"2025-11-09 15:46:36"}
{"level":"error","message":"Roulette prediction failed for bookmaker 4: Error","timestamp":"2025-11-09 15:46:36"}
{"level":"info","message":"📡 Nueva ronda de ruleta emitida para bookmaker 4: 32 (Red)","timestamp":"2025-11-09 15:47:11"}
{"level":"error","message":"Roulette prediction failed for bookmaker 4: Error","timestamp":"2025-11-09 15:47:11"}
{"level":"info","message":"📡 Nueva ronda de ruleta emitida para bookmaker 5: 34 (Red)","timestamp":"2025-11-09 15:47:13"}
{"level":"error","message":"Roulette prediction failed for bookmaker 5: Error","timestamp":"2025-11-09 15:47:14"}
{"level":"info","message":"📡 Nueva ronda de ruleta emitida para bookmaker 6: 24 (Black)","timestamp":"2025-11-09 15:47:15"}
{"level":"error","message":"Roulette prediction failed for bookmaker 6: Error","timestamp":"2025-11-09 15:47:16"}
{"level":"info","message":"📡 Nueva ronda de ruleta emitida para bookmaker 4: 18 (Red)","timestamp":"2025-11-09 15:47:49"}
{"level":"error","message":"Roulette prediction failed for bookmaker 4: Error","timestamp":"2025-11-09 15:47:49"}
{"level":"info","message":"📡 Nueva ronda de ruleta emitida para bookmaker 6: 27 (Red)","timestamp":"2025-11-09 15:48:08"}
{"level":"error","message":"Roulette prediction failed for bookmaker 6: Error","timestamp":"2025-11-09 15:48:08"}
{"level":"info","message":"📡 Nueva ronda de ruleta emitida para bookmaker 5: 22 (Black)","timestamp":"2025-11-09 16:01:46"}
{"level":"error","message":"Roulette prediction failed for bookmaker 5: Error","timestamp":"2025-11-09 16:01:46"}
{"level":"info","message":"📡 Nueva ronda de ruleta emitida para bookmaker 5: 5 (Red)","timestamp":"2025-11-09 16:04:39"}
{"level":"error","message":"Roulette prediction failed for bookmaker 5: Error","timestamp":"2025-11-09 16:04:39"}
{"level":"info","message":"📡 Nueva ronda de ruleta emitida para bookmaker 4: 29 (Black)","timestamp":"2025-11-09 16:04:44"}
{"level":"error","message":"Roulette prediction failed for bookmaker 4: Error","timestamp":"2025-11-09 16:04:44"}
{"level":"info","message":"📡 Nueva ronda de ruleta emitida para bookmaker 6: 6 (Black)","timestamp":"2025-11-09 16:05:11"}
{"level":"error","message":"Roulette prediction failed for bookmaker 6: Error","timestamp":"2025-11-09 16:05:11"}
{"level":"info","message":"📡 Nueva ronda de ruleta emitida para bookmaker 5: 10 (Black)","timestamp":"2025-11-09 16:05:22"}
{"level":"info","message":"📡 Nueva ronda de ruleta emitida para bookmaker 4: 6 (Black)","timestamp":"2025-11-09 16:05:22"}
{"level":"error","message":"Roulette prediction failed for bookmaker 5: Error","timestamp":"2025-11-09 16:05:22"}
{"level":"error","message":"Roulette prediction failed for bookmaker 4: Error","timestamp":"2025-11-09 16:05:22"}
{"level":"info","message":"📡 Nueva ronda de ruleta emitida para bookmaker 6: 28 (Black)","timestamp":"2025-11-09 16:06:01"}
{"level":"error","message":"Roulette prediction failed for bookmaker 6: Error","timestamp":"2025-11-09 16:06:01"}
{"level":"info","message":"📡 Nueva ronda de ruleta emitida para bookmaker 4: 30 (Red)","timestamp":"2025-11-09 16:06:01"}
{"level":"error","message":"Roulette prediction failed for bookmaker 4: Error","timestamp":"2025-11-09 16:06:01"}
{"level":"info","message":"📡 Nueva ronda de ruleta emitida para bookmaker 5: 35 (Black)","timestamp":"2025-11-09 16:06:06"}
{"level":"error","message":"Roulette prediction failed for bookmaker 5: Error","timestamp":"2025-11-09 16:06:06"}
{"level":"info","message":"📡 Nueva ronda de ruleta emitida para bookmaker 4: 30 (Red)","timestamp":"2025-11-09 16:06:42"}
{"level":"error","message":"Roulette prediction failed for bookmaker 4: Error","timestamp":"2025-11-09 16:06:42"}
{"level":"info","message":"📡 Nueva ronda de ruleta emitida para bookmaker 5: 19 (Red)","timestamp":"2025-11-09 16:06:50"}
{"level":"error","message":"Roulette prediction failed for bookmaker 5: Error","timestamp":"2025-11-09 16:06:50"}
{"level":"info","message":"📡 Nueva ronda de ruleta emitida para bookmaker 6: 8 (Black)","timestamp":"2025-11-09 16:06:51"}
{"level":"error","message":"Roulette prediction failed for bookmaker 6: Error","timestamp":"2025-11-09 16:06:51"}
{"level":"info","message":"📡 Nueva ronda de ruleta emitida para bookmaker 4: 22 (Black)","timestamp":"2025-11-09 16:07:20"}
{"level":"error","message":"Roulette prediction failed for bookmaker 4: Error","timestamp":"2025-11-09 16:07:20"}
{"level":"info","message":"📡 Nueva ronda de ruleta emitida para bookmaker 5: 31 (Black)","timestamp":"2025-11-09 16:07:34"}
{"level":"error","message":"Roulette prediction failed for bookmaker 5: Error","timestamp":"2025-11-09 16:07:34"}
{"level":"info","message":"📡 Nueva ronda de ruleta emitida para bookmaker 6: 29 (Black)","timestamp":"2025-11-09 16:07:36"}
{"level":"error","message":"Roulette prediction failed for bookmaker 6: Error","timestamp":"2025-11-09 16:07:37"}
{"level":"info","message":"📡 Nueva ronda de ruleta emitida para bookmaker 4: 26 (Black)","timestamp":"2025-11-09 16:08:02"}
{"level":"error","message":"Roulette prediction failed for bookmaker 4: Error","timestamp":"2025-11-09 16:08:02"}
{"level":"info","message":"📡 Nueva ronda de ruleta emitida para bookmaker 5: 8 (Black)","timestamp":"2025-11-09 16:08:17"}
{"level":"error","message":"Roulette prediction failed for bookmaker 5: Error","timestamp":"2025-11-09 16:08:18"}
{"level":"info","message":"📡 Nueva ronda de ruleta emitida para bookmaker 4: 7 (Red)","timestamp":"2025-11-09 16:08:36"}
{"level":"error","message":"Roulette prediction failed for bookmaker 4: Error","timestamp":"2025-11-09 16:08:37"}
{"level":"info","message":"📡 Nueva ronda de ruleta emitida para bookmaker 5: 24 (Black)","timestamp":"2025-11-09 16:08:59"}
{"level":"error","message":"Roulette prediction failed for bookmaker 5: Error","timestamp":"2025-11-09 16:08:59"}
{"level":"info","message":"📡 Nueva ronda de ruleta emitida para bookmaker 4: 31 (Black)","timestamp":"2025-11-09 16:09:12"}
{"level":"error","message":"Roulette prediction failed for bookmaker 4: Error","timestamp":"2025-11-09 16:09:12"}
{"level":"info","message":"📡 Nueva ronda de ruleta emitida para bookmaker 5: 10 (Black)","timestamp":"2025-11-09 16:09:43"}
{"level":"error","message":"Roulette prediction failed for bookmaker 5: Error","timestamp":"2025-11-09 16:09:43"}
{"level":"info","message":"📡 Nueva ronda de ruleta emitida para bookmaker 4: 5 (Red)","timestamp":"2025-11-09 16:09:51"}
{"level":"error","message":"Roulette prediction failed for bookmaker 4: Error","timestamp":"2025-11-09 16:09:51"}
{"level":"info","message":"📡 Nueva ronda de ruleta emitida para bookmaker 6: 8 (Black)","timestamp":"2025-11-09 16:10:05"}
{"level":"error","message":"Roulette prediction failed for bookmaker 6: Error","timestamp":"2025-11-09 16:10:05"}
{"level":"info","message":"📡 Nueva ronda de ruleta emitida para bookmaker 5: 19 (Red)","timestamp":"2025-11-09 16:10:28"}
{"level":"error","message":"Roulette prediction failed for bookmaker 5: Error","timestamp":"2025-11-09 16:10:28"}
{"level":"info","message":"📡 Nueva ronda de ruleta emitida para bookmaker 4: 8 (Black)","timestamp":"2025-11-09 16:10:30"}
{"level":"error","message":"Roulette prediction failed for bookmaker 4: Error","timestamp":"2025-11-09 16:10:30"}
{"level":"info","message":"📡 Nueva ronda de ruleta emitida para bookmaker 6: 19 (Red)","timestamp":"2025-11-09 16:10:50"}
{"level":"error","message":"Roulette prediction failed for bookmaker 6: Error","timestamp":"2025-11-09 16:10:50"}
{"level":"info","message":"📡 Nueva ronda de ruleta emitida para bookmaker 4: 22 (Black)","timestamp":"2025-11-09 16:11:09"}
{"level":"error","message":"Roulette prediction failed for bookmaker 4: Error","timestamp":"2025-11-09 16:11:10"}
{"level":"info","message":"📡 Nueva ronda de ruleta emitida para bookmaker 5: 32 (Red)","timestamp":"2025-11-09 16:11:10"}
{"level":"error","message":"Roulette prediction failed for bookmaker 5: Error","timestamp":"2025-11-09 16:11:10"}
{"level":"info","message":"📡 Nueva ronda de ruleta emitida para bookmaker 6: 27 (Red)","timestamp":"2025-11-09 16:11:39"}
{"level":"error","message":"Roulette prediction failed for bookmaker 6: Error","timestamp":"2025-11-09 16:11:40"}
{"level":"info","message":"📡 Nueva ronda de ruleta emitida para bookmaker 5: 20 (Black)","timestamp":"2025-11-09 16:11:53"}
{"level":"error","message":"Roulette prediction failed for bookmaker 5: Error","timestamp":"2025-11-09 16:11:53"}
{"level":"info","message":"📡 Nueva ronda de ruleta emitida para bookmaker 6: 21 (Red)","timestamp":"2025-11-09 16:12:27"}
{"level":"error","message":"Roulette prediction failed for bookmaker 6: Error","timestamp":"2025-11-09 16:12:27"}
{"level":"info","message":"📡 Nueva ronda de ruleta emitida para bookmaker 4: 11 (Black)","timestamp":"2025-11-09 16:12:27"}
{"level":"error","message":"Roulette prediction failed for bookmaker 4: Error","timestamp":"2025-11-09 16:12:27"}
{"level":"info","message":"📡 Nueva ronda de ruleta emitida para bookmaker 5: 29 (Black)","timestamp":"2025-11-09 16:12:36"}
{"level":"error","message":"Roulette prediction failed for bookmaker 5: Error","timestamp":"2025-11-09 16:12:36"}
{"level":"info","message":"📡 Nueva ronda de ruleta emitida para bookmaker 4: 14 (Red)","timestamp":"2025-11-09 16:13:06"}
{"level":"error","message":"Roulette prediction failed for bookmaker 4: Error","timestamp":"2025-11-09 16:13:06"}
{"level":"info","message":"📡 Nueva ronda de ruleta emitida para bookmaker 5: 5 (Red)","timestamp":"2025-11-09 16:13:19"}
{"level":"error","message":"Roulette prediction failed for bookmaker 5: Error","timestamp":"2025-11-09 16:13:19"}
{"level":"info","message":"📡 Nueva ronda de ruleta emitida para bookmaker 6: 1 (Red)","timestamp":"2025-11-09 16:13:21"}
{"level":"error","message":"Roulette prediction failed for bookmaker 6: Error","timestamp":"2025-11-09 16:13:21"}
{"level":"info","message":"📡 Nueva ronda de ruleta emitida para bookmaker 4: 20 (Black)","timestamp":"2025-11-09 16:13:44"}
{"level":"error","message":"Roulette prediction failed for bookmaker 4: Error","timestamp":"2025-11-09 16:13:44"}
{"level":"info","message":"📡 Nueva ronda de ruleta emitida para bookmaker 5: 19 (Red)","timestamp":"2025-11-09 16:14:04"}
{"level":"error","message":"Roulette prediction failed for bookmaker 5: Error","timestamp":"2025-11-09 16:14:04"}
{"level":"info","message":"📡 Nueva ronda de ruleta emitida para bookmaker 6: 21 (Red)","timestamp":"2025-11-09 16:14:11"}
{"level":"error","message":"Roulette prediction failed for bookmaker 6: Error","timestamp":"2025-11-09 16:14:11"}
{"level":"info","message":"📡 Nueva ronda de ruleta emitida para bookmaker 4: 7 (Red)","timestamp":"2025-11-09 16:14:24"}
{"level":"error","message":"Roulette prediction failed for bookmaker 4: Error","timestamp":"2025-11-09 16:14:25"}
{"level":"info","message":"📡 Nueva ronda de ruleta emitida para bookmaker 5: 10 (Black)","timestamp":"2025-11-09 16:14:46"}
{"level":"error","message":"Roulette prediction failed for bookmaker 5: Error","timestamp":"2025-11-09 16:14:47"}
{"level":"info","message":"📡 Nueva ronda de ruleta emitida para bookmaker 4: 28 (Black)","timestamp":"2025-11-09 16:15:02"}
{"level":"error","message":"Roulette prediction failed for bookmaker 4: Error","timestamp":"2025-11-09 16:15:02"}
{"level":"info","message":"📡 Nueva ronda de ruleta emitida para bookmaker 5: 6 (Black)","timestamp":"2025-11-09 16:15:31"}
{"level":"error","message":"Roulette prediction failed for bookmaker 5: Error","timestamp":"2025-11-09 16:15:32"}
{"level":"info","message":"📡 Nueva ronda de ruleta emitida para bookmaker 4: 36 (Red)","timestamp":"2025-11-09 16:15:40"}
{"level":"error","message":"Roulette prediction failed for bookmaker 4: Error","timestamp":"2025-11-09 16:15:40"}
{"level":"info","message":"📡 Nueva ronda de ruleta emitida para bookmaker 6: 14 (Red)","timestamp":"2025-11-09 16:15:45"}
{"level":"error","message":"Roulette prediction failed for bookmaker 6: Error","timestamp":"2025-11-09 16:15:45"}
{"level":"info","message":"📡 Nueva ronda de ruleta emitida para bookmaker 5: 30 (Red)","timestamp":"2025-11-09 16:16:15"}
{"level":"error","message":"Roulette prediction failed for bookmaker 5: Error","timestamp":"2025-11-09 16:16:16"}
{"level":"info","message":"📡 Nueva ronda de ruleta emitida para bookmaker 4: 35 (Black)","timestamp":"2025-11-09 16:16:17"}
{"level":"error","message":"Roulette prediction failed for bookmaker 4: Error","timestamp":"2025-11-09 16:16:17"}
{"level":"info","message":"📡 Nueva ronda de ruleta emitida para bookmaker 6: 13 (Black)","timestamp":"2025-11-09 16:16:35"}
{"level":"error","message":"Roulette prediction failed for bookmaker 6: Error","timestamp":"2025-11-09 16:16:35"}
{"level":"info","message":"📡 Nueva ronda de ruleta emitida para bookmaker 5: 7 (Red)","timestamp":"2025-11-09 16:16:57"}
{"level":"info","message":"📡 Nueva ronda de ruleta emitida para bookmaker 4: 7 (Red)","timestamp":"2025-11-09 16:16:57"}
{"level":"error","message":"Roulette prediction failed for bookmaker 5: Error","timestamp":"2025-11-09 16:16:57"}
{"level":"error","message":"Roulette prediction failed for bookmaker 4: Error","timestamp":"2025-11-09 16:16:57"}
{"level":"info","message":"📡 Nueva ronda de ruleta emitida para bookmaker 6: 34 (Red)","timestamp":"2025-11-09 16:17:25"}
{"level":"error","message":"Roulette prediction failed for bookmaker 6: Error","timestamp":"2025-11-09 16:17:25"}
{"level":"info","message":"📡 Nueva ronda de ruleta emitida para bookmaker 5: 3 (Red)","timestamp":"2025-11-09 16:17:39"}
{"level":"error","message":"Roulette prediction failed for bookmaker 5: Error","timestamp":"2025-11-09 16:17:39"}
{"level":"info","message":"📡 Nueva ronda de ruleta emitida para bookmaker 4: 1 (Red)","timestamp":"2025-11-09 16:18:14"}
{"level":"error","message":"Roulette prediction failed for bookmaker 4: Error","timestamp":"2025-11-09 16:18:14"}
{"level":"info","message":"📡 Nueva ronda de ruleta emitida para bookmaker 6: 33 (Black)","timestamp":"2025-11-09 16:18:16"}
{"level":"error","message":"Roulette prediction failed for bookmaker 6: Error","timestamp":"2025-11-09 16:18:16"}
{"level":"info","message":"📡 Nueva ronda de ruleta emitida para bookmaker 5: 20 (Black)","timestamp":"2025-11-09 16:18:22"}
{"level":"error","message":"Roulette prediction failed for bookmaker 5: Error","timestamp":"2025-11-09 16:18:22"}
{"level":"info","message":"📡 Nueva ronda de ruleta emitida para bookmaker 4: 34 (Red)","timestamp":"2025-11-09 16:18:50"}
{"level":"error","message":"Roulette prediction failed for bookmaker 4: Error","timestamp":"2025-11-09 16:18:50"}
{"level":"info","message":"📡 Nueva ronda de ruleta emitida para bookmaker 5: 30 (Red)","timestamp":"2025-11-09 16:19:06"}
{"level":"error","message":"Roulette prediction failed for bookmaker 5: Error","timestamp":"2025-11-09 16:19:07"}
{"level":"info","message":"📡 Nueva ronda de ruleta emitida para bookmaker 6: 13 (Black)","timestamp":"2025-11-09 16:19:07"}
{"level":"error","message":"Roulette prediction failed for bookmaker 6: Error","timestamp":"2025-11-09 16:19:07"}
{"level":"info","message":"📡 Nueva ronda de ruleta emitida para bookmaker 4: 27 (Red)","timestamp":"2025-11-09 16:19:31"}
{"level":"error","message":"Roulette prediction failed for bookmaker 4: Error","timestamp":"2025-11-09 16:19:31"}
{"level":"info","message":"📡 Nueva ronda de ruleta emitida para bookmaker 5: 9 (Red)","timestamp":"2025-11-09 16:19:45"}
{"level":"error","message":"Roulette prediction failed for bookmaker 5: Error","timestamp":"2025-11-09 16:19:45"}
{"level":"info","message":"📡 Nueva ronda de ruleta emitida para bookmaker 6: 22 (Black)","timestamp":"2025-11-09 16:19:57"}
{"level":"error","message":"Roulette prediction failed for bookmaker 6: Error","timestamp":"2025-11-09 16:19:57"}
{"level":"info","message":"📡 Nueva ronda de ruleta emitida para bookmaker 4: 35 (Black)","timestamp":"2025-11-09 16:20:11"}
{"level":"error","message":"Roulette prediction failed for bookmaker 4: Error","timestamp":"2025-11-09 16:20:11"}
{"level":"info","message":"📡 Nueva ronda de ruleta emitida para bookmaker 5: 35 (Black)","timestamp":"2025-11-09 16:20:30"}
{"level":"error","message":"Roulette prediction failed for bookmaker 5: Error","timestamp":"2025-11-09 16:20:31"}
{"level":"info","message":"📡 Nueva ronda de ruleta emitida para bookmaker 4: 33 (Black)","timestamp":"2025-11-09 16:20:50"}
{"level":"error","message":"Roulette prediction failed for bookmaker 4: Error","timestamp":"2025-11-09 16:20:51"}
{"level":"info","message":"📡 Nueva ronda de ruleta emitida para bookmaker 5: 9 (Red)","timestamp":"2025-11-09 16:21:14"}
{"level":"error","message":"Roulette prediction failed for bookmaker 5: Error","timestamp":"2025-11-09 16:21:14"}
{"level":"info","message":"📡 Nueva ronda de ruleta emitida para bookmaker 4: 3 (Red)","timestamp":"2025-11-09 16:21:30"}
{"level":"error","message":"Roulette prediction failed for bookmaker 4: Error","timestamp":"2025-11-09 16:21:30"}
{"level":"info","message":"📡 Nueva ronda de ruleta emitida para bookmaker 6: 34 (Red)","timestamp":"2025-11-09 16:21:46"}
{"level":"error","message":"Roulette prediction failed for bookmaker 6: Error","timestamp":"2025-11-09 16:21:46"}
{"level":"info","message":"📡 Nueva ronda de ruleta emitida para bookmaker 5: 13 (Black)","timestamp":"2025-11-09 16:21:57"}
{"level":"error","message":"Roulette prediction failed for bookmaker 5: Error","timestamp":"2025-11-09 16:21:58"}
{"level":"info","message":"📡 Nueva ronda de ruleta emitida para bookmaker 4: 8 (Black)","timestamp":"2025-11-09 16:22:08"}
{"level":"error","message":"Roulette prediction failed for bookmaker 4: Error","timestamp":"2025-11-09 16:22:08"}
{"level":"info","message":"📡 Nueva ronda de ruleta emitida para bookmaker 6: 12 (Red)","timestamp":"2025-11-09 16:22:39"}
{"level":"error","message":"Roulette prediction failed for bookmaker 6: Error","timestamp":"2025-11-09 16:22:39"}
{"level":"info","message":"📡 Nueva ronda de ruleta emitida para bookmaker 5: 10 (Black)","timestamp":"2025-11-09 16:22:42"}
{"level":"error","message":"Roulette prediction failed for bookmaker 5: Error","timestamp":"2025-11-09 16:22:42"}
{"level":"info","message":"📡 Nueva ronda de ruleta emitida para bookmaker 4: 29 (Black)","timestamp":"2025-11-09 16:22:47"}
{"level":"error","message":"Roulette prediction failed for bookmaker 4: Error","timestamp":"2025-11-09 16:22:47"}
{"level":"info","message":"📡 Nueva ronda de ruleta emitida para bookmaker 5: 15 (Black)","timestamp":"2025-11-09 16:23:25"}
{"level":"error","message":"Roulette prediction failed for bookmaker 5: Error","timestamp":"2025-11-09 16:23:25"}
{"level":"info","message":"📡 Nueva ronda de ruleta emitida para bookmaker 4: 16 (Red)","timestamp":"2025-11-09 16:23:28"}
{"level":"error","message":"Roulette prediction failed for bookmaker 4: Error","timestamp":"2025-11-09 16:23:28"}
{"level":"info","message":"📡 Nueva ronda de ruleta emitida para bookmaker 6: 6 (Black)","timestamp":"2025-11-09 16:23:34"}
{"level":"error","message":"Roulette prediction failed for bookmaker 6: Error","timestamp":"2025-11-09 16:23:34"}
