[10/11/2025, 11:50:06 a. m.] Spaceman 1: Conexión multiplicador establecida exitosamente
---
[10/11/2025, 11:50:09 a. m.] Spaceman 1: Multiplicador recibido - Game ID: 11041641913, Multiplicador: 1.01x
---
[10/11/2025, 11:50:09 a. m.] Spaceman 1: Multiplicador recibido - Game ID: 11041641913, Multiplicador: 1.02x
---
[10/11/2025, 11:50:09 a. m.] Spaceman 1: Multiplicador recibido - Game ID: 11041641913, Multiplicador: 1.03x
---
[10/11/2025, 11:50:09 a. m.] Spaceman 1: Multiplicador recibido - Game ID: 11041641913, Multiplicador: 1.04x
---
[10/11/2025, 11:50:09 a. m.] Spaceman 1: Multiplicador recibido - Game ID: 11041641913, Multiplicador: 1.05x
---
[10/11/2025, 11:50:10 a. m.] Spaceman 1: Ping enviado: 1762793410009
---
[10/11/2025, 11:50:10 a. m.] Spaceman 1: Multiplicador recibido - Game ID: 11041641913, Multiplicador: 1.06x
---
[10/11/2025, 11:50:10 a. m.] Spaceman 1: Multiplicador recibido - Game ID: 11041641913, Multiplicador: 1.07x
---
[10/11/2025, 11:50:10 a. m.] Spaceman 1: Multiplicador recibido - Game ID: 11041641913, Multiplicador: 1.08x
---
[10/11/2025, 11:50:10 a. m.] Spaceman 1: Multiplicador recibido - Game ID: 11041641913, Multiplicador: 1.09x
---
[10/11/2025, 11:50:10 a. m.] Spaceman 1: Multiplicador recibido - Game ID: 11041641913, Multiplicador: 1.1x
---
[10/11/2025, 11:50:10 a. m.] Spaceman 1: Multiplicador recibido - Game ID: 11041641913, Multiplicador: 1.11x
---
[10/11/2025, 11:50:10 a. m.] Spaceman 1: Multiplicador recibido - Game ID: 11041641913, Multiplicador: 1.12x
---
[10/11/2025, 11:50:10 a. m.] Spaceman 1: Multiplicador recibido - Game ID: 11041641913, Multiplicador: 1.13x
---
[10/11/2025, 11:50:10 a. m.] Spaceman 1: Multiplicador recibido - Game ID: 11041641913, Multiplicador: 1.14x
---
[10/11/2025, 11:50:11 a. m.] Spaceman 1: Multiplicador recibido - Game ID: 11041641913, Multiplicador: 1.15x
---
[10/11/2025, 11:50:11 a. m.] Spaceman 1: Multiplicador recibido - Game ID: 11041641913, Multiplicador: 1.16x
---
[10/11/2025, 11:50:11 a. m.] Spaceman 1: Multiplicador recibido - Game ID: 11041641913, Multiplicador: 1.17x
---
[10/11/2025, 11:50:11 a. m.] Spaceman 1: Multiplicador recibido - Game ID: 11041641913, Multiplicador: 1.18x
---
[10/11/2025, 11:50:11 a. m.] Spaceman 1: Multiplicador recibido - Game ID: 11041641913, Multiplicador: 1.19x
---
[10/11/2025, 11:50:11 a. m.] Spaceman 1: Multiplicador recibido - Game ID: 11041641913, Multiplicador: 1.2x
---
[10/11/2025, 11:50:11 a. m.] Spaceman 1: Multiplicador recibido - Game ID: 11041641913, Multiplicador: 1.21x
---
[10/11/2025, 11:50:11 a. m.] Spaceman 1: Multiplicador recibido - Game ID: 11041641913, Multiplicador: 1.22x
---
[10/11/2025, 11:50:11 a. m.] Spaceman 1: Multiplicador recibido - Game ID: 11041641913, Multiplicador: 1.23x
---
[10/11/2025, 11:50:11 a. m.] Spaceman 1: Multiplicador recibido - Game ID: 11041641913, Multiplicador: 1.24x
---
[10/11/2025, 11:50:11 a. m.] Spaceman 1: Multiplicador recibido - Game ID: 11041641913, Multiplicador: 1.25x
---
[10/11/2025, 11:50:12 a. m.] Spaceman 1: Multiplicador recibido - Game ID: 11041641913, Multiplicador: 1.26x
---
[10/11/2025, 11:50:12 a. m.] Spaceman 1: Multiplicador recibido - Game ID: 11041641913, Multiplicador: 1.27x
---
[10/11/2025, 11:50:12 a. m.] Spaceman 1: Multiplicador recibido - Game ID: 11041641913, Multiplicador: 1.28x
---
[10/11/2025, 11:50:12 a. m.] Spaceman 1: Multiplicador recibido - Game ID: 11041641913, Multiplicador: 1.29x
---
[10/11/2025, 11:50:12 a. m.] Spaceman 1: Multiplicador recibido - Game ID: 11041641913, Multiplicador: 1.3x
---
[10/11/2025, 11:50:12 a. m.] Spaceman 1: Multiplicador recibido - Game ID: 11041641913, Multiplicador: 1.31x
---
[10/11/2025, 11:50:12 a. m.] Spaceman 1: Multiplicador recibido - Game ID: 11041641913, Multiplicador: 1.32x
---
[10/11/2025, 11:50:12 a. m.] Spaceman 1: Multiplicador recibido - Game ID: 11041641913, Multiplicador: 1.33x
---
[10/11/2025, 11:50:12 a. m.] Spaceman 1: Multiplicador recibido - Game ID: 11041641913, Multiplicador: 1.34x
---
[10/11/2025, 11:50:12 a. m.] Spaceman 1: Multiplicador recibido - Game ID: 11041641913, Multiplicador: 1.35x
---
[10/11/2025, 11:50:12 a. m.] Spaceman 1: Multiplicador recibido - Game ID: 11041641913, Multiplicador: 1.36x
---
[10/11/2025, 11:50:13 a. m.] Spaceman 1: Multiplicador recibido - Game ID: 11041641913, Multiplicador: 1.37x
---
[10/11/2025, 11:50:13 a. m.] Spaceman 1: Multiplicador recibido - Game ID: 11041641913, Multiplicador: 1.38x
---
[10/11/2025, 11:50:13 a. m.] Spaceman 1: Multiplicador recibido - Game ID: 11041641913, Multiplicador: 1.39x
---
[10/11/2025, 11:50:13 a. m.] Spaceman 1: Multiplicador recibido - Game ID: 11041641913, Multiplicador: 1.4x
---
[10/11/2025, 11:50:13 a. m.] Spaceman 1: Multiplicador recibido - Game ID: 11041641913, Multiplicador: 1.41x
---
[10/11/2025, 11:50:13 a. m.] Spaceman 1: Multiplicador recibido - Game ID: 11041641913, Multiplicador: 1.42x
---
[10/11/2025, 11:50:13 a. m.] Spaceman 1: Multiplicador recibido - Game ID: 11041641913, Multiplicador: 1.43x
---
[10/11/2025, 11:50:13 a. m.] Spaceman 1: Multiplicador recibido - Game ID: 11041641913, Multiplicador: 1.44x
---
[10/11/2025, 11:50:13 a. m.] Spaceman 1: Multiplicador recibido - Game ID: 11041641913, Multiplicador: 1.45x
---
[10/11/2025, 11:50:13 a. m.] Spaceman 1: Multiplicador recibido - Game ID: 11041641913, Multiplicador: 1.46x
---
[10/11/2025, 11:50:13 a. m.] Spaceman 1: Multiplicador recibido - Game ID: 11041641913, Multiplicador: 1.47x
---
[10/11/2025, 11:50:14 a. m.] Spaceman 1: Multiplicador recibido - Game ID: 11041641913, Multiplicador: 1.48x
---
[10/11/2025, 11:50:14 a. m.] Spaceman 1: Multiplicador recibido - Game ID: 11041641913, Multiplicador: 1.49x
---
[10/11/2025, 11:50:14 a. m.] Spaceman 1: Multiplicador recibido - Game ID: 11041641913, Multiplicador: 1.5x
---
[10/11/2025, 11:50:14 a. m.] Spaceman 1: Multiplicador recibido - Game ID: 11041641913, Multiplicador: 1.51x
---
[10/11/2025, 11:50:14 a. m.] Spaceman 1: Multiplicador recibido - Game ID: 11041641913, Multiplicador: 1.52x
---
[10/11/2025, 11:50:14 a. m.] Spaceman 1: Multiplicador recibido - Game ID: 11041641913, Multiplicador: 1.53x
---
[10/11/2025, 11:50:14 a. m.] Spaceman 1: Multiplicador recibido - Game ID: 11041641913, Multiplicador: 1.54x
---
[10/11/2025, 11:50:14 a. m.] Spaceman 1: Multiplicador recibido - Game ID: 11041641913, Multiplicador: 1.55x
---
[10/11/2025, 11:50:14 a. m.] Spaceman 1: Multiplicador recibido - Game ID: 11041641913, Multiplicador: 1.56x
---
[10/11/2025, 11:50:14 a. m.] Spaceman 1: Multiplicador recibido - Game ID: 11041641913, Multiplicador: 1.57x
---
[10/11/2025, 11:50:20 a. m.] Spaceman 1: Ping enviado: 1762793420011
---
[10/11/2025, 11:50:24 a. m.] Spaceman 1: Multiplicador recibido - Game ID: 11041642013, Multiplicador: 1.01x
---
[10/11/2025, 11:50:25 a. m.] Spaceman 1: Multiplicador recibido - Game ID: 11041642013, Multiplicador: 1.02x
---
[10/11/2025, 11:50:25 a. m.] Spaceman 1: Multiplicador recibido - Game ID: 11041642013, Multiplicador: 1.03x
---
[10/11/2025, 11:50:25 a. m.] Spaceman 1: Multiplicador recibido - Game ID: 11041642013, Multiplicador: 1.04x
---
[10/11/2025, 11:50:25 a. m.] Spaceman 1: Multiplicador recibido - Game ID: 11041642013, Multiplicador: 1.05x
---
[10/11/2025, 11:50:25 a. m.] Spaceman 1: Multiplicador recibido - Game ID: 11041642013, Multiplicador: 1.06x
---
[10/11/2025, 11:50:25 a. m.] Spaceman 1: Multiplicador recibido - Game ID: 11041642013, Multiplicador: 1.07x
---
[10/11/2025, 11:50:25 a. m.] Spaceman 1: Multiplicador recibido - Game ID: 11041642013, Multiplicador: 1.08x
---
[10/11/2025, 11:50:25 a. m.] Spaceman 1: Multiplicador recibido - Game ID: 11041642013, Multiplicador: 1.09x
---
[10/11/2025, 11:50:25 a. m.] Spaceman 1: Multiplicador recibido - Game ID: 11041642013, Multiplicador: 1.1x
---
[10/11/2025, 11:50:26 a. m.] Spaceman 1: Multiplicador recibido - Game ID: 11041642013, Multiplicador: 1.11x
---
[10/11/2025, 11:50:26 a. m.] Spaceman 1: Multiplicador recibido - Game ID: 11041642013, Multiplicador: 1.12x
---
[10/11/2025, 11:50:26 a. m.] Spaceman 1: Multiplicador recibido - Game ID: 11041642013, Multiplicador: 1.13x
---
[10/11/2025, 11:50:26 a. m.] Spaceman 1: Multiplicador recibido - Game ID: 11041642013, Multiplicador: 1.14x
---
[10/11/2025, 11:50:26 a. m.] Spaceman 1: Multiplicador recibido - Game ID: 11041642013, Multiplicador: 1.15x
---
[10/11/2025, 11:50:26 a. m.] Spaceman 1: Multiplicador recibido - Game ID: 11041642013, Multiplicador: 1.16x
---
[10/11/2025, 11:50:26 a. m.] Spaceman 1: Multiplicador recibido - Game ID: 11041642013, Multiplicador: 1.17x
---
[10/11/2025, 11:50:26 a. m.] Spaceman 1: Multiplicador recibido - Game ID: 11041642013, Multiplicador: 1.18x
---
[10/11/2025, 11:50:26 a. m.] Spaceman 1: Multiplicador recibido - Game ID: 11041642013, Multiplicador: 1.19x
---
[10/11/2025, 11:50:27 a. m.] Spaceman 1: Multiplicador recibido - Game ID: 11041642013, Multiplicador: 1.2x
---
[10/11/2025, 11:50:27 a. m.] Spaceman 1: Multiplicador recibido - Game ID: 11041642013, Multiplicador: 1.21x
---
[10/11/2025, 11:50:27 a. m.] Spaceman 1: Multiplicador recibido - Game ID: 11041642013, Multiplicador: 1.22x
---
[10/11/2025, 11:50:27 a. m.] Spaceman 1: Multiplicador recibido - Game ID: 11041642013, Multiplicador: 1.23x
---
[10/11/2025, 11:50:27 a. m.] Spaceman 1: Multiplicador recibido - Game ID: 11041642013, Multiplicador: 1.24x
---
[10/11/2025, 11:50:27 a. m.] Spaceman 1: Multiplicador recibido - Game ID: 11041642013, Multiplicador: 1.25x
---
[10/11/2025, 11:50:27 a. m.] Spaceman 1: Multiplicador recibido - Game ID: 11041642013, Multiplicador: 1.26x
---
[10/11/2025, 11:50:27 a. m.] Spaceman 1: Multiplicador recibido - Game ID: 11041642013, Multiplicador: 1.27x
---
[10/11/2025, 11:50:27 a. m.] Spaceman 1: Multiplicador recibido - Game ID: 11041642013, Multiplicador: 1.28x
---
[10/11/2025, 11:50:27 a. m.] Spaceman 1: Multiplicador recibido - Game ID: 11041642013, Multiplicador: 1.29x
---
[10/11/2025, 11:50:28 a. m.] Spaceman 1: Multiplicador recibido - Game ID: 11041642013, Multiplicador: 1.3x
---
[10/11/2025, 11:50:28 a. m.] Spaceman 1: Multiplicador recibido - Game ID: 11041642013, Multiplicador: 1.31x
---
[10/11/2025, 11:50:28 a. m.] Spaceman 1: Multiplicador recibido - Game ID: 11041642013, Multiplicador: 1.32x
---
[10/11/2025, 11:50:28 a. m.] Spaceman 1: Multiplicador recibido - Game ID: 11041642013, Multiplicador: 1.33x
---
[10/11/2025, 11:50:28 a. m.] Spaceman 1: Multiplicador recibido - Game ID: 11041642013, Multiplicador: 1.34x
---
[10/11/2025, 11:50:28 a. m.] Spaceman 1: Multiplicador recibido - Game ID: 11041642013, Multiplicador: 1.35x
---
[10/11/2025, 11:50:28 a. m.] Spaceman 1: Multiplicador recibido - Game ID: 11041642013, Multiplicador: 1.36x
---
[10/11/2025, 11:50:28 a. m.] Spaceman 1: Multiplicador recibido - Game ID: 11041642013, Multiplicador: 1.37x
---
[10/11/2025, 11:50:28 a. m.] Spaceman 1: Multiplicador recibido - Game ID: 11041642013, Multiplicador: 1.38x
---
[10/11/2025, 11:50:28 a. m.] Spaceman 1: Multiplicador recibido - Game ID: 11041642013, Multiplicador: 1.39x
---
[10/11/2025, 11:50:28 a. m.] Spaceman 1: Multiplicador recibido - Game ID: 11041642013, Multiplicador: 1.4x
---
[10/11/2025, 11:50:28 a. m.] Spaceman 1: Multiplicador recibido - Game ID: 11041642013, Multiplicador: 1.41x
---
[10/11/2025, 11:50:29 a. m.] Spaceman 1: Multiplicador recibido - Game ID: 11041642013, Multiplicador: 1.42x
---
[10/11/2025, 11:50:29 a. m.] Spaceman 1: Multiplicador recibido - Game ID: 11041642013, Multiplicador: 1.43x
---
[10/11/2025, 11:50:29 a. m.] Spaceman 1: Multiplicador recibido - Game ID: 11041642013, Multiplicador: 1.44x
---
[10/11/2025, 11:50:29 a. m.] Spaceman 1: Multiplicador recibido - Game ID: 11041642013, Multiplicador: 1.45x
---
[10/11/2025, 11:50:29 a. m.] Spaceman 1: Multiplicador recibido - Game ID: 11041642013, Multiplicador: 1.46x
---
[10/11/2025, 11:50:29 a. m.] Spaceman 1: Multiplicador recibido - Game ID: 11041642013, Multiplicador: 1.47x
---
[10/11/2025, 11:50:29 a. m.] Spaceman 1: Multiplicador recibido - Game ID: 11041642013, Multiplicador: 1.48x
---
[10/11/2025, 11:50:29 a. m.] Spaceman 1: Multiplicador recibido - Game ID: 11041642013, Multiplicador: 1.49x
---
[10/11/2025, 11:50:29 a. m.] Spaceman 1: Multiplicador recibido - Game ID: 11041642013, Multiplicador: 1.5x
---
[10/11/2025, 11:50:29 a. m.] Spaceman 1: Multiplicador recibido - Game ID: 11041642013, Multiplicador: 1.51x
---
[10/11/2025, 11:50:29 a. m.] Spaceman 1: Multiplicador recibido - Game ID: 11041642013, Multiplicador: 1.52x
---
[10/11/2025, 11:50:29 a. m.] Spaceman 1: Multiplicador recibido - Game ID: 11041642013, Multiplicador: 1.53x
---
[10/11/2025, 11:50:30 a. m.] Spaceman 1: Ping enviado: 1762793430012
---
[10/11/2025, 11:50:30 a. m.] Spaceman 1: Multiplicador recibido - Game ID: 11041642013, Multiplicador: 1.54x
---
[10/11/2025, 11:50:30 a. m.] Spaceman 1: Multiplicador recibido - Game ID: 11041642013, Multiplicador: 1.55x
---
[10/11/2025, 11:50:30 a. m.] Spaceman 1: Multiplicador recibido - Game ID: 11041642013, Multiplicador: 1.56x
---
[10/11/2025, 11:50:30 a. m.] Spaceman 1: Multiplicador recibido - Game ID: 11041642013, Multiplicador: 1.57x
---
[10/11/2025, 11:50:30 a. m.] Spaceman 1: Multiplicador recibido - Game ID: 11041642013, Multiplicador: 1.58x
---
[10/11/2025, 11:50:30 a. m.] Spaceman 1: Multiplicador recibido - Game ID: 11041642013, Multiplicador: 1.59x
---
[10/11/2025, 11:50:30 a. m.] Spaceman 1: Multiplicador recibido - Game ID: 11041642013, Multiplicador: 1.6x
---
[10/11/2025, 11:50:30 a. m.] Spaceman 1: Multiplicador recibido - Game ID: 11041642013, Multiplicador: 1.61x
---
[10/11/2025, 11:50:30 a. m.] Spaceman 1: Multiplicador recibido - Game ID: 11041642013, Multiplicador: 1.62x
---
[10/11/2025, 11:50:30 a. m.] Spaceman 1: Multiplicador recibido - Game ID: 11041642013, Multiplicador: 1.63x
---
[10/11/2025, 11:50:30 a. m.] Spaceman 1: Multiplicador recibido - Game ID: 11041642013, Multiplicador: 1.64x
---
[10/11/2025, 11:50:30 a. m.] Spaceman 1: Multiplicador recibido - Game ID: 11041642013, Multiplicador: 1.65x
---
[10/11/2025, 11:50:30 a. m.] Spaceman 1: Multiplicador recibido - Game ID: 11041642013, Multiplicador: 1.66x
---
[10/11/2025, 11:50:30 a. m.] Spaceman 1: Multiplicador recibido - Game ID: 11041642013, Multiplicador: 1.67x
---
[10/11/2025, 11:50:31 a. m.] Spaceman 1: Multiplicador recibido - Game ID: 11041642013, Multiplicador: 1.68x
---
[10/11/2025, 11:50:31 a. m.] Spaceman 1: Multiplicador recibido - Game ID: 11041642013, Multiplicador: 1.69x
---
[10/11/2025, 11:50:31 a. m.] Spaceman 1: Multiplicador recibido - Game ID: 11041642013, Multiplicador: 1.7x
---
[10/11/2025, 11:50:31 a. m.] Spaceman 1: Multiplicador recibido - Game ID: 11041642013, Multiplicador: 1.71x
---
[10/11/2025, 11:50:31 a. m.] Spaceman 1: Multiplicador recibido - Game ID: 11041642013, Multiplicador: 1.72x
---
[10/11/2025, 11:50:31 a. m.] Spaceman 1: Multiplicador recibido - Game ID: 11041642013, Multiplicador: 1.73x
---
[10/11/2025, 11:50:31 a. m.] Spaceman 1: Multiplicador recibido - Game ID: 11041642013, Multiplicador: 1.74x
---
[10/11/2025, 11:50:31 a. m.] Spaceman 1: Multiplicador recibido - Game ID: 11041642013, Multiplicador: 1.75x
---
[10/11/2025, 11:50:31 a. m.] Spaceman 1: Multiplicador recibido - Game ID: 11041642013, Multiplicador: 1.76x
---
[10/11/2025, 11:50:31 a. m.] Spaceman 1: Multiplicador recibido - Game ID: 11041642013, Multiplicador: 1.77x
---
[10/11/2025, 11:50:31 a. m.] Spaceman 1: Multiplicador recibido - Game ID: 11041642013, Multiplicador: 1.78x
---
[10/11/2025, 11:50:31 a. m.] Spaceman 1: Multiplicador recibido - Game ID: 11041642013, Multiplicador: 1.79x
---
[10/11/2025, 11:50:31 a. m.] Spaceman 1: Multiplicador recibido - Game ID: 11041642013, Multiplicador: 1.8x
---
[10/11/2025, 11:50:32 a. m.] Spaceman 1: Multiplicador recibido - Game ID: 11041642013, Multiplicador: 1.81x
---
[10/11/2025, 11:50:32 a. m.] Spaceman 1: Multiplicador recibido - Game ID: 11041642013, Multiplicador: 1.82x
---
[10/11/2025, 11:50:32 a. m.] Spaceman 1: Multiplicador recibido - Game ID: 11041642013, Multiplicador: 1.83x
---
[10/11/2025, 11:50:32 a. m.] Spaceman 1: Multiplicador recibido - Game ID: 11041642013, Multiplicador: 1.84x
---
[10/11/2025, 11:50:32 a. m.] Spaceman 1: Multiplicador recibido - Game ID: 11041642013, Multiplicador: 1.85x
---
[10/11/2025, 11:50:32 a. m.] Spaceman 1: Multiplicador recibido - Game ID: 11041642013, Multiplicador: 1.86x
---
[10/11/2025, 11:50:32 a. m.] Spaceman 1: Multiplicador recibido - Game ID: 11041642013, Multiplicador: 1.87x
---
[10/11/2025, 11:50:32 a. m.] Spaceman 1: Multiplicador recibido - Game ID: 11041642013, Multiplicador: 1.88x
---
[10/11/2025, 11:50:32 a. m.] Spaceman 1: Multiplicador recibido - Game ID: 11041642013, Multiplicador: 1.89x
---
[10/11/2025, 11:50:32 a. m.] Spaceman 1: Multiplicador recibido - Game ID: 11041642013, Multiplicador: 1.9x
---
[10/11/2025, 11:50:32 a. m.] Spaceman 1: Multiplicador recibido - Game ID: 11041642013, Multiplicador: 1.91x
---
[10/11/2025, 11:50:32 a. m.] Spaceman 1: Multiplicador recibido - Game ID: 11041642013, Multiplicador: 1.92x
---
[10/11/2025, 11:50:32 a. m.] Spaceman 1: Multiplicador recibido - Game ID: 11041642013, Multiplicador: 1.93x
---
[10/11/2025, 11:50:32 a. m.] Spaceman 1: Multiplicador recibido - Game ID: 11041642013, Multiplicador: 1.94x
---
[10/11/2025, 11:50:32 a. m.] Spaceman 1: Multiplicador recibido - Game ID: 11041642013, Multiplicador: 1.95x
---
[10/11/2025, 11:50:32 a. m.] Spaceman 1: Multiplicador recibido - Game ID: 11041642013, Multiplicador: 1.96x
---
[10/11/2025, 11:50:33 a. m.] Spaceman 1: Multiplicador recibido - Game ID: 11041642013, Multiplicador: 1.97x
---
[10/11/2025, 11:50:33 a. m.] Spaceman 1: Multiplicador recibido - Game ID: 11041642013, Multiplicador: 1.98x
---
[10/11/2025, 11:50:33 a. m.] Spaceman 1: Multiplicador recibido - Game ID: 11041642013, Multiplicador: 1.99x
---
[10/11/2025, 11:50:33 a. m.] Spaceman 1: Multiplicador recibido - Game ID: 11041642013, Multiplicador: 2x
---
[10/11/2025, 11:50:33 a. m.] Spaceman 1: Multiplicador recibido - Game ID: 11041642013, Multiplicador: 2.01x
---
[10/11/2025, 11:50:33 a. m.] Spaceman 1: Multiplicador recibido - Game ID: 11041642013, Multiplicador: 2.02x
---
[10/11/2025, 11:50:33 a. m.] Spaceman 1: Multiplicador recibido - Game ID: 11041642013, Multiplicador: 2.03x
---
[10/11/2025, 11:50:33 a. m.] Spaceman 1: Multiplicador recibido - Game ID: 11041642013, Multiplicador: 2.04x
---
[10/11/2025, 11:50:33 a. m.] Spaceman 1: Multiplicador recibido - Game ID: 11041642013, Multiplicador: 2.05x
---
[10/11/2025, 11:50:33 a. m.] Spaceman 1: Multiplicador recibido - Game ID: 11041642013, Multiplicador: 2.06x
---
[10/11/2025, 11:50:33 a. m.] Spaceman 1: Multiplicador recibido - Game ID: 11041642013, Multiplicador: 2.07x
---
[10/11/2025, 11:50:33 a. m.] Spaceman 1: Multiplicador recibido - Game ID: 11041642013, Multiplicador: 2.08x
---
[10/11/2025, 11:50:33 a. m.] Spaceman 1: Multiplicador recibido - Game ID: 11041642013, Multiplicador: 2.09x
---
[10/11/2025, 11:50:33 a. m.] Spaceman 1: Multiplicador recibido - Game ID: 11041642013, Multiplicador: 2.1x
---
[10/11/2025, 11:50:33 a. m.] Spaceman 1: Multiplicador recibido - Game ID: 11041642013, Multiplicador: 2.11x
---
[10/11/2025, 11:50:33 a. m.] Spaceman 1: Multiplicador recibido - Game ID: 11041642013, Multiplicador: 2.12x
---
[10/11/2025, 11:50:33 a. m.] Spaceman 1: Multiplicador recibido - Game ID: 11041642013, Multiplicador: 2.13x
---
[10/11/2025, 11:50:33 a. m.] Spaceman 1: Multiplicador recibido - Game ID: 11041642013, Multiplicador: 2.14x
---
[10/11/2025, 11:50:34 a. m.] Spaceman 1: Multiplicador recibido - Game ID: 11041642013, Multiplicador: 2.15x
---
[10/11/2025, 11:50:34 a. m.] Spaceman 1: Multiplicador recibido - Game ID: 11041642013, Multiplicador: 2.16x
---
[10/11/2025, 11:50:34 a. m.] Spaceman 1: Multiplicador recibido - Game ID: 11041642013, Multiplicador: 2.17x
---
[10/11/2025, 11:50:34 a. m.] Spaceman 1: Multiplicador recibido - Game ID: 11041642013, Multiplicador: 2.18x
---
[10/11/2025, 11:50:34 a. m.] Spaceman 1: Multiplicador recibido - Game ID: 11041642013, Multiplicador: 2.19x
---
[10/11/2025, 11:50:34 a. m.] Spaceman 1: Multiplicador recibido - Game ID: 11041642013, Multiplicador: 2.2x
---
[10/11/2025, 11:50:34 a. m.] Spaceman 1: Multiplicador recibido - Game ID: 11041642013, Multiplicador: 2.22x
---
[10/11/2025, 11:50:34 a. m.] Spaceman 1: Multiplicador recibido - Game ID: 11041642013, Multiplicador: 2.23x
---
[10/11/2025, 11:50:34 a. m.] Spaceman 1: Multiplicador recibido - Game ID: 11041642013, Multiplicador: 2.24x
---
[10/11/2025, 11:50:34 a. m.] Spaceman 1: Multiplicador recibido - Game ID: 11041642013, Multiplicador: 2.25x
---
[10/11/2025, 11:50:34 a. m.] Spaceman 1: Multiplicador recibido - Game ID: 11041642013, Multiplicador: 2.26x
---
[10/11/2025, 11:50:34 a. m.] Spaceman 1: Multiplicador recibido - Game ID: 11041642013, Multiplicador: 2.27x
---
[10/11/2025, 11:50:34 a. m.] Spaceman 1: Multiplicador recibido - Game ID: 11041642013, Multiplicador: 2.28x
---
[10/11/2025, 11:50:34 a. m.] Spaceman 1: Multiplicador recibido - Game ID: 11041642013, Multiplicador: 2.29x
---
[10/11/2025, 11:50:34 a. m.] Spaceman 1: Multiplicador recibido - Game ID: 11041642013, Multiplicador: 2.3x
---
[10/11/2025, 11:50:34 a. m.] Spaceman 1: Multiplicador recibido - Game ID: 11041642013, Multiplicador: 2.31x
---
[10/11/2025, 11:50:35 a. m.] Spaceman 1: Multiplicador recibido - Game ID: 11041642013, Multiplicador: 2.32x
---
[10/11/2025, 11:50:35 a. m.] Spaceman 1: Multiplicador recibido - Game ID: 11041642013, Multiplicador: 2.33x
---
[10/11/2025, 11:50:35 a. m.] Spaceman 1: Multiplicador recibido - Game ID: 11041642013, Multiplicador: 2.34x
---
[10/11/2025, 11:50:35 a. m.] Spaceman 1: Multiplicador recibido - Game ID: 11041642013, Multiplicador: 2.35x
---
[10/11/2025, 11:50:35 a. m.] Spaceman 1: Multiplicador recibido - Game ID: 11041642013, Multiplicador: 2.37x
---
[10/11/2025, 11:50:35 a. m.] Spaceman 1: Multiplicador recibido - Game ID: 11041642013, Multiplicador: 2.38x
---
[10/11/2025, 11:50:35 a. m.] Spaceman 1: Multiplicador recibido - Game ID: 11041642013, Multiplicador: 2.39x
---
[10/11/2025, 11:50:35 a. m.] Spaceman 1: Multiplicador recibido - Game ID: 11041642013, Multiplicador: 2.4x
---
[10/11/2025, 11:50:35 a. m.] Spaceman 1: Multiplicador recibido - Game ID: 11041642013, Multiplicador: 2.41x
---
[10/11/2025, 11:50:35 a. m.] Spaceman 1: Multiplicador recibido - Game ID: 11041642013, Multiplicador: 2.42x
---
[10/11/2025, 11:50:35 a. m.] Spaceman 1: Multiplicador recibido - Game ID: 11041642013, Multiplicador: 2.43x
---
[10/11/2025, 11:50:35 a. m.] Spaceman 1: Multiplicador recibido - Game ID: 11041642013, Multiplicador: 2.44x
---
[10/11/2025, 11:50:35 a. m.] Spaceman 1: Multiplicador recibido - Game ID: 11041642013, Multiplicador: 2.45x
---
[10/11/2025, 11:50:35 a. m.] Spaceman 1: Multiplicador recibido - Game ID: 11041642013, Multiplicador: 2.46x
---
[10/11/2025, 11:50:35 a. m.] Spaceman 1: Multiplicador recibido - Game ID: 11041642013, Multiplicador: 2.47x
---
[10/11/2025, 11:50:35 a. m.] Spaceman 1: Multiplicador recibido - Game ID: 11041642013, Multiplicador: 2.48x
---
[10/11/2025, 11:50:35 a. m.] Spaceman 1: Multiplicador recibido - Game ID: 11041642013, Multiplicador: 2.49x
---
[10/11/2025, 11:50:35 a. m.] Spaceman 1: Multiplicador recibido - Game ID: 11041642013, Multiplicador: 2.5x
---
[10/11/2025, 11:50:35 a. m.] Spaceman 1: Multiplicador recibido - Game ID: 11041642013, Multiplicador: 2.52x
---
[10/11/2025, 11:50:36 a. m.] Spaceman 1: Multiplicador recibido - Game ID: 11041642013, Multiplicador: 2.53x
---
[10/11/2025, 11:50:36 a. m.] Spaceman 1: Multiplicador recibido - Game ID: 11041642013, Multiplicador: 2.54x
---
[10/11/2025, 11:50:36 a. m.] Spaceman 1: Multiplicador recibido - Game ID: 11041642013, Multiplicador: 2.55x
---
[10/11/2025, 11:50:36 a. m.] Spaceman 1: Multiplicador recibido - Game ID: 11041642013, Multiplicador: 2.56x
---
[10/11/2025, 11:50:36 a. m.] Spaceman 1: Multiplicador recibido - Game ID: 11041642013, Multiplicador: 2.57x
---
[10/11/2025, 11:50:36 a. m.] Spaceman 1: Multiplicador recibido - Game ID: 11041642013, Multiplicador: 2.58x
---
[10/11/2025, 11:50:36 a. m.] Spaceman 1: Multiplicador recibido - Game ID: 11041642013, Multiplicador: 2.59x
---
[10/11/2025, 11:50:36 a. m.] Spaceman 1: Multiplicador recibido - Game ID: 11041642013, Multiplicador: 2.6x
---
[10/11/2025, 11:50:36 a. m.] Spaceman 1: Multiplicador recibido - Game ID: 11041642013, Multiplicador: 2.61x
---
[10/11/2025, 11:50:36 a. m.] Spaceman 1: Multiplicador recibido - Game ID: 11041642013, Multiplicador: 2.62x
---
[10/11/2025, 11:50:36 a. m.] Spaceman 1: Multiplicador recibido - Game ID: 11041642013, Multiplicador: 2.63x
---
[10/11/2025, 11:50:36 a. m.] Spaceman 1: Multiplicador recibido - Game ID: 11041642013, Multiplicador: 2.65x
---
[10/11/2025, 11:50:36 a. m.] Spaceman 1: Multiplicador recibido - Game ID: 11041642013, Multiplicador: 2.66x
---
[10/11/2025, 11:50:36 a. m.] Spaceman 1: Multiplicador recibido - Game ID: 11041642013, Multiplicador: 2.67x
---
[10/11/2025, 11:50:36 a. m.] Spaceman 1: Multiplicador recibido - Game ID: 11041642013, Multiplicador: 2.68x
---
[10/11/2025, 11:50:36 a. m.] Spaceman 1: Multiplicador recibido - Game ID: 11041642013, Multiplicador: 2.69x
---
[10/11/2025, 11:50:36 a. m.] Spaceman 1: Multiplicador recibido - Game ID: 11041642013, Multiplicador: 2.71x
---
[10/11/2025, 11:50:36 a. m.] Spaceman 1: Multiplicador recibido - Game ID: 11041642013, Multiplicador: 2.73x
---
[10/11/2025, 11:50:36 a. m.] Spaceman 1: Multiplicador recibido - Game ID: 11041642013, Multiplicador: 2.74x
---
[10/11/2025, 11:50:37 a. m.] Spaceman 1: Multiplicador recibido - Game ID: 11041642013, Multiplicador: 2.75x
---
[10/11/2025, 11:50:37 a. m.] Spaceman 1: Multiplicador recibido - Game ID: 11041642013, Multiplicador: 2.76x
---
[10/11/2025, 11:50:37 a. m.] Spaceman 1: Multiplicador recibido - Game ID: 11041642013, Multiplicador: 2.77x
---
[10/11/2025, 11:50:37 a. m.] Spaceman 1: Multiplicador recibido - Game ID: 11041642013, Multiplicador: 2.79x
---
[10/11/2025, 11:50:37 a. m.] Spaceman 1: Multiplicador recibido - Game ID: 11041642013, Multiplicador: 2.8x
---
[10/11/2025, 11:50:37 a. m.] Spaceman 1: Multiplicador recibido - Game ID: 11041642013, Multiplicador: 2.81x
---
[10/11/2025, 11:50:37 a. m.] Spaceman 1: Multiplicador recibido - Game ID: 11041642013, Multiplicador: 2.82x
---
[10/11/2025, 11:50:37 a. m.] Spaceman 1: Multiplicador recibido - Game ID: 11041642013, Multiplicador: 2.83x
---
[10/11/2025, 11:50:37 a. m.] Spaceman 1: Multiplicador recibido - Game ID: 11041642013, Multiplicador: 2.84x
---
[10/11/2025, 11:50:37 a. m.] Spaceman 1: Multiplicador recibido - Game ID: 11041642013, Multiplicador: 2.86x
---
[10/11/2025, 11:50:37 a. m.] Spaceman 1: Multiplicador recibido - Game ID: 11041642013, Multiplicador: 2.87x
---
[10/11/2025, 11:50:37 a. m.] Spaceman 1: Multiplicador recibido - Game ID: 11041642013, Multiplicador: 2.88x
---
[10/11/2025, 11:50:37 a. m.] Spaceman 1: Multiplicador recibido - Game ID: 11041642013, Multiplicador: 2.9x
---
[10/11/2025, 11:50:37 a. m.] Spaceman 1: Multiplicador recibido - Game ID: 11041642013, Multiplicador: 2.91x
---
[10/11/2025, 11:50:37 a. m.] Spaceman 1: Multiplicador recibido - Game ID: 11041642013, Multiplicador: 2.92x
---
[10/11/2025, 11:50:37 a. m.] Spaceman 1: Multiplicador recibido - Game ID: 11041642013, Multiplicador: 2.93x
---
[10/11/2025, 11:50:37 a. m.] Spaceman 1: Multiplicador recibido - Game ID: 11041642013, Multiplicador: 2.95x
---
[10/11/2025, 11:50:37 a. m.] Spaceman 1: Multiplicador recibido - Game ID: 11041642013, Multiplicador: 2.96x
---
[10/11/2025, 11:50:37 a. m.] Spaceman 1: Multiplicador recibido - Game ID: 11041642013, Multiplicador: 2.97x
---
[10/11/2025, 11:50:38 a. m.] Spaceman 1: Multiplicador recibido - Game ID: 11041642013, Multiplicador: 2.98x
---
[10/11/2025, 11:50:38 a. m.] Spaceman 1: Multiplicador recibido - Game ID: 11041642013, Multiplicador: 2.99x
---
[10/11/2025, 11:50:38 a. m.] Spaceman 1: Multiplicador recibido - Game ID: 11041642013, Multiplicador: 3.01x
---
[10/11/2025, 11:50:38 a. m.] Spaceman 1: Multiplicador recibido - Game ID: 11041642013, Multiplicador: 3.02x
---
[10/11/2025, 11:50:38 a. m.] Spaceman 1: Multiplicador recibido - Game ID: 11041642013, Multiplicador: 3.03x
---
[10/11/2025, 11:50:38 a. m.] Spaceman 1: Multiplicador recibido - Game ID: 11041642013, Multiplicador: 3.04x
---
[10/11/2025, 11:50:38 a. m.] Spaceman 1: Multiplicador recibido - Game ID: 11041642013, Multiplicador: 3.06x
---
[10/11/2025, 11:50:38 a. m.] Spaceman 1: Multiplicador recibido - Game ID: 11041642013, Multiplicador: 3.08x
---
[10/11/2025, 11:50:38 a. m.] Spaceman 1: Multiplicador recibido - Game ID: 11041642013, Multiplicador: 3.09x
---
[10/11/2025, 11:50:38 a. m.] Spaceman 1: Multiplicador recibido - Game ID: 11041642013, Multiplicador: 3.1x
---
[10/11/2025, 11:50:40 a. m.] Spaceman 1: Ping enviado: 1762793440015
---
[10/11/2025, 11:50:48 a. m.] Spaceman 1: Multiplicador recibido - Game ID: 11041642113, Multiplicador: 1.01x
---
[10/11/2025, 11:50:48 a. m.] Spaceman 1: Multiplicador recibido - Game ID: 11041642113, Multiplicador: 1.02x
---
[10/11/2025, 11:50:48 a. m.] Spaceman 1: Multiplicador recibido - Game ID: 11041642113, Multiplicador: 1.03x
---
[10/11/2025, 11:50:49 a. m.] Spaceman 1: Multiplicador recibido - Game ID: 11041642113, Multiplicador: 1.04x
---
[10/11/2025, 11:50:49 a. m.] Spaceman 1: Multiplicador recibido - Game ID: 11041642113, Multiplicador: 1.05x
---
[10/11/2025, 11:50:49 a. m.] Spaceman 1: Multiplicador recibido - Game ID: 11041642113, Multiplicador: 1.06x
---
[10/11/2025, 11:50:49 a. m.] Spaceman 1: Multiplicador recibido - Game ID: 11041642113, Multiplicador: 1.07x
---
[10/11/2025, 11:50:49 a. m.] Spaceman 1: Multiplicador recibido - Game ID: 11041642113, Multiplicador: 1.08x
---
[10/11/2025, 11:50:49 a. m.] Spaceman 1: Multiplicador recibido - Game ID: 11041642113, Multiplicador: 1.09x
---
[10/11/2025, 11:50:49 a. m.] Spaceman 1: Multiplicador recibido - Game ID: 11041642113, Multiplicador: 1.1x
---
[10/11/2025, 11:50:49 a. m.] Spaceman 1: Multiplicador recibido - Game ID: 11041642113, Multiplicador: 1.11x
---
[10/11/2025, 11:50:49 a. m.] Spaceman 1: Multiplicador recibido - Game ID: 11041642113, Multiplicador: 1.12x
---
[10/11/2025, 11:50:50 a. m.] Spaceman 1: Multiplicador recibido - Game ID: 11041642113, Multiplicador: 1.13x
---
[10/11/2025, 11:50:50 a. m.] Spaceman 1: Ping enviado: 1762793450016
---
[10/11/2025, 11:50:50 a. m.] Spaceman 1: Multiplicador recibido - Game ID: 11041642113, Multiplicador: 1.14x
---
[10/11/2025, 11:50:50 a. m.] Spaceman 1: Multiplicador recibido - Game ID: 11041642113, Multiplicador: 1.15x
---
[10/11/2025, 11:50:50 a. m.] Spaceman 1: Multiplicador recibido - Game ID: 11041642113, Multiplicador: 1.16x
---
[10/11/2025, 11:50:50 a. m.] Spaceman 1: Multiplicador recibido - Game ID: 11041642113, Multiplicador: 1.17x
---
[10/11/2025, 11:50:50 a. m.] Spaceman 1: Multiplicador recibido - Game ID: 11041642113, Multiplicador: 1.18x
---
[10/11/2025, 11:51:00 a. m.] Spaceman 1: Ping enviado: 1762793460031
---
[10/11/2025, 11:51:00 a. m.] Spaceman 1: Multiplicador recibido - Game ID: 11041642213, Multiplicador: 1.01x
---
[10/11/2025, 11:51:00 a. m.] Spaceman 1: Multiplicador recibido - Game ID: 11041642213, Multiplicador: 1.02x
---
[10/11/2025, 11:51:00 a. m.] Spaceman 1: Multiplicador recibido - Game ID: 11041642213, Multiplicador: 1.03x
---
[10/11/2025, 11:51:01 a. m.] Spaceman 1: Multiplicador recibido - Game ID: 11041642213, Multiplicador: 1.04x
---
[10/11/2025, 11:51:01 a. m.] Spaceman 1: Multiplicador recibido - Game ID: 11041642213, Multiplicador: 1.05x
---
[10/11/2025, 11:51:01 a. m.] Spaceman 1: Multiplicador recibido - Game ID: 11041642213, Multiplicador: 1.06x
---
[10/11/2025, 11:51:01 a. m.] Spaceman 1: Multiplicador recibido - Game ID: 11041642213, Multiplicador: 1.07x
---
[10/11/2025, 11:51:01 a. m.] Spaceman 1: Multiplicador recibido - Game ID: 11041642213, Multiplicador: 1.08x
---
[10/11/2025, 11:51:01 a. m.] Spaceman 1: Multiplicador recibido - Game ID: 11041642213, Multiplicador: 1.09x
---
[10/11/2025, 11:51:01 a. m.] Spaceman 1: Multiplicador recibido - Game ID: 11041642213, Multiplicador: 1.1x
---
[10/11/2025, 11:51:01 a. m.] Spaceman 1: Multiplicador recibido - Game ID: 11041642213, Multiplicador: 1.11x
---
[10/11/2025, 11:51:02 a. m.] Spaceman 1: Multiplicador recibido - Game ID: 11041642213, Multiplicador: 1.12x
---
[10/11/2025, 11:51:02 a. m.] Spaceman 1: Multiplicador recibido - Game ID: 11041642213, Multiplicador: 1.13x
---
[10/11/2025, 11:51:02 a. m.] Spaceman 1: Multiplicador recibido - Game ID: 11041642213, Multiplicador: 1.14x
---
[10/11/2025, 11:51:02 a. m.] Spaceman 1: Multiplicador recibido - Game ID: 11041642213, Multiplicador: 1.15x
---
[10/11/2025, 11:51:02 a. m.] Spaceman 1: Multiplicador recibido - Game ID: 11041642213, Multiplicador: 1.16x
---
[10/11/2025, 11:51:02 a. m.] Spaceman 1: Multiplicador recibido - Game ID: 11041642213, Multiplicador: 1.17x
---
[10/11/2025, 11:51:02 a. m.] Spaceman 1: Multiplicador recibido - Game ID: 11041642213, Multiplicador: 1.18x
---
[10/11/2025, 11:51:02 a. m.] Spaceman 1: Multiplicador recibido - Game ID: 11041642213, Multiplicador: 1.19x
---
[10/11/2025, 11:51:02 a. m.] Spaceman 1: Multiplicador recibido - Game ID: 11041642213, Multiplicador: 1.2x
---
[10/11/2025, 11:51:02 a. m.] Spaceman 1: Multiplicador recibido - Game ID: 11041642213, Multiplicador: 1.21x
---
[10/11/2025, 11:51:02 a. m.] Spaceman 1: Multiplicador recibido - Game ID: 11041642213, Multiplicador: 1.22x
---
[10/11/2025, 11:51:03 a. m.] Spaceman 1: Multiplicador recibido - Game ID: 11041642213, Multiplicador: 1.23x
---
[10/11/2025, 11:51:03 a. m.] Spaceman 1: Multiplicador recibido - Game ID: 11041642213, Multiplicador: 1.24x
---
[10/11/2025, 11:51:03 a. m.] Spaceman 1: Multiplicador recibido - Game ID: 11041642213, Multiplicador: 1.25x
---
[10/11/2025, 11:51:03 a. m.] Spaceman 1: Multiplicador recibido - Game ID: 11041642213, Multiplicador: 1.26x
---
[10/11/2025, 11:51:03 a. m.] Spaceman 1: Multiplicador recibido - Game ID: 11041642213, Multiplicador: 1.27x
---
[10/11/2025, 11:51:03 a. m.] Spaceman 1: Multiplicador recibido - Game ID: 11041642213, Multiplicador: 1.28x
---
[10/11/2025, 11:51:03 a. m.] Spaceman 1: Multiplicador recibido - Game ID: 11041642213, Multiplicador: 1.29x
---
[10/11/2025, 11:51:03 a. m.] Spaceman 1: Multiplicador recibido - Game ID: 11041642213, Multiplicador: 1.3x
---
[10/11/2025, 11:51:03 a. m.] Spaceman 1: Multiplicador recibido - Game ID: 11041642213, Multiplicador: 1.31x
---
[10/11/2025, 11:51:04 a. m.] Spaceman 1: Multiplicador recibido - Game ID: 11041642213, Multiplicador: 1.32x
---
[10/11/2025, 11:51:04 a. m.] Spaceman 1: Multiplicador recibido - Game ID: 11041642213, Multiplicador: 1.33x
---
[10/11/2025, 11:51:04 a. m.] Spaceman 1: Multiplicador recibido - Game ID: 11041642213, Multiplicador: 1.34x
---
[10/11/2025, 11:51:04 a. m.] Spaceman 1: Multiplicador recibido - Game ID: 11041642213, Multiplicador: 1.35x
---
[10/11/2025, 11:51:04 a. m.] Spaceman 1: Multiplicador recibido - Game ID: 11041642213, Multiplicador: 1.36x
---
[10/11/2025, 11:51:04 a. m.] Spaceman 1: Multiplicador recibido - Game ID: 11041642213, Multiplicador: 1.37x
---
[10/11/2025, 11:51:04 a. m.] Spaceman 1: Multiplicador recibido - Game ID: 11041642213, Multiplicador: 1.38x
---
[10/11/2025, 11:51:04 a. m.] Spaceman 1: Multiplicador recibido - Game ID: 11041642213, Multiplicador: 1.39x
---
[10/11/2025, 11:51:04 a. m.] Spaceman 1: Multiplicador recibido - Game ID: 11041642213, Multiplicador: 1.4x
---
[10/11/2025, 11:51:04 a. m.] Spaceman 1: Multiplicador recibido - Game ID: 11041642213, Multiplicador: 1.41x
---
[10/11/2025, 11:51:04 a. m.] Spaceman 1: Multiplicador recibido - Game ID: 11041642213, Multiplicador: 1.42x
---
[10/11/2025, 11:51:04 a. m.] Spaceman 1: Multiplicador recibido - Game ID: 11041642213, Multiplicador: 1.43x
---
[10/11/2025, 11:51:05 a. m.] Spaceman 1: Multiplicador recibido - Game ID: 11041642213, Multiplicador: 1.44x
---
[10/11/2025, 11:51:05 a. m.] Spaceman 1: Multiplicador recibido - Game ID: 11041642213, Multiplicador: 1.45x
---
[10/11/2025, 11:51:05 a. m.] Spaceman 1: Multiplicador recibido - Game ID: 11041642213, Multiplicador: 1.46x
---
[10/11/2025, 11:51:05 a. m.] Spaceman 1: Multiplicador recibido - Game ID: 11041642213, Multiplicador: 1.47x
---
[10/11/2025, 11:51:05 a. m.] Spaceman 1: Multiplicador recibido - Game ID: 11041642213, Multiplicador: 1.48x
---
[10/11/2025, 11:51:05 a. m.] Spaceman 1: Multiplicador recibido - Game ID: 11041642213, Multiplicador: 1.49x
---
[10/11/2025, 11:51:05 a. m.] Spaceman 1: Multiplicador recibido - Game ID: 11041642213, Multiplicador: 1.5x
---
[10/11/2025, 11:51:05 a. m.] Spaceman 1: Multiplicador recibido - Game ID: 11041642213, Multiplicador: 1.51x
---
[10/11/2025, 11:51:05 a. m.] Spaceman 1: Multiplicador recibido - Game ID: 11041642213, Multiplicador: 1.52x
---
[10/11/2025, 11:51:05 a. m.] Spaceman 1: Multiplicador recibido - Game ID: 11041642213, Multiplicador: 1.53x
---
[10/11/2025, 11:51:05 a. m.] Spaceman 1: Multiplicador recibido - Game ID: 11041642213, Multiplicador: 1.54x
---
[10/11/2025, 11:51:05 a. m.] Spaceman 1: Multiplicador recibido - Game ID: 11041642213, Multiplicador: 1.55x
---
[10/11/2025, 11:51:06 a. m.] Spaceman 1: Multiplicador recibido - Game ID: 11041642213, Multiplicador: 1.56x
---
[10/11/2025, 11:51:06 a. m.] Spaceman 1: Multiplicador recibido - Game ID: 11041642213, Multiplicador: 1.57x
---
[10/11/2025, 11:51:06 a. m.] Spaceman 1: Multiplicador recibido - Game ID: 11041642213, Multiplicador: 1.58x
---
[10/11/2025, 11:51:06 a. m.] Spaceman 1: Multiplicador recibido - Game ID: 11041642213, Multiplicador: 1.59x
---
[10/11/2025, 11:51:06 a. m.] Spaceman 1: Multiplicador recibido - Game ID: 11041642213, Multiplicador: 1.6x
---
[10/11/2025, 11:51:06 a. m.] Spaceman 1: Multiplicador recibido - Game ID: 11041642213, Multiplicador: 1.61x
---
[10/11/2025, 11:51:06 a. m.] Spaceman 1: Multiplicador recibido - Game ID: 11041642213, Multiplicador: 1.62x
---
[10/11/2025, 11:51:06 a. m.] Spaceman 1: Multiplicador recibido - Game ID: 11041642213, Multiplicador: 1.63x
---
[10/11/2025, 11:51:06 a. m.] Spaceman 1: Multiplicador recibido - Game ID: 11041642213, Multiplicador: 1.64x
---
[10/11/2025, 11:51:06 a. m.] Spaceman 1: Multiplicador recibido - Game ID: 11041642213, Multiplicador: 1.65x
---
[10/11/2025, 11:51:06 a. m.] Spaceman 1: Multiplicador recibido - Game ID: 11041642213, Multiplicador: 1.66x
---
[10/11/2025, 11:51:06 a. m.] Spaceman 1: Multiplicador recibido - Game ID: 11041642213, Multiplicador: 1.67x
---
[10/11/2025, 11:51:06 a. m.] Spaceman 1: Multiplicador recibido - Game ID: 11041642213, Multiplicador: 1.68x
---
[10/11/2025, 11:51:06 a. m.] Spaceman 1: Multiplicador recibido - Game ID: 11041642213, Multiplicador: 1.69x
---
[10/11/2025, 11:51:07 a. m.] Spaceman 1: Multiplicador recibido - Game ID: 11041642213, Multiplicador: 1.7x
---
[10/11/2025, 11:51:07 a. m.] Spaceman 1: Multiplicador recibido - Game ID: 11041642213, Multiplicador: 1.71x
---
[10/11/2025, 11:51:07 a. m.] Spaceman 1: Multiplicador recibido - Game ID: 11041642213, Multiplicador: 1.72x
---
[10/11/2025, 11:51:07 a. m.] Spaceman 1: Multiplicador recibido - Game ID: 11041642213, Multiplicador: 1.73x
---
[10/11/2025, 11:51:07 a. m.] Spaceman 1: Multiplicador recibido - Game ID: 11041642213, Multiplicador: 1.74x
---
[10/11/2025, 11:51:07 a. m.] Spaceman 1: Multiplicador recibido - Game ID: 11041642213, Multiplicador: 1.75x
---
[10/11/2025, 11:51:07 a. m.] Spaceman 1: Multiplicador recibido - Game ID: 11041642213, Multiplicador: 1.76x
---
[10/11/2025, 11:51:07 a. m.] Spaceman 1: Multiplicador recibido - Game ID: 11041642213, Multiplicador: 1.77x
---
[10/11/2025, 11:51:07 a. m.] Spaceman 1: Multiplicador recibido - Game ID: 11041642213, Multiplicador: 1.78x
---
[10/11/2025, 11:51:07 a. m.] Spaceman 1: Multiplicador recibido - Game ID: 11041642213, Multiplicador: 1.79x
---
[10/11/2025, 11:51:07 a. m.] Spaceman 1: Multiplicador recibido - Game ID: 11041642213, Multiplicador: 1.8x
---
[10/11/2025, 11:51:07 a. m.] Spaceman 1: Multiplicador recibido - Game ID: 11041642213, Multiplicador: 1.81x
---
[10/11/2025, 11:51:07 a. m.] Spaceman 1: Multiplicador recibido - Game ID: 11041642213, Multiplicador: 1.82x
---
[10/11/2025, 11:51:07 a. m.] Spaceman 1: Multiplicador recibido - Game ID: 11041642213, Multiplicador: 1.83x
---
[10/11/2025, 11:51:07 a. m.] Spaceman 1: Multiplicador recibido - Game ID: 11041642213, Multiplicador: 1.84x
---
[10/11/2025, 11:51:08 a. m.] Spaceman 1: Multiplicador recibido - Game ID: 11041642213, Multiplicador: 1.85x
---
[10/11/2025, 11:51:08 a. m.] Spaceman 1: Multiplicador recibido - Game ID: 11041642213, Multiplicador: 1.86x
---
[10/11/2025, 11:51:08 a. m.] Spaceman 1: Multiplicador recibido - Game ID: 11041642213, Multiplicador: 1.87x
---
[10/11/2025, 11:51:08 a. m.] Spaceman 1: Multiplicador recibido - Game ID: 11041642213, Multiplicador: 1.88x
---
[10/11/2025, 11:51:08 a. m.] Spaceman 1: Multiplicador recibido - Game ID: 11041642213, Multiplicador: 1.89x
---
[10/11/2025, 11:51:08 a. m.] Spaceman 1: Multiplicador recibido - Game ID: 11041642213, Multiplicador: 1.9x
---
[10/11/2025, 11:51:08 a. m.] Spaceman 1: Multiplicador recibido - Game ID: 11041642213, Multiplicador: 1.91x
---
[10/11/2025, 11:51:08 a. m.] Spaceman 1: Multiplicador recibido - Game ID: 11041642213, Multiplicador: 1.92x
---
[10/11/2025, 11:51:08 a. m.] Spaceman 1: Multiplicador recibido - Game ID: 11041642213, Multiplicador: 1.93x
---
[10/11/2025, 11:51:08 a. m.] Spaceman 1: Multiplicador recibido - Game ID: 11041642213, Multiplicador: 1.94x
---
[10/11/2025, 11:51:08 a. m.] Spaceman 1: Multiplicador recibido - Game ID: 11041642213, Multiplicador: 1.95x
---
[10/11/2025, 11:51:08 a. m.] Spaceman 1: Multiplicador recibido - Game ID: 11041642213, Multiplicador: 1.96x
---
[10/11/2025, 11:51:08 a. m.] Spaceman 1: Multiplicador recibido - Game ID: 11041642213, Multiplicador: 1.97x
---
[10/11/2025, 11:51:08 a. m.] Spaceman 1: Multiplicador recibido - Game ID: 11041642213, Multiplicador: 1.98x
---
[10/11/2025, 11:51:08 a. m.] Spaceman 1: Multiplicador recibido - Game ID: 11041642213, Multiplicador: 2x
---
[10/11/2025, 11:51:09 a. m.] Spaceman 1: Multiplicador recibido - Game ID: 11041642213, Multiplicador: 2.01x
---
[10/11/2025, 11:51:09 a. m.] Spaceman 1: Multiplicador recibido - Game ID: 11041642213, Multiplicador: 2.02x
---
[10/11/2025, 11:51:09 a. m.] Spaceman 1: Multiplicador recibido - Game ID: 11041642213, Multiplicador: 2.03x
---
[10/11/2025, 11:51:09 a. m.] Spaceman 1: Multiplicador recibido - Game ID: 11041642213, Multiplicador: 2.04x
---
[10/11/2025, 11:51:09 a. m.] Spaceman 1: Multiplicador recibido - Game ID: 11041642213, Multiplicador: 2.05x
---
[10/11/2025, 11:51:09 a. m.] Spaceman 1: Multiplicador recibido - Game ID: 11041642213, Multiplicador: 2.06x
---
[10/11/2025, 11:51:09 a. m.] Spaceman 1: Multiplicador recibido - Game ID: 11041642213, Multiplicador: 2.07x
---
[10/11/2025, 11:51:09 a. m.] Spaceman 1: Multiplicador recibido - Game ID: 11041642213, Multiplicador: 2.08x
---
[10/11/2025, 11:51:09 a. m.] Spaceman 1: Multiplicador recibido - Game ID: 11041642213, Multiplicador: 2.09x
---
[10/11/2025, 11:51:09 a. m.] Spaceman 1: Multiplicador recibido - Game ID: 11041642213, Multiplicador: 2.1x
---
[10/11/2025, 11:51:09 a. m.] Spaceman 1: Multiplicador recibido - Game ID: 11041642213, Multiplicador: 2.11x
---
[10/11/2025, 11:51:09 a. m.] Spaceman 1: Multiplicador recibido - Game ID: 11041642213, Multiplicador: 2.12x
---
[10/11/2025, 11:51:09 a. m.] Spaceman 1: Multiplicador recibido - Game ID: 11041642213, Multiplicador: 2.14x
---
[10/11/2025, 11:51:09 a. m.] Spaceman 1: Multiplicador recibido - Game ID: 11041642213, Multiplicador: 2.15x
---
[10/11/2025, 11:51:09 a. m.] Spaceman 1: Multiplicador recibido - Game ID: 11041642213, Multiplicador: 2.16x
---
[10/11/2025, 11:51:09 a. m.] Spaceman 1: Multiplicador recibido - Game ID: 11041642213, Multiplicador: 2.17x
---
[10/11/2025, 11:51:10 a. m.] Spaceman 1: Multiplicador recibido - Game ID: 11041642213, Multiplicador: 2.18x
---
[10/11/2025, 11:51:10 a. m.] Spaceman 1: Ping enviado: 1762793470035
---
[10/11/2025, 11:51:10 a. m.] Spaceman 1: Multiplicador recibido - Game ID: 11041642213, Multiplicador: 2.19x
---
[10/11/2025, 11:51:10 a. m.] Spaceman 1: Multiplicador recibido - Game ID: 11041642213, Multiplicador: 2.2x
---
[10/11/2025, 11:51:10 a. m.] Spaceman 1: Multiplicador recibido - Game ID: 11041642213, Multiplicador: 2.21x
---
[10/11/2025, 11:51:10 a. m.] Spaceman 1: Multiplicador recibido - Game ID: 11041642213, Multiplicador: 2.22x
---
[10/11/2025, 11:51:10 a. m.] Spaceman 1: Multiplicador recibido - Game ID: 11041642213, Multiplicador: 2.23x
---
[10/11/2025, 11:51:10 a. m.] Spaceman 1: Multiplicador recibido - Game ID: 11041642213, Multiplicador: 2.24x
---
[10/11/2025, 11:51:10 a. m.] Spaceman 1: Multiplicador recibido - Game ID: 11041642213, Multiplicador: 2.25x
---
[10/11/2025, 11:51:10 a. m.] Spaceman 1: Multiplicador recibido - Game ID: 11041642213, Multiplicador: 2.26x
---
[10/11/2025, 11:51:10 a. m.] Spaceman 1: Multiplicador recibido - Game ID: 11041642213, Multiplicador: 2.27x
---
[10/11/2025, 11:51:10 a. m.] Spaceman 1: Multiplicador recibido - Game ID: 11041642213, Multiplicador: 2.28x
---
[10/11/2025, 11:51:10 a. m.] Spaceman 1: Multiplicador recibido - Game ID: 11041642213, Multiplicador: 2.29x
---
[10/11/2025, 11:51:10 a. m.] Spaceman 1: Multiplicador recibido - Game ID: 11041642213, Multiplicador: 2.3x
---
[10/11/2025, 11:51:10 a. m.] Spaceman 1: Multiplicador recibido - Game ID: 11041642213, Multiplicador: 2.31x
---
[10/11/2025, 11:51:10 a. m.] Spaceman 1: Multiplicador recibido - Game ID: 11041642213, Multiplicador: 2.32x
---
[10/11/2025, 11:51:10 a. m.] Spaceman 1: Multiplicador recibido - Game ID: 11041642213, Multiplicador: 2.33x
---
[10/11/2025, 11:51:10 a. m.] Spaceman 1: Multiplicador recibido - Game ID: 11041642213, Multiplicador: 2.34x
---
[10/11/2025, 11:51:10 a. m.] Spaceman 1: Multiplicador recibido - Game ID: 11041642213, Multiplicador: 2.35x
---
[10/11/2025, 11:51:10 a. m.] Spaceman 1: Multiplicador recibido - Game ID: 11041642213, Multiplicador: 2.36x
---
[10/11/2025, 11:51:11 a. m.] Spaceman 1: Multiplicador recibido - Game ID: 11041642213, Multiplicador: 2.37x
---
[10/11/2025, 11:51:11 a. m.] Spaceman 1: Multiplicador recibido - Game ID: 11041642213, Multiplicador: 2.38x
---
[10/11/2025, 11:51:11 a. m.] Spaceman 1: Multiplicador recibido - Game ID: 11041642213, Multiplicador: 2.39x
---
[10/11/2025, 11:51:11 a. m.] Spaceman 1: Multiplicador recibido - Game ID: 11041642213, Multiplicador: 2.4x
---
[10/11/2025, 11:51:11 a. m.] Spaceman 1: Multiplicador recibido - Game ID: 11041642213, Multiplicador: 2.42x
---
[10/11/2025, 11:51:11 a. m.] Spaceman 1: Multiplicador recibido - Game ID: 11041642213, Multiplicador: 2.43x
---
[10/11/2025, 11:51:11 a. m.] Spaceman 1: Multiplicador recibido - Game ID: 11041642213, Multiplicador: 2.44x
---
[10/11/2025, 11:51:11 a. m.] Spaceman 1: Multiplicador recibido - Game ID: 11041642213, Multiplicador: 2.45x
---
[10/11/2025, 11:51:11 a. m.] Spaceman 1: Multiplicador recibido - Game ID: 11041642213, Multiplicador: 2.46x
---
[10/11/2025, 11:51:11 a. m.] Spaceman 1: Multiplicador recibido - Game ID: 11041642213, Multiplicador: 2.47x
---
[10/11/2025, 11:51:11 a. m.] Spaceman 1: Multiplicador recibido - Game ID: 11041642213, Multiplicador: 2.48x
---
[10/11/2025, 11:51:11 a. m.] Spaceman 1: Multiplicador recibido - Game ID: 11041642213, Multiplicador: 2.49x
---
[10/11/2025, 11:51:11 a. m.] Spaceman 1: Multiplicador recibido - Game ID: 11041642213, Multiplicador: 2.51x
---
[10/11/2025, 11:51:11 a. m.] Spaceman 1: Multiplicador recibido - Game ID: 11041642213, Multiplicador: 2.52x
---
[10/11/2025, 11:51:11 a. m.] Spaceman 1: Multiplicador recibido - Game ID: 11041642213, Multiplicador: 2.53x
---
[10/11/2025, 11:51:11 a. m.] Spaceman 1: Multiplicador recibido - Game ID: 11041642213, Multiplicador: 2.54x
---
[10/11/2025, 11:51:11 a. m.] Spaceman 1: Multiplicador recibido - Game ID: 11041642213, Multiplicador: 2.56x
---
[10/11/2025, 11:51:11 a. m.] Spaceman 1: Multiplicador recibido - Game ID: 11041642213, Multiplicador: 2.57x
---
[10/11/2025, 11:51:12 a. m.] Spaceman 1: Multiplicador recibido - Game ID: 11041642213, Multiplicador: 2.58x
---
[10/11/2025, 11:51:12 a. m.] Spaceman 1: Multiplicador recibido - Game ID: 11041642213, Multiplicador: 2.59x
---
[10/11/2025, 11:51:12 a. m.] Spaceman 1: Multiplicador recibido - Game ID: 11041642213, Multiplicador: 2.6x
---
[10/11/2025, 11:51:12 a. m.] Spaceman 1: Multiplicador recibido - Game ID: 11041642213, Multiplicador: 2.62x
---
[10/11/2025, 11:51:12 a. m.] Spaceman 1: Multiplicador recibido - Game ID: 11041642213, Multiplicador: 2.63x
---
[10/11/2025, 11:51:12 a. m.] Spaceman 1: Multiplicador recibido - Game ID: 11041642213, Multiplicador: 2.64x
---
[10/11/2025, 11:51:12 a. m.] Spaceman 1: Multiplicador recibido - Game ID: 11041642213, Multiplicador: 2.65x
---
[10/11/2025, 11:51:12 a. m.] Spaceman 1: Multiplicador recibido - Game ID: 11041642213, Multiplicador: 2.66x
---
[10/11/2025, 11:51:12 a. m.] Spaceman 1: Multiplicador recibido - Game ID: 11041642213, Multiplicador: 2.67x
---
[10/11/2025, 11:51:12 a. m.] Spaceman 1: Multiplicador recibido - Game ID: 11041642213, Multiplicador: 2.68x
---
[10/11/2025, 11:51:12 a. m.] Spaceman 1: Multiplicador recibido - Game ID: 11041642213, Multiplicador: 2.69x
---
[10/11/2025, 11:51:12 a. m.] Spaceman 1: Multiplicador recibido - Game ID: 11041642213, Multiplicador: 2.7x
---
[10/11/2025, 11:51:12 a. m.] Spaceman 1: Multiplicador recibido - Game ID: 11041642213, Multiplicador: 2.71x
---
[10/11/2025, 11:51:12 a. m.] Spaceman 1: Multiplicador recibido - Game ID: 11041642213, Multiplicador: 2.74x
---
[10/11/2025, 11:51:12 a. m.] Spaceman 1: Multiplicador recibido - Game ID: 11041642213, Multiplicador: 2.75x
---
[10/11/2025, 11:51:12 a. m.] Spaceman 1: Multiplicador recibido - Game ID: 11041642213, Multiplicador: 2.76x
---
[10/11/2025, 11:51:12 a. m.] Spaceman 1: Multiplicador recibido - Game ID: 11041642213, Multiplicador: 2.77x
---
[10/11/2025, 11:51:12 a. m.] Spaceman 1: Multiplicador recibido - Game ID: 11041642213, Multiplicador: 2.78x
---
[10/11/2025, 11:51:13 a. m.] Spaceman 1: Multiplicador recibido - Game ID: 11041642213, Multiplicador: 2.8x
---
[10/11/2025, 11:51:13 a. m.] Spaceman 1: Multiplicador recibido - Game ID: 11041642213, Multiplicador: 2.81x
---
[10/11/2025, 11:51:13 a. m.] Spaceman 1: Multiplicador recibido - Game ID: 11041642213, Multiplicador: 2.82x
---
[10/11/2025, 11:51:13 a. m.] Spaceman 1: Multiplicador recibido - Game ID: 11041642213, Multiplicador: 2.83x
---
[10/11/2025, 11:51:13 a. m.] Spaceman 1: Multiplicador recibido - Game ID: 11041642213, Multiplicador: 2.84x
---
[10/11/2025, 11:51:13 a. m.] Spaceman 1: Multiplicador recibido - Game ID: 11041642213, Multiplicador: 2.85x
---
[10/11/2025, 11:51:13 a. m.] Spaceman 1: Multiplicador recibido - Game ID: 11041642213, Multiplicador: 2.87x
---
[10/11/2025, 11:51:13 a. m.] Spaceman 1: Multiplicador recibido - Game ID: 11041642213, Multiplicador: 2.88x
---
[10/11/2025, 11:51:13 a. m.] Spaceman 1: Multiplicador recibido - Game ID: 11041642213, Multiplicador: 2.89x
---
[10/11/2025, 11:51:13 a. m.] Spaceman 1: Multiplicador recibido - Game ID: 11041642213, Multiplicador: 2.9x
---
[10/11/2025, 11:51:13 a. m.] Spaceman 1: Multiplicador recibido - Game ID: 11041642213, Multiplicador: 2.92x
---
[10/11/2025, 11:51:13 a. m.] Spaceman 1: Multiplicador recibido - Game ID: 11041642213, Multiplicador: 2.93x
---
[10/11/2025, 11:51:13 a. m.] Spaceman 1: Multiplicador recibido - Game ID: 11041642213, Multiplicador: 2.95x
---
[10/11/2025, 11:51:13 a. m.] Spaceman 1: Multiplicador recibido - Game ID: 11041642213, Multiplicador: 2.96x
---
[10/11/2025, 11:51:13 a. m.] Spaceman 1: Multiplicador recibido - Game ID: 11041642213, Multiplicador: 2.97x
---
[10/11/2025, 11:51:13 a. m.] Spaceman 1: Multiplicador recibido - Game ID: 11041642213, Multiplicador: 2.98x
---
[10/11/2025, 11:51:13 a. m.] Spaceman 1: Multiplicador recibido - Game ID: 11041642213, Multiplicador: 3x
---
[10/11/2025, 11:51:13 a. m.] Spaceman 1: Multiplicador recibido - Game ID: 11041642213, Multiplicador: 3.01x
---
[10/11/2025, 11:51:13 a. m.] Spaceman 1: Multiplicador recibido - Game ID: 11041642213, Multiplicador: 3.02x
---
[10/11/2025, 11:51:14 a. m.] Spaceman 1: Multiplicador recibido - Game ID: 11041642213, Multiplicador: 3.04x
---
[10/11/2025, 11:51:14 a. m.] Spaceman 1: Multiplicador recibido - Game ID: 11041642213, Multiplicador: 3.05x
---
[10/11/2025, 11:51:14 a. m.] Spaceman 1: Multiplicador recibido - Game ID: 11041642213, Multiplicador: 3.06x
---
[10/11/2025, 11:51:14 a. m.] Spaceman 1: Multiplicador recibido - Game ID: 11041642213, Multiplicador: 3.08x
---
[10/11/2025, 11:51:14 a. m.] Spaceman 1: Multiplicador recibido - Game ID: 11041642213, Multiplicador: 3.09x
---
[10/11/2025, 11:51:14 a. m.] Spaceman 1: Multiplicador recibido - Game ID: 11041642213, Multiplicador: 3.11x
---
[10/11/2025, 11:51:14 a. m.] Spaceman 1: Multiplicador recibido - Game ID: 11041642213, Multiplicador: 3.12x
---
[10/11/2025, 11:51:14 a. m.] Spaceman 1: Multiplicador recibido - Game ID: 11041642213, Multiplicador: 3.14x
---
[10/11/2025, 11:51:14 a. m.] Spaceman 1: Multiplicador recibido - Game ID: 11041642213, Multiplicador: 3.15x
---
[10/11/2025, 11:51:14 a. m.] Spaceman 1: Multiplicador recibido - Game ID: 11041642213, Multiplicador: 3.16x
---
[10/11/2025, 11:51:14 a. m.] Spaceman 1: Multiplicador recibido - Game ID: 11041642213, Multiplicador: 3.18x
---
[10/11/2025, 11:51:14 a. m.] Spaceman 1: Multiplicador recibido - Game ID: 11041642213, Multiplicador: 3.19x
---
[10/11/2025, 11:51:14 a. m.] Spaceman 1: Multiplicador recibido - Game ID: 11041642213, Multiplicador: 3.2x
---
[10/11/2025, 11:51:14 a. m.] Spaceman 1: Multiplicador recibido - Game ID: 11041642213, Multiplicador: 3.22x
---
[10/11/2025, 11:51:14 a. m.] Spaceman 1: Multiplicador recibido - Game ID: 11041642213, Multiplicador: 3.23x
---
[10/11/2025, 11:51:14 a. m.] Spaceman 1: Multiplicador recibido - Game ID: 11041642213, Multiplicador: 3.24x
---
[10/11/2025, 11:51:14 a. m.] Spaceman 1: Multiplicador recibido - Game ID: 11041642213, Multiplicador: 3.26x
---
[10/11/2025, 11:51:14 a. m.] Spaceman 1: Multiplicador recibido - Game ID: 11041642213, Multiplicador: 3.27x
---
[10/11/2025, 11:51:14 a. m.] Spaceman 1: Multiplicador recibido - Game ID: 11041642213, Multiplicador: 3.28x
---
[10/11/2025, 11:51:15 a. m.] Spaceman 1: Multiplicador recibido - Game ID: 11041642213, Multiplicador: 3.3x
---
[10/11/2025, 11:51:15 a. m.] Spaceman 1: Multiplicador recibido - Game ID: 11041642213, Multiplicador: 3.31x
---
[10/11/2025, 11:51:15 a. m.] Spaceman 1: Multiplicador recibido - Game ID: 11041642213, Multiplicador: 3.34x
---
[10/11/2025, 11:51:15 a. m.] Spaceman 1: Multiplicador recibido - Game ID: 11041642213, Multiplicador: 3.35x
---
[10/11/2025, 11:51:15 a. m.] Spaceman 1: Multiplicador recibido - Game ID: 11041642213, Multiplicador: 3.36x
---
[10/11/2025, 11:51:15 a. m.] Spaceman 1: Multiplicador recibido - Game ID: 11041642213, Multiplicador: 3.38x
---
[10/11/2025, 11:51:15 a. m.] Spaceman 1: Multiplicador recibido - Game ID: 11041642213, Multiplicador: 3.39x
---
[10/11/2025, 11:51:15 a. m.] Spaceman 1: Multiplicador recibido - Game ID: 11041642213, Multiplicador: 3.41x
---
[10/11/2025, 11:51:15 a. m.] Spaceman 1: Multiplicador recibido - Game ID: 11041642213, Multiplicador: 3.42x
---
[10/11/2025, 11:51:15 a. m.] Spaceman 1: Multiplicador recibido - Game ID: 11041642213, Multiplicador: 3.44x
---
[10/11/2025, 11:51:15 a. m.] Spaceman 1: Multiplicador recibido - Game ID: 11041642213, Multiplicador: 3.45x
---
[10/11/2025, 11:51:15 a. m.] Spaceman 1: Multiplicador recibido - Game ID: 11041642213, Multiplicador: 3.46x
---
[10/11/2025, 11:51:20 a. m.] Spaceman 1: Ping enviado: 1762793480048
---
[10/11/2025, 11:51:25 a. m.] Spaceman 1: Multiplicador recibido - Game ID: 11041642313, Multiplicador: 1x
---
[10/11/2025, 11:51:30 a. m.] Spaceman 1: Ping enviado: 1762793490050
---
[10/11/2025, 11:51:35 a. m.] Spaceman 1: Multiplicador recibido - Game ID: 11041642413, Multiplicador: 1.01x
---
[10/11/2025, 11:51:36 a. m.] Spaceman 1: Multiplicador recibido - Game ID: 11041642413, Multiplicador: 1.02x
---
[10/11/2025, 11:51:36 a. m.] Spaceman 1: Multiplicador recibido - Game ID: 11041642413, Multiplicador: 1.03x
---
[10/11/2025, 11:51:36 a. m.] Spaceman 1: Multiplicador recibido - Game ID: 11041642413, Multiplicador: 1.04x
---
[10/11/2025, 11:51:36 a. m.] Spaceman 1: Multiplicador recibido - Game ID: 11041642413, Multiplicador: 1.05x
---
[10/11/2025, 11:51:36 a. m.] Spaceman 1: Multiplicador recibido - Game ID: 11041642413, Multiplicador: 1.06x
---
[10/11/2025, 11:51:36 a. m.] Spaceman 1: Multiplicador recibido - Game ID: 11041642413, Multiplicador: 1.07x
---
[10/11/2025, 11:51:36 a. m.] Spaceman 1: Multiplicador recibido - Game ID: 11041642413, Multiplicador: 1.08x
---
[10/11/2025, 11:51:36 a. m.] Spaceman 1: Multiplicador recibido - Game ID: 11041642413, Multiplicador: 1.09x
---
[10/11/2025, 11:51:36 a. m.] Spaceman 1: Multiplicador recibido - Game ID: 11041642413, Multiplicador: 1.1x
---
[10/11/2025, 11:51:37 a. m.] Spaceman 1: Multiplicador recibido - Game ID: 11041642413, Multiplicador: 1.11x
---
[10/11/2025, 11:51:37 a. m.] Spaceman 1: Multiplicador recibido - Game ID: 11041642413, Multiplicador: 1.12x
---
[10/11/2025, 11:51:37 a. m.] Spaceman 1: Multiplicador recibido - Game ID: 11041642413, Multiplicador: 1.13x
---
[10/11/2025, 11:51:40 a. m.] Spaceman 1: Ping enviado: 1762793500051
---
[10/11/2025, 11:51:47 a. m.] Spaceman 1: Multiplicador recibido - Game ID: 11041642513, Multiplicador: 1.01x
---
[10/11/2025, 11:51:47 a. m.] Spaceman 1: Multiplicador recibido - Game ID: 11041642513, Multiplicador: 1.02x
---
[10/11/2025, 11:51:47 a. m.] Spaceman 1: Multiplicador recibido - Game ID: 11041642513, Multiplicador: 1.03x
---
[10/11/2025, 11:51:48 a. m.] Spaceman 1: Multiplicador recibido - Game ID: 11041642513, Multiplicador: 1.04x
---
[10/11/2025, 11:51:48 a. m.] Spaceman 1: Multiplicador recibido - Game ID: 11041642513, Multiplicador: 1.05x
---
[10/11/2025, 11:51:48 a. m.] Spaceman 1: Multiplicador recibido - Game ID: 11041642513, Multiplicador: 1.06x
---
[10/11/2025, 11:51:48 a. m.] Spaceman 1: Multiplicador recibido - Game ID: 11041642513, Multiplicador: 1.07x
---
[10/11/2025, 11:51:48 a. m.] Spaceman 1: Multiplicador recibido - Game ID: 11041642513, Multiplicador: 1.08x
---
[10/11/2025, 11:51:48 a. m.] Spaceman 1: Multiplicador recibido - Game ID: 11041642513, Multiplicador: 1.09x
---
[10/11/2025, 11:51:48 a. m.] Spaceman 1: Multiplicador recibido - Game ID: 11041642513, Multiplicador: 1.1x
---
[10/11/2025, 11:51:48 a. m.] Spaceman 1: Multiplicador recibido - Game ID: 11041642513, Multiplicador: 1.11x
---
[10/11/2025, 11:51:48 a. m.] Spaceman 1: Multiplicador recibido - Game ID: 11041642513, Multiplicador: 1.12x
---
[10/11/2025, 11:51:49 a. m.] Spaceman 1: Multiplicador recibido - Game ID: 11041642513, Multiplicador: 1.13x
---
[10/11/2025, 11:51:49 a. m.] Spaceman 1: Multiplicador recibido - Game ID: 11041642513, Multiplicador: 1.14x
---
[10/11/2025, 11:51:49 a. m.] Spaceman 1: Multiplicador recibido - Game ID: 11041642513, Multiplicador: 1.15x
---
[10/11/2025, 11:51:49 a. m.] Spaceman 1: Multiplicador recibido - Game ID: 11041642513, Multiplicador: 1.16x
---
[10/11/2025, 11:51:49 a. m.] Spaceman 1: Multiplicador recibido - Game ID: 11041642513, Multiplicador: 1.17x
---
[10/11/2025, 11:51:49 a. m.] Spaceman 1: Multiplicador recibido - Game ID: 11041642513, Multiplicador: 1.18x
---
[10/11/2025, 11:51:49 a. m.] Spaceman 1: Multiplicador recibido - Game ID: 11041642513, Multiplicador: 1.19x
---
[10/11/2025, 11:51:49 a. m.] Spaceman 1: Multiplicador recibido - Game ID: 11041642513, Multiplicador: 1.2x
---
[10/11/2025, 11:51:49 a. m.] Spaceman 1: Multiplicador recibido - Game ID: 11041642513, Multiplicador: 1.21x
---
[10/11/2025, 11:51:49 a. m.] Spaceman 1: Multiplicador recibido - Game ID: 11041642513, Multiplicador: 1.22x
---
[10/11/2025, 11:51:49 a. m.] Spaceman 1: Multiplicador recibido - Game ID: 11041642513, Multiplicador: 1.23x
---
[10/11/2025, 11:51:50 a. m.] Spaceman 1: Ping enviado: 1762793510060
---
[10/11/2025, 11:51:50 a. m.] Spaceman 1: Multiplicador recibido - Game ID: 11041642513, Multiplicador: 1.24x
---
[10/11/2025, 11:51:50 a. m.] Spaceman 1: Multiplicador recibido - Game ID: 11041642513, Multiplicador: 1.25x
---
[10/11/2025, 11:51:50 a. m.] Spaceman 1: Multiplicador recibido - Game ID: 11041642513, Multiplicador: 1.26x
---
[10/11/2025, 11:51:50 a. m.] Spaceman 1: Multiplicador recibido - Game ID: 11041642513, Multiplicador: 1.27x
---
[10/11/2025, 11:51:50 a. m.] Spaceman 1: Multiplicador recibido - Game ID: 11041642513, Multiplicador: 1.28x
---
[10/11/2025, 11:51:50 a. m.] Spaceman 1: Multiplicador recibido - Game ID: 11041642513, Multiplicador: 1.29x
---
[10/11/2025, 11:51:50 a. m.] Spaceman 1: Multiplicador recibido - Game ID: 11041642513, Multiplicador: 1.3x
---
[10/11/2025, 11:51:50 a. m.] Spaceman 1: Multiplicador recibido - Game ID: 11041642513, Multiplicador: 1.31x
---
[10/11/2025, 11:51:50 a. m.] Spaceman 1: Multiplicador recibido - Game ID: 11041642513, Multiplicador: 1.32x
---
[10/11/2025, 11:51:50 a. m.] Spaceman 1: Multiplicador recibido - Game ID: 11041642513, Multiplicador: 1.33x
---
[10/11/2025, 11:51:50 a. m.] Spaceman 1: Multiplicador recibido - Game ID: 11041642513, Multiplicador: 1.34x
---
[10/11/2025, 11:51:51 a. m.] Spaceman 1: Multiplicador recibido - Game ID: 11041642513, Multiplicador: 1.35x
---
[10/11/2025, 11:51:51 a. m.] Spaceman 1: Multiplicador recibido - Game ID: 11041642513, Multiplicador: 1.36x
---
[10/11/2025, 11:51:51 a. m.] Spaceman 1: Multiplicador recibido - Game ID: 11041642513, Multiplicador: 1.37x
---
[10/11/2025, 11:51:51 a. m.] Spaceman 1: Multiplicador recibido - Game ID: 11041642513, Multiplicador: 1.38x
---
[10/11/2025, 11:51:51 a. m.] Spaceman 1: Multiplicador recibido - Game ID: 11041642513, Multiplicador: 1.39x
---
[10/11/2025, 11:51:51 a. m.] Spaceman 1: Multiplicador recibido - Game ID: 11041642513, Multiplicador: 1.4x
---
[10/11/2025, 11:51:51 a. m.] Spaceman 1: Multiplicador recibido - Game ID: 11041642513, Multiplicador: 1.41x
---
[10/11/2025, 11:51:51 a. m.] Spaceman 1: Multiplicador recibido - Game ID: 11041642513, Multiplicador: 1.42x
---
[10/11/2025, 11:51:51 a. m.] Spaceman 1: Multiplicador recibido - Game ID: 11041642513, Multiplicador: 1.43x
---
[10/11/2025, 11:51:51 a. m.] Spaceman 1: Multiplicador recibido - Game ID: 11041642513, Multiplicador: 1.44x
---
[10/11/2025, 11:51:51 a. m.] Spaceman 1: Multiplicador recibido - Game ID: 11041642513, Multiplicador: 1.45x
---
[10/11/2025, 11:51:52 a. m.] Spaceman 1: Multiplicador recibido - Game ID: 11041642513, Multiplicador: 1.46x
---
[10/11/2025, 11:51:52 a. m.] Spaceman 1: Multiplicador recibido - Game ID: 11041642513, Multiplicador: 1.47x
---
[10/11/2025, 11:51:52 a. m.] Spaceman 1: Multiplicador recibido - Game ID: 11041642513, Multiplicador: 1.48x
---
[10/11/2025, 11:51:52 a. m.] Spaceman 1: Multiplicador recibido - Game ID: 11041642513, Multiplicador: 1.49x
---
[10/11/2025, 11:51:52 a. m.] Spaceman 1: Multiplicador recibido - Game ID: 11041642513, Multiplicador: 1.5x
---
[10/11/2025, 11:51:52 a. m.] Spaceman 1: Multiplicador recibido - Game ID: 11041642513, Multiplicador: 1.51x
---
[10/11/2025, 11:51:52 a. m.] Spaceman 1: Multiplicador recibido - Game ID: 11041642513, Multiplicador: 1.52x
---
[10/11/2025, 11:51:52 a. m.] Spaceman 1: Multiplicador recibido - Game ID: 11041642513, Multiplicador: 1.53x
---
[10/11/2025, 11:51:52 a. m.] Spaceman 1: Multiplicador recibido - Game ID: 11041642513, Multiplicador: 1.54x
---
[10/11/2025, 11:51:52 a. m.] Spaceman 1: Multiplicador recibido - Game ID: 11041642513, Multiplicador: 1.55x
---
[10/11/2025, 11:51:52 a. m.] Spaceman 1: Multiplicador recibido - Game ID: 11041642513, Multiplicador: 1.56x
---
[10/11/2025, 11:51:52 a. m.] Spaceman 1: Multiplicador recibido - Game ID: 11041642513, Multiplicador: 1.57x
---
[10/11/2025, 11:51:52 a. m.] Spaceman 1: Multiplicador recibido - Game ID: 11041642513, Multiplicador: 1.58x
---
[10/11/2025, 11:51:53 a. m.] Spaceman 1: Multiplicador recibido - Game ID: 11041642513, Multiplicador: 1.59x
---
[10/11/2025, 11:51:53 a. m.] Spaceman 1: Multiplicador recibido - Game ID: 11041642513, Multiplicador: 1.6x
---
[10/11/2025, 11:51:53 a. m.] Spaceman 1: Multiplicador recibido - Game ID: 11041642513, Multiplicador: 1.61x
---
[10/11/2025, 11:51:53 a. m.] Spaceman 1: Multiplicador recibido - Game ID: 11041642513, Multiplicador: 1.62x
---
[10/11/2025, 11:51:53 a. m.] Spaceman 1: Multiplicador recibido - Game ID: 11041642513, Multiplicador: 1.63x
---
[10/11/2025, 11:51:53 a. m.] Spaceman 1: Multiplicador recibido - Game ID: 11041642513, Multiplicador: 1.64x
---
[10/11/2025, 11:51:53 a. m.] Spaceman 1: Multiplicador recibido - Game ID: 11041642513, Multiplicador: 1.65x
---
[10/11/2025, 11:51:53 a. m.] Spaceman 1: Multiplicador recibido - Game ID: 11041642513, Multiplicador: 1.66x
---
[10/11/2025, 11:51:53 a. m.] Spaceman 1: Multiplicador recibido - Game ID: 11041642513, Multiplicador: 1.67x
---
[10/11/2025, 11:51:53 a. m.] Spaceman 1: Multiplicador recibido - Game ID: 11041642513, Multiplicador: 1.68x
---
[10/11/2025, 11:51:53 a. m.] Spaceman 1: Multiplicador recibido - Game ID: 11041642513, Multiplicador: 1.69x
---
[10/11/2025, 11:51:53 a. m.] Spaceman 1: Multiplicador recibido - Game ID: 11041642513, Multiplicador: 1.7x
---
[10/11/2025, 11:51:53 a. m.] Spaceman 1: Multiplicador recibido - Game ID: 11041642513, Multiplicador: 1.71x
---
[10/11/2025, 11:51:54 a. m.] Spaceman 1: Multiplicador recibido - Game ID: 11041642513, Multiplicador: 1.72x
---
[10/11/2025, 11:51:54 a. m.] Spaceman 1: Multiplicador recibido - Game ID: 11041642513, Multiplicador: 1.73x
---
[10/11/2025, 11:51:54 a. m.] Spaceman 1: Multiplicador recibido - Game ID: 11041642513, Multiplicador: 1.74x
---
[10/11/2025, 11:51:54 a. m.] Spaceman 1: Multiplicador recibido - Game ID: 11041642513, Multiplicador: 1.75x
---
[10/11/2025, 11:51:54 a. m.] Spaceman 1: Multiplicador recibido - Game ID: 11041642513, Multiplicador: 1.76x
---
[10/11/2025, 11:51:54 a. m.] Spaceman 1: Multiplicador recibido - Game ID: 11041642513, Multiplicador: 1.77x
---
[10/11/2025, 11:51:54 a. m.] Spaceman 1: Multiplicador recibido - Game ID: 11041642513, Multiplicador: 1.78x
---
[10/11/2025, 11:51:54 a. m.] Spaceman 1: Multiplicador recibido - Game ID: 11041642513, Multiplicador: 1.79x
---
[10/11/2025, 11:51:54 a. m.] Spaceman 1: Multiplicador recibido - Game ID: 11041642513, Multiplicador: 1.8x
---
[10/11/2025, 11:51:54 a. m.] Spaceman 1: Multiplicador recibido - Game ID: 11041642513, Multiplicador: 1.81x
---
[10/11/2025, 11:51:54 a. m.] Spaceman 1: Multiplicador recibido - Game ID: 11041642513, Multiplicador: 1.82x
---
[10/11/2025, 11:51:54 a. m.] Spaceman 1: Multiplicador recibido - Game ID: 11041642513, Multiplicador: 1.83x
---
[10/11/2025, 11:51:54 a. m.] Spaceman 1: Multiplicador recibido - Game ID: 11041642513, Multiplicador: 1.84x
---
[10/11/2025, 11:51:54 a. m.] Spaceman 1: Multiplicador recibido - Game ID: 11041642513, Multiplicador: 1.85x
---
[10/11/2025, 11:51:54 a. m.] Spaceman 1: Multiplicador recibido - Game ID: 11041642513, Multiplicador: 1.86x
---
[10/11/2025, 11:51:54 a. m.] Spaceman 1: Multiplicador recibido - Game ID: 11041642513, Multiplicador: 1.87x
---
[10/11/2025, 11:51:55 a. m.] Spaceman 1: Multiplicador recibido - Game ID: 11041642513, Multiplicador: 1.88x
---
[10/11/2025, 11:51:55 a. m.] Spaceman 1: Multiplicador recibido - Game ID: 11041642513, Multiplicador: 1.89x
---
[10/11/2025, 11:51:55 a. m.] Spaceman 1: Multiplicador recibido - Game ID: 11041642513, Multiplicador: 1.9x
---
[10/11/2025, 11:51:55 a. m.] Spaceman 1: Multiplicador recibido - Game ID: 11041642513, Multiplicador: 1.91x
---
[10/11/2025, 11:51:55 a. m.] Spaceman 1: Multiplicador recibido - Game ID: 11041642513, Multiplicador: 1.92x
---
[10/11/2025, 11:51:55 a. m.] Spaceman 1: Multiplicador recibido - Game ID: 11041642513, Multiplicador: 1.93x
---
[10/11/2025, 11:51:55 a. m.] Spaceman 1: Multiplicador recibido - Game ID: 11041642513, Multiplicador: 1.94x
---
[10/11/2025, 11:51:55 a. m.] Spaceman 1: Multiplicador recibido - Game ID: 11041642513, Multiplicador: 1.95x
---
[10/11/2025, 11:51:55 a. m.] Spaceman 1: Multiplicador recibido - Game ID: 11041642513, Multiplicador: 1.96x
---
[10/11/2025, 11:51:55 a. m.] Spaceman 1: Multiplicador recibido - Game ID: 11041642513, Multiplicador: 1.97x
---
[10/11/2025, 11:51:55 a. m.] Spaceman 1: Multiplicador recibido - Game ID: 11041642513, Multiplicador: 1.98x
---
[10/11/2025, 11:51:55 a. m.] Spaceman 1: Multiplicador recibido - Game ID: 11041642513, Multiplicador: 1.99x
---
[10/11/2025, 11:51:55 a. m.] Spaceman 1: Multiplicador recibido - Game ID: 11041642513, Multiplicador: 2x
---
[10/11/2025, 11:51:55 a. m.] Spaceman 1: Multiplicador recibido - Game ID: 11041642513, Multiplicador: 2.01x
---
[10/11/2025, 11:51:55 a. m.] Spaceman 1: Multiplicador recibido - Game ID: 11041642513, Multiplicador: 2.02x
---
[10/11/2025, 11:51:55 a. m.] Spaceman 1: Multiplicador recibido - Game ID: 11041642513, Multiplicador: 2.03x
---
[10/11/2025, 11:51:56 a. m.] Spaceman 1: Multiplicador recibido - Game ID: 11041642513, Multiplicador: 2.04x
---
[10/11/2025, 11:51:56 a. m.] Spaceman 1: Multiplicador recibido - Game ID: 11041642513, Multiplicador: 2.05x
---
[10/11/2025, 11:51:56 a. m.] Spaceman 1: Multiplicador recibido - Game ID: 11041642513, Multiplicador: 2.06x
---
[10/11/2025, 11:51:56 a. m.] Spaceman 1: Multiplicador recibido - Game ID: 11041642513, Multiplicador: 2.07x
---
[10/11/2025, 11:51:56 a. m.] Spaceman 1: Multiplicador recibido - Game ID: 11041642513, Multiplicador: 2.08x
---
[10/11/2025, 11:51:56 a. m.] Spaceman 1: Multiplicador recibido - Game ID: 11041642513, Multiplicador: 2.09x
---
[10/11/2025, 11:51:56 a. m.] Spaceman 1: Multiplicador recibido - Game ID: 11041642513, Multiplicador: 2.1x
---
[10/11/2025, 11:51:56 a. m.] Spaceman 1: Multiplicador recibido - Game ID: 11041642513, Multiplicador: 2.11x
---
[10/11/2025, 11:51:56 a. m.] Spaceman 1: Multiplicador recibido - Game ID: 11041642513, Multiplicador: 2.12x
---
[10/11/2025, 11:52:00 a. m.] Spaceman 1: Ping enviado: 1762793520070
---
[10/11/2025, 11:52:06 a. m.] Spaceman 1: Multiplicador recibido - Game ID: 11041642613, Multiplicador: 1.01x
---
[10/11/2025, 11:52:06 a. m.] Spaceman 1: Multiplicador recibido - Game ID: 11041642613, Multiplicador: 1.02x
---
[10/11/2025, 11:52:06 a. m.] Spaceman 1: Multiplicador recibido - Game ID: 11041642613, Multiplicador: 1.03x
---
[10/11/2025, 11:52:06 a. m.] Spaceman 1: Multiplicador recibido - Game ID: 11041642613, Multiplicador: 1.04x
---
[10/11/2025, 11:52:07 a. m.] Spaceman 1: Multiplicador recibido - Game ID: 11041642613, Multiplicador: 1.05x
---
[10/11/2025, 11:52:07 a. m.] Spaceman 1: Multiplicador recibido - Game ID: 11041642613, Multiplicador: 1.06x
---
[10/11/2025, 11:52:07 a. m.] Spaceman 1: Multiplicador recibido - Game ID: 11041642613, Multiplicador: 1.07x
---
[10/11/2025, 11:52:07 a. m.] Spaceman 1: Multiplicador recibido - Game ID: 11041642613, Multiplicador: 1.08x
---
[10/11/2025, 11:52:07 a. m.] Spaceman 1: Multiplicador recibido - Game ID: 11041642613, Multiplicador: 1.09x
---
[10/11/2025, 11:52:07 a. m.] Spaceman 1: Multiplicador recibido - Game ID: 11041642613, Multiplicador: 1.1x
---
[10/11/2025, 11:52:07 a. m.] Spaceman 1: Multiplicador recibido - Game ID: 11041642613, Multiplicador: 1.11x
---
[10/11/2025, 11:52:07 a. m.] Spaceman 1: Multiplicador recibido - Game ID: 11041642613, Multiplicador: 1.12x
---
[10/11/2025, 11:52:07 a. m.] Spaceman 1: Multiplicador recibido - Game ID: 11041642613, Multiplicador: 1.13x
---
[10/11/2025, 11:52:08 a. m.] Spaceman 1: Multiplicador recibido - Game ID: 11041642613, Multiplicador: 1.14x
---
[10/11/2025, 11:52:08 a. m.] Spaceman 1: Multiplicador recibido - Game ID: 11041642613, Multiplicador: 1.15x
---
[10/11/2025, 11:52:08 a. m.] Spaceman 1: Multiplicador recibido - Game ID: 11041642613, Multiplicador: 1.16x
---
[10/11/2025, 11:52:08 a. m.] Spaceman 1: Multiplicador recibido - Game ID: 11041642613, Multiplicador: 1.17x
---
[10/11/2025, 11:52:08 a. m.] Spaceman 1: Multiplicador recibido - Game ID: 11041642613, Multiplicador: 1.18x
---
[10/11/2025, 11:52:08 a. m.] Spaceman 1: Multiplicador recibido - Game ID: 11041642613, Multiplicador: 1.19x
---
[10/11/2025, 11:52:08 a. m.] Spaceman 1: Multiplicador recibido - Game ID: 11041642613, Multiplicador: 1.2x
---
[10/11/2025, 11:52:08 a. m.] Spaceman 1: Multiplicador recibido - Game ID: 11041642613, Multiplicador: 1.21x
---
[10/11/2025, 11:52:08 a. m.] Spaceman 1: Multiplicador recibido - Game ID: 11041642613, Multiplicador: 1.22x
---
[10/11/2025, 11:52:09 a. m.] Spaceman 1: Multiplicador recibido - Game ID: 11041642613, Multiplicador: 1.23x
---
[10/11/2025, 11:52:09 a. m.] Spaceman 1: Multiplicador recibido - Game ID: 11041642613, Multiplicador: 1.24x
---
[10/11/2025, 11:52:09 a. m.] Spaceman 1: Multiplicador recibido - Game ID: 11041642613, Multiplicador: 1.25x
---
[10/11/2025, 11:52:09 a. m.] Spaceman 1: Multiplicador recibido - Game ID: 11041642613, Multiplicador: 1.26x
---
[10/11/2025, 11:52:09 a. m.] Spaceman 1: Multiplicador recibido - Game ID: 11041642613, Multiplicador: 1.27x
---
[10/11/2025, 11:52:09 a. m.] Spaceman 1: Multiplicador recibido - Game ID: 11041642613, Multiplicador: 1.28x
---
[10/11/2025, 11:52:09 a. m.] Spaceman 1: Multiplicador recibido - Game ID: 11041642613, Multiplicador: 1.29x
---
[10/11/2025, 11:52:09 a. m.] Spaceman 1: Multiplicador recibido - Game ID: 11041642613, Multiplicador: 1.3x
---
[10/11/2025, 11:52:09 a. m.] Spaceman 1: Multiplicador recibido - Game ID: 11041642613, Multiplicador: 1.31x
---
[10/11/2025, 11:52:09 a. m.] Spaceman 1: Multiplicador recibido - Game ID: 11041642613, Multiplicador: 1.32x
---
[10/11/2025, 11:52:09 a. m.] Spaceman 1: Multiplicador recibido - Game ID: 11041642613, Multiplicador: 1.33x
---
[10/11/2025, 11:52:10 a. m.] Spaceman 1: Ping enviado: 1762793530084
---
[10/11/2025, 11:52:10 a. m.] Spaceman 1: Multiplicador recibido - Game ID: 11041642613, Multiplicador: 1.34x
---
[10/11/2025, 11:52:10 a. m.] Spaceman 1: Multiplicador recibido - Game ID: 11041642613, Multiplicador: 1.35x
---
[10/11/2025, 11:52:10 a. m.] Spaceman 1: Multiplicador recibido - Game ID: 11041642613, Multiplicador: 1.36x
---
[10/11/2025, 11:52:10 a. m.] Spaceman 1: Multiplicador recibido - Game ID: 11041642613, Multiplicador: 1.37x
---
[10/11/2025, 11:52:10 a. m.] Spaceman 1: Multiplicador recibido - Game ID: 11041642613, Multiplicador: 1.38x
---
[10/11/2025, 11:52:10 a. m.] Spaceman 1: Multiplicador recibido - Game ID: 11041642613, Multiplicador: 1.39x
---
[10/11/2025, 11:52:10 a. m.] Spaceman 1: Multiplicador recibido - Game ID: 11041642613, Multiplicador: 1.4x
---
[10/11/2025, 11:52:10 a. m.] Spaceman 1: Multiplicador recibido - Game ID: 11041642613, Multiplicador: 1.41x
---
[10/11/2025, 11:52:10 a. m.] Spaceman 1: Multiplicador recibido - Game ID: 11041642613, Multiplicador: 1.42x
---
[10/11/2025, 11:52:10 a. m.] Spaceman 1: Multiplicador recibido - Game ID: 11041642613, Multiplicador: 1.43x
---
[10/11/2025, 11:52:10 a. m.] Spaceman 1: Multiplicador recibido - Game ID: 11041642613, Multiplicador: 1.44x
---
[10/11/2025, 11:52:11 a. m.] Spaceman 1: Multiplicador recibido - Game ID: 11041642613, Multiplicador: 1.45x
---
[10/11/2025, 11:52:11 a. m.] Spaceman 1: Multiplicador recibido - Game ID: 11041642613, Multiplicador: 1.46x
---
[10/11/2025, 11:52:11 a. m.] Spaceman 1: Multiplicador recibido - Game ID: 11041642613, Multiplicador: 1.47x
---
[10/11/2025, 11:52:11 a. m.] Spaceman 1: Multiplicador recibido - Game ID: 11041642613, Multiplicador: 1.48x
---
[10/11/2025, 11:52:11 a. m.] Spaceman 1: Multiplicador recibido - Game ID: 11041642613, Multiplicador: 1.49x
---
[10/11/2025, 11:52:11 a. m.] Spaceman 1: Multiplicador recibido - Game ID: 11041642613, Multiplicador: 1.5x
---
[10/11/2025, 11:52:11 a. m.] Spaceman 1: Multiplicador recibido - Game ID: 11041642613, Multiplicador: 1.51x
---
[10/11/2025, 11:52:11 a. m.] Spaceman 1: Multiplicador recibido - Game ID: 11041642613, Multiplicador: 1.52x
---
[10/11/2025, 11:52:11 a. m.] Spaceman 1: Multiplicador recibido - Game ID: 11041642613, Multiplicador: 1.53x
---
[10/11/2025, 11:52:11 a. m.] Spaceman 1: Multiplicador recibido - Game ID: 11041642613, Multiplicador: 1.54x
---
[10/11/2025, 11:52:11 a. m.] Spaceman 1: Multiplicador recibido - Game ID: 11041642613, Multiplicador: 1.55x
---
[10/11/2025, 11:52:11 a. m.] Spaceman 1: Multiplicador recibido - Game ID: 11041642613, Multiplicador: 1.56x
---
[10/11/2025, 11:52:11 a. m.] Spaceman 1: Multiplicador recibido - Game ID: 11041642613, Multiplicador: 1.57x
---
[10/11/2025, 11:52:12 a. m.] Spaceman 1: Multiplicador recibido - Game ID: 11041642613, Multiplicador: 1.58x
---
[10/11/2025, 11:52:12 a. m.] Spaceman 1: Multiplicador recibido - Game ID: 11041642613, Multiplicador: 1.59x
---
[10/11/2025, 11:52:12 a. m.] Spaceman 1: Multiplicador recibido - Game ID: 11041642613, Multiplicador: 1.6x
---
[10/11/2025, 11:52:12 a. m.] Spaceman 1: Multiplicador recibido - Game ID: 11041642613, Multiplicador: 1.61x
---
[10/11/2025, 11:52:12 a. m.] Spaceman 1: Multiplicador recibido - Game ID: 11041642613, Multiplicador: 1.62x
---
[10/11/2025, 11:52:12 a. m.] Spaceman 1: Multiplicador recibido - Game ID: 11041642613, Multiplicador: 1.63x
---
[10/11/2025, 11:52:12 a. m.] Spaceman 1: Multiplicador recibido - Game ID: 11041642613, Multiplicador: 1.64x
---
[10/11/2025, 11:52:12 a. m.] Spaceman 1: Multiplicador recibido - Game ID: 11041642613, Multiplicador: 1.65x
---
[10/11/2025, 11:52:12 a. m.] Spaceman 1: Multiplicador recibido - Game ID: 11041642613, Multiplicador: 1.66x
---
[10/11/2025, 11:52:12 a. m.] Spaceman 1: Multiplicador recibido - Game ID: 11041642613, Multiplicador: 1.67x
---
[10/11/2025, 11:52:12 a. m.] Spaceman 1: Multiplicador recibido - Game ID: 11041642613, Multiplicador: 1.68x
---
[10/11/2025, 11:52:12 a. m.] Spaceman 1: Multiplicador recibido - Game ID: 11041642613, Multiplicador: 1.69x
---
[10/11/2025, 11:52:12 a. m.] Spaceman 1: Multiplicador recibido - Game ID: 11041642613, Multiplicador: 1.7x
---
[10/11/2025, 11:52:13 a. m.] Spaceman 1: Multiplicador recibido - Game ID: 11041642613, Multiplicador: 1.71x
---
[10/11/2025, 11:52:13 a. m.] Spaceman 1: Multiplicador recibido - Game ID: 11041642613, Multiplicador: 1.72x
---
[10/11/2025, 11:52:13 a. m.] Spaceman 1: Multiplicador recibido - Game ID: 11041642613, Multiplicador: 1.73x
---
[10/11/2025, 11:52:13 a. m.] Spaceman 1: Multiplicador recibido - Game ID: 11041642613, Multiplicador: 1.74x
---
[10/11/2025, 11:52:13 a. m.] Spaceman 1: Multiplicador recibido - Game ID: 11041642613, Multiplicador: 1.75x
---
[10/11/2025, 11:52:13 a. m.] Spaceman 1: Multiplicador recibido - Game ID: 11041642613, Multiplicador: 1.76x
---
[10/11/2025, 11:52:13 a. m.] Spaceman 1: Multiplicador recibido - Game ID: 11041642613, Multiplicador: 1.77x
---
[10/11/2025, 11:52:13 a. m.] Spaceman 1: Multiplicador recibido - Game ID: 11041642613, Multiplicador: 1.78x
---
[10/11/2025, 11:52:13 a. m.] Spaceman 1: Multiplicador recibido - Game ID: 11041642613, Multiplicador: 1.79x
---
[10/11/2025, 11:52:13 a. m.] Spaceman 1: Multiplicador recibido - Game ID: 11041642613, Multiplicador: 1.8x
---
[10/11/2025, 11:52:13 a. m.] Spaceman 1: Multiplicador recibido - Game ID: 11041642613, Multiplicador: 1.81x
---
[10/11/2025, 11:52:13 a. m.] Spaceman 1: Multiplicador recibido - Game ID: 11041642613, Multiplicador: 1.82x
---
[10/11/2025, 11:52:13 a. m.] Spaceman 1: Multiplicador recibido - Game ID: 11041642613, Multiplicador: 1.83x
---
[10/11/2025, 11:52:13 a. m.] Spaceman 1: Multiplicador recibido - Game ID: 11041642613, Multiplicador: 1.84x
---
[10/11/2025, 11:52:13 a. m.] Spaceman 1: Multiplicador recibido - Game ID: 11041642613, Multiplicador: 1.85x
---
[10/11/2025, 11:52:14 a. m.] Spaceman 1: Multiplicador recibido - Game ID: 11041642613, Multiplicador: 1.86x
---
[10/11/2025, 11:52:14 a. m.] Spaceman 1: Multiplicador recibido - Game ID: 11041642613, Multiplicador: 1.87x
---
[10/11/2025, 11:52:14 a. m.] Spaceman 1: Multiplicador recibido - Game ID: 11041642613, Multiplicador: 1.88x
---
[10/11/2025, 11:52:14 a. m.] Spaceman 1: Multiplicador recibido - Game ID: 11041642613, Multiplicador: 1.89x
---
[10/11/2025, 11:52:14 a. m.] Spaceman 1: Multiplicador recibido - Game ID: 11041642613, Multiplicador: 1.9x
---
[10/11/2025, 11:52:14 a. m.] Spaceman 1: Multiplicador recibido - Game ID: 11041642613, Multiplicador: 1.91x
---
[10/11/2025, 11:52:14 a. m.] Spaceman 1: Multiplicador recibido - Game ID: 11041642613, Multiplicador: 1.92x
---
[10/11/2025, 11:52:14 a. m.] Spaceman 1: Multiplicador recibido - Game ID: 11041642613, Multiplicador: 1.93x
---
[10/11/2025, 11:52:14 a. m.] Spaceman 1: Multiplicador recibido - Game ID: 11041642613, Multiplicador: 1.94x
---
[10/11/2025, 11:52:14 a. m.] Spaceman 1: Multiplicador recibido - Game ID: 11041642613, Multiplicador: 1.95x
---
[10/11/2025, 11:52:14 a. m.] Spaceman 1: Multiplicador recibido - Game ID: 11041642613, Multiplicador: 1.96x
---
[10/11/2025, 11:52:14 a. m.] Spaceman 1: Multiplicador recibido - Game ID: 11041642613, Multiplicador: 1.97x
---
[10/11/2025, 11:52:14 a. m.] Spaceman 1: Multiplicador recibido - Game ID: 11041642613, Multiplicador: 1.98x
---
[10/11/2025, 11:52:14 a. m.] Spaceman 1: Multiplicador recibido - Game ID: 11041642613, Multiplicador: 1.99x
---
[10/11/2025, 11:52:14 a. m.] Spaceman 1: Multiplicador recibido - Game ID: 11041642613, Multiplicador: 2x
---
[10/11/2025, 11:52:14 a. m.] Spaceman 1: Multiplicador recibido - Game ID: 11041642613, Multiplicador: 2.01x
---
[10/11/2025, 11:52:15 a. m.] Spaceman 1: Multiplicador recibido - Game ID: 11041642613, Multiplicador: 2.02x
---
[10/11/2025, 11:52:15 a. m.] Spaceman 1: Multiplicador recibido - Game ID: 11041642613, Multiplicador: 2.03x
---
[10/11/2025, 11:52:15 a. m.] Spaceman 1: Multiplicador recibido - Game ID: 11041642613, Multiplicador: 2.04x
---
[10/11/2025, 11:52:15 a. m.] Spaceman 1: Multiplicador recibido - Game ID: 11041642613, Multiplicador: 2.05x
---
[10/11/2025, 11:52:15 a. m.] Spaceman 1: Multiplicador recibido - Game ID: 11041642613, Multiplicador: 2.06x
---
[10/11/2025, 11:52:15 a. m.] Spaceman 1: Multiplicador recibido - Game ID: 11041642613, Multiplicador: 2.07x
---
[10/11/2025, 11:52:15 a. m.] Spaceman 1: Multiplicador recibido - Game ID: 11041642613, Multiplicador: 2.08x
---
[10/11/2025, 11:52:15 a. m.] Spaceman 1: Multiplicador recibido - Game ID: 11041642613, Multiplicador: 2.09x
---
[10/11/2025, 11:52:15 a. m.] Spaceman 1: Multiplicador recibido - Game ID: 11041642613, Multiplicador: 2.1x
---
[10/11/2025, 11:52:15 a. m.] Spaceman 1: Multiplicador recibido - Game ID: 11041642613, Multiplicador: 2.11x
---
[10/11/2025, 11:52:15 a. m.] Spaceman 1: Multiplicador recibido - Game ID: 11041642613, Multiplicador: 2.12x
---
[10/11/2025, 11:52:15 a. m.] Spaceman 1: Multiplicador recibido - Game ID: 11041642613, Multiplicador: 2.13x
---
[10/11/2025, 11:52:15 a. m.] Spaceman 1: Multiplicador recibido - Game ID: 11041642613, Multiplicador: 2.14x
---
[10/11/2025, 11:52:15 a. m.] Spaceman 1: Multiplicador recibido - Game ID: 11041642613, Multiplicador: 2.15x
---
[10/11/2025, 11:52:15 a. m.] Spaceman 1: Multiplicador recibido - Game ID: 11041642613, Multiplicador: 2.16x
---
[10/11/2025, 11:52:15 a. m.] Spaceman 1: Multiplicador recibido - Game ID: 11041642613, Multiplicador: 2.17x
---
[10/11/2025, 11:52:15 a. m.] Spaceman 1: Multiplicador recibido - Game ID: 11041642613, Multiplicador: 2.18x
---
[10/11/2025, 11:52:16 a. m.] Spaceman 1: Multiplicador recibido - Game ID: 11041642613, Multiplicador: 2.19x
---
[10/11/2025, 11:52:16 a. m.] Spaceman 1: Multiplicador recibido - Game ID: 11041642613, Multiplicador: 2.2x
---
[10/11/2025, 11:52:16 a. m.] Spaceman 1: Multiplicador recibido - Game ID: 11041642613, Multiplicador: 2.21x
---
[10/11/2025, 11:52:16 a. m.] Spaceman 1: Multiplicador recibido - Game ID: 11041642613, Multiplicador: 2.22x
---
[10/11/2025, 11:52:16 a. m.] Spaceman 1: Multiplicador recibido - Game ID: 11041642613, Multiplicador: 2.23x
---
[10/11/2025, 11:52:16 a. m.] Spaceman 1: Multiplicador recibido - Game ID: 11041642613, Multiplicador: 2.24x
---
[10/11/2025, 11:52:16 a. m.] Spaceman 1: Multiplicador recibido - Game ID: 11041642613, Multiplicador: 2.25x
---
[10/11/2025, 11:52:16 a. m.] Spaceman 1: Multiplicador recibido - Game ID: 11041642613, Multiplicador: 2.26x
---
[10/11/2025, 11:52:16 a. m.] Spaceman 1: Multiplicador recibido - Game ID: 11041642613, Multiplicador: 2.27x
---
[10/11/2025, 11:52:16 a. m.] Spaceman 1: Multiplicador recibido - Game ID: 11041642613, Multiplicador: 2.28x
---
[10/11/2025, 11:52:16 a. m.] Spaceman 1: Multiplicador recibido - Game ID: 11041642613, Multiplicador: 2.29x
---
[10/11/2025, 11:52:16 a. m.] Spaceman 1: Multiplicador recibido - Game ID: 11041642613, Multiplicador: 2.3x
---
[10/11/2025, 11:52:16 a. m.] Spaceman 1: Multiplicador recibido - Game ID: 11041642613, Multiplicador: 2.31x
---
[10/11/2025, 11:52:16 a. m.] Spaceman 1: Multiplicador recibido - Game ID: 11041642613, Multiplicador: 2.32x
---
[10/11/2025, 11:52:16 a. m.] Spaceman 1: Multiplicador recibido - Game ID: 11041642613, Multiplicador: 2.33x
---
[10/11/2025, 11:52:16 a. m.] Spaceman 1: Multiplicador recibido - Game ID: 11041642613, Multiplicador: 2.34x
---
[10/11/2025, 11:52:16 a. m.] Spaceman 1: Multiplicador recibido - Game ID: 11041642613, Multiplicador: 2.35x
---
[10/11/2025, 11:52:16 a. m.] Spaceman 1: Multiplicador recibido - Game ID: 11041642613, Multiplicador: 2.36x
---
[10/11/2025, 11:52:16 a. m.] Spaceman 1: Multiplicador recibido - Game ID: 11041642613, Multiplicador: 2.37x
---
[10/11/2025, 11:52:17 a. m.] Spaceman 1: Multiplicador recibido - Game ID: 11041642613, Multiplicador: 2.38x
---
[10/11/2025, 11:52:17 a. m.] Spaceman 1: Multiplicador recibido - Game ID: 11041642613, Multiplicador: 2.39x
---
[10/11/2025, 11:52:17 a. m.] Spaceman 1: Multiplicador recibido - Game ID: 11041642613, Multiplicador: 2.4x
---
[10/11/2025, 11:52:17 a. m.] Spaceman 1: Multiplicador recibido - Game ID: 11041642613, Multiplicador: 2.41x
---
[10/11/2025, 11:52:17 a. m.] Spaceman 1: Multiplicador recibido - Game ID: 11041642613, Multiplicador: 2.42x
---
[10/11/2025, 11:52:17 a. m.] Spaceman 1: Multiplicador recibido - Game ID: 11041642613, Multiplicador: 2.43x
---
[10/11/2025, 11:52:17 a. m.] Spaceman 1: Multiplicador recibido - Game ID: 11041642613, Multiplicador: 2.44x
---
[10/11/2025, 11:52:17 a. m.] Spaceman 1: Multiplicador recibido - Game ID: 11041642613, Multiplicador: 2.45x
---
[10/11/2025, 11:52:17 a. m.] Spaceman 1: Multiplicador recibido - Game ID: 11041642613, Multiplicador: 2.46x
---
[10/11/2025, 11:52:17 a. m.] Spaceman 1: Multiplicador recibido - Game ID: 11041642613, Multiplicador: 2.47x
---
[10/11/2025, 11:52:17 a. m.] Spaceman 1: Multiplicador recibido - Game ID: 11041642613, Multiplicador: 2.48x
---
[10/11/2025, 11:52:17 a. m.] Spaceman 1: Multiplicador recibido - Game ID: 11041642613, Multiplicador: 2.49x
---
[10/11/2025, 11:52:17 a. m.] Spaceman 1: Multiplicador recibido - Game ID: 11041642613, Multiplicador: 2.5x
---
[10/11/2025, 11:52:17 a. m.] Spaceman 1: Multiplicador recibido - Game ID: 11041642613, Multiplicador: 2.52x
---
[10/11/2025, 11:52:17 a. m.] Spaceman 1: Multiplicador recibido - Game ID: 11041642613, Multiplicador: 2.53x
---
[10/11/2025, 11:52:17 a. m.] Spaceman 1: Multiplicador recibido - Game ID: 11041642613, Multiplicador: 2.54x
---
[10/11/2025, 11:52:17 a. m.] Spaceman 1: Multiplicador recibido - Game ID: 11041642613, Multiplicador: 2.55x
---
[10/11/2025, 11:52:17 a. m.] Spaceman 1: Multiplicador recibido - Game ID: 11041642613, Multiplicador: 2.56x
---
[10/11/2025, 11:52:17 a. m.] Spaceman 1: Multiplicador recibido - Game ID: 11041642613, Multiplicador: 2.57x
---
[10/11/2025, 11:52:17 a. m.] Spaceman 1: Multiplicador recibido - Game ID: 11041642613, Multiplicador: 2.58x
---
[10/11/2025, 11:52:18 a. m.] Spaceman 1: Multiplicador recibido - Game ID: 11041642613, Multiplicador: 2.59x
---
[10/11/2025, 11:52:18 a. m.] Spaceman 1: Multiplicador recibido - Game ID: 11041642613, Multiplicador: 2.6x
---
[10/11/2025, 11:52:18 a. m.] Spaceman 1: Multiplicador recibido - Game ID: 11041642613, Multiplicador: 2.61x
---
[10/11/2025, 11:52:18 a. m.] Spaceman 1: Multiplicador recibido - Game ID: 11041642613, Multiplicador: 2.63x
---
[10/11/2025, 11:52:18 a. m.] Spaceman 1: Multiplicador recibido - Game ID: 11041642613, Multiplicador: 2.64x
---
[10/11/2025, 11:52:18 a. m.] Spaceman 1: Multiplicador recibido - Game ID: 11041642613, Multiplicador: 2.65x
---
[10/11/2025, 11:52:18 a. m.] Spaceman 1: Multiplicador recibido - Game ID: 11041642613, Multiplicador: 2.66x
---
[10/11/2025, 11:52:18 a. m.] Spaceman 1: Multiplicador recibido - Game ID: 11041642613, Multiplicador: 2.67x
---
[10/11/2025, 11:52:18 a. m.] Spaceman 1: Multiplicador recibido - Game ID: 11041642613, Multiplicador: 2.68x
---
[10/11/2025, 11:52:18 a. m.] Spaceman 1: Multiplicador recibido - Game ID: 11041642613, Multiplicador: 2.69x
---
[10/11/2025, 11:52:18 a. m.] Spaceman 1: Multiplicador recibido - Game ID: 11041642613, Multiplicador: 2.7x
---
[10/11/2025, 11:52:18 a. m.] Spaceman 1: Multiplicador recibido - Game ID: 11041642613, Multiplicador: 2.72x
---
[10/11/2025, 11:52:18 a. m.] Spaceman 1: Multiplicador recibido - Game ID: 11041642613, Multiplicador: 2.73x
---
[10/11/2025, 11:52:18 a. m.] Spaceman 1: Multiplicador recibido - Game ID: 11041642613, Multiplicador: 2.74x
---
[10/11/2025, 11:52:18 a. m.] Spaceman 1: Multiplicador recibido - Game ID: 11041642613, Multiplicador: 2.75x
---
[10/11/2025, 11:52:18 a. m.] Spaceman 1: Multiplicador recibido - Game ID: 11041642613, Multiplicador: 2.76x
---
[10/11/2025, 11:52:18 a. m.] Spaceman 1: Multiplicador recibido - Game ID: 11041642613, Multiplicador: 2.78x
---
[10/11/2025, 11:52:18 a. m.] Spaceman 1: Multiplicador recibido - Game ID: 11041642613, Multiplicador: 2.79x
---
[10/11/2025, 11:52:18 a. m.] Spaceman 1: Multiplicador recibido - Game ID: 11041642613, Multiplicador: 2.8x
---
[10/11/2025, 11:52:19 a. m.] Spaceman 1: Multiplicador recibido - Game ID: 11041642613, Multiplicador: 2.81x
---
[10/11/2025, 11:52:19 a. m.] Spaceman 1: Multiplicador recibido - Game ID: 11041642613, Multiplicador: 2.83x
---
[10/11/2025, 11:52:19 a. m.] Spaceman 1: Multiplicador recibido - Game ID: 11041642613, Multiplicador: 2.84x
---
[10/11/2025, 11:52:19 a. m.] Spaceman 1: Multiplicador recibido - Game ID: 11041642613, Multiplicador: 2.85x
---
[10/11/2025, 11:52:19 a. m.] Spaceman 1: Multiplicador recibido - Game ID: 11041642613, Multiplicador: 2.86x
---
[10/11/2025, 11:52:19 a. m.] Spaceman 1: Multiplicador recibido - Game ID: 11041642613, Multiplicador: 2.88x
---
[10/11/2025, 11:52:19 a. m.] Spaceman 1: Multiplicador recibido - Game ID: 11041642613, Multiplicador: 2.89x
---
[10/11/2025, 11:52:19 a. m.] Spaceman 1: Multiplicador recibido - Game ID: 11041642613, Multiplicador: 2.9x
---
[10/11/2025, 11:52:19 a. m.] Spaceman 1: Multiplicador recibido - Game ID: 11041642613, Multiplicador: 2.91x
---
[10/11/2025, 11:52:19 a. m.] Spaceman 1: Multiplicador recibido - Game ID: 11041642613, Multiplicador: 2.93x
---
[10/11/2025, 11:52:19 a. m.] Spaceman 1: Multiplicador recibido - Game ID: 11041642613, Multiplicador: 2.94x
---
[10/11/2025, 11:52:19 a. m.] Spaceman 1: Multiplicador recibido - Game ID: 11041642613, Multiplicador: 2.95x
---
[10/11/2025, 11:52:19 a. m.] Spaceman 1: Multiplicador recibido - Game ID: 11041642613, Multiplicador: 2.96x
---
[10/11/2025, 11:52:19 a. m.] Spaceman 1: Multiplicador recibido - Game ID: 11041642613, Multiplicador: 2.97x
---
[10/11/2025, 11:52:19 a. m.] Spaceman 1: Multiplicador recibido - Game ID: 11041642613, Multiplicador: 2.99x
---
[10/11/2025, 11:52:19 a. m.] Spaceman 1: Multiplicador recibido - Game ID: 11041642613, Multiplicador: 3x
---
[10/11/2025, 11:52:19 a. m.] Spaceman 1: Multiplicador recibido - Game ID: 11041642613, Multiplicador: 3.01x
---
[10/11/2025, 11:52:19 a. m.] Spaceman 1: Multiplicador recibido - Game ID: 11041642613, Multiplicador: 3.03x
---
[10/11/2025, 11:52:19 a. m.] Spaceman 1: Multiplicador recibido - Game ID: 11041642613, Multiplicador: 3.04x
---
[10/11/2025, 11:52:19 a. m.] Spaceman 1: Multiplicador recibido - Game ID: 11041642613, Multiplicador: 3.05x
---
[10/11/2025, 11:52:20 a. m.] Spaceman 1: Multiplicador recibido - Game ID: 11041642613, Multiplicador: 3.06x
---
[10/11/2025, 11:52:20 a. m.] Spaceman 1: Multiplicador recibido - Game ID: 11041642613, Multiplicador: 3.08x
---
[10/11/2025, 11:52:20 a. m.] Spaceman 1: Ping enviado: 1762793540092
---
[10/11/2025, 11:52:20 a. m.] Spaceman 1: Multiplicador recibido - Game ID: 11041642613, Multiplicador: 3.09x
---
[10/11/2025, 11:52:20 a. m.] Spaceman 1: Multiplicador recibido - Game ID: 11041642613, Multiplicador: 3.1x
---
[10/11/2025, 11:52:20 a. m.] Spaceman 1: Multiplicador recibido - Game ID: 11041642613, Multiplicador: 3.11x
---
[10/11/2025, 11:52:20 a. m.] Spaceman 1: Multiplicador recibido - Game ID: 11041642613, Multiplicador: 3.13x
---
[10/11/2025, 11:52:20 a. m.] Spaceman 1: Multiplicador recibido - Game ID: 11041642613, Multiplicador: 3.14x
---
[10/11/2025, 11:52:20 a. m.] Spaceman 1: Multiplicador recibido - Game ID: 11041642613, Multiplicador: 3.15x
---
[10/11/2025, 11:52:20 a. m.] Spaceman 1: Multiplicador recibido - Game ID: 11041642613, Multiplicador: 3.18x
---
[10/11/2025, 11:52:20 a. m.] Spaceman 1: Multiplicador recibido - Game ID: 11041642613, Multiplicador: 3.19x
---
[10/11/2025, 11:52:20 a. m.] Spaceman 1: Multiplicador recibido - Game ID: 11041642613, Multiplicador: 3.2x
---
[10/11/2025, 11:52:20 a. m.] Spaceman 1: Multiplicador recibido - Game ID: 11041642613, Multiplicador: 3.22x
---
[10/11/2025, 11:52:20 a. m.] Spaceman 1: Multiplicador recibido - Game ID: 11041642613, Multiplicador: 3.23x
---
[10/11/2025, 11:52:20 a. m.] Spaceman 1: Multiplicador recibido - Game ID: 11041642613, Multiplicador: 3.24x
---
[10/11/2025, 11:52:20 a. m.] Spaceman 1: Multiplicador recibido - Game ID: 11041642613, Multiplicador: 3.26x
---
[10/11/2025, 11:52:20 a. m.] Spaceman 1: Multiplicador recibido - Game ID: 11041642613, Multiplicador: 3.27x
---
[10/11/2025, 11:52:20 a. m.] Spaceman 1: Multiplicador recibido - Game ID: 11041642613, Multiplicador: 3.28x
---
[10/11/2025, 11:52:20 a. m.] Spaceman 1: Multiplicador recibido - Game ID: 11041642613, Multiplicador: 3.3x
---
[10/11/2025, 11:52:20 a. m.] Spaceman 1: Multiplicador recibido - Game ID: 11041642613, Multiplicador: 3.31x
---
[10/11/2025, 11:52:21 a. m.] Spaceman 1: Multiplicador recibido - Game ID: 11041642613, Multiplicador: 3.33x
---
[10/11/2025, 11:52:21 a. m.] Spaceman 1: Multiplicador recibido - Game ID: 11041642613, Multiplicador: 3.34x
---
[10/11/2025, 11:52:21 a. m.] Spaceman 1: Multiplicador recibido - Game ID: 11041642613, Multiplicador: 3.35x
---
[10/11/2025, 11:52:21 a. m.] Spaceman 1: Multiplicador recibido - Game ID: 11041642613, Multiplicador: 3.37x
---
[10/11/2025, 11:52:21 a. m.] Spaceman 1: Multiplicador recibido - Game ID: 11041642613, Multiplicador: 3.38x
---
[10/11/2025, 11:52:21 a. m.] Spaceman 1: Multiplicador recibido - Game ID: 11041642613, Multiplicador: 3.4x
---
[10/11/2025, 11:52:21 a. m.] Spaceman 1: Multiplicador recibido - Game ID: 11041642613, Multiplicador: 3.41x
---
[10/11/2025, 11:52:21 a. m.] Spaceman 1: Multiplicador recibido - Game ID: 11041642613, Multiplicador: 3.43x
---
[10/11/2025, 11:52:21 a. m.] Spaceman 1: Multiplicador recibido - Game ID: 11041642613, Multiplicador: 3.44x
---
[10/11/2025, 11:52:21 a. m.] Spaceman 1: Multiplicador recibido - Game ID: 11041642613, Multiplicador: 3.46x
---
[10/11/2025, 11:52:21 a. m.] Spaceman 1: Multiplicador recibido - Game ID: 11041642613, Multiplicador: 3.47x
---
[10/11/2025, 11:52:21 a. m.] Spaceman 1: Multiplicador recibido - Game ID: 11041642613, Multiplicador: 3.49x
---
[10/11/2025, 11:52:21 a. m.] Spaceman 1: Multiplicador recibido - Game ID: 11041642613, Multiplicador: 3.5x
---
[10/11/2025, 11:52:21 a. m.] Spaceman 1: Multiplicador recibido - Game ID: 11041642613, Multiplicador: 3.52x
---
[10/11/2025, 11:52:21 a. m.] Spaceman 1: Multiplicador recibido - Game ID: 11041642613, Multiplicador: 3.53x
---
[10/11/2025, 11:52:21 a. m.] Spaceman 1: Multiplicador recibido - Game ID: 11041642613, Multiplicador: 3.55x
---
[10/11/2025, 11:52:21 a. m.] Spaceman 1: Multiplicador recibido - Game ID: 11041642613, Multiplicador: 3.56x
---
[10/11/2025, 11:52:21 a. m.] Spaceman 1: Multiplicador recibido - Game ID: 11041642613, Multiplicador: 3.58x
---
[10/11/2025, 11:52:21 a. m.] Spaceman 1: Multiplicador recibido - Game ID: 11041642613, Multiplicador: 3.59x
---
[10/11/2025, 11:52:22 a. m.] Spaceman 1: Multiplicador recibido - Game ID: 11041642613, Multiplicador: 3.61x
---
[10/11/2025, 11:52:22 a. m.] Spaceman 1: Multiplicador recibido - Game ID: 11041642613, Multiplicador: 3.63x
---
[10/11/2025, 11:52:22 a. m.] Spaceman 1: Multiplicador recibido - Game ID: 11041642613, Multiplicador: 3.64x
---
[10/11/2025, 11:52:22 a. m.] Spaceman 1: Multiplicador recibido - Game ID: 11041642613, Multiplicador: 3.66x
---
[10/11/2025, 11:52:22 a. m.] Spaceman 1: Multiplicador recibido - Game ID: 11041642613, Multiplicador: 3.67x
---
[10/11/2025, 11:52:22 a. m.] Spaceman 1: Multiplicador recibido - Game ID: 11041642613, Multiplicador: 3.69x
---
[10/11/2025, 11:52:22 a. m.] Spaceman 1: Multiplicador recibido - Game ID: 11041642613, Multiplicador: 3.7x
---
[10/11/2025, 11:52:22 a. m.] Spaceman 1: Multiplicador recibido - Game ID: 11041642613, Multiplicador: 3.72x
---
[10/11/2025, 11:52:22 a. m.] Spaceman 1: Multiplicador recibido - Game ID: 11041642613, Multiplicador: 3.73x
---
[10/11/2025, 11:52:22 a. m.] Spaceman 1: Multiplicador recibido - Game ID: 11041642613, Multiplicador: 3.75x
---
[10/11/2025, 11:52:22 a. m.] Spaceman 1: Multiplicador recibido - Game ID: 11041642613, Multiplicador: 3.76x
---
[10/11/2025, 11:52:22 a. m.] Spaceman 1: Multiplicador recibido - Game ID: 11041642613, Multiplicador: 3.78x
---
[10/11/2025, 11:52:22 a. m.] Spaceman 1: Multiplicador recibido - Game ID: 11041642613, Multiplicador: 3.8x
---
[10/11/2025, 11:52:22 a. m.] Spaceman 1: Multiplicador recibido - Game ID: 11041642613, Multiplicador: 3.81x
---
[10/11/2025, 11:52:22 a. m.] Spaceman 1: Multiplicador recibido - Game ID: 11041642613, Multiplicador: 3.83x
---
[10/11/2025, 11:52:22 a. m.] Spaceman 1: Multiplicador recibido - Game ID: 11041642613, Multiplicador: 3.84x
---
[10/11/2025, 11:52:22 a. m.] Spaceman 1: Multiplicador recibido - Game ID: 11041642613, Multiplicador: 3.86x
---
[10/11/2025, 11:52:22 a. m.] Spaceman 1: Multiplicador recibido - Game ID: 11041642613, Multiplicador: 3.87x
---
[10/11/2025, 11:52:22 a. m.] Spaceman 1: Multiplicador recibido - Game ID: 11041642613, Multiplicador: 3.89x
---
[10/11/2025, 11:52:22 a. m.] Spaceman 1: Multiplicador recibido - Game ID: 11041642613, Multiplicador: 3.91x
---
[10/11/2025, 11:52:23 a. m.] Spaceman 1: Multiplicador recibido - Game ID: 11041642613, Multiplicador: 3.92x
---
[10/11/2025, 11:52:23 a. m.] Spaceman 1: Multiplicador recibido - Game ID: 11041642613, Multiplicador: 3.94x
---
[10/11/2025, 11:52:23 a. m.] Spaceman 1: Multiplicador recibido - Game ID: 11041642613, Multiplicador: 3.96x
---
[10/11/2025, 11:52:23 a. m.] Spaceman 1: Multiplicador recibido - Game ID: 11041642613, Multiplicador: 3.97x
---
[10/11/2025, 11:52:23 a. m.] Spaceman 1: Multiplicador recibido - Game ID: 11041642613, Multiplicador: 3.99x
---
[10/11/2025, 11:52:23 a. m.] Spaceman 1: Multiplicador recibido - Game ID: 11041642613, Multiplicador: 4.01x
---
[10/11/2025, 11:52:23 a. m.] Spaceman 1: Multiplicador recibido - Game ID: 11041642613, Multiplicador: 4.02x
---
[10/11/2025, 11:52:23 a. m.] Spaceman 1: Multiplicador recibido - Game ID: 11041642613, Multiplicador: 4.04x
---
[10/11/2025, 11:52:23 a. m.] Spaceman 1: Multiplicador recibido - Game ID: 11041642613, Multiplicador: 4.06x
---
[10/11/2025, 11:52:23 a. m.] Spaceman 1: Multiplicador recibido - Game ID: 11041642613, Multiplicador: 4.07x
---
[10/11/2025, 11:52:23 a. m.] Spaceman 1: Multiplicador recibido - Game ID: 11041642613, Multiplicador: 4.09x
---
[10/11/2025, 11:52:23 a. m.] Spaceman 1: Multiplicador recibido - Game ID: 11041642613, Multiplicador: 4.11x
---
[10/11/2025, 11:52:23 a. m.] Spaceman 1: Multiplicador recibido - Game ID: 11041642613, Multiplicador: 4.13x
---
[10/11/2025, 11:52:23 a. m.] Spaceman 1: Multiplicador recibido - Game ID: 11041642613, Multiplicador: 4.14x
---
[10/11/2025, 11:52:23 a. m.] Spaceman 1: Multiplicador recibido - Game ID: 11041642613, Multiplicador: 4.16x
---
[10/11/2025, 11:52:23 a. m.] Spaceman 1: Multiplicador recibido - Game ID: 11041642613, Multiplicador: 4.18x
---
[10/11/2025, 11:52:23 a. m.] Spaceman 1: Multiplicador recibido - Game ID: 11041642613, Multiplicador: 4.2x
---
[10/11/2025, 11:52:23 a. m.] Spaceman 1: Multiplicador recibido - Game ID: 11041642613, Multiplicador: 4.22x
---
[10/11/2025, 11:52:23 a. m.] Spaceman 1: Multiplicador recibido - Game ID: 11041642613, Multiplicador: 4.23x
---
[10/11/2025, 11:52:23 a. m.] Spaceman 1: Multiplicador recibido - Game ID: 11041642613, Multiplicador: 4.25x
---
[10/11/2025, 11:52:24 a. m.] Spaceman 1: Multiplicador recibido - Game ID: 11041642613, Multiplicador: 4.27x
---
[10/11/2025, 11:52:24 a. m.] Spaceman 1: Multiplicador recibido - Game ID: 11041642613, Multiplicador: 4.29x
---
[10/11/2025, 11:52:24 a. m.] Spaceman 1: Multiplicador recibido - Game ID: 11041642613, Multiplicador: 4.31x
---
[10/11/2025, 11:52:24 a. m.] Spaceman 1: Multiplicador recibido - Game ID: 11041642613, Multiplicador: 4.32x
---
[10/11/2025, 11:52:24 a. m.] Spaceman 1: Multiplicador recibido - Game ID: 11041642613, Multiplicador: 4.34x
---
[10/11/2025, 11:52:24 a. m.] Spaceman 1: Multiplicador recibido - Game ID: 11041642613, Multiplicador: 4.36x
---
[10/11/2025, 11:52:24 a. m.] Spaceman 1: Multiplicador recibido - Game ID: 11041642613, Multiplicador: 4.38x
---
[10/11/2025, 11:52:24 a. m.] Spaceman 1: Multiplicador recibido - Game ID: 11041642613, Multiplicador: 4.4x
---
[10/11/2025, 11:52:24 a. m.] Spaceman 1: Multiplicador recibido - Game ID: 11041642613, Multiplicador: 4.41x
---
[10/11/2025, 11:52:24 a. m.] Spaceman 1: Multiplicador recibido - Game ID: 11041642613, Multiplicador: 4.43x
---
[10/11/2025, 11:52:24 a. m.] Spaceman 1: Multiplicador recibido - Game ID: 11041642613, Multiplicador: 4.45x
---
[10/11/2025, 11:52:24 a. m.] Spaceman 1: Multiplicador recibido - Game ID: 11041642613, Multiplicador: 4.47x
---
[10/11/2025, 11:52:24 a. m.] Spaceman 1: Multiplicador recibido - Game ID: 11041642613, Multiplicador: 4.48x
---
[10/11/2025, 11:52:24 a. m.] Spaceman 1: Multiplicador recibido - Game ID: 11041642613, Multiplicador: 4.5x
---
[10/11/2025, 11:52:24 a. m.] Spaceman 1: Multiplicador recibido - Game ID: 11041642613, Multiplicador: 4.52x
---
[10/11/2025, 11:52:24 a. m.] Spaceman 1: Multiplicador recibido - Game ID: 11041642613, Multiplicador: 4.54x
---
[10/11/2025, 11:52:24 a. m.] Spaceman 1: Multiplicador recibido - Game ID: 11041642613, Multiplicador: 4.56x
---
[10/11/2025, 11:52:24 a. m.] Spaceman 1: Multiplicador recibido - Game ID: 11041642613, Multiplicador: 4.58x
---
[10/11/2025, 11:52:24 a. m.] Spaceman 1: Multiplicador recibido - Game ID: 11041642613, Multiplicador: 4.6x
---
[10/11/2025, 11:52:24 a. m.] Spaceman 1: Multiplicador recibido - Game ID: 11041642613, Multiplicador: 4.62x
---
[10/11/2025, 11:52:25 a. m.] Spaceman 1: Multiplicador recibido - Game ID: 11041642613, Multiplicador: 4.64x
---
[10/11/2025, 11:52:25 a. m.] Spaceman 1: Multiplicador recibido - Game ID: 11041642613, Multiplicador: 4.66x
---
[10/11/2025, 11:52:25 a. m.] Spaceman 1: Multiplicador recibido - Game ID: 11041642613, Multiplicador: 4.68x
---
[10/11/2025, 11:52:25 a. m.] Spaceman 1: Multiplicador recibido - Game ID: 11041642613, Multiplicador: 4.7x
---
[10/11/2025, 11:52:25 a. m.] Spaceman 1: Multiplicador recibido - Game ID: 11041642613, Multiplicador: 4.72x
---
[10/11/2025, 11:52:25 a. m.] Spaceman 1: Multiplicador recibido - Game ID: 11041642613, Multiplicador: 4.74x
---
[10/11/2025, 11:52:25 a. m.] Spaceman 1: Multiplicador recibido - Game ID: 11041642613, Multiplicador: 4.76x
---
[10/11/2025, 11:52:25 a. m.] Spaceman 1: Multiplicador recibido - Game ID: 11041642613, Multiplicador: 4.78x
---
[10/11/2025, 11:52:25 a. m.] Spaceman 1: Multiplicador recibido - Game ID: 11041642613, Multiplicador: 4.8x
---
[10/11/2025, 11:52:25 a. m.] Spaceman 1: Multiplicador recibido - Game ID: 11041642613, Multiplicador: 4.82x
---
[10/11/2025, 11:52:25 a. m.] Spaceman 1: Multiplicador recibido - Game ID: 11041642613, Multiplicador: 4.84x
---
[10/11/2025, 11:52:25 a. m.] Spaceman 1: Multiplicador recibido - Game ID: 11041642613, Multiplicador: 4.87x
---
[10/11/2025, 11:52:25 a. m.] Spaceman 1: Multiplicador recibido - Game ID: 11041642613, Multiplicador: 4.88x
---
[10/11/2025, 11:52:25 a. m.] Spaceman 1: Multiplicador recibido - Game ID: 11041642613, Multiplicador: 4.91x
---
[10/11/2025, 11:52:25 a. m.] Spaceman 1: Multiplicador recibido - Game ID: 11041642613, Multiplicador: 4.93x
---
[10/11/2025, 11:52:25 a. m.] Spaceman 1: Multiplicador recibido - Game ID: 11041642613, Multiplicador: 4.95x
---
[10/11/2025, 11:52:25 a. m.] Spaceman 1: Multiplicador recibido - Game ID: 11041642613, Multiplicador: 4.97x
---
[10/11/2025, 11:52:25 a. m.] Spaceman 1: Multiplicador recibido - Game ID: 11041642613, Multiplicador: 4.99x
---
[10/11/2025, 11:52:25 a. m.] Spaceman 1: Multiplicador recibido - Game ID: 11041642613, Multiplicador: 5.02x
---
[10/11/2025, 11:52:26 a. m.] Spaceman 1: Multiplicador recibido - Game ID: 11041642613, Multiplicador: 5.04x
---
[10/11/2025, 11:52:26 a. m.] Spaceman 1: Multiplicador recibido - Game ID: 11041642613, Multiplicador: 5.06x
---
[10/11/2025, 11:52:26 a. m.] Spaceman 1: Multiplicador recibido - Game ID: 11041642613, Multiplicador: 5.08x
---
[10/11/2025, 11:52:26 a. m.] Spaceman 1: Multiplicador recibido - Game ID: 11041642613, Multiplicador: 5.1x
---
[10/11/2025, 11:52:26 a. m.] Spaceman 1: Multiplicador recibido - Game ID: 11041642613, Multiplicador: 5.12x
---
[10/11/2025, 11:52:26 a. m.] Spaceman 1: Multiplicador recibido - Game ID: 11041642613, Multiplicador: 5.14x
---
[10/11/2025, 11:52:26 a. m.] Spaceman 1: Multiplicador recibido - Game ID: 11041642613, Multiplicador: 5.17x
---
[10/11/2025, 11:52:26 a. m.] Spaceman 1: Multiplicador recibido - Game ID: 11041642613, Multiplicador: 5.19x
---
[10/11/2025, 11:52:26 a. m.] Spaceman 1: Multiplicador recibido - Game ID: 11041642613, Multiplicador: 5.21x
---
[10/11/2025, 11:52:26 a. m.] Spaceman 1: Multiplicador recibido - Game ID: 11041642613, Multiplicador: 5.24x
---
[10/11/2025, 11:52:26 a. m.] Spaceman 1: Multiplicador recibido - Game ID: 11041642613, Multiplicador: 5.26x
---
[10/11/2025, 11:52:26 a. m.] Spaceman 1: Multiplicador recibido - Game ID: 11041642613, Multiplicador: 5.28x
---
[10/11/2025, 11:52:26 a. m.] Spaceman 1: Multiplicador recibido - Game ID: 11041642613, Multiplicador: 5.31x
---
[10/11/2025, 11:52:26 a. m.] Spaceman 1: Multiplicador recibido - Game ID: 11041642613, Multiplicador: 5.33x
---
[10/11/2025, 11:52:26 a. m.] Spaceman 1: Multiplicador recibido - Game ID: 11041642613, Multiplicador: 5.36x
---
[10/11/2025, 11:52:26 a. m.] Spaceman 1: Multiplicador recibido - Game ID: 11041642613, Multiplicador: 5.38x
---
[10/11/2025, 11:52:26 a. m.] Spaceman 1: Multiplicador recibido - Game ID: 11041642613, Multiplicador: 5.4x
---
[10/11/2025, 11:52:26 a. m.] Spaceman 1: Multiplicador recibido - Game ID: 11041642613, Multiplicador: 5.43x
---
[10/11/2025, 11:52:26 a. m.] Spaceman 1: Multiplicador recibido - Game ID: 11041642613, Multiplicador: 5.45x
---
[10/11/2025, 11:52:26 a. m.] Spaceman 1: Multiplicador recibido - Game ID: 11041642613, Multiplicador: 5.47x
---
[10/11/2025, 11:52:27 a. m.] Spaceman 1: Multiplicador recibido - Game ID: 11041642613, Multiplicador: 5.49x
---
[10/11/2025, 11:52:27 a. m.] Spaceman 1: Multiplicador recibido - Game ID: 11041642613, Multiplicador: 5.51x
---
[10/11/2025, 11:52:27 a. m.] Spaceman 1: Multiplicador recibido - Game ID: 11041642613, Multiplicador: 5.54x
---
[10/11/2025, 11:52:27 a. m.] Spaceman 1: Multiplicador recibido - Game ID: 11041642613, Multiplicador: 5.56x
---
[10/11/2025, 11:52:27 a. m.] Spaceman 1: Multiplicador recibido - Game ID: 11041642613, Multiplicador: 5.59x
---
[10/11/2025, 11:52:27 a. m.] Spaceman 1: Multiplicador recibido - Game ID: 11041642613, Multiplicador: 5.61x
---
[10/11/2025, 11:52:27 a. m.] Spaceman 1: Multiplicador recibido - Game ID: 11041642613, Multiplicador: 5.64x
---
[10/11/2025, 11:52:27 a. m.] Spaceman 1: Multiplicador recibido - Game ID: 11041642613, Multiplicador: 5.66x
---
[10/11/2025, 11:52:27 a. m.] Spaceman 1: Multiplicador recibido - Game ID: 11041642613, Multiplicador: 5.69x
---
[10/11/2025, 11:52:27 a. m.] Spaceman 1: Multiplicador recibido - Game ID: 11041642613, Multiplicador: 5.71x
---
[10/11/2025, 11:52:27 a. m.] Spaceman 1: Multiplicador recibido - Game ID: 11041642613, Multiplicador: 5.74x
---
[10/11/2025, 11:52:27 a. m.] Spaceman 1: Multiplicador recibido - Game ID: 11041642613, Multiplicador: 5.76x
---
[10/11/2025, 11:52:27 a. m.] Spaceman 1: Multiplicador recibido - Game ID: 11041642613, Multiplicador: 5.79x
---
[10/11/2025, 11:52:27 a. m.] Spaceman 1: Multiplicador recibido - Game ID: 11041642613, Multiplicador: 5.81x
---
[10/11/2025, 11:52:27 a. m.] Spaceman 1: Multiplicador recibido - Game ID: 11041642613, Multiplicador: 5.84x
---
[10/11/2025, 11:52:27 a. m.] Spaceman 1: Multiplicador recibido - Game ID: 11041642613, Multiplicador: 5.86x
---
[10/11/2025, 11:52:27 a. m.] Spaceman 1: Multiplicador recibido - Game ID: 11041642613, Multiplicador: 5.89x
---
[10/11/2025, 11:52:27 a. m.] Spaceman 1: Multiplicador recibido - Game ID: 11041642613, Multiplicador: 5.91x
---
[10/11/2025, 11:52:27 a. m.] Spaceman 1: Multiplicador recibido - Game ID: 11041642613, Multiplicador: 5.94x
---
[10/11/2025, 11:52:28 a. m.] Spaceman 1: Multiplicador recibido - Game ID: 11041642613, Multiplicador: 5.97x
---
[10/11/2025, 11:52:28 a. m.] Spaceman 1: Multiplicador recibido - Game ID: 11041642613, Multiplicador: 5.99x
---
[10/11/2025, 11:52:28 a. m.] Spaceman 1: Multiplicador recibido - Game ID: 11041642613, Multiplicador: 6.02x
---
[10/11/2025, 11:52:28 a. m.] Spaceman 1: Multiplicador recibido - Game ID: 11041642613, Multiplicador: 6.04x
---
[10/11/2025, 11:52:28 a. m.] Spaceman 1: Multiplicador recibido - Game ID: 11041642613, Multiplicador: 6.07x
---
[10/11/2025, 11:52:28 a. m.] Spaceman 1: Multiplicador recibido - Game ID: 11041642613, Multiplicador: 6.09x
---
[10/11/2025, 11:52:28 a. m.] Spaceman 1: Multiplicador recibido - Game ID: 11041642613, Multiplicador: 6.12x
---
[10/11/2025, 11:52:28 a. m.] Spaceman 1: Multiplicador recibido - Game ID: 11041642613, Multiplicador: 6.15x
---
[10/11/2025, 11:52:28 a. m.] Spaceman 1: Multiplicador recibido - Game ID: 11041642613, Multiplicador: 6.17x
---
[10/11/2025, 11:52:28 a. m.] Spaceman 1: Multiplicador recibido - Game ID: 11041642613, Multiplicador: 6.22x
---
[10/11/2025, 11:52:28 a. m.] Spaceman 1: Multiplicador recibido - Game ID: 11041642613, Multiplicador: 6.25x
---
[10/11/2025, 11:52:28 a. m.] Spaceman 1: Multiplicador recibido - Game ID: 11041642613, Multiplicador: 6.27x
---
[10/11/2025, 11:52:28 a. m.] Spaceman 1: Multiplicador recibido - Game ID: 11041642613, Multiplicador: 6.3x
---
[10/11/2025, 11:52:28 a. m.] Spaceman 1: Multiplicador recibido - Game ID: 11041642613, Multiplicador: 6.33x
---
[10/11/2025, 11:52:28 a. m.] Spaceman 1: Multiplicador recibido - Game ID: 11041642613, Multiplicador: 6.35x
---
[10/11/2025, 11:52:28 a. m.] Spaceman 1: Multiplicador recibido - Game ID: 11041642613, Multiplicador: 6.38x
---
[10/11/2025, 11:52:28 a. m.] Spaceman 1: Multiplicador recibido - Game ID: 11041642613, Multiplicador: 6.41x
---
[10/11/2025, 11:52:28 a. m.] Spaceman 1: Multiplicador recibido - Game ID: 11041642613, Multiplicador: 6.43x
---
[10/11/2025, 11:52:29 a. m.] Spaceman 1: Multiplicador recibido - Game ID: 11041642613, Multiplicador: 6.46x
---
[10/11/2025, 11:52:29 a. m.] Spaceman 1: Multiplicador recibido - Game ID: 11041642613, Multiplicador: 6.49x
---
[10/11/2025, 11:52:29 a. m.] Spaceman 1: Multiplicador recibido - Game ID: 11041642613, Multiplicador: 6.52x
---
[10/11/2025, 11:52:29 a. m.] Spaceman 1: Multiplicador recibido - Game ID: 11041642613, Multiplicador: 6.55x
---
[10/11/2025, 11:52:29 a. m.] Spaceman 1: Multiplicador recibido - Game ID: 11041642613, Multiplicador: 6.57x
---
[10/11/2025, 11:52:29 a. m.] Spaceman 1: Multiplicador recibido - Game ID: 11041642613, Multiplicador: 6.6x
---
[10/11/2025, 11:52:29 a. m.] Spaceman 1: Multiplicador recibido - Game ID: 11041642613, Multiplicador: 6.63x
---
[10/11/2025, 11:52:29 a. m.] Spaceman 1: Multiplicador recibido - Game ID: 11041642613, Multiplicador: 6.66x
---
[10/11/2025, 11:52:29 a. m.] Spaceman 1: Multiplicador recibido - Game ID: 11041642613, Multiplicador: 6.68x
---
[10/11/2025, 11:52:29 a. m.] Spaceman 1: Multiplicador recibido - Game ID: 11041642613, Multiplicador: 6.71x
---
[10/11/2025, 11:52:29 a. m.] Spaceman 1: Multiplicador recibido - Game ID: 11041642613, Multiplicador: 6.74x
---
[10/11/2025, 11:52:29 a. m.] Spaceman 1: Multiplicador recibido - Game ID: 11041642613, Multiplicador: 6.77x
---
[10/11/2025, 11:52:29 a. m.] Spaceman 1: Multiplicador recibido - Game ID: 11041642613, Multiplicador: 6.8x
---
[10/11/2025, 11:52:29 a. m.] Spaceman 1: Multiplicador recibido - Game ID: 11041642613, Multiplicador: 6.83x
---
[10/11/2025, 11:52:29 a. m.] Spaceman 1: Multiplicador recibido - Game ID: 11041642613, Multiplicador: 6.85x
---
[10/11/2025, 11:52:29 a. m.] Spaceman 1: Multiplicador recibido - Game ID: 11041642613, Multiplicador: 6.88x
---
[10/11/2025, 11:52:29 a. m.] Spaceman 1: Multiplicador recibido - Game ID: 11041642613, Multiplicador: 6.91x
---
[10/11/2025, 11:52:29 a. m.] Spaceman 1: Multiplicador recibido - Game ID: 11041642613, Multiplicador: 6.94x
---
[10/11/2025, 11:52:29 a. m.] Spaceman 1: Multiplicador recibido - Game ID: 11041642613, Multiplicador: 6.97x
---
[10/11/2025, 11:52:29 a. m.] Spaceman 1: Multiplicador recibido - Game ID: 11041642613, Multiplicador: 7.01x
---
[10/11/2025, 11:52:30 a. m.] Spaceman 1: Multiplicador recibido - Game ID: 11041642613, Multiplicador: 7.04x
---
[10/11/2025, 11:52:30 a. m.] Spaceman 1: Multiplicador recibido - Game ID: 11041642613, Multiplicador: 7.07x
---
[10/11/2025, 11:52:30 a. m.] Spaceman 1: Ping enviado: 1762793550094
---
[10/11/2025, 11:52:30 a. m.] Spaceman 1: Multiplicador recibido - Game ID: 11041642613, Multiplicador: 7.1x
---
[10/11/2025, 11:52:30 a. m.] Spaceman 1: Multiplicador recibido - Game ID: 11041642613, Multiplicador: 7.13x
---
[10/11/2025, 11:52:30 a. m.] Spaceman 1: Multiplicador recibido - Game ID: 11041642613, Multiplicador: 7.16x
---
[10/11/2025, 11:52:30 a. m.] Spaceman 1: Multiplicador recibido - Game ID: 11041642613, Multiplicador: 7.19x
---
[10/11/2025, 11:52:30 a. m.] Spaceman 1: Multiplicador recibido - Game ID: 11041642613, Multiplicador: 7.22x
---
[10/11/2025, 11:52:30 a. m.] Spaceman 1: Multiplicador recibido - Game ID: 11041642613, Multiplicador: 7.25x
---
[10/11/2025, 11:52:30 a. m.] Spaceman 1: Multiplicador recibido - Game ID: 11041642613, Multiplicador: 7.28x
---
[10/11/2025, 11:52:30 a. m.] Spaceman 1: Multiplicador recibido - Game ID: 11041642613, Multiplicador: 7.31x
---
[10/11/2025, 11:52:30 a. m.] Spaceman 1: Multiplicador recibido - Game ID: 11041642613, Multiplicador: 7.34x
---
[10/11/2025, 11:52:30 a. m.] Spaceman 1: Multiplicador recibido - Game ID: 11041642613, Multiplicador: 7.37x
---
[10/11/2025, 11:52:30 a. m.] Spaceman 1: Multiplicador recibido - Game ID: 11041642613, Multiplicador: 7.4x
---
[10/11/2025, 11:52:30 a. m.] Spaceman 1: Multiplicador recibido - Game ID: 11041642613, Multiplicador: 7.43x
---
[10/11/2025, 11:52:30 a. m.] Spaceman 1: Multiplicador recibido - Game ID: 11041642613, Multiplicador: 7.46x
---
[10/11/2025, 11:52:30 a. m.] Spaceman 1: Multiplicador recibido - Game ID: 11041642613, Multiplicador: 7.49x
---
[10/11/2025, 11:52:30 a. m.] Spaceman 1: Multiplicador recibido - Game ID: 11041642613, Multiplicador: 7.53x
---
[10/11/2025, 11:52:30 a. m.] Spaceman 1: Multiplicador recibido - Game ID: 11041642613, Multiplicador: 7.56x
---
[10/11/2025, 11:52:30 a. m.] Spaceman 1: Multiplicador recibido - Game ID: 11041642613, Multiplicador: 7.6x
---
[10/11/2025, 11:52:31 a. m.] Spaceman 1: Multiplicador recibido - Game ID: 11041642613, Multiplicador: 7.63x
---
[10/11/2025, 11:52:31 a. m.] Spaceman 1: Multiplicador recibido - Game ID: 11041642613, Multiplicador: 7.66x
---
[10/11/2025, 11:52:31 a. m.] Spaceman 1: Multiplicador recibido - Game ID: 11041642613, Multiplicador: 7.7x
---
[10/11/2025, 11:52:31 a. m.] Spaceman 1: Multiplicador recibido - Game ID: 11041642613, Multiplicador: 7.73x
---
[10/11/2025, 11:52:31 a. m.] Spaceman 1: Multiplicador recibido - Game ID: 11041642613, Multiplicador: 7.76x
---
[10/11/2025, 11:52:31 a. m.] Spaceman 1: Multiplicador recibido - Game ID: 11041642613, Multiplicador: 7.8x
---
[10/11/2025, 11:52:31 a. m.] Spaceman 1: Multiplicador recibido - Game ID: 11041642613, Multiplicador: 7.83x
---
[10/11/2025, 11:52:31 a. m.] Spaceman 1: Multiplicador recibido - Game ID: 11041642613, Multiplicador: 7.86x
---
[10/11/2025, 11:52:31 a. m.] Spaceman 1: Multiplicador recibido - Game ID: 11041642613, Multiplicador: 7.9x
---
[10/11/2025, 11:52:31 a. m.] Spaceman 1: Multiplicador recibido - Game ID: 11041642613, Multiplicador: 7.94x
---
[10/11/2025, 11:52:31 a. m.] Spaceman 1: Multiplicador recibido - Game ID: 11041642613, Multiplicador: 7.97x
---
[10/11/2025, 11:52:31 a. m.] Spaceman 1: Multiplicador recibido - Game ID: 11041642613, Multiplicador: 8.01x
---
[10/11/2025, 11:52:31 a. m.] Spaceman 1: Multiplicador recibido - Game ID: 11041642613, Multiplicador: 8.04x
---
[10/11/2025, 11:52:31 a. m.] Spaceman 1: Multiplicador recibido - Game ID: 11041642613, Multiplicador: 8.07x
---
[10/11/2025, 11:52:31 a. m.] Spaceman 1: Multiplicador recibido - Game ID: 11041642613, Multiplicador: 8.11x
---
[10/11/2025, 11:52:31 a. m.] Spaceman 1: Multiplicador recibido - Game ID: 11041642613, Multiplicador: 8.14x
---
[10/11/2025, 11:52:31 a. m.] Spaceman 1: Multiplicador recibido - Game ID: 11041642613, Multiplicador: 8.17x
---
[10/11/2025, 11:52:31 a. m.] Spaceman 1: Multiplicador recibido - Game ID: 11041642613, Multiplicador: 8.21x
---
[10/11/2025, 11:52:31 a. m.] Spaceman 1: Multiplicador recibido - Game ID: 11041642613, Multiplicador: 8.24x
---
[10/11/2025, 11:52:31 a. m.] Spaceman 1: Multiplicador recibido - Game ID: 11041642613, Multiplicador: 8.27x
---
[10/11/2025, 11:52:32 a. m.] Spaceman 1: Multiplicador recibido - Game ID: 11041642613, Multiplicador: 8.31x
---
[10/11/2025, 11:52:32 a. m.] Spaceman 1: Multiplicador recibido - Game ID: 11041642613, Multiplicador: 8.34x
---
[10/11/2025, 11:52:32 a. m.] Spaceman 1: Multiplicador recibido - Game ID: 11041642613, Multiplicador: 8.38x
---
[10/11/2025, 11:52:32 a. m.] Spaceman 1: Multiplicador recibido - Game ID: 11041642613, Multiplicador: 8.42x
---
[10/11/2025, 11:52:32 a. m.] Spaceman 1: Multiplicador recibido - Game ID: 11041642613, Multiplicador: 8.45x
---
[10/11/2025, 11:52:32 a. m.] Spaceman 1: Multiplicador recibido - Game ID: 11041642613, Multiplicador: 8.49x
---
[10/11/2025, 11:52:32 a. m.] Spaceman 1: Multiplicador recibido - Game ID: 11041642613, Multiplicador: 8.53x
---
[10/11/2025, 11:52:32 a. m.] Spaceman 1: Multiplicador recibido - Game ID: 11041642613, Multiplicador: 8.57x
---
[10/11/2025, 11:52:32 a. m.] Spaceman 1: Multiplicador recibido - Game ID: 11041642613, Multiplicador: 8.61x
---
[10/11/2025, 11:52:32 a. m.] Spaceman 1: Multiplicador recibido - Game ID: 11041642613, Multiplicador: 8.64x
---
[10/11/2025, 11:52:32 a. m.] Spaceman 1: Multiplicador recibido - Game ID: 11041642613, Multiplicador: 8.68x
---
[10/11/2025, 11:52:32 a. m.] Spaceman 1: Multiplicador recibido - Game ID: 11041642613, Multiplicador: 8.72x
---
[10/11/2025, 11:52:32 a. m.] Spaceman 1: Multiplicador recibido - Game ID: 11041642613, Multiplicador: 8.75x
---
[10/11/2025, 11:52:32 a. m.] Spaceman 1: Multiplicador recibido - Game ID: 11041642613, Multiplicador: 8.79x
---
[10/11/2025, 11:52:32 a. m.] Spaceman 1: Multiplicador recibido - Game ID: 11041642613, Multiplicador: 8.83x
---
[10/11/2025, 11:52:32 a. m.] Spaceman 1: Multiplicador recibido - Game ID: 11041642613, Multiplicador: 8.86x
---
[10/11/2025, 11:52:32 a. m.] Spaceman 1: Multiplicador recibido - Game ID: 11041642613, Multiplicador: 8.9x
---
[10/11/2025, 11:52:32 a. m.] Spaceman 1: Multiplicador recibido - Game ID: 11041642613, Multiplicador: 8.94x
---
[10/11/2025, 11:52:33 a. m.] Spaceman 1: Multiplicador recibido - Game ID: 11041642613, Multiplicador: 9.02x
---
[10/11/2025, 11:52:33 a. m.] Spaceman 1: Multiplicador recibido - Game ID: 11041642613, Multiplicador: 9.06x
---
[10/11/2025, 11:52:33 a. m.] Spaceman 1: Multiplicador recibido - Game ID: 11041642613, Multiplicador: 9.1x
---
[10/11/2025, 11:52:33 a. m.] Spaceman 1: Multiplicador recibido - Game ID: 11041642613, Multiplicador: 9.13x
---
[10/11/2025, 11:52:33 a. m.] Spaceman 1: Multiplicador recibido - Game ID: 11041642613, Multiplicador: 9.17x
---
[10/11/2025, 11:52:33 a. m.] Spaceman 1: Multiplicador recibido - Game ID: 11041642613, Multiplicador: 9.21x
---
[10/11/2025, 11:52:33 a. m.] Spaceman 1: Multiplicador recibido - Game ID: 11041642613, Multiplicador: 9.25x
---
[10/11/2025, 11:52:33 a. m.] Spaceman 1: Multiplicador recibido - Game ID: 11041642613, Multiplicador: 9.29x
---
[10/11/2025, 11:52:33 a. m.] Spaceman 1: Multiplicador recibido - Game ID: 11041642613, Multiplicador: 9.33x
---
[10/11/2025, 11:52:33 a. m.] Spaceman 1: Multiplicador recibido - Game ID: 11041642613, Multiplicador: 9.37x
---
[10/11/2025, 11:52:33 a. m.] Spaceman 1: Multiplicador recibido - Game ID: 11041642613, Multiplicador: 9.41x
---
[10/11/2025, 11:52:33 a. m.] Spaceman 1: Multiplicador recibido - Game ID: 11041642613, Multiplicador: 9.45x
---
[10/11/2025, 11:52:33 a. m.] Spaceman 1: Multiplicador recibido - Game ID: 11041642613, Multiplicador: 9.48x
---
[10/11/2025, 11:52:33 a. m.] Spaceman 1: Multiplicador recibido - Game ID: 11041642613, Multiplicador: 9.52x
---
[10/11/2025, 11:52:33 a. m.] Spaceman 1: Multiplicador recibido - Game ID: 11041642613, Multiplicador: 9.56x
---
[10/11/2025, 11:52:33 a. m.] Spaceman 1: Multiplicador recibido - Game ID: 11041642613, Multiplicador: 9.62x
---
[10/11/2025, 11:52:33 a. m.] Spaceman 1: Multiplicador recibido - Game ID: 11041642613, Multiplicador: 9.66x
---
[10/11/2025, 11:52:33 a. m.] Spaceman 1: Multiplicador recibido - Game ID: 11041642613, Multiplicador: 9.71x
---
[10/11/2025, 11:52:33 a. m.] Spaceman 1: Multiplicador recibido - Game ID: 11041642613, Multiplicador: 9.75x
---
[10/11/2025, 11:52:34 a. m.] Spaceman 1: Multiplicador recibido - Game ID: 11041642613, Multiplicador: 9.8x
---
[10/11/2025, 11:52:34 a. m.] Spaceman 1: Multiplicador recibido - Game ID: 11041642613, Multiplicador: 9.84x
---
[10/11/2025, 11:52:34 a. m.] Spaceman 1: Multiplicador recibido - Game ID: 11041642613, Multiplicador: 9.88x
---
[10/11/2025, 11:52:34 a. m.] Spaceman 1: Multiplicador recibido - Game ID: 11041642613, Multiplicador: 9.92x
---
[10/11/2025, 11:52:34 a. m.] Spaceman 1: Multiplicador recibido - Game ID: 11041642613, Multiplicador: 9.96x
---
[10/11/2025, 11:52:34 a. m.] Spaceman 1: Multiplicador recibido - Game ID: 11041642613, Multiplicador: 10.01x
---
[10/11/2025, 11:52:34 a. m.] Spaceman 1: Multiplicador recibido - Game ID: 11041642613, Multiplicador: 10.05x
---
[10/11/2025, 11:52:34 a. m.] Spaceman 1: Multiplicador recibido - Game ID: 11041642613, Multiplicador: 10.09x
---
[10/11/2025, 11:52:34 a. m.] Spaceman 1: Multiplicador recibido - Game ID: 11041642613, Multiplicador: 10.13x
---
[10/11/2025, 11:52:34 a. m.] Spaceman 1: Multiplicador recibido - Game ID: 11041642613, Multiplicador: 10.17x
---
[10/11/2025, 11:52:34 a. m.] Spaceman 1: Multiplicador recibido - Game ID: 11041642613, Multiplicador: 10.26x
---
[10/11/2025, 11:52:34 a. m.] Spaceman 1: Multiplicador recibido - Game ID: 11041642613, Multiplicador: 10.3x
---
[10/11/2025, 11:52:34 a. m.] Spaceman 1: Multiplicador recibido - Game ID: 11041642613, Multiplicador: 10.35x
---
[10/11/2025, 11:52:34 a. m.] Spaceman 1: Multiplicador recibido - Game ID: 11041642613, Multiplicador: 10.39x
---
[10/11/2025, 11:52:34 a. m.] Spaceman 1: Multiplicador recibido - Game ID: 11041642613, Multiplicador: 10.43x
---
[10/11/2025, 11:52:34 a. m.] Spaceman 1: Multiplicador recibido - Game ID: 11041642613, Multiplicador: 10.48x
---
[10/11/2025, 11:52:34 a. m.] Spaceman 1: Multiplicador recibido - Game ID: 11041642613, Multiplicador: 10.53x
---
[10/11/2025, 11:52:34 a. m.] Spaceman 1: Multiplicador recibido - Game ID: 11041642613, Multiplicador: 10.57x
---
[10/11/2025, 11:52:35 a. m.] Spaceman 1: Multiplicador recibido - Game ID: 11041642613, Multiplicador: 10.61x
---
[10/11/2025, 11:52:35 a. m.] Spaceman 1: Multiplicador recibido - Game ID: 11041642613, Multiplicador: 10.66x
---
[10/11/2025, 11:52:35 a. m.] Spaceman 1: Multiplicador recibido - Game ID: 11041642613, Multiplicador: 10.7x
---
[10/11/2025, 11:52:35 a. m.] Spaceman 1: Multiplicador recibido - Game ID: 11041642613, Multiplicador: 10.75x
---
[10/11/2025, 11:52:35 a. m.] Spaceman 1: Multiplicador recibido - Game ID: 11041642613, Multiplicador: 10.84x
---
[10/11/2025, 11:52:35 a. m.] Spaceman 1: Multiplicador recibido - Game ID: 11041642613, Multiplicador: 10.88x
---
[10/11/2025, 11:52:35 a. m.] Spaceman 1: Multiplicador recibido - Game ID: 11041642613, Multiplicador: 10.93x
---
[10/11/2025, 11:52:35 a. m.] Spaceman 1: Multiplicador recibido - Game ID: 11041642613, Multiplicador: 10.97x
---
[10/11/2025, 11:52:35 a. m.] Spaceman 1: Multiplicador recibido - Game ID: 11041642613, Multiplicador: 11.02x
---
[10/11/2025, 11:52:35 a. m.] Spaceman 1: Multiplicador recibido - Game ID: 11041642613, Multiplicador: 11.07x
---
[10/11/2025, 11:52:35 a. m.] Spaceman 1: Multiplicador recibido - Game ID: 11041642613, Multiplicador: 11.12x
---
[10/11/2025, 11:52:35 a. m.] Spaceman 1: Multiplicador recibido - Game ID: 11041642613, Multiplicador: 11.17x
---
[10/11/2025, 11:52:35 a. m.] Spaceman 1: Multiplicador recibido - Game ID: 11041642613, Multiplicador: 11.22x
---
[10/11/2025, 11:52:35 a. m.] Spaceman 1: Multiplicador recibido - Game ID: 11041642613, Multiplicador: 11.27x
---
[10/11/2025, 11:52:35 a. m.] Spaceman 1: Multiplicador recibido - Game ID: 11041642613, Multiplicador: 11.32x
---
[10/11/2025, 11:52:35 a. m.] Spaceman 1: Multiplicador recibido - Game ID: 11041642613, Multiplicador: 11.37x
---
[10/11/2025, 11:52:35 a. m.] Spaceman 1: Multiplicador recibido - Game ID: 11041642613, Multiplicador: 11.41x
---
[10/11/2025, 11:52:35 a. m.] Spaceman 1: Multiplicador recibido - Game ID: 11041642613, Multiplicador: 11.46x
---
[10/11/2025, 11:52:35 a. m.] Spaceman 1: Multiplicador recibido - Game ID: 11041642613, Multiplicador: 11.51x
---
[10/11/2025, 11:52:36 a. m.] Spaceman 1: Multiplicador recibido - Game ID: 11041642613, Multiplicador: 11.55x
---
[10/11/2025, 11:52:36 a. m.] Spaceman 1: Multiplicador recibido - Game ID: 11041642613, Multiplicador: 11.61x
---
[10/11/2025, 11:52:36 a. m.] Spaceman 1: Multiplicador recibido - Game ID: 11041642613, Multiplicador: 11.66x
---
[10/11/2025, 11:52:36 a. m.] Spaceman 1: Multiplicador recibido - Game ID: 11041642613, Multiplicador: 11.71x
---
[10/11/2025, 11:52:36 a. m.] Spaceman 1: Multiplicador recibido - Game ID: 11041642613, Multiplicador: 11.76x
---
[10/11/2025, 11:52:36 a. m.] Spaceman 1: Multiplicador recibido - Game ID: 11041642613, Multiplicador: 11.81x
---
[10/11/2025, 11:52:36 a. m.] Spaceman 1: Multiplicador recibido - Game ID: 11041642613, Multiplicador: 11.87x
---
[10/11/2025, 11:52:36 a. m.] Spaceman 1: Multiplicador recibido - Game ID: 11041642613, Multiplicador: 11.91x
---
[10/11/2025, 11:52:36 a. m.] Spaceman 1: Multiplicador recibido - Game ID: 11041642613, Multiplicador: 11.96x
---
[10/11/2025, 11:52:36 a. m.] Spaceman 1: Multiplicador recibido - Game ID: 11041642613, Multiplicador: 12.01x
---
[10/11/2025, 11:52:36 a. m.] Spaceman 1: Multiplicador recibido - Game ID: 11041642613, Multiplicador: 12.06x
---
[10/11/2025, 11:52:36 a. m.] Spaceman 1: Multiplicador recibido - Game ID: 11041642613, Multiplicador: 12.11x
---
[10/11/2025, 11:52:36 a. m.] Spaceman 1: Multiplicador recibido - Game ID: 11041642613, Multiplicador: 12.16x
---
[10/11/2025, 11:52:36 a. m.] Spaceman 1: Multiplicador recibido - Game ID: 11041642613, Multiplicador: 12.26x
---
[10/11/2025, 11:52:36 a. m.] Spaceman 1: Multiplicador recibido - Game ID: 11041642613, Multiplicador: 12.31x
---
[10/11/2025, 11:52:36 a. m.] Spaceman 1: Multiplicador recibido - Game ID: 11041642613, Multiplicador: 12.36x
---
[10/11/2025, 11:52:36 a. m.] Spaceman 1: Multiplicador recibido - Game ID: 11041642613, Multiplicador: 12.41x
---
[10/11/2025, 11:52:36 a. m.] Spaceman 1: Multiplicador recibido - Game ID: 11041642613, Multiplicador: 12.46x
---
[10/11/2025, 11:52:36 a. m.] Spaceman 1: Multiplicador recibido - Game ID: 11041642613, Multiplicador: 12.52x
---
[10/11/2025, 11:52:37 a. m.] Spaceman 1: Multiplicador recibido - Game ID: 11041642613, Multiplicador: 12.57x
---
[10/11/2025, 11:52:37 a. m.] Spaceman 1: Multiplicador recibido - Game ID: 11041642613, Multiplicador: 12.62x
---
[10/11/2025, 11:52:37 a. m.] Spaceman 1: Multiplicador recibido - Game ID: 11041642613, Multiplicador: 12.68x
---
[10/11/2025, 11:52:37 a. m.] Spaceman 1: Multiplicador recibido - Game ID: 11041642613, Multiplicador: 12.72x
---
[10/11/2025, 11:52:37 a. m.] Spaceman 1: Multiplicador recibido - Game ID: 11041642613, Multiplicador: 12.78x
---
[10/11/2025, 11:52:37 a. m.] Spaceman 1: Multiplicador recibido - Game ID: 11041642613, Multiplicador: 12.84x
---
[10/11/2025, 11:52:37 a. m.] Spaceman 1: Multiplicador recibido - Game ID: 11041642613, Multiplicador: 12.89x
---
[10/11/2025, 11:52:37 a. m.] Spaceman 1: Multiplicador recibido - Game ID: 11041642613, Multiplicador: 12.95x
---
[10/11/2025, 11:52:37 a. m.] Spaceman 1: Multiplicador recibido - Game ID: 11041642613, Multiplicador: 13x
---
[10/11/2025, 11:52:37 a. m.] Spaceman 1: Multiplicador recibido - Game ID: 11041642613, Multiplicador: 13.1x
---
[10/11/2025, 11:52:37 a. m.] Spaceman 1: Multiplicador recibido - Game ID: 11041642613, Multiplicador: 13.16x
---
[10/11/2025, 11:52:37 a. m.] Spaceman 1: Multiplicador recibido - Game ID: 11041642613, Multiplicador: 13.21x
---
[10/11/2025, 11:52:37 a. m.] Spaceman 1: Multiplicador recibido - Game ID: 11041642613, Multiplicador: 13.27x
---
[10/11/2025, 11:52:37 a. m.] Spaceman 1: Multiplicador recibido - Game ID: 11041642613, Multiplicador: 13.33x
---
[10/11/2025, 11:52:37 a. m.] Spaceman 1: Multiplicador recibido - Game ID: 11041642613, Multiplicador: 13.38x
---
[10/11/2025, 11:52:37 a. m.] Spaceman 1: Multiplicador recibido - Game ID: 11041642613, Multiplicador: 13.44x
---
[10/11/2025, 11:52:37 a. m.] Spaceman 1: Multiplicador recibido - Game ID: 11041642613, Multiplicador: 13.5x
---
[10/11/2025, 11:52:37 a. m.] Spaceman 1: Multiplicador recibido - Game ID: 11041642613, Multiplicador: 13.55x
---
[10/11/2025, 11:52:37 a. m.] Spaceman 1: Multiplicador recibido - Game ID: 11041642613, Multiplicador: 13.61x
---
[10/11/2025, 11:52:38 a. m.] Spaceman 1: Multiplicador recibido - Game ID: 11041642613, Multiplicador: 13.67x
---
[10/11/2025, 11:52:38 a. m.] Spaceman 1: Multiplicador recibido - Game ID: 11041642613, Multiplicador: 13.73x
---
[10/11/2025, 11:52:38 a. m.] Spaceman 1: Multiplicador recibido - Game ID: 11041642613, Multiplicador: 13.78x
---
[10/11/2025, 11:52:38 a. m.] Spaceman 1: Multiplicador recibido - Game ID: 11041642613, Multiplicador: 13.85x
---
[10/11/2025, 11:52:38 a. m.] Spaceman 1: Multiplicador recibido - Game ID: 11041642613, Multiplicador: 13.9x
---
[10/11/2025, 11:52:38 a. m.] Spaceman 1: Multiplicador recibido - Game ID: 11041642613, Multiplicador: 14.02x
---
[10/11/2025, 11:52:38 a. m.] Spaceman 1: Multiplicador recibido - Game ID: 11041642613, Multiplicador: 14.08x
---
[10/11/2025, 11:52:38 a. m.] Spaceman 1: Multiplicador recibido - Game ID: 11041642613, Multiplicador: 14.14x
---
[10/11/2025, 11:52:38 a. m.] Spaceman 1: Multiplicador recibido - Game ID: 11041642613, Multiplicador: 14.2x
---
[10/11/2025, 11:52:38 a. m.] Spaceman 1: Multiplicador recibido - Game ID: 11041642613, Multiplicador: 14.26x
---
[10/11/2025, 11:52:38 a. m.] Spaceman 1: Multiplicador recibido - Game ID: 11041642613, Multiplicador: 14.32x
---
[10/11/2025, 11:52:38 a. m.] Spaceman 1: Multiplicador recibido - Game ID: 11041642613, Multiplicador: 14.38x
---
[10/11/2025, 11:52:38 a. m.] Spaceman 1: Multiplicador recibido - Game ID: 11041642613, Multiplicador: 14.44x
---
[10/11/2025, 11:52:38 a. m.] Spaceman 1: Multiplicador recibido - Game ID: 11041642613, Multiplicador: 14.51x
---
[10/11/2025, 11:52:38 a. m.] Spaceman 1: Multiplicador recibido - Game ID: 11041642613, Multiplicador: 14.57x
---
[10/11/2025, 11:52:38 a. m.] Spaceman 1: Multiplicador recibido - Game ID: 11041642613, Multiplicador: 14.63x
---
[10/11/2025, 11:52:38 a. m.] Spaceman 1: Multiplicador recibido - Game ID: 11041642613, Multiplicador: 14.69x
---
[10/11/2025, 11:52:39 a. m.] Spaceman 1: Multiplicador recibido - Game ID: 11041642613, Multiplicador: 14.82x
---
[10/11/2025, 11:52:39 a. m.] Spaceman 1: Multiplicador recibido - Game ID: 11041642613, Multiplicador: 14.89x
---
[10/11/2025, 11:52:39 a. m.] Spaceman 1: Multiplicador recibido - Game ID: 11041642613, Multiplicador: 14.95x
---
[10/11/2025, 11:52:39 a. m.] Spaceman 1: Multiplicador recibido - Game ID: 11041642613, Multiplicador: 15x
---
[10/11/2025, 11:52:39 a. m.] Spaceman 1: Multiplicador recibido - Game ID: 11041642613, Multiplicador: 15.07x
---
[10/11/2025, 11:52:39 a. m.] Spaceman 1: Multiplicador recibido - Game ID: 11041642613, Multiplicador: 15.13x
---
[10/11/2025, 11:52:39 a. m.] Spaceman 1: Multiplicador recibido - Game ID: 11041642613, Multiplicador: 15.2x
---
[10/11/2025, 11:52:39 a. m.] Spaceman 1: Multiplicador recibido - Game ID: 11041642613, Multiplicador: 15.26x
---
[10/11/2025, 11:52:39 a. m.] Spaceman 1: Multiplicador recibido - Game ID: 11041642613, Multiplicador: 15.32x
---
[10/11/2025, 11:52:39 a. m.] Spaceman 1: Multiplicador recibido - Game ID: 11041642613, Multiplicador: 15.39x
---
[10/11/2025, 11:52:39 a. m.] Spaceman 1: Multiplicador recibido - Game ID: 11041642613, Multiplicador: 15.45x
---
[10/11/2025, 11:52:39 a. m.] Spaceman 1: Multiplicador recibido - Game ID: 11041642613, Multiplicador: 15.52x
---
[10/11/2025, 11:52:39 a. m.] Spaceman 1: Multiplicador recibido - Game ID: 11041642613, Multiplicador: 15.58x
---
[10/11/2025, 11:52:39 a. m.] Spaceman 1: Multiplicador recibido - Game ID: 11041642613, Multiplicador: 15.65x
---
[10/11/2025, 11:52:39 a. m.] Spaceman 1: Multiplicador recibido - Game ID: 11041642613, Multiplicador: 15.72x
---
[10/11/2025, 11:52:39 a. m.] Spaceman 1: Multiplicador recibido - Game ID: 11041642613, Multiplicador: 15.85x
---
[10/11/2025, 11:52:39 a. m.] Spaceman 1: Multiplicador recibido - Game ID: 11041642613, Multiplicador: 15.92x
---
[10/11/2025, 11:52:39 a. m.] Spaceman 1: Multiplicador recibido - Game ID: 11041642613, Multiplicador: 15.98x
---
[10/11/2025, 11:52:39 a. m.] Spaceman 1: Multiplicador recibido - Game ID: 11041642613, Multiplicador: 16.06x
---
[10/11/2025, 11:52:40 a. m.] Spaceman 1: Multiplicador recibido - Game ID: 11041642613, Multiplicador: 16.12x
---
[10/11/2025, 11:52:40 a. m.] Spaceman 1: Multiplicador recibido - Game ID: 11041642613, Multiplicador: 16.18x
---
[10/11/2025, 11:52:40 a. m.] Spaceman 1: Ping enviado: 1762793560110
---
[10/11/2025, 11:52:40 a. m.] Spaceman 1: Multiplicador recibido - Game ID: 11041642613, Multiplicador: 16.25x
---
[10/11/2025, 11:52:40 a. m.] Spaceman 1: Multiplicador recibido - Game ID: 11041642613, Multiplicador: 16.31x
---
[10/11/2025, 11:52:40 a. m.] Spaceman 1: Multiplicador recibido - Game ID: 11041642613, Multiplicador: 16.39x
---
[10/11/2025, 11:52:40 a. m.] Spaceman 1: Multiplicador recibido - Game ID: 11041642613, Multiplicador: 16.46x
---
[10/11/2025, 11:52:40 a. m.] Spaceman 1: Multiplicador recibido - Game ID: 11041642613, Multiplicador: 16.53x
---
[10/11/2025, 11:52:40 a. m.] Spaceman 1: Multiplicador recibido - Game ID: 11041642613, Multiplicador: 16.61x
---
[10/11/2025, 11:52:40 a. m.] Spaceman 1: Multiplicador recibido - Game ID: 11041642613, Multiplicador: 16.69x
---
[10/11/2025, 11:52:40 a. m.] Spaceman 1: Multiplicador recibido - Game ID: 11041642613, Multiplicador: 16.75x
---
[10/11/2025, 11:52:40 a. m.] Spaceman 1: Multiplicador recibido - Game ID: 11041642613, Multiplicador: 16.82x
---
[10/11/2025, 11:52:40 a. m.] Spaceman 1: Multiplicador recibido - Game ID: 11041642613, Multiplicador: 16.94x
---
[10/11/2025, 11:52:40 a. m.] Spaceman 1: Multiplicador recibido - Game ID: 11041642613, Multiplicador: 17x
---
[10/11/2025, 11:52:40 a. m.] Spaceman 1: Multiplicador recibido - Game ID: 11041642613, Multiplicador: 17.07x
---
[10/11/2025, 11:52:40 a. m.] Spaceman 1: Multiplicador recibido - Game ID: 11041642613, Multiplicador: 17.14x
---
[10/11/2025, 11:52:40 a. m.] Spaceman 1: Multiplicador recibido - Game ID: 11041642613, Multiplicador: 17.21x
---
[10/11/2025, 11:52:40 a. m.] Spaceman 1: Multiplicador recibido - Game ID: 11041642613, Multiplicador: 17.29x
---
[10/11/2025, 11:52:40 a. m.] Spaceman 1: Multiplicador recibido - Game ID: 11041642613, Multiplicador: 17.36x
---
[10/11/2025, 11:52:40 a. m.] Spaceman 1: Multiplicador recibido - Game ID: 11041642613, Multiplicador: 17.43x
---
[10/11/2025, 11:52:41 a. m.] Spaceman 1: Multiplicador recibido - Game ID: 11041642613, Multiplicador: 17.5x
---
[10/11/2025, 11:52:41 a. m.] Spaceman 1: Multiplicador recibido - Game ID: 11041642613, Multiplicador: 17.59x
---
[10/11/2025, 11:52:41 a. m.] Spaceman 1: Multiplicador recibido - Game ID: 11041642613, Multiplicador: 17.66x
---
[10/11/2025, 11:52:41 a. m.] Spaceman 1: Multiplicador recibido - Game ID: 11041642613, Multiplicador: 17.73x
---
[10/11/2025, 11:52:41 a. m.] Spaceman 1: Multiplicador recibido - Game ID: 11041642613, Multiplicador: 17.8x
---
[10/11/2025, 11:52:41 a. m.] Spaceman 1: Multiplicador recibido - Game ID: 11041642613, Multiplicador: 17.91x
---
[10/11/2025, 11:52:41 a. m.] Spaceman 1: Multiplicador recibido - Game ID: 11041642613, Multiplicador: 17.98x
---
[10/11/2025, 11:52:41 a. m.] Spaceman 1: Multiplicador recibido - Game ID: 11041642613, Multiplicador: 18.05x
---
[10/11/2025, 11:52:41 a. m.] Spaceman 1: Multiplicador recibido - Game ID: 11041642613, Multiplicador: 18.13x
---
[10/11/2025, 11:52:41 a. m.] Spaceman 1: Multiplicador recibido - Game ID: 11041642613, Multiplicador: 18.2x
---
[10/11/2025, 11:52:41 a. m.] Spaceman 1: Multiplicador recibido - Game ID: 11041642613, Multiplicador: 18.28x
---
[10/11/2025, 11:52:41 a. m.] Spaceman 1: Multiplicador recibido - Game ID: 11041642613, Multiplicador: 18.35x
---
[10/11/2025, 11:52:41 a. m.] Spaceman 1: Multiplicador recibido - Game ID: 11041642613, Multiplicador: 18.43x
---
[10/11/2025, 11:52:41 a. m.] Spaceman 1: Multiplicador recibido - Game ID: 11041642613, Multiplicador: 18.51x
---
[10/11/2025, 11:52:41 a. m.] Spaceman 1: Multiplicador recibido - Game ID: 11041642613, Multiplicador: 18.58x
---
[10/11/2025, 11:52:41 a. m.] Spaceman 1: Multiplicador recibido - Game ID: 11041642613, Multiplicador: 18.66x
---
[10/11/2025, 11:52:41 a. m.] Spaceman 1: Multiplicador recibido - Game ID: 11041642613, Multiplicador: 18.74x
---
[10/11/2025, 11:52:41 a. m.] Spaceman 1: Multiplicador recibido - Game ID: 11041642613, Multiplicador: 18.82x
---
[10/11/2025, 11:52:41 a. m.] Spaceman 1: Multiplicador recibido - Game ID: 11041642613, Multiplicador: 18.89x
---
[10/11/2025, 11:52:41 a. m.] Spaceman 1: Multiplicador recibido - Game ID: 11041642613, Multiplicador: 18.98x
---
[10/11/2025, 11:52:42 a. m.] Spaceman 1: Multiplicador recibido - Game ID: 11041642613, Multiplicador: 19.07x
---
[10/11/2025, 11:52:42 a. m.] Spaceman 1: Multiplicador recibido - Game ID: 11041642613, Multiplicador: 19.14x
---
[10/11/2025, 11:52:42 a. m.] Spaceman 1: Multiplicador recibido - Game ID: 11041642613, Multiplicador: 19.25x
---
[10/11/2025, 11:52:42 a. m.] Spaceman 1: Multiplicador recibido - Game ID: 11041642613, Multiplicador: 19.36x
---
[10/11/2025, 11:52:42 a. m.] Spaceman 1: Multiplicador recibido - Game ID: 11041642613, Multiplicador: 19.43x
---
[10/11/2025, 11:52:42 a. m.] Spaceman 1: Multiplicador recibido - Game ID: 11041642613, Multiplicador: 19.51x
---
[10/11/2025, 11:52:42 a. m.] Spaceman 1: Multiplicador recibido - Game ID: 11041642613, Multiplicador: 19.58x
---
[10/11/2025, 11:52:42 a. m.] Spaceman 1: Multiplicador recibido - Game ID: 11041642613, Multiplicador: 19.67x
---
[10/11/2025, 11:52:42 a. m.] Spaceman 1: Multiplicador recibido - Game ID: 11041642613, Multiplicador: 19.75x
---
[10/11/2025, 11:52:42 a. m.] Spaceman 1: Multiplicador recibido - Game ID: 11041642613, Multiplicador: 19.83x
---
[10/11/2025, 11:52:42 a. m.] Spaceman 1: Multiplicador recibido - Game ID: 11041642613, Multiplicador: 19.91x
---
[10/11/2025, 11:52:42 a. m.] Spaceman 1: Multiplicador recibido - Game ID: 11041642613, Multiplicador: 20x
---
[10/11/2025, 11:52:42 a. m.] Spaceman 1: Multiplicador recibido - Game ID: 11041642613, Multiplicador: 20.08x
---
[10/11/2025, 11:52:42 a. m.] Spaceman 1: Multiplicador recibido - Game ID: 11041642613, Multiplicador: 20.17x
---
[10/11/2025, 11:52:42 a. m.] Spaceman 1: Multiplicador recibido - Game ID: 11041642613, Multiplicador: 20.25x
---
[10/11/2025, 11:52:42 a. m.] Spaceman 1: Multiplicador recibido - Game ID: 11041642613, Multiplicador: 20.35x
---
[10/11/2025, 11:52:42 a. m.] Spaceman 1: Multiplicador recibido - Game ID: 11041642613, Multiplicador: 20.44x
---
[10/11/2025, 11:52:42 a. m.] Spaceman 1: Multiplicador recibido - Game ID: 11041642613, Multiplicador: 20.52x
---
[10/11/2025, 11:52:42 a. m.] Spaceman 1: Multiplicador recibido - Game ID: 11041642613, Multiplicador: 20.61x
---
[10/11/2025, 11:52:43 a. m.] Spaceman 1: Multiplicador recibido - Game ID: 11041642613, Multiplicador: 20.7x
---
[10/11/2025, 11:52:43 a. m.] Spaceman 1: Multiplicador recibido - Game ID: 11041642613, Multiplicador: 20.78x
---
[10/11/2025, 11:52:43 a. m.] Spaceman 1: Multiplicador recibido - Game ID: 11041642613, Multiplicador: 20.87x
---
[10/11/2025, 11:52:43 a. m.] Spaceman 1: Multiplicador recibido - Game ID: 11041642613, Multiplicador: 20.97x
---
[10/11/2025, 11:52:43 a. m.] Spaceman 1: Multiplicador recibido - Game ID: 11041642613, Multiplicador: 21.06x
---
[10/11/2025, 11:52:43 a. m.] Spaceman 1: Multiplicador recibido - Game ID: 11041642613, Multiplicador: 21.16x
---
[10/11/2025, 11:52:43 a. m.] Spaceman 1: Multiplicador recibido - Game ID: 11041642613, Multiplicador: 21.24x
---
[10/11/2025, 11:52:43 a. m.] Spaceman 1: Multiplicador recibido - Game ID: 11041642613, Multiplicador: 21.33x
---
[10/11/2025, 11:52:43 a. m.] Spaceman 1: Multiplicador recibido - Game ID: 11041642613, Multiplicador: 21.43x
---
[10/11/2025, 11:52:43 a. m.] Spaceman 1: Multiplicador recibido - Game ID: 11041642613, Multiplicador: 21.53x
---
[10/11/2025, 11:52:43 a. m.] Spaceman 1: Multiplicador recibido - Game ID: 11041642613, Multiplicador: 21.63x
---
[10/11/2025, 11:52:43 a. m.] Spaceman 1: Multiplicador recibido - Game ID: 11041642613, Multiplicador: 21.76x
---
[10/11/2025, 11:52:43 a. m.] Spaceman 1: Multiplicador recibido - Game ID: 11041642613, Multiplicador: 21.86x
---
[10/11/2025, 11:52:43 a. m.] Spaceman 1: Multiplicador recibido - Game ID: 11041642613, Multiplicador: 21.94x
---
[10/11/2025, 11:52:43 a. m.] Spaceman 1: Multiplicador recibido - Game ID: 11041642613, Multiplicador: 22.03x
---
[10/11/2025, 11:52:43 a. m.] Spaceman 1: Multiplicador recibido - Game ID: 11041642613, Multiplicador: 22.13x
---
[10/11/2025, 11:52:43 a. m.] Spaceman 1: Multiplicador recibido - Game ID: 11041642613, Multiplicador: 22.24x
---
[10/11/2025, 11:52:43 a. m.] Spaceman 1: Multiplicador recibido - Game ID: 11041642613, Multiplicador: 22.34x
---
[10/11/2025, 11:52:44 a. m.] Spaceman 1: Multiplicador recibido - Game ID: 11041642613, Multiplicador: 22.43x
---
[10/11/2025, 11:52:44 a. m.] Spaceman 1: Multiplicador recibido - Game ID: 11041642613, Multiplicador: 22.52x
---
[10/11/2025, 11:52:44 a. m.] Spaceman 1: Multiplicador recibido - Game ID: 11041642613, Multiplicador: 22.62x
---
[10/11/2025, 11:52:44 a. m.] Spaceman 1: Multiplicador recibido - Game ID: 11041642613, Multiplicador: 22.71x
---
[10/11/2025, 11:52:44 a. m.] Spaceman 1: Multiplicador recibido - Game ID: 11041642613, Multiplicador: 22.8x
---
[10/11/2025, 11:52:44 a. m.] Spaceman 1: Multiplicador recibido - Game ID: 11041642613, Multiplicador: 22.89x
---
[10/11/2025, 11:52:44 a. m.] Spaceman 1: Multiplicador recibido - Game ID: 11041642613, Multiplicador: 22.99x
---
[10/11/2025, 11:52:44 a. m.] Spaceman 1: Multiplicador recibido - Game ID: 11041642613, Multiplicador: 23.09x
---
[10/11/2025, 11:52:44 a. m.] Spaceman 1: Multiplicador recibido - Game ID: 11041642613, Multiplicador: 23.27x
---
[10/11/2025, 11:52:44 a. m.] Spaceman 1: Multiplicador recibido - Game ID: 11041642613, Multiplicador: 23.36x
---
[10/11/2025, 11:52:44 a. m.] Spaceman 1: Multiplicador recibido - Game ID: 11041642613, Multiplicador: 23.46x
---
[10/11/2025, 11:52:44 a. m.] Spaceman 1: Multiplicador recibido - Game ID: 11041642613, Multiplicador: 23.56x
---
[10/11/2025, 11:52:44 a. m.] Spaceman 1: Multiplicador recibido - Game ID: 11041642613, Multiplicador: 23.67x
---
[10/11/2025, 11:52:44 a. m.] Spaceman 1: Multiplicador recibido - Game ID: 11041642613, Multiplicador: 23.78x
---
[10/11/2025, 11:52:44 a. m.] Spaceman 1: Multiplicador recibido - Game ID: 11041642613, Multiplicador: 23.88x
---
[10/11/2025, 11:52:44 a. m.] Spaceman 1: Multiplicador recibido - Game ID: 11041642613, Multiplicador: 23.98x
---
[10/11/2025, 11:52:44 a. m.] Spaceman 1: Multiplicador recibido - Game ID: 11041642613, Multiplicador: 24.07x
---
[10/11/2025, 11:52:44 a. m.] Spaceman 1: Multiplicador recibido - Game ID: 11041642613, Multiplicador: 24.17x
---
[10/11/2025, 11:52:44 a. m.] Spaceman 1: Multiplicador recibido - Game ID: 11041642613, Multiplicador: 24.28x
---
[10/11/2025, 11:52:45 a. m.] Spaceman 1: Multiplicador recibido - Game ID: 11041642613, Multiplicador: 24.39x
---
[10/11/2025, 11:52:45 a. m.] Spaceman 1: Multiplicador recibido - Game ID: 11041642613, Multiplicador: 24.49x
---
[10/11/2025, 11:52:45 a. m.] Spaceman 1: Multiplicador recibido - Game ID: 11041642613, Multiplicador: 24.61x
---
[10/11/2025, 11:52:45 a. m.] Spaceman 1: Multiplicador recibido - Game ID: 11041642613, Multiplicador: 24.71x
---
[10/11/2025, 11:52:45 a. m.] Spaceman 1: Multiplicador recibido - Game ID: 11041642613, Multiplicador: 24.81x
---
[10/11/2025, 11:52:45 a. m.] Spaceman 1: Multiplicador recibido - Game ID: 11041642613, Multiplicador: 24.92x
---
[10/11/2025, 11:52:45 a. m.] Spaceman 1: Multiplicador recibido - Game ID: 11041642613, Multiplicador: 25.02x
---
[10/11/2025, 11:52:45 a. m.] Spaceman 1: Multiplicador recibido - Game ID: 11041642613, Multiplicador: 25.12x
---
[10/11/2025, 11:52:45 a. m.] Spaceman 1: Multiplicador recibido - Game ID: 11041642613, Multiplicador: 25.23x
---
[10/11/2025, 11:52:45 a. m.] Spaceman 1: Multiplicador recibido - Game ID: 11041642613, Multiplicador: 25.34x
---
[10/11/2025, 11:52:45 a. m.] Spaceman 1: Multiplicador recibido - Game ID: 11041642613, Multiplicador: 25.45x
---
[10/11/2025, 11:52:45 a. m.] Spaceman 1: Multiplicador recibido - Game ID: 11041642613, Multiplicador: 25.56x
---
[10/11/2025, 11:52:45 a. m.] Spaceman 1: Multiplicador recibido - Game ID: 11041642613, Multiplicador: 25.68x
---
[10/11/2025, 11:52:45 a. m.] Spaceman 1: Multiplicador recibido - Game ID: 11041642613, Multiplicador: 25.79x
---
[10/11/2025, 11:52:45 a. m.] Spaceman 1: Multiplicador recibido - Game ID: 11041642613, Multiplicador: 25.9x
---
[10/11/2025, 11:52:45 a. m.] Spaceman 1: Multiplicador recibido - Game ID: 11041642613, Multiplicador: 26.02x
---
[10/11/2025, 11:52:45 a. m.] Spaceman 1: Multiplicador recibido - Game ID: 11041642613, Multiplicador: 26.13x
---
[10/11/2025, 11:52:45 a. m.] Spaceman 1: Multiplicador recibido - Game ID: 11041642613, Multiplicador: 26.33x
---
[10/11/2025, 11:52:45 a. m.] Spaceman 1: Multiplicador recibido - Game ID: 11041642613, Multiplicador: 26.44x
---
[10/11/2025, 11:52:46 a. m.] Spaceman 1: Multiplicador recibido - Game ID: 11041642613, Multiplicador: 26.55x
---
[10/11/2025, 11:52:46 a. m.] Spaceman 1: Multiplicador recibido - Game ID: 11041642613, Multiplicador: 26.66x
---
[10/11/2025, 11:52:46 a. m.] Spaceman 1: Multiplicador recibido - Game ID: 11041642613, Multiplicador: 26.79x
---
[10/11/2025, 11:52:46 a. m.] Spaceman 1: Multiplicador recibido - Game ID: 11041642613, Multiplicador: 26.9x
---
[10/11/2025, 11:52:46 a. m.] Spaceman 1: Multiplicador recibido - Game ID: 11041642613, Multiplicador: 27x
---
[10/11/2025, 11:52:46 a. m.] Spaceman 1: Multiplicador recibido - Game ID: 11041642613, Multiplicador: 27.12x
---
[10/11/2025, 11:52:46 a. m.] Spaceman 1: Multiplicador recibido - Game ID: 11041642613, Multiplicador: 27.22x
---
[10/11/2025, 11:52:46 a. m.] Spaceman 1: Multiplicador recibido - Game ID: 11041642613, Multiplicador: 27.35x
---
[10/11/2025, 11:52:46 a. m.] Spaceman 1: Multiplicador recibido - Game ID: 11041642613, Multiplicador: 27.46x
---
[10/11/2025, 11:52:46 a. m.] Spaceman 1: Multiplicador recibido - Game ID: 11041642613, Multiplicador: 27.58x
---
[10/11/2025, 11:52:46 a. m.] Spaceman 1: Multiplicador recibido - Game ID: 11041642613, Multiplicador: 27.69x
---
[10/11/2025, 11:52:46 a. m.] Spaceman 1: Multiplicador recibido - Game ID: 11041642613, Multiplicador: 27.8x
---
[10/11/2025, 11:52:46 a. m.] Spaceman 1: Multiplicador recibido - Game ID: 11041642613, Multiplicador: 27.91x
---
[10/11/2025, 11:52:46 a. m.] Spaceman 1: Multiplicador recibido - Game ID: 11041642613, Multiplicador: 28.13x
---
[10/11/2025, 11:52:46 a. m.] Spaceman 1: Multiplicador recibido - Game ID: 11041642613, Multiplicador: 28.25x
---
[10/11/2025, 11:52:46 a. m.] Spaceman 1: Multiplicador recibido - Game ID: 11041642613, Multiplicador: 28.37x
---
[10/11/2025, 11:52:46 a. m.] Spaceman 1: Multiplicador recibido - Game ID: 11041642613, Multiplicador: 28.49x
---
[10/11/2025, 11:52:46 a. m.] Spaceman 1: Multiplicador recibido - Game ID: 11041642613, Multiplicador: 28.62x
---
[10/11/2025, 11:52:47 a. m.] Spaceman 1: Multiplicador recibido - Game ID: 11041642613, Multiplicador: 28.74x
---
[10/11/2025, 11:52:47 a. m.] Spaceman 1: Multiplicador recibido - Game ID: 11041642613, Multiplicador: 28.88x
---
[10/11/2025, 11:52:47 a. m.] Spaceman 1: Multiplicador recibido - Game ID: 11041642613, Multiplicador: 29x
---
[10/11/2025, 11:52:47 a. m.] Spaceman 1: Multiplicador recibido - Game ID: 11041642613, Multiplicador: 29.12x
---
[10/11/2025, 11:52:47 a. m.] Spaceman 1: Multiplicador recibido - Game ID: 11041642613, Multiplicador: 29.25x
---
[10/11/2025, 11:52:47 a. m.] Spaceman 1: Multiplicador recibido - Game ID: 11041642613, Multiplicador: 29.37x
---
[10/11/2025, 11:52:47 a. m.] Spaceman 1: Multiplicador recibido - Game ID: 11041642613, Multiplicador: 29.5x
---
[10/11/2025, 11:52:47 a. m.] Spaceman 1: Multiplicador recibido - Game ID: 11041642613, Multiplicador: 29.76x
---
[10/11/2025, 11:52:47 a. m.] Spaceman 1: Multiplicador recibido - Game ID: 11041642613, Multiplicador: 29.87x
---
[10/11/2025, 11:52:47 a. m.] Spaceman 1: Multiplicador recibido - Game ID: 11041642613, Multiplicador: 30x
---
[10/11/2025, 11:52:47 a. m.] Spaceman 1: Multiplicador recibido - Game ID: 11041642613, Multiplicador: 30.13x
---
[10/11/2025, 11:52:47 a. m.] Spaceman 1: Multiplicador recibido - Game ID: 11041642613, Multiplicador: 30.27x
---
[10/11/2025, 11:52:47 a. m.] Spaceman 1: Multiplicador recibido - Game ID: 11041642613, Multiplicador: 30.38x
---
[10/11/2025, 11:52:47 a. m.] Spaceman 1: Multiplicador recibido - Game ID: 11041642613, Multiplicador: 30.51x
---
[10/11/2025, 11:52:47 a. m.] Spaceman 1: Multiplicador recibido - Game ID: 11041642613, Multiplicador: 30.63x
---
[10/11/2025, 11:52:47 a. m.] Spaceman 1: Multiplicador recibido - Game ID: 11041642613, Multiplicador: 30.75x
---
[10/11/2025, 11:52:47 a. m.] Spaceman 1: Multiplicador recibido - Game ID: 11041642613, Multiplicador: 30.87x
---
[10/11/2025, 11:52:47 a. m.] Spaceman 1: Multiplicador recibido - Game ID: 11041642613, Multiplicador: 31x
---
[10/11/2025, 11:52:47 a. m.] Spaceman 1: Multiplicador recibido - Game ID: 11041642613, Multiplicador: 31.14x
---
[10/11/2025, 11:52:48 a. m.] Spaceman 1: Multiplicador recibido - Game ID: 11041642613, Multiplicador: 31.27x
---
[10/11/2025, 11:52:48 a. m.] Spaceman 1: Multiplicador recibido - Game ID: 11041642613, Multiplicador: 31.4x
---
[10/11/2025, 11:52:48 a. m.] Spaceman 1: Multiplicador recibido - Game ID: 11041642613, Multiplicador: 31.54x
---
[10/11/2025, 11:52:48 a. m.] Spaceman 1: Multiplicador recibido - Game ID: 11041642613, Multiplicador: 31.67x
---
[10/11/2025, 11:52:48 a. m.] Spaceman 1: Multiplicador recibido - Game ID: 11041642613, Multiplicador: 31.85x
---
[10/11/2025, 11:52:48 a. m.] Spaceman 1: Multiplicador recibido - Game ID: 11041642613, Multiplicador: 32x
---
[10/11/2025, 11:52:48 a. m.] Spaceman 1: Multiplicador recibido - Game ID: 11041642613, Multiplicador: 32.14x
---
[10/11/2025, 11:52:48 a. m.] Spaceman 1: Multiplicador recibido - Game ID: 11041642613, Multiplicador: 32.28x
---
[10/11/2025, 11:52:48 a. m.] Spaceman 1: Multiplicador recibido - Game ID: 11041642613, Multiplicador: 32.4x
---
[10/11/2025, 11:52:48 a. m.] Spaceman 1: Multiplicador recibido - Game ID: 11041642613, Multiplicador: 32.55x
---
[10/11/2025, 11:52:48 a. m.] Spaceman 1: Multiplicador recibido - Game ID: 11041642613, Multiplicador: 32.69x
---
[10/11/2025, 11:52:48 a. m.] Spaceman 1: Multiplicador recibido - Game ID: 11041642613, Multiplicador: 32.83x
---
[10/11/2025, 11:52:48 a. m.] Spaceman 1: Multiplicador recibido - Game ID: 11041642613, Multiplicador: 32.97x
---
[10/11/2025, 11:52:48 a. m.] Spaceman 1: Multiplicador recibido - Game ID: 11041642613, Multiplicador: 33.11x
---
[10/11/2025, 11:52:48 a. m.] Spaceman 1: Multiplicador recibido - Game ID: 11041642613, Multiplicador: 33.23x
---
[10/11/2025, 11:52:48 a. m.] Spaceman 1: Multiplicador recibido - Game ID: 11041642613, Multiplicador: 33.39x
---
[10/11/2025, 11:52:48 a. m.] Spaceman 1: Multiplicador recibido - Game ID: 11041642613, Multiplicador: 33.61x
---
[10/11/2025, 11:52:48 a. m.] Spaceman 1: Multiplicador recibido - Game ID: 11041642613, Multiplicador: 33.75x
---
[10/11/2025, 11:52:48 a. m.] Spaceman 1: Multiplicador recibido - Game ID: 11041642613, Multiplicador: 33.89x
---
[10/11/2025, 11:52:49 a. m.] Spaceman 1: Multiplicador recibido - Game ID: 11041642613, Multiplicador: 34.03x
---
[10/11/2025, 11:52:49 a. m.] Spaceman 1: Multiplicador recibido - Game ID: 11041642613, Multiplicador: 34.18x
---
[10/11/2025, 11:52:49 a. m.] Spaceman 1: Multiplicador recibido - Game ID: 11041642613, Multiplicador: 34.32x
---
[10/11/2025, 11:52:49 a. m.] Spaceman 1: Multiplicador recibido - Game ID: 11041642613, Multiplicador: 34.47x
---
[10/11/2025, 11:52:49 a. m.] Spaceman 1: Multiplicador recibido - Game ID: 11041642613, Multiplicador: 34.6x
---
[10/11/2025, 11:52:49 a. m.] Spaceman 1: Multiplicador recibido - Game ID: 11041642613, Multiplicador: 34.76x
---
[10/11/2025, 11:52:49 a. m.] Spaceman 1: Multiplicador recibido - Game ID: 11041642613, Multiplicador: 34.9x
---
[10/11/2025, 11:52:49 a. m.] Spaceman 1: Multiplicador recibido - Game ID: 11041642613, Multiplicador: 35.05x
---
[10/11/2025, 11:52:49 a. m.] Spaceman 1: Multiplicador recibido - Game ID: 11041642613, Multiplicador: 35.18x
---
[10/11/2025, 11:52:49 a. m.] Spaceman 1: Multiplicador recibido - Game ID: 11041642613, Multiplicador: 35.33x
---
[10/11/2025, 11:52:49 a. m.] Spaceman 1: Multiplicador recibido - Game ID: 11041642613, Multiplicador: 35.48x
---
[10/11/2025, 11:52:49 a. m.] Spaceman 1: Multiplicador recibido - Game ID: 11041642613, Multiplicador: 35.63x
---
[10/11/2025, 11:52:49 a. m.] Spaceman 1: Multiplicador recibido - Game ID: 11041642613, Multiplicador: 35.88x
---
[10/11/2025, 11:52:49 a. m.] Spaceman 1: Multiplicador recibido - Game ID: 11041642613, Multiplicador: 36.02x
---
[10/11/2025, 11:52:49 a. m.] Spaceman 1: Multiplicador recibido - Game ID: 11041642613, Multiplicador: 36.18x
---
[10/11/2025, 11:52:49 a. m.] Spaceman 1: Multiplicador recibido - Game ID: 11041642613, Multiplicador: 36.34x
---
[10/11/2025, 11:52:49 a. m.] Spaceman 1: Multiplicador recibido - Game ID: 11041642613, Multiplicador: 36.5x
---
[10/11/2025, 11:52:49 a. m.] Spaceman 1: Multiplicador recibido - Game ID: 11041642613, Multiplicador: 36.65x
---
[10/11/2025, 11:52:49 a. m.] Spaceman 1: Multiplicador recibido - Game ID: 11041642613, Multiplicador: 36.79x
---
[10/11/2025, 11:52:50 a. m.] Spaceman 1: Multiplicador recibido - Game ID: 11041642613, Multiplicador: 36.95x
---
[10/11/2025, 11:52:50 a. m.] Spaceman 1: Multiplicador recibido - Game ID: 11041642613, Multiplicador: 37.1x
---
[10/11/2025, 11:52:50 a. m.] Spaceman 1: Multiplicador recibido - Game ID: 11041642613, Multiplicador: 37.25x
---
[10/11/2025, 11:52:50 a. m.] Spaceman 1: Ping enviado: 1762793570119
---
[10/11/2025, 11:52:50 a. m.] Spaceman 1: Multiplicador recibido - Game ID: 11041642613, Multiplicador: 37.4x
---
[10/11/2025, 11:52:50 a. m.] Spaceman 1: Multiplicador recibido - Game ID: 11041642613, Multiplicador: 37.58x
---
[10/11/2025, 11:52:50 a. m.] Spaceman 1: Multiplicador recibido - Game ID: 11041642613, Multiplicador: 37.75x
---
[10/11/2025, 11:52:50 a. m.] Spaceman 1: Multiplicador recibido - Game ID: 11041642613, Multiplicador: 37.89x
---
[10/11/2025, 11:52:50 a. m.] Spaceman 1: Multiplicador recibido - Game ID: 11041642613, Multiplicador: 38.07x
---
[10/11/2025, 11:52:50 a. m.] Spaceman 1: Multiplicador recibido - Game ID: 11041642613, Multiplicador: 38.22x
---
[10/11/2025, 11:52:50 a. m.] Spaceman 1: Multiplicador recibido - Game ID: 11041642613, Multiplicador: 38.51x
---
[10/11/2025, 11:52:50 a. m.] Spaceman 1: Multiplicador recibido - Game ID: 11041642613, Multiplicador: 38.68x
---
[10/11/2025, 11:52:50 a. m.] Spaceman 1: Multiplicador recibido - Game ID: 11041642613, Multiplicador: 38.84x
---
[10/11/2025, 11:52:50 a. m.] Spaceman 1: Multiplicador recibido - Game ID: 11041642613, Multiplicador: 39.01x
---
[10/11/2025, 11:52:50 a. m.] Spaceman 1: Multiplicador recibido - Game ID: 11041642613, Multiplicador: 39.19x
---
[10/11/2025, 11:52:50 a. m.] Spaceman 1: Multiplicador recibido - Game ID: 11041642613, Multiplicador: 39.36x
---
[10/11/2025, 11:52:50 a. m.] Spaceman 1: Multiplicador recibido - Game ID: 11041642613, Multiplicador: 39.53x
---
[10/11/2025, 11:52:50 a. m.] Spaceman 1: Multiplicador recibido - Game ID: 11041642613, Multiplicador: 39.71x
---
[10/11/2025, 11:52:50 a. m.] Spaceman 1: Multiplicador recibido - Game ID: 11041642613, Multiplicador: 39.88x
---
[10/11/2025, 11:52:50 a. m.] Spaceman 1: Multiplicador recibido - Game ID: 11041642613, Multiplicador: 40.04x
---
[10/11/2025, 11:52:51 a. m.] Spaceman 1: Multiplicador recibido - Game ID: 11041642613, Multiplicador: 40.21x
---
[10/11/2025, 11:52:51 a. m.] Spaceman 1: Multiplicador recibido - Game ID: 11041642613, Multiplicador: 40.38x
---
[10/11/2025, 11:52:51 a. m.] Spaceman 1: Multiplicador recibido - Game ID: 11041642613, Multiplicador: 40.57x
---
[10/11/2025, 11:52:51 a. m.] Spaceman 1: Multiplicador recibido - Game ID: 11041642613, Multiplicador: 40.77x
---
[10/11/2025, 11:52:51 a. m.] Spaceman 1: Multiplicador recibido - Game ID: 11041642613, Multiplicador: 40.93x
---
[10/11/2025, 11:52:51 a. m.] Spaceman 1: Multiplicador recibido - Game ID: 11041642613, Multiplicador: 41.1x
---
[10/11/2025, 11:52:51 a. m.] Spaceman 1: Multiplicador recibido - Game ID: 11041642613, Multiplicador: 41.29x
---
[10/11/2025, 11:52:51 a. m.] Spaceman 1: Multiplicador recibido - Game ID: 11041642613, Multiplicador: 41.46x
---
[10/11/2025, 11:52:51 a. m.] Spaceman 1: Multiplicador recibido - Game ID: 11041642613, Multiplicador: 41.65x
---
[10/11/2025, 11:52:51 a. m.] Spaceman 1: Multiplicador recibido - Game ID: 11041642613, Multiplicador: 41.82x
---
[10/11/2025, 11:52:51 a. m.] Spaceman 1: Multiplicador recibido - Game ID: 11041642613, Multiplicador: 42.01x
---
[10/11/2025, 11:52:51 a. m.] Spaceman 1: Multiplicador recibido - Game ID: 11041642613, Multiplicador: 42.2x
---
[10/11/2025, 11:52:51 a. m.] Spaceman 1: Multiplicador recibido - Game ID: 11041642613, Multiplicador: 42.37x
---
[10/11/2025, 11:52:51 a. m.] Spaceman 1: Multiplicador recibido - Game ID: 11041642613, Multiplicador: 42.55x
---
[10/11/2025, 11:52:51 a. m.] Spaceman 1: Multiplicador recibido - Game ID: 11041642613, Multiplicador: 42.73x
---
[10/11/2025, 11:52:51 a. m.] Spaceman 1: Multiplicador recibido - Game ID: 11041642613, Multiplicador: 42.92x
---
[10/11/2025, 11:52:51 a. m.] Spaceman 1: Multiplicador recibido - Game ID: 11041642613, Multiplicador: 43.1x
---
[10/11/2025, 11:52:51 a. m.] Spaceman 1: Multiplicador recibido - Game ID: 11041642613, Multiplicador: 43.29x
---
[10/11/2025, 11:52:52 a. m.] Spaceman 1: Multiplicador recibido - Game ID: 11041642613, Multiplicador: 43.64x
---
[10/11/2025, 11:52:52 a. m.] Spaceman 1: Multiplicador recibido - Game ID: 11041642613, Multiplicador: 43.83x
---
[10/11/2025, 11:52:52 a. m.] Spaceman 1: Multiplicador recibido - Game ID: 11041642613, Multiplicador: 44.01x
---
[10/11/2025, 11:52:52 a. m.] Spaceman 1: Multiplicador recibido - Game ID: 11041642613, Multiplicador: 44.2x
---
[10/11/2025, 11:52:52 a. m.] Spaceman 1: Multiplicador recibido - Game ID: 11041642613, Multiplicador: 44.38x
---
[10/11/2025, 11:52:52 a. m.] Spaceman 1: Multiplicador recibido - Game ID: 11041642613, Multiplicador: 44.55x
---
[10/11/2025, 11:52:52 a. m.] Spaceman 1: Multiplicador recibido - Game ID: 11041642613, Multiplicador: 44.72x
---
[10/11/2025, 11:52:52 a. m.] Spaceman 1: Multiplicador recibido - Game ID: 11041642613, Multiplicador: 44.92x
---
[10/11/2025, 11:52:52 a. m.] Spaceman 1: Multiplicador recibido - Game ID: 11041642613, Multiplicador: 45.12x
---
[10/11/2025, 11:52:52 a. m.] Spaceman 1: Multiplicador recibido - Game ID: 11041642613, Multiplicador: 45.33x
---
[10/11/2025, 11:52:52 a. m.] Spaceman 1: Multiplicador recibido - Game ID: 11041642613, Multiplicador: 45.52x
---
[10/11/2025, 11:52:52 a. m.] Spaceman 1: Multiplicador recibido - Game ID: 11041642613, Multiplicador: 45.72x
---
[10/11/2025, 11:52:52 a. m.] Spaceman 1: Multiplicador recibido - Game ID: 11041642613, Multiplicador: 45.91x
---
[10/11/2025, 11:52:52 a. m.] Spaceman 1: Multiplicador recibido - Game ID: 11041642613, Multiplicador: 46.11x
---
[10/11/2025, 11:52:52 a. m.] Spaceman 1: Multiplicador recibido - Game ID: 11041642613, Multiplicador: 46.32x
---
[10/11/2025, 11:52:52 a. m.] Spaceman 1: Multiplicador recibido - Game ID: 11041642613, Multiplicador: 46.54x
---
[10/11/2025, 11:52:52 a. m.] Spaceman 1: Multiplicador recibido - Game ID: 11041642613, Multiplicador: 46.73x
---
[10/11/2025, 11:52:52 a. m.] Spaceman 1: Multiplicador recibido - Game ID: 11041642613, Multiplicador: 46.93x
---
[10/11/2025, 11:52:52 a. m.] Spaceman 1: Multiplicador recibido - Game ID: 11041642613, Multiplicador: 47.15x
---
[10/11/2025, 11:52:53 a. m.] Spaceman 1: Multiplicador recibido - Game ID: 11041642613, Multiplicador: 47.35x
---
[10/11/2025, 11:52:53 a. m.] Spaceman 1: Multiplicador recibido - Game ID: 11041642613, Multiplicador: 47.55x
---
[10/11/2025, 11:52:53 a. m.] Spaceman 1: Multiplicador recibido - Game ID: 11041642613, Multiplicador: 47.76x
---
[10/11/2025, 11:52:53 a. m.] Spaceman 1: Multiplicador recibido - Game ID: 11041642613, Multiplicador: 47.96x
---
[10/11/2025, 11:52:53 a. m.] Spaceman 1: Multiplicador recibido - Game ID: 11041642613, Multiplicador: 48.16x
---
[10/11/2025, 11:52:53 a. m.] Spaceman 1: Multiplicador recibido - Game ID: 11041642613, Multiplicador: 48.36x
---
[10/11/2025, 11:52:53 a. m.] Spaceman 1: Multiplicador recibido - Game ID: 11041642613, Multiplicador: 48.59x
---
[10/11/2025, 11:52:53 a. m.] Spaceman 1: Multiplicador recibido - Game ID: 11041642613, Multiplicador: 48.78x
---
[10/11/2025, 11:52:53 a. m.] Spaceman 1: Multiplicador recibido - Game ID: 11041642613, Multiplicador: 48.96x
---
[10/11/2025, 11:52:53 a. m.] Spaceman 1: Multiplicador recibido - Game ID: 11041642613, Multiplicador: 49.19x
---
[10/11/2025, 11:52:53 a. m.] Spaceman 1: Multiplicador recibido - Game ID: 11041642613, Multiplicador: 49.43x
---
[10/11/2025, 11:52:53 a. m.] Spaceman 1: Multiplicador recibido - Game ID: 11041642613, Multiplicador: 49.64x
---
[10/11/2025, 11:52:53 a. m.] Spaceman 1: Multiplicador recibido - Game ID: 11041642613, Multiplicador: 49.86x
---
[10/11/2025, 11:52:53 a. m.] Spaceman 1: Multiplicador recibido - Game ID: 11041642613, Multiplicador: 50.07x
---
[10/11/2025, 11:52:53 a. m.] Spaceman 1: Multiplicador recibido - Game ID: 11041642613, Multiplicador: 50.28x
---
[10/11/2025, 11:52:53 a. m.] Spaceman 1: Multiplicador recibido - Game ID: 11041642613, Multiplicador: 50.5x
---
[10/11/2025, 11:52:53 a. m.] Spaceman 1: Multiplicador recibido - Game ID: 11041642613, Multiplicador: 50.72x
---
[10/11/2025, 11:52:53 a. m.] Spaceman 1: Multiplicador recibido - Game ID: 11041642613, Multiplicador: 50.96x
---
[10/11/2025, 11:52:53 a. m.] Spaceman 1: Multiplicador recibido - Game ID: 11041642613, Multiplicador: 51.18x
---
[10/11/2025, 11:52:53 a. m.] Spaceman 1: Multiplicador recibido - Game ID: 11041642613, Multiplicador: 51.4x
---
[10/11/2025, 11:52:54 a. m.] Spaceman 1: Multiplicador recibido - Game ID: 11041642613, Multiplicador: 51.63x
---
[10/11/2025, 11:52:54 a. m.] Spaceman 1: Multiplicador recibido - Game ID: 11041642613, Multiplicador: 51.85x
---
[10/11/2025, 11:52:54 a. m.] Spaceman 1: Multiplicador recibido - Game ID: 11041642613, Multiplicador: 52.09x
---
[10/11/2025, 11:52:54 a. m.] Spaceman 1: Multiplicador recibido - Game ID: 11041642613, Multiplicador: 52.3x
---
[10/11/2025, 11:52:54 a. m.] Spaceman 1: Multiplicador recibido - Game ID: 11041642613, Multiplicador: 52.51x
---
[10/11/2025, 11:52:54 a. m.] Spaceman 1: Multiplicador recibido - Game ID: 11041642613, Multiplicador: 52.87x
---
[10/11/2025, 11:52:54 a. m.] Spaceman 1: Multiplicador recibido - Game ID: 11041642613, Multiplicador: 53.09x
---
[10/11/2025, 11:52:54 a. m.] Spaceman 1: Multiplicador recibido - Game ID: 11041642613, Multiplicador: 53.31x
---
[10/11/2025, 11:52:54 a. m.] Spaceman 1: Multiplicador recibido - Game ID: 11041642613, Multiplicador: 53.53x
---
[10/11/2025, 11:52:54 a. m.] Spaceman 1: Multiplicador recibido - Game ID: 11041642613, Multiplicador: 53.74x
---
[10/11/2025, 11:52:54 a. m.] Spaceman 1: Multiplicador recibido - Game ID: 11041642613, Multiplicador: 53.96x
---
[10/11/2025, 11:52:54 a. m.] Spaceman 1: Multiplicador recibido - Game ID: 11041642613, Multiplicador: 54.21x
---
[10/11/2025, 11:52:54 a. m.] Spaceman 1: Multiplicador recibido - Game ID: 11041642613, Multiplicador: 54.42x
---
[10/11/2025, 11:52:54 a. m.] Spaceman 1: Multiplicador recibido - Game ID: 11041642613, Multiplicador: 54.64x
---
[10/11/2025, 11:52:54 a. m.] Spaceman 1: Multiplicador recibido - Game ID: 11041642613, Multiplicador: 54.89x
---
[10/11/2025, 11:52:54 a. m.] Spaceman 1: Multiplicador recibido - Game ID: 11041642613, Multiplicador: 55.11x
---
[10/11/2025, 11:52:54 a. m.] Spaceman 1: Multiplicador recibido - Game ID: 11041642613, Multiplicador: 55.34x
---
[10/11/2025, 11:52:54 a. m.] Spaceman 1: Multiplicador recibido - Game ID: 11041642613, Multiplicador: 55.76x
---
[10/11/2025, 11:52:55 a. m.] Spaceman 1: Multiplicador recibido - Game ID: 11041642613, Multiplicador: 56x
---
[10/11/2025, 11:52:55 a. m.] Spaceman 1: Multiplicador recibido - Game ID: 11041642613, Multiplicador: 56.23x
---
[10/11/2025, 11:52:55 a. m.] Spaceman 1: Multiplicador recibido - Game ID: 11041642613, Multiplicador: 56.45x
---
[10/11/2025, 11:52:55 a. m.] Spaceman 1: Multiplicador recibido - Game ID: 11041642613, Multiplicador: 56.67x
---
[10/11/2025, 11:52:55 a. m.] Spaceman 1: Multiplicador recibido - Game ID: 11041642613, Multiplicador: 56.89x
---
[10/11/2025, 11:52:55 a. m.] Spaceman 1: Multiplicador recibido - Game ID: 11041642613, Multiplicador: 57.11x
---
[10/11/2025, 11:52:55 a. m.] Spaceman 1: Multiplicador recibido - Game ID: 11041642613, Multiplicador: 57.36x
---
[10/11/2025, 11:52:55 a. m.] Spaceman 1: Multiplicador recibido - Game ID: 11041642613, Multiplicador: 57.61x
---
[10/11/2025, 11:52:55 a. m.] Spaceman 1: Multiplicador recibido - Game ID: 11041642613, Multiplicador: 57.84x
---
[10/11/2025, 11:52:55 a. m.] Spaceman 1: Multiplicador recibido - Game ID: 11041642613, Multiplicador: 58.1x
---
[10/11/2025, 11:52:55 a. m.] Spaceman 1: Multiplicador recibido - Game ID: 11041642613, Multiplicador: 58.35x
---
[10/11/2025, 11:52:55 a. m.] Spaceman 1: Multiplicador recibido - Game ID: 11041642613, Multiplicador: 58.61x
---
[10/11/2025, 11:52:55 a. m.] Spaceman 1: Multiplicador recibido - Game ID: 11041642613, Multiplicador: 58.85x
---
[10/11/2025, 11:52:55 a. m.] Spaceman 1: Multiplicador recibido - Game ID: 11041642613, Multiplicador: 59.09x
---
[10/11/2025, 11:52:55 a. m.] Spaceman 1: Multiplicador recibido - Game ID: 11041642613, Multiplicador: 59.55x
---
[10/11/2025, 11:52:55 a. m.] Spaceman 1: Multiplicador recibido - Game ID: 11041642613, Multiplicador: 59.82x
---
[10/11/2025, 11:52:55 a. m.] Spaceman 1: Multiplicador recibido - Game ID: 11041642613, Multiplicador: 60.09x
---
[10/11/2025, 11:52:55 a. m.] Spaceman 1: Multiplicador recibido - Game ID: 11041642613, Multiplicador: 60.34x
---
[10/11/2025, 11:52:55 a. m.] Spaceman 1: Multiplicador recibido - Game ID: 11041642613, Multiplicador: 60.6x
---
[10/11/2025, 11:52:56 a. m.] Spaceman 1: Multiplicador recibido - Game ID: 11041642613, Multiplicador: 60.88x
---
[10/11/2025, 11:52:56 a. m.] Spaceman 1: Multiplicador recibido - Game ID: 11041642613, Multiplicador: 61.14x
---
[10/11/2025, 11:52:56 a. m.] Spaceman 1: Multiplicador recibido - Game ID: 11041642613, Multiplicador: 61.39x
---
[10/11/2025, 11:52:56 a. m.] Spaceman 1: Multiplicador recibido - Game ID: 11041642613, Multiplicador: 61.64x
---
[10/11/2025, 11:52:56 a. m.] Spaceman 1: Multiplicador recibido - Game ID: 11041642613, Multiplicador: 61.9x
---
[10/11/2025, 11:52:56 a. m.] Spaceman 1: Multiplicador recibido - Game ID: 11041642613, Multiplicador: 62.15x
---
[10/11/2025, 11:52:56 a. m.] Spaceman 1: Multiplicador recibido - Game ID: 11041642613, Multiplicador: 62.44x
---
[10/11/2025, 11:52:56 a. m.] Spaceman 1: Multiplicador recibido - Game ID: 11041642613, Multiplicador: 62.72x
---
[10/11/2025, 11:52:56 a. m.] Spaceman 1: Multiplicador recibido - Game ID: 11041642613, Multiplicador: 62.99x
---
[10/11/2025, 11:52:56 a. m.] Spaceman 1: Multiplicador recibido - Game ID: 11041642613, Multiplicador: 63.25x
---
[10/11/2025, 11:52:56 a. m.] Spaceman 1: Multiplicador recibido - Game ID: 11041642613, Multiplicador: 63.6x
---
[10/11/2025, 11:52:56 a. m.] Spaceman 1: Multiplicador recibido - Game ID: 11041642613, Multiplicador: 63.88x
---
[10/11/2025, 11:52:56 a. m.] Spaceman 1: Multiplicador recibido - Game ID: 11041642613, Multiplicador: 64.13x
---
[10/11/2025, 11:52:56 a. m.] Spaceman 1: Multiplicador recibido - Game ID: 11041642613, Multiplicador: 64.4x
---
[10/11/2025, 11:52:56 a. m.] Spaceman 1: Multiplicador recibido - Game ID: 11041642613, Multiplicador: 64.69x
---
[10/11/2025, 11:52:56 a. m.] Spaceman 1: Multiplicador recibido - Game ID: 11041642613, Multiplicador: 64.98x
---
[10/11/2025, 11:52:56 a. m.] Spaceman 1: Multiplicador recibido - Game ID: 11041642613, Multiplicador: 65.23x
---
[10/11/2025, 11:52:56 a. m.] Spaceman 1: Multiplicador recibido - Game ID: 11041642613, Multiplicador: 65.51x
---
[10/11/2025, 11:52:56 a. m.] Spaceman 1: Multiplicador recibido - Game ID: 11041642613, Multiplicador: 65.78x
---
[10/11/2025, 11:52:57 a. m.] Spaceman 1: Multiplicador recibido - Game ID: 11041642613, Multiplicador: 66.06x
---
[10/11/2025, 11:52:57 a. m.] Spaceman 1: Multiplicador recibido - Game ID: 11041642613, Multiplicador: 66.32x
---
[10/11/2025, 11:52:57 a. m.] Spaceman 1: Multiplicador recibido - Game ID: 11041642613, Multiplicador: 66.6x
---
[10/11/2025, 11:52:57 a. m.] Spaceman 1: Multiplicador recibido - Game ID: 11041642613, Multiplicador: 66.86x
---
[10/11/2025, 11:52:57 a. m.] Spaceman 1: Multiplicador recibido - Game ID: 11041642613, Multiplicador: 67.23x
---
[10/11/2025, 11:52:57 a. m.] Spaceman 1: Multiplicador recibido - Game ID: 11041642613, Multiplicador: 67.52x
---
[10/11/2025, 11:52:57 a. m.] Spaceman 1: Multiplicador recibido - Game ID: 11041642613, Multiplicador: 67.81x
---
[10/11/2025, 11:52:57 a. m.] Spaceman 1: Multiplicador recibido - Game ID: 11041642613, Multiplicador: 68.09x
---
[10/11/2025, 11:52:57 a. m.] Spaceman 1: Multiplicador recibido - Game ID: 11041642613, Multiplicador: 68.4x
---
[10/11/2025, 11:52:57 a. m.] Spaceman 1: Multiplicador recibido - Game ID: 11041642613, Multiplicador: 68.66x
---
[10/11/2025, 11:52:57 a. m.] Spaceman 1: Multiplicador recibido - Game ID: 11041642613, Multiplicador: 68.92x
---
[10/11/2025, 11:52:57 a. m.] Spaceman 1: Multiplicador recibido - Game ID: 11041642613, Multiplicador: 69.2x
---
[10/11/2025, 11:52:57 a. m.] Spaceman 1: Multiplicador recibido - Game ID: 11041642613, Multiplicador: 69.47x
---
[10/11/2025, 11:52:57 a. m.] Spaceman 1: Multiplicador recibido - Game ID: 11041642613, Multiplicador: 69.78x
---
[10/11/2025, 11:52:57 a. m.] Spaceman 1: Multiplicador recibido - Game ID: 11041642613, Multiplicador: 70.1x
---
[10/11/2025, 11:52:57 a. m.] Spaceman 1: Multiplicador recibido - Game ID: 11041642613, Multiplicador: 70.39x
---
[10/11/2025, 11:52:57 a. m.] Spaceman 1: Multiplicador recibido - Game ID: 11041642613, Multiplicador: 70.69x
---
[10/11/2025, 11:52:57 a. m.] Spaceman 1: Multiplicador recibido - Game ID: 11041642613, Multiplicador: 70.97x
---
[10/11/2025, 11:52:57 a. m.] Spaceman 1: Multiplicador recibido - Game ID: 11041642613, Multiplicador: 71.26x
---
[10/11/2025, 11:52:58 a. m.] Spaceman 1: Multiplicador recibido - Game ID: 11041642613, Multiplicador: 71.77x
---
[10/11/2025, 11:52:58 a. m.] Spaceman 1: Multiplicador recibido - Game ID: 11041642613, Multiplicador: 72.09x
---
[10/11/2025, 11:52:58 a. m.] Spaceman 1: Multiplicador recibido - Game ID: 11041642613, Multiplicador: 72.37x
---
[10/11/2025, 11:52:58 a. m.] Spaceman 1: Multiplicador recibido - Game ID: 11041642613, Multiplicador: 72.67x
---
[10/11/2025, 11:52:58 a. m.] Spaceman 1: Multiplicador recibido - Game ID: 11041642613, Multiplicador: 72.98x
---
[10/11/2025, 11:52:58 a. m.] Spaceman 1: Multiplicador recibido - Game ID: 11041642613, Multiplicador: 73.3x
---
[10/11/2025, 11:52:58 a. m.] Spaceman 1: Multiplicador recibido - Game ID: 11041642613, Multiplicador: 73.64x
---
[10/11/2025, 11:52:58 a. m.] Spaceman 1: Multiplicador recibido - Game ID: 11041642613, Multiplicador: 73.96x
---
[10/11/2025, 11:52:58 a. m.] Spaceman 1: Multiplicador recibido - Game ID: 11041642613, Multiplicador: 74.3x
---
[10/11/2025, 11:52:58 a. m.] Spaceman 1: Multiplicador recibido - Game ID: 11041642613, Multiplicador: 74.64x
---
[10/11/2025, 11:52:58 a. m.] Spaceman 1: Multiplicador recibido - Game ID: 11041642613, Multiplicador: 74.74x
---
[10/11/2025, 11:53:00 a. m.] Spaceman 1: Ping enviado: 1762793580120
---
[10/11/2025, 11:53:08 a. m.] Spaceman 1: Multiplicador recibido - Game ID: 11041642713, Multiplicador: 1.01x
---
[10/11/2025, 11:53:08 a. m.] Spaceman 1: Multiplicador recibido - Game ID: 11041642713, Multiplicador: 1.02x
---
[10/11/2025, 11:53:08 a. m.] Spaceman 1: Multiplicador recibido - Game ID: 11041642713, Multiplicador: 1.03x
---
[10/11/2025, 11:53:09 a. m.] Spaceman 1: Multiplicador recibido - Game ID: 11041642713, Multiplicador: 1.04x
---
[10/11/2025, 11:53:09 a. m.] Spaceman 1: Multiplicador recibido - Game ID: 11041642713, Multiplicador: 1.05x
---
[10/11/2025, 11:53:09 a. m.] Spaceman 1: Multiplicador recibido - Game ID: 11041642713, Multiplicador: 1.06x
---
[10/11/2025, 11:53:09 a. m.] Spaceman 1: Multiplicador recibido - Game ID: 11041642713, Multiplicador: 1.07x
---
[10/11/2025, 11:53:09 a. m.] Spaceman 1: Multiplicador recibido - Game ID: 11041642713, Multiplicador: 1.08x
---
[10/11/2025, 11:53:09 a. m.] Spaceman 1: Multiplicador recibido - Game ID: 11041642713, Multiplicador: 1.09x
---
[10/11/2025, 11:53:09 a. m.] Spaceman 1: Multiplicador recibido - Game ID: 11041642713, Multiplicador: 1.1x
---
[10/11/2025, 11:53:09 a. m.] Spaceman 1: Multiplicador recibido - Game ID: 11041642713, Multiplicador: 1.11x
---
[10/11/2025, 11:53:10 a. m.] Spaceman 1: Multiplicador recibido - Game ID: 11041642713, Multiplicador: 1.12x
---
[10/11/2025, 11:53:10 a. m.] Spaceman 1: Multiplicador recibido - Game ID: 11041642713, Multiplicador: 1.13x
---
[10/11/2025, 11:53:10 a. m.] Spaceman 1: Ping enviado: 1762793590132
---
[10/11/2025, 11:53:10 a. m.] Spaceman 1: Multiplicador recibido - Game ID: 11041642713, Multiplicador: 1.14x
---
[10/11/2025, 11:53:10 a. m.] Spaceman 1: Multiplicador recibido - Game ID: 11041642713, Multiplicador: 1.15x
---
[10/11/2025, 11:53:10 a. m.] Spaceman 1: Multiplicador recibido - Game ID: 11041642713, Multiplicador: 1.16x
---
[10/11/2025, 11:53:10 a. m.] Spaceman 1: Multiplicador recibido - Game ID: 11041642713, Multiplicador: 1.17x
---
[10/11/2025, 11:53:10 a. m.] Spaceman 1: Multiplicador recibido - Game ID: 11041642713, Multiplicador: 1.18x
---
[10/11/2025, 11:53:10 a. m.] Spaceman 1: Multiplicador recibido - Game ID: 11041642713, Multiplicador: 1.19x
---
[10/11/2025, 11:53:10 a. m.] Spaceman 1: Multiplicador recibido - Game ID: 11041642713, Multiplicador: 1.2x
---
[10/11/2025, 11:53:10 a. m.] Spaceman 1: Multiplicador recibido - Game ID: 11041642713, Multiplicador: 1.21x
---
[10/11/2025, 11:53:11 a. m.] Spaceman 1: Multiplicador recibido - Game ID: 11041642713, Multiplicador: 1.22x
---
[10/11/2025, 11:53:11 a. m.] Spaceman 1: Multiplicador recibido - Game ID: 11041642713, Multiplicador: 1.23x
---
[10/11/2025, 11:53:11 a. m.] Spaceman 1: Multiplicador recibido - Game ID: 11041642713, Multiplicador: 1.24x
---
[10/11/2025, 11:53:11 a. m.] Spaceman 1: Multiplicador recibido - Game ID: 11041642713, Multiplicador: 1.25x
---
[10/11/2025, 11:53:11 a. m.] Spaceman 1: Multiplicador recibido - Game ID: 11041642713, Multiplicador: 1.26x
---
[10/11/2025, 11:53:11 a. m.] Spaceman 1: Multiplicador recibido - Game ID: 11041642713, Multiplicador: 1.27x
---
[10/11/2025, 11:53:11 a. m.] Spaceman 1: Multiplicador recibido - Game ID: 11041642713, Multiplicador: 1.28x
---
[10/11/2025, 11:53:11 a. m.] Spaceman 1: Multiplicador recibido - Game ID: 11041642713, Multiplicador: 1.29x
---
[10/11/2025, 11:53:11 a. m.] Spaceman 1: Multiplicador recibido - Game ID: 11041642713, Multiplicador: 1.3x
---
[10/11/2025, 11:53:11 a. m.] Spaceman 1: Multiplicador recibido - Game ID: 11041642713, Multiplicador: 1.31x
---
[10/11/2025, 11:53:11 a. m.] Spaceman 1: Multiplicador recibido - Game ID: 11041642713, Multiplicador: 1.32x
---
[10/11/2025, 11:53:12 a. m.] Spaceman 1: Multiplicador recibido - Game ID: 11041642713, Multiplicador: 1.33x
---
[10/11/2025, 11:53:12 a. m.] Spaceman 1: Multiplicador recibido - Game ID: 11041642713, Multiplicador: 1.34x
---
[10/11/2025, 11:53:12 a. m.] Spaceman 1: Multiplicador recibido - Game ID: 11041642713, Multiplicador: 1.35x
---
[10/11/2025, 11:53:12 a. m.] Spaceman 1: Multiplicador recibido - Game ID: 11041642713, Multiplicador: 1.36x
---
[10/11/2025, 11:53:12 a. m.] Spaceman 1: Multiplicador recibido - Game ID: 11041642713, Multiplicador: 1.37x
---
[10/11/2025, 11:53:12 a. m.] Spaceman 1: Multiplicador recibido - Game ID: 11041642713, Multiplicador: 1.38x
---
[10/11/2025, 11:53:12 a. m.] Spaceman 1: Multiplicador recibido - Game ID: 11041642713, Multiplicador: 1.39x
---
[10/11/2025, 11:53:12 a. m.] Spaceman 1: Multiplicador recibido - Game ID: 11041642713, Multiplicador: 1.4x
---
[10/11/2025, 11:53:12 a. m.] Spaceman 1: Multiplicador recibido - Game ID: 11041642713, Multiplicador: 1.41x
---
[10/11/2025, 11:53:12 a. m.] Spaceman 1: Multiplicador recibido - Game ID: 11041642713, Multiplicador: 1.42x
---
[10/11/2025, 11:53:12 a. m.] Spaceman 1: Multiplicador recibido - Game ID: 11041642713, Multiplicador: 1.43x
---
[10/11/2025, 11:53:13 a. m.] Spaceman 1: Multiplicador recibido - Game ID: 11041642713, Multiplicador: 1.44x
---
[10/11/2025, 11:53:13 a. m.] Spaceman 1: Multiplicador recibido - Game ID: 11041642713, Multiplicador: 1.45x
---
[10/11/2025, 11:53:13 a. m.] Spaceman 1: Multiplicador recibido - Game ID: 11041642713, Multiplicador: 1.46x
---
[10/11/2025, 11:53:13 a. m.] Spaceman 1: Multiplicador recibido - Game ID: 11041642713, Multiplicador: 1.47x
---
[10/11/2025, 11:53:13 a. m.] Spaceman 1: Multiplicador recibido - Game ID: 11041642713, Multiplicador: 1.48x
---
[10/11/2025, 11:53:13 a. m.] Spaceman 1: Multiplicador recibido - Game ID: 11041642713, Multiplicador: 1.49x
---
[10/11/2025, 11:53:13 a. m.] Spaceman 1: Multiplicador recibido - Game ID: 11041642713, Multiplicador: 1.5x
---
[10/11/2025, 11:53:13 a. m.] Spaceman 1: Multiplicador recibido - Game ID: 11041642713, Multiplicador: 1.51x
---
[10/11/2025, 11:53:13 a. m.] Spaceman 1: Multiplicador recibido - Game ID: 11041642713, Multiplicador: 1.52x
---
[10/11/2025, 11:53:13 a. m.] Spaceman 1: Multiplicador recibido - Game ID: 11041642713, Multiplicador: 1.53x
---
[10/11/2025, 11:53:13 a. m.] Spaceman 1: Multiplicador recibido - Game ID: 11041642713, Multiplicador: 1.54x
---
[10/11/2025, 11:53:13 a. m.] Spaceman 1: Multiplicador recibido - Game ID: 11041642713, Multiplicador: 1.55x
---
[10/11/2025, 11:53:14 a. m.] Spaceman 1: Multiplicador recibido - Game ID: 11041642713, Multiplicador: 1.56x
---
[10/11/2025, 11:53:14 a. m.] Spaceman 1: Multiplicador recibido - Game ID: 11041642713, Multiplicador: 1.57x
---
[10/11/2025, 11:53:14 a. m.] Spaceman 1: Multiplicador recibido - Game ID: 11041642713, Multiplicador: 1.58x
---
[10/11/2025, 11:53:14 a. m.] Spaceman 1: Multiplicador recibido - Game ID: 11041642713, Multiplicador: 1.59x
---
[10/11/2025, 11:53:14 a. m.] Spaceman 1: Multiplicador recibido - Game ID: 11041642713, Multiplicador: 1.6x
---
[10/11/2025, 11:53:14 a. m.] Spaceman 1: Multiplicador recibido - Game ID: 11041642713, Multiplicador: 1.61x
---
[10/11/2025, 11:53:14 a. m.] Spaceman 1: Multiplicador recibido - Game ID: 11041642713, Multiplicador: 1.62x
---
[10/11/2025, 11:53:14 a. m.] Spaceman 1: Multiplicador recibido - Game ID: 11041642713, Multiplicador: 1.63x
---
[10/11/2025, 11:53:14 a. m.] Spaceman 1: Multiplicador recibido - Game ID: 11041642713, Multiplicador: 1.64x
---
[10/11/2025, 11:53:14 a. m.] Spaceman 1: Multiplicador recibido - Game ID: 11041642713, Multiplicador: 1.65x
---
[10/11/2025, 11:53:14 a. m.] Spaceman 1: Multiplicador recibido - Game ID: 11041642713, Multiplicador: 1.66x
---
[10/11/2025, 11:53:14 a. m.] Spaceman 1: Multiplicador recibido - Game ID: 11041642713, Multiplicador: 1.67x
---
[10/11/2025, 11:53:14 a. m.] Spaceman 1: Multiplicador recibido - Game ID: 11041642713, Multiplicador: 1.68x
---
[10/11/2025, 11:53:14 a. m.] Spaceman 1: Multiplicador recibido - Game ID: 11041642713, Multiplicador: 1.69x
---
[10/11/2025, 11:53:15 a. m.] Spaceman 1: Multiplicador recibido - Game ID: 11041642713, Multiplicador: 1.71x
---
[10/11/2025, 11:53:15 a. m.] Spaceman 1: Multiplicador recibido - Game ID: 11041642713, Multiplicador: 1.72x
---
[10/11/2025, 11:53:15 a. m.] Spaceman 1: Multiplicador recibido - Game ID: 11041642713, Multiplicador: 1.73x
---
[10/11/2025, 11:53:15 a. m.] Spaceman 1: Multiplicador recibido - Game ID: 11041642713, Multiplicador: 1.74x
---
[10/11/2025, 11:53:15 a. m.] Spaceman 1: Multiplicador recibido - Game ID: 11041642713, Multiplicador: 1.75x
---
[10/11/2025, 11:53:15 a. m.] Spaceman 1: Multiplicador recibido - Game ID: 11041642713, Multiplicador: 1.76x
---
[10/11/2025, 11:53:15 a. m.] Spaceman 1: Multiplicador recibido - Game ID: 11041642713, Multiplicador: 1.77x
---
[10/11/2025, 11:53:15 a. m.] Spaceman 1: Multiplicador recibido - Game ID: 11041642713, Multiplicador: 1.78x
---
[10/11/2025, 11:53:15 a. m.] Spaceman 1: Multiplicador recibido - Game ID: 11041642713, Multiplicador: 1.79x
---
[10/11/2025, 11:53:15 a. m.] Spaceman 1: Multiplicador recibido - Game ID: 11041642713, Multiplicador: 1.8x
---
[10/11/2025, 11:53:15 a. m.] Spaceman 1: Multiplicador recibido - Game ID: 11041642713, Multiplicador: 1.81x
---
[10/11/2025, 11:53:15 a. m.] Spaceman 1: Multiplicador recibido - Game ID: 11041642713, Multiplicador: 1.83x
---
[10/11/2025, 11:53:15 a. m.] Spaceman 1: Multiplicador recibido - Game ID: 11041642713, Multiplicador: 1.84x
---
[10/11/2025, 11:53:16 a. m.] Spaceman 1: Multiplicador recibido - Game ID: 11041642713, Multiplicador: 1.85x
---
[10/11/2025, 11:53:16 a. m.] Spaceman 1: Multiplicador recibido - Game ID: 11041642713, Multiplicador: 1.86x
---
[10/11/2025, 11:53:16 a. m.] Spaceman 1: Multiplicador recibido - Game ID: 11041642713, Multiplicador: 1.87x
---
[10/11/2025, 11:53:16 a. m.] Spaceman 1: Multiplicador recibido - Game ID: 11041642713, Multiplicador: 1.88x
---
[10/11/2025, 11:53:16 a. m.] Spaceman 1: Multiplicador recibido - Game ID: 11041642713, Multiplicador: 1.89x
---
[10/11/2025, 11:53:16 a. m.] Spaceman 1: Multiplicador recibido - Game ID: 11041642713, Multiplicador: 1.9x
---
[10/11/2025, 11:53:16 a. m.] Spaceman 1: Multiplicador recibido - Game ID: 11041642713, Multiplicador: 1.91x
---
[10/11/2025, 11:53:16 a. m.] Spaceman 1: Multiplicador recibido - Game ID: 11041642713, Multiplicador: 1.92x
---
[10/11/2025, 11:53:16 a. m.] Spaceman 1: Multiplicador recibido - Game ID: 11041642713, Multiplicador: 1.93x
---
[10/11/2025, 11:53:16 a. m.] Spaceman 1: Multiplicador recibido - Game ID: 11041642713, Multiplicador: 1.94x
---
[10/11/2025, 11:53:16 a. m.] Spaceman 1: Multiplicador recibido - Game ID: 11041642713, Multiplicador: 1.95x
---
[10/11/2025, 11:53:20 a. m.] Spaceman 1: Ping enviado: 1762793600132
---
[10/11/2025, 11:53:26 a. m.] Spaceman 1: Multiplicador recibido - Game ID: 11041642813, Multiplicador: 1.01x
---
[10/11/2025, 11:53:27 a. m.] Spaceman 1: Multiplicador recibido - Game ID: 11041642813, Multiplicador: 1.02x
---
[10/11/2025, 11:53:27 a. m.] Spaceman 1: Multiplicador recibido - Game ID: 11041642813, Multiplicador: 1.03x
---
[10/11/2025, 11:53:27 a. m.] Spaceman 1: Multiplicador recibido - Game ID: 11041642813, Multiplicador: 1.04x
---
[10/11/2025, 11:53:27 a. m.] Spaceman 1: Multiplicador recibido - Game ID: 11041642813, Multiplicador: 1.05x
---
[10/11/2025, 11:53:27 a. m.] Spaceman 1: Multiplicador recibido - Game ID: 11041642813, Multiplicador: 1.06x
---
[10/11/2025, 11:53:27 a. m.] Spaceman 1: Multiplicador recibido - Game ID: 11041642813, Multiplicador: 1.07x
---
[10/11/2025, 11:53:27 a. m.] Spaceman 1: Multiplicador recibido - Game ID: 11041642813, Multiplicador: 1.08x
---
[10/11/2025, 11:53:27 a. m.] Spaceman 1: Multiplicador recibido - Game ID: 11041642813, Multiplicador: 1.09x
---
[10/11/2025, 11:53:27 a. m.] Spaceman 1: Multiplicador recibido - Game ID: 11041642813, Multiplicador: 1.1x
---
[10/11/2025, 11:53:28 a. m.] Spaceman 1: Multiplicador recibido - Game ID: 11041642813, Multiplicador: 1.11x
---
[10/11/2025, 11:53:28 a. m.] Spaceman 1: Multiplicador recibido - Game ID: 11041642813, Multiplicador: 1.12x
---
[10/11/2025, 11:53:28 a. m.] Spaceman 1: Multiplicador recibido - Game ID: 11041642813, Multiplicador: 1.13x
---
[10/11/2025, 11:53:28 a. m.] Spaceman 1: Multiplicador recibido - Game ID: 11041642813, Multiplicador: 1.14x
---
[10/11/2025, 11:53:28 a. m.] Spaceman 1: Multiplicador recibido - Game ID: 11041642813, Multiplicador: 1.15x
---
[10/11/2025, 11:53:28 a. m.] Spaceman 1: Multiplicador recibido - Game ID: 11041642813, Multiplicador: 1.16x
---
[10/11/2025, 11:53:28 a. m.] Spaceman 1: Multiplicador recibido - Game ID: 11041642813, Multiplicador: 1.17x
---
[10/11/2025, 11:53:28 a. m.] Spaceman 1: Multiplicador recibido - Game ID: 11041642813, Multiplicador: 1.18x
---
[10/11/2025, 11:53:28 a. m.] Spaceman 1: Multiplicador recibido - Game ID: 11041642813, Multiplicador: 1.19x
---
[10/11/2025, 11:53:29 a. m.] Spaceman 1: Multiplicador recibido - Game ID: 11041642813, Multiplicador: 1.2x
---
[10/11/2025, 11:53:29 a. m.] Spaceman 1: Multiplicador recibido - Game ID: 11041642813, Multiplicador: 1.21x
---
[10/11/2025, 11:53:29 a. m.] Spaceman 1: Multiplicador recibido - Game ID: 11041642813, Multiplicador: 1.22x
---
[10/11/2025, 11:53:29 a. m.] Spaceman 1: Multiplicador recibido - Game ID: 11041642813, Multiplicador: 1.23x
---
[10/11/2025, 11:53:29 a. m.] Spaceman 1: Multiplicador recibido - Game ID: 11041642813, Multiplicador: 1.24x
---
[10/11/2025, 11:53:29 a. m.] Spaceman 1: Multiplicador recibido - Game ID: 11041642813, Multiplicador: 1.25x
---
[10/11/2025, 11:53:29 a. m.] Spaceman 1: Multiplicador recibido - Game ID: 11041642813, Multiplicador: 1.26x
---
[10/11/2025, 11:53:29 a. m.] Spaceman 1: Multiplicador recibido - Game ID: 11041642813, Multiplicador: 1.27x
---
[10/11/2025, 11:53:29 a. m.] Spaceman 1: Multiplicador recibido - Game ID: 11041642813, Multiplicador: 1.28x
---
[10/11/2025, 11:53:29 a. m.] Spaceman 1: Multiplicador recibido - Game ID: 11041642813, Multiplicador: 1.29x
---
[10/11/2025, 11:53:29 a. m.] Spaceman 1: Multiplicador recibido - Game ID: 11041642813, Multiplicador: 1.3x
---
[10/11/2025, 11:53:30 a. m.] Spaceman 1: Multiplicador recibido - Game ID: 11041642813, Multiplicador: 1.31x
---
[10/11/2025, 11:53:30 a. m.] Spaceman 1: Multiplicador recibido - Game ID: 11041642813, Multiplicador: 1.32x
---
[10/11/2025, 11:53:30 a. m.] Spaceman 1: Ping enviado: 1762793610140
---
[10/11/2025, 11:53:30 a. m.] Spaceman 1: Multiplicador recibido - Game ID: 11041642813, Multiplicador: 1.33x
---
[10/11/2025, 11:53:30 a. m.] Spaceman 1: Multiplicador recibido - Game ID: 11041642813, Multiplicador: 1.34x
---
[10/11/2025, 11:53:30 a. m.] Spaceman 1: Multiplicador recibido - Game ID: 11041642813, Multiplicador: 1.35x
---
[10/11/2025, 11:53:30 a. m.] Spaceman 1: Multiplicador recibido - Game ID: 11041642813, Multiplicador: 1.36x
---
[10/11/2025, 11:53:30 a. m.] Spaceman 1: Multiplicador recibido - Game ID: 11041642813, Multiplicador: 1.37x
---
[10/11/2025, 11:53:30 a. m.] Spaceman 1: Multiplicador recibido - Game ID: 11041642813, Multiplicador: 1.38x
---
[10/11/2025, 11:53:30 a. m.] Spaceman 1: Multiplicador recibido - Game ID: 11041642813, Multiplicador: 1.39x
---
[10/11/2025, 11:53:30 a. m.] Spaceman 1: Multiplicador recibido - Game ID: 11041642813, Multiplicador: 1.4x
---
[10/11/2025, 11:53:30 a. m.] Spaceman 1: Multiplicador recibido - Game ID: 11041642813, Multiplicador: 1.41x
---
[10/11/2025, 11:53:31 a. m.] Spaceman 1: Multiplicador recibido - Game ID: 11041642813, Multiplicador: 1.42x
---
[10/11/2025, 11:53:31 a. m.] Spaceman 1: Multiplicador recibido - Game ID: 11041642813, Multiplicador: 1.43x
---
[10/11/2025, 11:53:31 a. m.] Spaceman 1: Multiplicador recibido - Game ID: 11041642813, Multiplicador: 1.44x
---
[10/11/2025, 11:53:31 a. m.] Spaceman 1: Multiplicador recibido - Game ID: 11041642813, Multiplicador: 1.45x
---
[10/11/2025, 11:53:31 a. m.] Spaceman 1: Multiplicador recibido - Game ID: 11041642813, Multiplicador: 1.46x
---
[10/11/2025, 11:53:31 a. m.] Spaceman 1: Multiplicador recibido - Game ID: 11041642813, Multiplicador: 1.47x
---
[10/11/2025, 11:53:31 a. m.] Spaceman 1: Multiplicador recibido - Game ID: 11041642813, Multiplicador: 1.48x
---
[10/11/2025, 11:53:31 a. m.] Spaceman 1: Multiplicador recibido - Game ID: 11041642813, Multiplicador: 1.49x
---
[10/11/2025, 11:53:31 a. m.] Spaceman 1: Multiplicador recibido - Game ID: 11041642813, Multiplicador: 1.5x
---
[10/11/2025, 11:53:31 a. m.] Spaceman 1: Multiplicador recibido - Game ID: 11041642813, Multiplicador: 1.51x
---
[10/11/2025, 11:53:31 a. m.] Spaceman 1: Multiplicador recibido - Game ID: 11041642813, Multiplicador: 1.52x
---
[10/11/2025, 11:53:31 a. m.] Spaceman 1: Multiplicador recibido - Game ID: 11041642813, Multiplicador: 1.53x
---
[10/11/2025, 11:53:32 a. m.] Spaceman 1: Multiplicador recibido - Game ID: 11041642813, Multiplicador: 1.54x
---
[10/11/2025, 11:53:32 a. m.] Spaceman 1: Multiplicador recibido - Game ID: 11041642813, Multiplicador: 1.55x
---
[10/11/2025, 11:53:32 a. m.] Spaceman 1: Multiplicador recibido - Game ID: 11041642813, Multiplicador: 1.56x
---
[10/11/2025, 11:53:32 a. m.] Spaceman 1: Multiplicador recibido - Game ID: 11041642813, Multiplicador: 1.57x
---
[10/11/2025, 11:53:32 a. m.] Spaceman 1: Multiplicador recibido - Game ID: 11041642813, Multiplicador: 1.58x
---
[10/11/2025, 11:53:32 a. m.] Spaceman 1: Multiplicador recibido - Game ID: 11041642813, Multiplicador: 1.59x
---
[10/11/2025, 11:53:32 a. m.] Spaceman 1: Multiplicador recibido - Game ID: 11041642813, Multiplicador: 1.6x
---
[10/11/2025, 11:53:32 a. m.] Spaceman 1: Multiplicador recibido - Game ID: 11041642813, Multiplicador: 1.61x
---
[10/11/2025, 11:53:32 a. m.] Spaceman 1: Multiplicador recibido - Game ID: 11041642813, Multiplicador: 1.62x
---
[10/11/2025, 11:53:32 a. m.] Spaceman 1: Multiplicador recibido - Game ID: 11041642813, Multiplicador: 1.63x
---
[10/11/2025, 11:53:32 a. m.] Spaceman 1: Multiplicador recibido - Game ID: 11041642813, Multiplicador: 1.64x
---
[10/11/2025, 11:53:32 a. m.] Spaceman 1: Multiplicador recibido - Game ID: 11041642813, Multiplicador: 1.65x
---
[10/11/2025, 11:53:32 a. m.] Spaceman 1: Multiplicador recibido - Game ID: 11041642813, Multiplicador: 1.66x
---
[10/11/2025, 11:53:33 a. m.] Spaceman 1: Multiplicador recibido - Game ID: 11041642813, Multiplicador: 1.67x
---
[10/11/2025, 11:53:33 a. m.] Spaceman 1: Multiplicador recibido - Game ID: 11041642813, Multiplicador: 1.68x
---
[10/11/2025, 11:53:33 a. m.] Spaceman 1: Multiplicador recibido - Game ID: 11041642813, Multiplicador: 1.69x
---
[10/11/2025, 11:53:33 a. m.] Spaceman 1: Multiplicador recibido - Game ID: 11041642813, Multiplicador: 1.7x
---
[10/11/2025, 11:53:33 a. m.] Spaceman 1: Multiplicador recibido - Game ID: 11041642813, Multiplicador: 1.71x
---
[10/11/2025, 11:53:33 a. m.] Spaceman 1: Multiplicador recibido - Game ID: 11041642813, Multiplicador: 1.72x
---
[10/11/2025, 11:53:33 a. m.] Spaceman 1: Multiplicador recibido - Game ID: 11041642813, Multiplicador: 1.73x
---
[10/11/2025, 11:53:33 a. m.] Spaceman 1: Multiplicador recibido - Game ID: 11041642813, Multiplicador: 1.74x
---
[10/11/2025, 11:53:33 a. m.] Spaceman 1: Multiplicador recibido - Game ID: 11041642813, Multiplicador: 1.75x
---
[10/11/2025, 11:53:33 a. m.] Spaceman 1: Multiplicador recibido - Game ID: 11041642813, Multiplicador: 1.76x
---
[10/11/2025, 11:53:33 a. m.] Spaceman 1: Multiplicador recibido - Game ID: 11041642813, Multiplicador: 1.77x
---
[10/11/2025, 11:53:33 a. m.] Spaceman 1: Multiplicador recibido - Game ID: 11041642813, Multiplicador: 1.78x
---
[10/11/2025, 11:53:33 a. m.] Spaceman 1: Multiplicador recibido - Game ID: 11041642813, Multiplicador: 1.79x
---
[10/11/2025, 11:53:33 a. m.] Spaceman 1: Multiplicador recibido - Game ID: 11041642813, Multiplicador: 1.8x
---
[10/11/2025, 11:53:33 a. m.] Spaceman 1: Multiplicador recibido - Game ID: 11041642813, Multiplicador: 1.81x
---
[10/11/2025, 11:53:34 a. m.] Spaceman 1: Multiplicador recibido - Game ID: 11041642813, Multiplicador: 1.82x
---
[10/11/2025, 11:53:34 a. m.] Spaceman 1: Multiplicador recibido - Game ID: 11041642813, Multiplicador: 1.83x
---
[10/11/2025, 11:53:34 a. m.] Spaceman 1: Multiplicador recibido - Game ID: 11041642813, Multiplicador: 1.84x
---
[10/11/2025, 11:53:34 a. m.] Spaceman 1: Multiplicador recibido - Game ID: 11041642813, Multiplicador: 1.85x
---
[10/11/2025, 11:53:34 a. m.] Spaceman 1: Multiplicador recibido - Game ID: 11041642813, Multiplicador: 1.86x
---
[10/11/2025, 11:53:34 a. m.] Spaceman 1: Multiplicador recibido - Game ID: 11041642813, Multiplicador: 1.87x
---
[10/11/2025, 11:53:34 a. m.] Spaceman 1: Multiplicador recibido - Game ID: 11041642813, Multiplicador: 1.88x
---
[10/11/2025, 11:53:34 a. m.] Spaceman 1: Multiplicador recibido - Game ID: 11041642813, Multiplicador: 1.89x
---
[10/11/2025, 11:53:34 a. m.] Spaceman 1: Multiplicador recibido - Game ID: 11041642813, Multiplicador: 1.9x
---
[10/11/2025, 11:53:34 a. m.] Spaceman 1: Multiplicador recibido - Game ID: 11041642813, Multiplicador: 1.91x
---
[10/11/2025, 11:53:34 a. m.] Spaceman 1: Multiplicador recibido - Game ID: 11041642813, Multiplicador: 1.92x
---
[10/11/2025, 11:53:34 a. m.] Spaceman 1: Multiplicador recibido - Game ID: 11041642813, Multiplicador: 1.93x
---
[10/11/2025, 11:53:34 a. m.] Spaceman 1: Multiplicador recibido - Game ID: 11041642813, Multiplicador: 1.94x
---
[10/11/2025, 11:53:34 a. m.] Spaceman 1: Multiplicador recibido - Game ID: 11041642813, Multiplicador: 1.95x
---
[10/11/2025, 11:53:34 a. m.] Spaceman 1: Multiplicador recibido - Game ID: 11041642813, Multiplicador: 1.96x
---
[10/11/2025, 11:53:40 a. m.] Spaceman 1: Ping enviado: 1762793620144
---
[10/11/2025, 11:53:45 a. m.] Spaceman 1: Multiplicador recibido - Game ID: 11041642913, Multiplicador: 1.01x
---
[10/11/2025, 11:53:45 a. m.] Spaceman 1: Multiplicador recibido - Game ID: 11041642913, Multiplicador: 1.02x
---
[10/11/2025, 11:53:45 a. m.] Spaceman 1: Multiplicador recibido - Game ID: 11041642913, Multiplicador: 1.03x
---
[10/11/2025, 11:53:45 a. m.] Spaceman 1: Multiplicador recibido - Game ID: 11041642913, Multiplicador: 1.04x
---
[10/11/2025, 11:53:45 a. m.] Spaceman 1: Multiplicador recibido - Game ID: 11041642913, Multiplicador: 1.05x
---
[10/11/2025, 11:53:45 a. m.] Spaceman 1: Multiplicador recibido - Game ID: 11041642913, Multiplicador: 1.06x
---
[10/11/2025, 11:53:45 a. m.] Spaceman 1: Multiplicador recibido - Game ID: 11041642913, Multiplicador: 1.07x
---
[10/11/2025, 11:53:45 a. m.] Spaceman 1: Multiplicador recibido - Game ID: 11041642913, Multiplicador: 1.08x
---
[10/11/2025, 11:53:46 a. m.] Spaceman 1: Multiplicador recibido - Game ID: 11041642913, Multiplicador: 1.09x
---
[10/11/2025, 11:53:46 a. m.] Spaceman 1: Multiplicador recibido - Game ID: 11041642913, Multiplicador: 1.1x
---
[10/11/2025, 11:53:46 a. m.] Spaceman 1: Multiplicador recibido - Game ID: 11041642913, Multiplicador: 1.11x
---
[10/11/2025, 11:53:46 a. m.] Spaceman 1: Multiplicador recibido - Game ID: 11041642913, Multiplicador: 1.12x
---
[10/11/2025, 11:53:46 a. m.] Spaceman 1: Multiplicador recibido - Game ID: 11041642913, Multiplicador: 1.13x
---
[10/11/2025, 11:53:46 a. m.] Spaceman 1: Multiplicador recibido - Game ID: 11041642913, Multiplicador: 1.14x
---
[10/11/2025, 11:53:46 a. m.] Spaceman 1: Multiplicador recibido - Game ID: 11041642913, Multiplicador: 1.15x
---
[10/11/2025, 11:53:46 a. m.] Spaceman 1: Multiplicador recibido - Game ID: 11041642913, Multiplicador: 1.16x
---
[10/11/2025, 11:53:46 a. m.] Spaceman 1: Multiplicador recibido - Game ID: 11041642913, Multiplicador: 1.17x
---
[10/11/2025, 11:53:46 a. m.] Spaceman 1: Multiplicador recibido - Game ID: 11041642913, Multiplicador: 1.18x
---
[10/11/2025, 11:53:47 a. m.] Spaceman 1: Multiplicador recibido - Game ID: 11041642913, Multiplicador: 1.19x
---
[10/11/2025, 11:53:47 a. m.] Spaceman 1: Multiplicador recibido - Game ID: 11041642913, Multiplicador: 1.2x
---
[10/11/2025, 11:53:47 a. m.] Spaceman 1: Multiplicador recibido - Game ID: 11041642913, Multiplicador: 1.21x
---
[10/11/2025, 11:53:47 a. m.] Spaceman 1: Multiplicador recibido - Game ID: 11041642913, Multiplicador: 1.22x
---
[10/11/2025, 11:53:47 a. m.] Spaceman 1: Multiplicador recibido - Game ID: 11041642913, Multiplicador: 1.23x
---
[10/11/2025, 11:53:47 a. m.] Spaceman 1: Multiplicador recibido - Game ID: 11041642913, Multiplicador: 1.24x
---
[10/11/2025, 11:53:47 a. m.] Spaceman 1: Multiplicador recibido - Game ID: 11041642913, Multiplicador: 1.25x
---
[10/11/2025, 11:53:47 a. m.] Spaceman 1: Multiplicador recibido - Game ID: 11041642913, Multiplicador: 1.26x
---
[10/11/2025, 11:53:47 a. m.] Spaceman 1: Multiplicador recibido - Game ID: 11041642913, Multiplicador: 1.27x
---
[10/11/2025, 11:53:47 a. m.] Spaceman 1: Multiplicador recibido - Game ID: 11041642913, Multiplicador: 1.28x
---
[10/11/2025, 11:53:48 a. m.] Spaceman 1: Multiplicador recibido - Game ID: 11041642913, Multiplicador: 1.29x
---
[10/11/2025, 11:53:48 a. m.] Spaceman 1: Multiplicador recibido - Game ID: 11041642913, Multiplicador: 1.3x
---
[10/11/2025, 11:53:48 a. m.] Spaceman 1: Multiplicador recibido - Game ID: 11041642913, Multiplicador: 1.31x
---
[10/11/2025, 11:53:48 a. m.] Spaceman 1: Multiplicador recibido - Game ID: 11041642913, Multiplicador: 1.32x
---
[10/11/2025, 11:53:48 a. m.] Spaceman 1: Multiplicador recibido - Game ID: 11041642913, Multiplicador: 1.33x
---
[10/11/2025, 11:53:48 a. m.] Spaceman 1: Multiplicador recibido - Game ID: 11041642913, Multiplicador: 1.34x
---
[10/11/2025, 11:53:48 a. m.] Spaceman 1: Multiplicador recibido - Game ID: 11041642913, Multiplicador: 1.35x
---
[10/11/2025, 11:53:48 a. m.] Spaceman 1: Multiplicador recibido - Game ID: 11041642913, Multiplicador: 1.36x
---
[10/11/2025, 11:53:48 a. m.] Spaceman 1: Multiplicador recibido - Game ID: 11041642913, Multiplicador: 1.37x
---
[10/11/2025, 11:53:48 a. m.] Spaceman 1: Multiplicador recibido - Game ID: 11041642913, Multiplicador: 1.38x
---
[10/11/2025, 11:53:48 a. m.] Spaceman 1: Multiplicador recibido - Game ID: 11041642913, Multiplicador: 1.39x
---
[10/11/2025, 11:53:49 a. m.] Spaceman 1: Multiplicador recibido - Game ID: 11041642913, Multiplicador: 1.4x
---
[10/11/2025, 11:53:49 a. m.] Spaceman 1: Multiplicador recibido - Game ID: 11041642913, Multiplicador: 1.41x
---
[10/11/2025, 11:53:49 a. m.] Spaceman 1: Multiplicador recibido - Game ID: 11041642913, Multiplicador: 1.42x
---
[10/11/2025, 11:53:49 a. m.] Spaceman 1: Multiplicador recibido - Game ID: 11041642913, Multiplicador: 1.43x
---
[10/11/2025, 11:53:49 a. m.] Spaceman 1: Multiplicador recibido - Game ID: 11041642913, Multiplicador: 1.44x
---
[10/11/2025, 11:53:49 a. m.] Spaceman 1: Multiplicador recibido - Game ID: 11041642913, Multiplicador: 1.45x
---
[10/11/2025, 11:53:49 a. m.] Spaceman 1: Multiplicador recibido - Game ID: 11041642913, Multiplicador: 1.46x
---
[10/11/2025, 11:53:49 a. m.] Spaceman 1: Multiplicador recibido - Game ID: 11041642913, Multiplicador: 1.47x
---
[10/11/2025, 11:53:49 a. m.] Spaceman 1: Multiplicador recibido - Game ID: 11041642913, Multiplicador: 1.48x
---
[10/11/2025, 11:53:49 a. m.] Spaceman 1: Multiplicador recibido - Game ID: 11041642913, Multiplicador: 1.49x
---
[10/11/2025, 11:53:49 a. m.] Spaceman 1: Multiplicador recibido - Game ID: 11041642913, Multiplicador: 1.5x
---
[10/11/2025, 11:53:49 a. m.] Spaceman 1: Multiplicador recibido - Game ID: 11041642913, Multiplicador: 1.51x
---
[10/11/2025, 11:53:50 a. m.] Spaceman 1: Multiplicador recibido - Game ID: 11041642913, Multiplicador: 1.52x
---
[10/11/2025, 11:53:50 a. m.] Spaceman 1: Multiplicador recibido - Game ID: 11041642913, Multiplicador: 1.53x
---
[10/11/2025, 11:53:50 a. m.] Spaceman 1: Ping enviado: 1762793630148
---
[10/11/2025, 11:53:50 a. m.] Spaceman 1: Multiplicador recibido - Game ID: 11041642913, Multiplicador: 1.54x
---
[10/11/2025, 11:53:50 a. m.] Spaceman 1: Multiplicador recibido - Game ID: 11041642913, Multiplicador: 1.55x
---
[10/11/2025, 11:53:50 a. m.] Spaceman 1: Multiplicador recibido - Game ID: 11041642913, Multiplicador: 1.56x
---
[10/11/2025, 11:53:50 a. m.] Spaceman 1: Multiplicador recibido - Game ID: 11041642913, Multiplicador: 1.57x
---
[10/11/2025, 11:53:50 a. m.] Spaceman 1: Multiplicador recibido - Game ID: 11041642913, Multiplicador: 1.58x
---
[10/11/2025, 11:53:50 a. m.] Spaceman 1: Multiplicador recibido - Game ID: 11041642913, Multiplicador: 1.59x
---
[10/11/2025, 11:53:50 a. m.] Spaceman 1: Multiplicador recibido - Game ID: 11041642913, Multiplicador: 1.6x
---
[10/11/2025, 11:53:50 a. m.] Spaceman 1: Multiplicador recibido - Game ID: 11041642913, Multiplicador: 1.61x
---
[10/11/2025, 11:53:50 a. m.] Spaceman 1: Multiplicador recibido - Game ID: 11041642913, Multiplicador: 1.62x
---
[10/11/2025, 11:53:50 a. m.] Spaceman 1: Multiplicador recibido - Game ID: 11041642913, Multiplicador: 1.63x
---
[10/11/2025, 11:53:50 a. m.] Spaceman 1: Multiplicador recibido - Game ID: 11041642913, Multiplicador: 1.64x
---
[10/11/2025, 11:53:51 a. m.] Spaceman 1: Multiplicador recibido - Game ID: 11041642913, Multiplicador: 1.65x
---
[10/11/2025, 11:53:51 a. m.] Spaceman 1: Multiplicador recibido - Game ID: 11041642913, Multiplicador: 1.66x
---
[10/11/2025, 11:53:51 a. m.] Spaceman 1: Multiplicador recibido - Game ID: 11041642913, Multiplicador: 1.67x
---
[10/11/2025, 11:53:51 a. m.] Spaceman 1: Multiplicador recibido - Game ID: 11041642913, Multiplicador: 1.68x
---
[10/11/2025, 11:53:51 a. m.] Spaceman 1: Multiplicador recibido - Game ID: 11041642913, Multiplicador: 1.69x
---
[10/11/2025, 11:53:51 a. m.] Spaceman 1: Multiplicador recibido - Game ID: 11041642913, Multiplicador: 1.7x
---
[10/11/2025, 11:53:51 a. m.] Spaceman 1: Multiplicador recibido - Game ID: 11041642913, Multiplicador: 1.71x
---
[10/11/2025, 11:53:51 a. m.] Spaceman 1: Multiplicador recibido - Game ID: 11041642913, Multiplicador: 1.72x
---
[10/11/2025, 11:53:51 a. m.] Spaceman 1: Multiplicador recibido - Game ID: 11041642913, Multiplicador: 1.73x
---
[10/11/2025, 11:53:51 a. m.] Spaceman 1: Multiplicador recibido - Game ID: 11041642913, Multiplicador: 1.74x
---
[10/11/2025, 11:53:51 a. m.] Spaceman 1: Multiplicador recibido - Game ID: 11041642913, Multiplicador: 1.75x
---
[10/11/2025, 11:53:51 a. m.] Spaceman 1: Multiplicador recibido - Game ID: 11041642913, Multiplicador: 1.76x
---
[10/11/2025, 11:53:51 a. m.] Spaceman 1: Multiplicador recibido - Game ID: 11041642913, Multiplicador: 1.77x
---
[10/11/2025, 11:53:51 a. m.] Spaceman 1: Multiplicador recibido - Game ID: 11041642913, Multiplicador: 1.78x
---
[10/11/2025, 11:53:51 a. m.] Spaceman 1: Multiplicador recibido - Game ID: 11041642913, Multiplicador: 1.79x
---
[10/11/2025, 11:53:52 a. m.] Spaceman 1: Multiplicador recibido - Game ID: 11041642913, Multiplicador: 1.8x
---
[10/11/2025, 11:53:52 a. m.] Spaceman 1: Multiplicador recibido - Game ID: 11041642913, Multiplicador: 1.81x
---
[10/11/2025, 11:53:52 a. m.] Spaceman 1: Multiplicador recibido - Game ID: 11041642913, Multiplicador: 1.82x
---
[10/11/2025, 11:53:52 a. m.] Spaceman 1: Multiplicador recibido - Game ID: 11041642913, Multiplicador: 1.83x
---
[10/11/2025, 11:53:52 a. m.] Spaceman 1: Multiplicador recibido - Game ID: 11041642913, Multiplicador: 1.84x
---
[10/11/2025, 11:53:52 a. m.] Spaceman 1: Multiplicador recibido - Game ID: 11041642913, Multiplicador: 1.85x
---
[10/11/2025, 11:53:52 a. m.] Spaceman 1: Multiplicador recibido - Game ID: 11041642913, Multiplicador: 1.86x
---
[10/11/2025, 11:53:52 a. m.] Spaceman 1: Multiplicador recibido - Game ID: 11041642913, Multiplicador: 1.87x
---
[10/11/2025, 11:53:52 a. m.] Spaceman 1: Multiplicador recibido - Game ID: 11041642913, Multiplicador: 1.88x
---
[10/11/2025, 11:53:52 a. m.] Spaceman 1: Multiplicador recibido - Game ID: 11041642913, Multiplicador: 1.89x
---
[10/11/2025, 11:53:52 a. m.] Spaceman 1: Multiplicador recibido - Game ID: 11041642913, Multiplicador: 1.9x
---
[10/11/2025, 11:53:52 a. m.] Spaceman 1: Multiplicador recibido - Game ID: 11041642913, Multiplicador: 1.91x
---
[10/11/2025, 11:53:52 a. m.] Spaceman 1: Multiplicador recibido - Game ID: 11041642913, Multiplicador: 1.92x
---
[10/11/2025, 11:53:52 a. m.] Spaceman 1: Multiplicador recibido - Game ID: 11041642913, Multiplicador: 1.93x
---
[10/11/2025, 11:53:53 a. m.] Spaceman 1: Multiplicador recibido - Game ID: 11041642913, Multiplicador: 1.94x
---
[10/11/2025, 11:53:53 a. m.] Spaceman 1: Multiplicador recibido - Game ID: 11041642913, Multiplicador: 1.95x
---
[10/11/2025, 11:53:53 a. m.] Spaceman 1: Multiplicador recibido - Game ID: 11041642913, Multiplicador: 1.96x
---
[10/11/2025, 11:53:53 a. m.] Spaceman 1: Multiplicador recibido - Game ID: 11041642913, Multiplicador: 1.97x
---
[10/11/2025, 11:53:53 a. m.] Spaceman 1: Multiplicador recibido - Game ID: 11041642913, Multiplicador: 1.98x
---
[10/11/2025, 11:53:53 a. m.] Spaceman 1: Multiplicador recibido - Game ID: 11041642913, Multiplicador: 1.99x
---
[10/11/2025, 11:53:53 a. m.] Spaceman 1: Multiplicador recibido - Game ID: 11041642913, Multiplicador: 2x
---
[10/11/2025, 11:53:53 a. m.] Spaceman 1: Multiplicador recibido - Game ID: 11041642913, Multiplicador: 2.01x
---
[10/11/2025, 11:53:53 a. m.] Spaceman 1: Multiplicador recibido - Game ID: 11041642913, Multiplicador: 2.02x
---
[10/11/2025, 11:53:53 a. m.] Spaceman 1: Multiplicador recibido - Game ID: 11041642913, Multiplicador: 2.03x
---
[10/11/2025, 11:53:53 a. m.] Spaceman 1: Multiplicador recibido - Game ID: 11041642913, Multiplicador: 2.04x
---
[10/11/2025, 11:53:53 a. m.] Spaceman 1: Multiplicador recibido - Game ID: 11041642913, Multiplicador: 2.05x
---
[10/11/2025, 11:53:53 a. m.] Spaceman 1: Multiplicador recibido - Game ID: 11041642913, Multiplicador: 2.06x
---
[10/11/2025, 11:53:53 a. m.] Spaceman 1: Multiplicador recibido - Game ID: 11041642913, Multiplicador: 2.07x
---
[10/11/2025, 11:53:53 a. m.] Spaceman 1: Multiplicador recibido - Game ID: 11041642913, Multiplicador: 2.08x
---
[10/11/2025, 11:53:53 a. m.] Spaceman 1: Multiplicador recibido - Game ID: 11041642913, Multiplicador: 2.09x
---
[10/11/2025, 11:53:53 a. m.] Spaceman 1: Multiplicador recibido - Game ID: 11041642913, Multiplicador: 2.1x
---
[10/11/2025, 11:53:54 a. m.] Spaceman 1: Multiplicador recibido - Game ID: 11041642913, Multiplicador: 2.11x
---
[10/11/2025, 11:53:54 a. m.] Spaceman 1: Multiplicador recibido - Game ID: 11041642913, Multiplicador: 2.12x
---
[10/11/2025, 11:53:54 a. m.] Spaceman 1: Multiplicador recibido - Game ID: 11041642913, Multiplicador: 2.13x
---
[10/11/2025, 11:53:54 a. m.] Spaceman 1: Multiplicador recibido - Game ID: 11041642913, Multiplicador: 2.14x
---
[10/11/2025, 11:53:54 a. m.] Spaceman 1: Multiplicador recibido - Game ID: 11041642913, Multiplicador: 2.15x
---
[10/11/2025, 11:53:54 a. m.] Spaceman 1: Multiplicador recibido - Game ID: 11041642913, Multiplicador: 2.16x
---
[10/11/2025, 11:53:54 a. m.] Spaceman 1: Multiplicador recibido - Game ID: 11041642913, Multiplicador: 2.17x
---
[10/11/2025, 11:53:54 a. m.] Spaceman 1: Multiplicador recibido - Game ID: 11041642913, Multiplicador: 2.18x
---
[10/11/2025, 11:53:54 a. m.] Spaceman 1: Multiplicador recibido - Game ID: 11041642913, Multiplicador: 2.19x
---
[10/11/2025, 11:53:54 a. m.] Spaceman 1: Multiplicador recibido - Game ID: 11041642913, Multiplicador: 2.2x
---
[10/11/2025, 11:53:54 a. m.] Spaceman 1: Multiplicador recibido - Game ID: 11041642913, Multiplicador: 2.21x
---
[10/11/2025, 11:53:54 a. m.] Spaceman 1: Multiplicador recibido - Game ID: 11041642913, Multiplicador: 2.22x
---
[10/11/2025, 11:53:54 a. m.] Spaceman 1: Multiplicador recibido - Game ID: 11041642913, Multiplicador: 2.23x
---
[10/11/2025, 11:53:54 a. m.] Spaceman 1: Multiplicador recibido - Game ID: 11041642913, Multiplicador: 2.24x
---
[10/11/2025, 11:53:54 a. m.] Spaceman 1: Multiplicador recibido - Game ID: 11041642913, Multiplicador: 2.25x
---
[10/11/2025, 11:53:54 a. m.] Spaceman 1: Multiplicador recibido - Game ID: 11041642913, Multiplicador: 2.26x
---
[10/11/2025, 11:53:54 a. m.] Spaceman 1: Multiplicador recibido - Game ID: 11041642913, Multiplicador: 2.27x
---
[10/11/2025, 11:53:54 a. m.] Spaceman 1: Multiplicador recibido - Game ID: 11041642913, Multiplicador: 2.28x
---
[10/11/2025, 11:53:55 a. m.] Spaceman 1: Multiplicador recibido - Game ID: 11041642913, Multiplicador: 2.29x
---
[10/11/2025, 11:53:55 a. m.] Spaceman 1: Multiplicador recibido - Game ID: 11041642913, Multiplicador: 2.3x
---
[10/11/2025, 11:53:55 a. m.] Spaceman 1: Multiplicador recibido - Game ID: 11041642913, Multiplicador: 2.31x
---
[10/11/2025, 11:53:55 a. m.] Spaceman 1: Multiplicador recibido - Game ID: 11041642913, Multiplicador: 2.32x
---
[10/11/2025, 11:53:55 a. m.] Spaceman 1: Multiplicador recibido - Game ID: 11041642913, Multiplicador: 2.33x
---
[10/11/2025, 11:53:55 a. m.] Spaceman 1: Multiplicador recibido - Game ID: 11041642913, Multiplicador: 2.34x
---
[10/11/2025, 11:53:55 a. m.] Spaceman 1: Multiplicador recibido - Game ID: 11041642913, Multiplicador: 2.35x
---
[10/11/2025, 11:53:55 a. m.] Spaceman 1: Multiplicador recibido - Game ID: 11041642913, Multiplicador: 2.36x
---
[10/11/2025, 11:53:55 a. m.] Spaceman 1: Multiplicador recibido - Game ID: 11041642913, Multiplicador: 2.37x
---
[10/11/2025, 11:53:55 a. m.] Spaceman 1: Multiplicador recibido - Game ID: 11041642913, Multiplicador: 2.38x
---
[10/11/2025, 11:53:55 a. m.] Spaceman 1: Multiplicador recibido - Game ID: 11041642913, Multiplicador: 2.39x
---
[10/11/2025, 11:53:55 a. m.] Spaceman 1: Multiplicador recibido - Game ID: 11041642913, Multiplicador: 2.4x
---
[10/11/2025, 11:53:55 a. m.] Spaceman 1: Multiplicador recibido - Game ID: 11041642913, Multiplicador: 2.41x
---
[10/11/2025, 11:53:55 a. m.] Spaceman 1: Multiplicador recibido - Game ID: 11041642913, Multiplicador: 2.42x
---
[10/11/2025, 11:53:55 a. m.] Spaceman 1: Multiplicador recibido - Game ID: 11041642913, Multiplicador: 2.43x
---
[10/11/2025, 11:53:55 a. m.] Spaceman 1: Multiplicador recibido - Game ID: 11041642913, Multiplicador: 2.44x
---
[10/11/2025, 11:53:55 a. m.] Spaceman 1: Multiplicador recibido - Game ID: 11041642913, Multiplicador: 2.45x
---
[10/11/2025, 11:53:55 a. m.] Spaceman 1: Multiplicador recibido - Game ID: 11041642913, Multiplicador: 2.46x
---
[10/11/2025, 11:53:55 a. m.] Spaceman 1: Multiplicador recibido - Game ID: 11041642913, Multiplicador: 2.47x
---
[10/11/2025, 11:53:55 a. m.] Spaceman 1: Multiplicador recibido - Game ID: 11041642913, Multiplicador: 2.48x
---
[10/11/2025, 11:53:55 a. m.] Spaceman 1: Multiplicador recibido - Game ID: 11041642913, Multiplicador: 2.49x
---
[10/11/2025, 11:53:56 a. m.] Spaceman 1: Multiplicador recibido - Game ID: 11041642913, Multiplicador: 2.5x
---
[10/11/2025, 11:53:56 a. m.] Spaceman 1: Multiplicador recibido - Game ID: 11041642913, Multiplicador: 2.51x
---
[10/11/2025, 11:53:56 a. m.] Spaceman 1: Multiplicador recibido - Game ID: 11041642913, Multiplicador: 2.52x
---
[10/11/2025, 11:53:56 a. m.] Spaceman 1: Multiplicador recibido - Game ID: 11041642913, Multiplicador: 2.53x
---
[10/11/2025, 11:53:56 a. m.] Spaceman 1: Multiplicador recibido - Game ID: 11041642913, Multiplicador: 2.54x
---
[10/11/2025, 11:53:56 a. m.] Spaceman 1: Multiplicador recibido - Game ID: 11041642913, Multiplicador: 2.55x
---
[10/11/2025, 11:53:56 a. m.] Spaceman 1: Multiplicador recibido - Game ID: 11041642913, Multiplicador: 2.56x
---
[10/11/2025, 11:53:56 a. m.] Spaceman 1: Multiplicador recibido - Game ID: 11041642913, Multiplicador: 2.57x
---
[10/11/2025, 11:53:56 a. m.] Spaceman 1: Multiplicador recibido - Game ID: 11041642913, Multiplicador: 2.58x
---
[10/11/2025, 11:53:56 a. m.] Spaceman 1: Multiplicador recibido - Game ID: 11041642913, Multiplicador: 2.59x
---
[10/11/2025, 11:53:56 a. m.] Spaceman 1: Multiplicador recibido - Game ID: 11041642913, Multiplicador: 2.6x
---
[10/11/2025, 11:53:56 a. m.] Spaceman 1: Multiplicador recibido - Game ID: 11041642913, Multiplicador: 2.61x
---
[10/11/2025, 11:53:56 a. m.] Spaceman 1: Multiplicador recibido - Game ID: 11041642913, Multiplicador: 2.62x
---
[10/11/2025, 11:53:56 a. m.] Spaceman 1: Multiplicador recibido - Game ID: 11041642913, Multiplicador: 2.64x
---
[10/11/2025, 11:53:56 a. m.] Spaceman 1: Multiplicador recibido - Game ID: 11041642913, Multiplicador: 2.65x
---
[10/11/2025, 11:53:56 a. m.] Spaceman 1: Multiplicador recibido - Game ID: 11041642913, Multiplicador: 2.66x
---
[10/11/2025, 11:53:56 a. m.] Spaceman 1: Multiplicador recibido - Game ID: 11041642913, Multiplicador: 2.67x
---
[10/11/2025, 11:53:56 a. m.] Spaceman 1: Multiplicador recibido - Game ID: 11041642913, Multiplicador: 2.68x
---
[10/11/2025, 11:53:56 a. m.] Spaceman 1: Multiplicador recibido - Game ID: 11041642913, Multiplicador: 2.7x
---
[10/11/2025, 11:53:56 a. m.] Spaceman 1: Multiplicador recibido - Game ID: 11041642913, Multiplicador: 2.71x
---
[10/11/2025, 11:53:57 a. m.] Spaceman 1: Multiplicador recibido - Game ID: 11041642913, Multiplicador: 2.72x
---
[10/11/2025, 11:53:57 a. m.] Spaceman 1: Multiplicador recibido - Game ID: 11041642913, Multiplicador: 2.73x
---
[10/11/2025, 11:53:57 a. m.] Spaceman 1: Multiplicador recibido - Game ID: 11041642913, Multiplicador: 2.74x
---
[10/11/2025, 11:53:57 a. m.] Spaceman 1: Multiplicador recibido - Game ID: 11041642913, Multiplicador: 2.75x
---
[10/11/2025, 11:53:57 a. m.] Spaceman 1: Multiplicador recibido - Game ID: 11041642913, Multiplicador: 2.77x
---
[10/11/2025, 11:53:57 a. m.] Spaceman 1: Multiplicador recibido - Game ID: 11041642913, Multiplicador: 2.78x
---
[10/11/2025, 11:53:57 a. m.] Spaceman 1: Multiplicador recibido - Game ID: 11041642913, Multiplicador: 2.79x
---
[10/11/2025, 11:53:57 a. m.] Spaceman 1: Multiplicador recibido - Game ID: 11041642913, Multiplicador: 2.8x
---
[10/11/2025, 11:53:57 a. m.] Spaceman 1: Multiplicador recibido - Game ID: 11041642913, Multiplicador: 2.81x
---
[10/11/2025, 11:53:57 a. m.] Spaceman 1: Multiplicador recibido - Game ID: 11041642913, Multiplicador: 2.82x
---
[10/11/2025, 11:53:57 a. m.] Spaceman 1: Multiplicador recibido - Game ID: 11041642913, Multiplicador: 2.84x
---
[10/11/2025, 11:53:57 a. m.] Spaceman 1: Multiplicador recibido - Game ID: 11041642913, Multiplicador: 2.85x
---
[10/11/2025, 11:53:57 a. m.] Spaceman 1: Multiplicador recibido - Game ID: 11041642913, Multiplicador: 2.86x
---
[10/11/2025, 11:53:57 a. m.] Spaceman 1: Multiplicador recibido - Game ID: 11041642913, Multiplicador: 2.87x
---
[10/11/2025, 11:53:57 a. m.] Spaceman 1: Multiplicador recibido - Game ID: 11041642913, Multiplicador: 2.89x
---
[10/11/2025, 11:53:57 a. m.] Spaceman 1: Multiplicador recibido - Game ID: 11041642913, Multiplicador: 2.9x
---
[10/11/2025, 11:53:57 a. m.] Spaceman 1: Multiplicador recibido - Game ID: 11041642913, Multiplicador: 2.91x
---
[10/11/2025, 11:53:57 a. m.] Spaceman 1: Multiplicador recibido - Game ID: 11041642913, Multiplicador: 2.92x
---
[10/11/2025, 11:53:58 a. m.] Spaceman 1: Multiplicador recibido - Game ID: 11041642913, Multiplicador: 2.93x
---
[10/11/2025, 11:53:58 a. m.] Spaceman 1: Multiplicador recibido - Game ID: 11041642913, Multiplicador: 2.95x
---
[10/11/2025, 11:53:58 a. m.] Spaceman 1: Multiplicador recibido - Game ID: 11041642913, Multiplicador: 2.96x
---
[10/11/2025, 11:53:58 a. m.] Spaceman 1: Multiplicador recibido - Game ID: 11041642913, Multiplicador: 2.97x
---
[10/11/2025, 11:53:58 a. m.] Spaceman 1: Multiplicador recibido - Game ID: 11041642913, Multiplicador: 2.98x
---
[10/11/2025, 11:53:58 a. m.] Spaceman 1: Multiplicador recibido - Game ID: 11041642913, Multiplicador: 3x
---
[10/11/2025, 11:53:58 a. m.] Spaceman 1: Multiplicador recibido - Game ID: 11041642913, Multiplicador: 3.01x
---
[10/11/2025, 11:53:58 a. m.] Spaceman 1: Multiplicador recibido - Game ID: 11041642913, Multiplicador: 3.02x
---
[10/11/2025, 11:53:58 a. m.] Spaceman 1: Multiplicador recibido - Game ID: 11041642913, Multiplicador: 3.03x
---
[10/11/2025, 11:53:58 a. m.] Spaceman 1: Multiplicador recibido - Game ID: 11041642913, Multiplicador: 3.05x
---
[10/11/2025, 11:53:58 a. m.] Spaceman 1: Multiplicador recibido - Game ID: 11041642913, Multiplicador: 3.06x
---
[10/11/2025, 11:53:58 a. m.] Spaceman 1: Multiplicador recibido - Game ID: 11041642913, Multiplicador: 3.07x
---
[10/11/2025, 11:53:58 a. m.] Spaceman 1: Multiplicador recibido - Game ID: 11041642913, Multiplicador: 3.08x
---
[10/11/2025, 11:53:58 a. m.] Spaceman 1: Multiplicador recibido - Game ID: 11041642913, Multiplicador: 3.1x
---
[10/11/2025, 11:53:58 a. m.] Spaceman 1: Multiplicador recibido - Game ID: 11041642913, Multiplicador: 3.11x
---
[10/11/2025, 11:53:58 a. m.] Spaceman 1: Multiplicador recibido - Game ID: 11041642913, Multiplicador: 3.12x
---
[10/11/2025, 11:53:58 a. m.] Spaceman 1: Multiplicador recibido - Game ID: 11041642913, Multiplicador: 3.14x
---
[10/11/2025, 11:53:58 a. m.] Spaceman 1: Multiplicador recibido - Game ID: 11041642913, Multiplicador: 3.15x
---
[10/11/2025, 11:53:58 a. m.] Spaceman 1: Multiplicador recibido - Game ID: 11041642913, Multiplicador: 3.17x
---
[10/11/2025, 11:53:58 a. m.] Spaceman 1: Multiplicador recibido - Game ID: 11041642913, Multiplicador: 3.18x
---
[10/11/2025, 11:53:58 a. m.] Spaceman 1: Multiplicador recibido - Game ID: 11041642913, Multiplicador: 3.19x
---
[10/11/2025, 11:53:59 a. m.] Spaceman 1: Multiplicador recibido - Game ID: 11041642913, Multiplicador: 3.2x
---
[10/11/2025, 11:53:59 a. m.] Spaceman 1: Multiplicador recibido - Game ID: 11041642913, Multiplicador: 3.22x
---
[10/11/2025, 11:53:59 a. m.] Spaceman 1: Multiplicador recibido - Game ID: 11041642913, Multiplicador: 3.23x
---
[10/11/2025, 11:53:59 a. m.] Spaceman 1: Multiplicador recibido - Game ID: 11041642913, Multiplicador: 3.25x
---
[10/11/2025, 11:53:59 a. m.] Spaceman 1: Multiplicador recibido - Game ID: 11041642913, Multiplicador: 3.26x
---
[10/11/2025, 11:53:59 a. m.] Spaceman 1: Multiplicador recibido - Game ID: 11041642913, Multiplicador: 3.27x
---
[10/11/2025, 11:53:59 a. m.] Spaceman 1: Multiplicador recibido - Game ID: 11041642913, Multiplicador: 3.29x
---
[10/11/2025, 11:53:59 a. m.] Spaceman 1: Multiplicador recibido - Game ID: 11041642913, Multiplicador: 3.31x
---
[10/11/2025, 11:53:59 a. m.] Spaceman 1: Multiplicador recibido - Game ID: 11041642913, Multiplicador: 3.32x
---
[10/11/2025, 11:53:59 a. m.] Spaceman 1: Multiplicador recibido - Game ID: 11041642913, Multiplicador: 3.34x
---
[10/11/2025, 11:53:59 a. m.] Spaceman 1: Multiplicador recibido - Game ID: 11041642913, Multiplicador: 3.35x
---
[10/11/2025, 11:53:59 a. m.] Spaceman 1: Multiplicador recibido - Game ID: 11041642913, Multiplicador: 3.36x
---
[10/11/2025, 11:53:59 a. m.] Spaceman 1: Multiplicador recibido - Game ID: 11041642913, Multiplicador: 3.38x
---
[10/11/2025, 11:53:59 a. m.] Spaceman 1: Multiplicador recibido - Game ID: 11041642913, Multiplicador: 3.39x
---
[10/11/2025, 11:53:59 a. m.] Spaceman 1: Multiplicador recibido - Game ID: 11041642913, Multiplicador: 3.41x
---
[10/11/2025, 11:53:59 a. m.] Spaceman 1: Multiplicador recibido - Game ID: 11041642913, Multiplicador: 3.42x
---
[10/11/2025, 11:53:59 a. m.] Spaceman 1: Multiplicador recibido - Game ID: 11041642913, Multiplicador: 3.43x
---
[10/11/2025, 11:53:59 a. m.] Spaceman 1: Multiplicador recibido - Game ID: 11041642913, Multiplicador: 3.45x
---
[10/11/2025, 11:53:59 a. m.] Spaceman 1: Multiplicador recibido - Game ID: 11041642913, Multiplicador: 3.46x
---
[10/11/2025, 11:54:00 a. m.] Spaceman 1: Multiplicador recibido - Game ID: 11041642913, Multiplicador: 3.48x
---
[10/11/2025, 11:54:00 a. m.] Spaceman 1: Multiplicador recibido - Game ID: 11041642913, Multiplicador: 3.49x
---
[10/11/2025, 11:54:00 a. m.] Spaceman 1: Multiplicador recibido - Game ID: 11041642913, Multiplicador: 3.51x
---
[10/11/2025, 11:54:00 a. m.] Spaceman 1: Ping enviado: 1762793640157
---
[10/11/2025, 11:54:00 a. m.] Spaceman 1: Multiplicador recibido - Game ID: 11041642913, Multiplicador: 3.52x
---
[10/11/2025, 11:54:00 a. m.] Spaceman 1: Multiplicador recibido - Game ID: 11041642913, Multiplicador: 3.54x
---
[10/11/2025, 11:54:00 a. m.] Spaceman 1: Multiplicador recibido - Game ID: 11041642913, Multiplicador: 3.56x
---
[10/11/2025, 11:54:00 a. m.] Spaceman 1: Multiplicador recibido - Game ID: 11041642913, Multiplicador: 3.57x
---
[10/11/2025, 11:54:00 a. m.] Spaceman 1: Multiplicador recibido - Game ID: 11041642913, Multiplicador: 3.59x
---
[10/11/2025, 11:54:00 a. m.] Spaceman 1: Multiplicador recibido - Game ID: 11041642913, Multiplicador: 3.6x
---
[10/11/2025, 11:54:00 a. m.] Spaceman 1: Multiplicador recibido - Game ID: 11041642913, Multiplicador: 3.62x
---
[10/11/2025, 11:54:00 a. m.] Spaceman 1: Multiplicador recibido - Game ID: 11041642913, Multiplicador: 3.63x
---
[10/11/2025, 11:54:00 a. m.] Spaceman 1: Multiplicador recibido - Game ID: 11041642913, Multiplicador: 3.65x
---
[10/11/2025, 11:54:00 a. m.] Spaceman 1: Multiplicador recibido - Game ID: 11041642913, Multiplicador: 3.66x
---
[10/11/2025, 11:54:00 a. m.] Spaceman 1: Multiplicador recibido - Game ID: 11041642913, Multiplicador: 3.68x
---
[10/11/2025, 11:54:00 a. m.] Spaceman 1: Multiplicador recibido - Game ID: 11041642913, Multiplicador: 3.69x
---
[10/11/2025, 11:54:00 a. m.] Spaceman 1: Multiplicador recibido - Game ID: 11041642913, Multiplicador: 3.71x
---
[10/11/2025, 11:54:00 a. m.] Spaceman 1: Multiplicador recibido - Game ID: 11041642913, Multiplicador: 3.72x
---
[10/11/2025, 11:54:00 a. m.] Spaceman 1: Multiplicador recibido - Game ID: 11041642913, Multiplicador: 3.74x
---
[10/11/2025, 11:54:00 a. m.] Spaceman 1: Multiplicador recibido - Game ID: 11041642913, Multiplicador: 3.75x
---
[10/11/2025, 11:54:00 a. m.] Spaceman 1: Multiplicador recibido - Game ID: 11041642913, Multiplicador: 3.77x
---
[10/11/2025, 11:54:01 a. m.] Spaceman 1: Multiplicador recibido - Game ID: 11041642913, Multiplicador: 3.79x
---
[10/11/2025, 11:54:01 a. m.] Spaceman 1: Multiplicador recibido - Game ID: 11041642913, Multiplicador: 3.8x
---
[10/11/2025, 11:54:01 a. m.] Spaceman 1: Multiplicador recibido - Game ID: 11041642913, Multiplicador: 3.82x
---
[10/11/2025, 11:54:01 a. m.] Spaceman 1: Multiplicador recibido - Game ID: 11041642913, Multiplicador: 3.84x
---
[10/11/2025, 11:54:01 a. m.] Spaceman 1: Multiplicador recibido - Game ID: 11041642913, Multiplicador: 3.86x
---
[10/11/2025, 11:54:01 a. m.] Spaceman 1: Multiplicador recibido - Game ID: 11041642913, Multiplicador: 3.87x
---
[10/11/2025, 11:54:01 a. m.] Spaceman 1: Multiplicador recibido - Game ID: 11041642913, Multiplicador: 3.89x
---
[10/11/2025, 11:54:01 a. m.] Spaceman 1: Multiplicador recibido - Game ID: 11041642913, Multiplicador: 3.9x
---
[10/11/2025, 11:54:01 a. m.] Spaceman 1: Multiplicador recibido - Game ID: 11041642913, Multiplicador: 3.92x
---
[10/11/2025, 11:54:01 a. m.] Spaceman 1: Multiplicador recibido - Game ID: 11041642913, Multiplicador: 3.94x
---
[10/11/2025, 11:54:01 a. m.] Spaceman 1: Multiplicador recibido - Game ID: 11041642913, Multiplicador: 3.95x
---
[10/11/2025, 11:54:01 a. m.] Spaceman 1: Multiplicador recibido - Game ID: 11041642913, Multiplicador: 3.97x
---
[10/11/2025, 11:54:01 a. m.] Spaceman 1: Multiplicador recibido - Game ID: 11041642913, Multiplicador: 3.99x
---
[10/11/2025, 11:54:01 a. m.] Spaceman 1: Multiplicador recibido - Game ID: 11041642913, Multiplicador: 4x
---
[10/11/2025, 11:54:01 a. m.] Spaceman 1: Multiplicador recibido - Game ID: 11041642913, Multiplicador: 4.02x
---
[10/11/2025, 11:54:01 a. m.] Spaceman 1: Multiplicador recibido - Game ID: 11041642913, Multiplicador: 4.04x
---
[10/11/2025, 11:54:01 a. m.] Spaceman 1: Multiplicador recibido - Game ID: 11041642913, Multiplicador: 4.06x
---
[10/11/2025, 11:54:01 a. m.] Spaceman 1: Multiplicador recibido - Game ID: 11041642913, Multiplicador: 4.08x
---
[10/11/2025, 11:54:02 a. m.] Spaceman 1: Multiplicador recibido - Game ID: 11041642913, Multiplicador: 4.1x
---
[10/11/2025, 11:54:02 a. m.] Spaceman 1: Multiplicador recibido - Game ID: 11041642913, Multiplicador: 4.12x
---
[10/11/2025, 11:54:02 a. m.] Spaceman 1: Multiplicador recibido - Game ID: 11041642913, Multiplicador: 4.14x
---
[10/11/2025, 11:54:02 a. m.] Spaceman 1: Multiplicador recibido - Game ID: 11041642913, Multiplicador: 4.15x
---
[10/11/2025, 11:54:02 a. m.] Spaceman 1: Multiplicador recibido - Game ID: 11041642913, Multiplicador: 4.17x
---
[10/11/2025, 11:54:02 a. m.] Spaceman 1: Multiplicador recibido - Game ID: 11041642913, Multiplicador: 4.19x
---
[10/11/2025, 11:54:02 a. m.] Spaceman 1: Multiplicador recibido - Game ID: 11041642913, Multiplicador: 4.2x
---
[10/11/2025, 11:54:02 a. m.] Spaceman 1: Multiplicador recibido - Game ID: 11041642913, Multiplicador: 4.22x
---
[10/11/2025, 11:54:02 a. m.] Spaceman 1: Multiplicador recibido - Game ID: 11041642913, Multiplicador: 4.24x
---
[10/11/2025, 11:54:02 a. m.] Spaceman 1: Multiplicador recibido - Game ID: 11041642913, Multiplicador: 4.26x
---
[10/11/2025, 11:54:02 a. m.] Spaceman 1: Multiplicador recibido - Game ID: 11041642913, Multiplicador: 4.28x
---
[10/11/2025, 11:54:02 a. m.] Spaceman 1: Multiplicador recibido - Game ID: 11041642913, Multiplicador: 4.3x
---
[10/11/2025, 11:54:02 a. m.] Spaceman 1: Multiplicador recibido - Game ID: 11041642913, Multiplicador: 4.32x
---
[10/11/2025, 11:54:02 a. m.] Spaceman 1: Multiplicador recibido - Game ID: 11041642913, Multiplicador: 4.34x
---
[10/11/2025, 11:54:02 a. m.] Spaceman 1: Multiplicador recibido - Game ID: 11041642913, Multiplicador: 4.35x
---
[10/11/2025, 11:54:02 a. m.] Spaceman 1: Multiplicador recibido - Game ID: 11041642913, Multiplicador: 4.37x
---
[10/11/2025, 11:54:02 a. m.] Spaceman 1: Multiplicador recibido - Game ID: 11041642913, Multiplicador: 4.39x
---
[10/11/2025, 11:54:02 a. m.] Spaceman 1: Multiplicador recibido - Game ID: 11041642913, Multiplicador: 4.4x
---
[10/11/2025, 11:54:02 a. m.] Spaceman 1: Multiplicador recibido - Game ID: 11041642913, Multiplicador: 4.42x
---
[10/11/2025, 11:54:02 a. m.] Spaceman 1: Multiplicador recibido - Game ID: 11041642913, Multiplicador: 4.44x
---
[10/11/2025, 11:54:03 a. m.] Spaceman 1: Multiplicador recibido - Game ID: 11041642913, Multiplicador: 4.46x
---
[10/11/2025, 11:54:03 a. m.] Spaceman 1: Multiplicador recibido - Game ID: 11041642913, Multiplicador: 4.48x
---
[10/11/2025, 11:54:03 a. m.] Spaceman 1: Multiplicador recibido - Game ID: 11041642913, Multiplicador: 4.5x
---
[10/11/2025, 11:54:03 a. m.] Spaceman 1: Multiplicador recibido - Game ID: 11041642913, Multiplicador: 4.52x
---
[10/11/2025, 11:54:03 a. m.] Spaceman 1: Multiplicador recibido - Game ID: 11041642913, Multiplicador: 4.54x
---
[10/11/2025, 11:54:03 a. m.] Spaceman 1: Multiplicador recibido - Game ID: 11041642913, Multiplicador: 4.55x
---
[10/11/2025, 11:54:03 a. m.] Spaceman 1: Multiplicador recibido - Game ID: 11041642913, Multiplicador: 4.57x
---
[10/11/2025, 11:54:03 a. m.] Spaceman 1: Multiplicador recibido - Game ID: 11041642913, Multiplicador: 4.59x
---
[10/11/2025, 11:54:03 a. m.] Spaceman 1: Multiplicador recibido - Game ID: 11041642913, Multiplicador: 4.61x
---
[10/11/2025, 11:54:03 a. m.] Spaceman 1: Multiplicador recibido - Game ID: 11041642913, Multiplicador: 4.63x
---
[10/11/2025, 11:54:03 a. m.] Spaceman 1: Multiplicador recibido - Game ID: 11041642913, Multiplicador: 4.65x
---
[10/11/2025, 11:54:03 a. m.] Spaceman 1: Multiplicador recibido - Game ID: 11041642913, Multiplicador: 4.67x
---
[10/11/2025, 11:54:03 a. m.] Spaceman 1: Multiplicador recibido - Game ID: 11041642913, Multiplicador: 4.69x
---
[10/11/2025, 11:54:03 a. m.] Spaceman 1: Multiplicador recibido - Game ID: 11041642913, Multiplicador: 4.71x
---
[10/11/2025, 11:54:03 a. m.] Spaceman 1: Multiplicador recibido - Game ID: 11041642913, Multiplicador: 4.73x
---
[10/11/2025, 11:54:03 a. m.] Spaceman 1: Multiplicador recibido - Game ID: 11041642913, Multiplicador: 4.75x
---
[10/11/2025, 11:54:03 a. m.] Spaceman 1: Multiplicador recibido - Game ID: 11041642913, Multiplicador: 4.77x
---
[10/11/2025, 11:54:03 a. m.] Spaceman 1: Multiplicador recibido - Game ID: 11041642913, Multiplicador: 4.79x
---
[10/11/2025, 11:54:03 a. m.] Spaceman 1: Multiplicador recibido - Game ID: 11041642913, Multiplicador: 4.81x
---
[10/11/2025, 11:54:03 a. m.] Spaceman 1: Multiplicador recibido - Game ID: 11041642913, Multiplicador: 4.83x
---
[10/11/2025, 11:54:04 a. m.] Spaceman 1: Multiplicador recibido - Game ID: 11041642913, Multiplicador: 4.85x
---
[10/11/2025, 11:54:04 a. m.] Spaceman 1: Multiplicador recibido - Game ID: 11041642913, Multiplicador: 4.87x
---
[10/11/2025, 11:54:04 a. m.] Spaceman 1: Multiplicador recibido - Game ID: 11041642913, Multiplicador: 4.89x
---
[10/11/2025, 11:54:04 a. m.] Spaceman 1: Multiplicador recibido - Game ID: 11041642913, Multiplicador: 4.91x
---
[10/11/2025, 11:54:04 a. m.] Spaceman 1: Multiplicador recibido - Game ID: 11041642913, Multiplicador: 4.93x
---
[10/11/2025, 11:54:04 a. m.] Spaceman 1: Multiplicador recibido - Game ID: 11041642913, Multiplicador: 4.95x
---
[10/11/2025, 11:54:04 a. m.] Spaceman 1: Multiplicador recibido - Game ID: 11041642913, Multiplicador: 4.97x
---
[10/11/2025, 11:54:04 a. m.] Spaceman 1: Multiplicador recibido - Game ID: 11041642913, Multiplicador: 4.99x
---
[10/11/2025, 11:54:04 a. m.] Spaceman 1: Multiplicador recibido - Game ID: 11041642913, Multiplicador: 5.02x
---
[10/11/2025, 11:54:04 a. m.] Spaceman 1: Multiplicador recibido - Game ID: 11041642913, Multiplicador: 5.04x
---
[10/11/2025, 11:54:04 a. m.] Spaceman 1: Multiplicador recibido - Game ID: 11041642913, Multiplicador: 5.06x
---
[10/11/2025, 11:54:04 a. m.] Spaceman 1: Multiplicador recibido - Game ID: 11041642913, Multiplicador: 5.08x
---
[10/11/2025, 11:54:04 a. m.] Spaceman 1: Multiplicador recibido - Game ID: 11041642913, Multiplicador: 5.1x
---
[10/11/2025, 11:54:04 a. m.] Spaceman 1: Multiplicador recibido - Game ID: 11041642913, Multiplicador: 5.12x
---
[10/11/2025, 11:54:04 a. m.] Spaceman 1: Multiplicador recibido - Game ID: 11041642913, Multiplicador: 5.15x
---
[10/11/2025, 11:54:04 a. m.] Spaceman 1: Multiplicador recibido - Game ID: 11041642913, Multiplicador: 5.17x
---
[10/11/2025, 11:54:04 a. m.] Spaceman 1: Multiplicador recibido - Game ID: 11041642913, Multiplicador: 5.19x
---
[10/11/2025, 11:54:04 a. m.] Spaceman 1: Multiplicador recibido - Game ID: 11041642913, Multiplicador: 5.21x
---
[10/11/2025, 11:54:04 a. m.] Spaceman 1: Multiplicador recibido - Game ID: 11041642913, Multiplicador: 5.23x
---
[10/11/2025, 11:54:04 a. m.] Spaceman 1: Multiplicador recibido - Game ID: 11041642913, Multiplicador: 5.26x
---
[10/11/2025, 11:54:05 a. m.] Spaceman 1: Multiplicador recibido - Game ID: 11041642913, Multiplicador: 5.28x
---
[10/11/2025, 11:54:05 a. m.] Spaceman 1: Multiplicador recibido - Game ID: 11041642913, Multiplicador: 5.3x
---
[10/11/2025, 11:54:05 a. m.] Spaceman 1: Multiplicador recibido - Game ID: 11041642913, Multiplicador: 5.32x
---
[10/11/2025, 11:54:05 a. m.] Spaceman 1: Multiplicador recibido - Game ID: 11041642913, Multiplicador: 5.34x
---
[10/11/2025, 11:54:05 a. m.] Spaceman 1: Multiplicador recibido - Game ID: 11041642913, Multiplicador: 5.36x
---
[10/11/2025, 11:54:05 a. m.] Spaceman 1: Multiplicador recibido - Game ID: 11041642913, Multiplicador: 5.39x
---
[10/11/2025, 11:54:05 a. m.] Spaceman 1: Multiplicador recibido - Game ID: 11041642913, Multiplicador: 5.41x
---
[10/11/2025, 11:54:05 a. m.] Spaceman 1: Multiplicador recibido - Game ID: 11041642913, Multiplicador: 5.43x
---
[10/11/2025, 11:54:05 a. m.] Spaceman 1: Multiplicador recibido - Game ID: 11041642913, Multiplicador: 5.46x
---
[10/11/2025, 11:54:05 a. m.] Spaceman 1: Multiplicador recibido - Game ID: 11041642913, Multiplicador: 5.48x
---
[10/11/2025, 11:54:05 a. m.] Spaceman 1: Multiplicador recibido - Game ID: 11041642913, Multiplicador: 5.5x
---
[10/11/2025, 11:54:05 a. m.] Spaceman 1: Multiplicador recibido - Game ID: 11041642913, Multiplicador: 5.52x
---
[10/11/2025, 11:54:05 a. m.] Spaceman 1: Multiplicador recibido - Game ID: 11041642913, Multiplicador: 5.55x
---
[10/11/2025, 11:54:05 a. m.] Spaceman 1: Multiplicador recibido - Game ID: 11041642913, Multiplicador: 5.57x
---
[10/11/2025, 11:54:05 a. m.] Spaceman 1: Multiplicador recibido - Game ID: 11041642913, Multiplicador: 5.59x
---
[10/11/2025, 11:54:05 a. m.] Spaceman 1: Multiplicador recibido - Game ID: 11041642913, Multiplicador: 5.61x
---
[10/11/2025, 11:54:05 a. m.] Spaceman 1: Multiplicador recibido - Game ID: 11041642913, Multiplicador: 5.64x
---
[10/11/2025, 11:54:05 a. m.] Spaceman 1: Multiplicador recibido - Game ID: 11041642913, Multiplicador: 5.67x
---
[10/11/2025, 11:54:05 a. m.] Spaceman 1: Multiplicador recibido - Game ID: 11041642913, Multiplicador: 5.69x
---
[10/11/2025, 11:54:05 a. m.] Spaceman 1: Multiplicador recibido - Game ID: 11041642913, Multiplicador: 5.72x
---
[10/11/2025, 11:54:06 a. m.] Spaceman 1: Multiplicador recibido - Game ID: 11041642913, Multiplicador: 5.74x
---
[10/11/2025, 11:54:06 a. m.] Spaceman 1: Multiplicador recibido - Game ID: 11041642913, Multiplicador: 5.76x
---
[10/11/2025, 11:54:06 a. m.] Spaceman 1: Multiplicador recibido - Game ID: 11041642913, Multiplicador: 5.78x
---
[10/11/2025, 11:54:06 a. m.] Spaceman 1: Multiplicador recibido - Game ID: 11041642913, Multiplicador: 5.81x
---
[10/11/2025, 11:54:06 a. m.] Spaceman 1: Multiplicador recibido - Game ID: 11041642913, Multiplicador: 5.83x
---
[10/11/2025, 11:54:06 a. m.] Spaceman 1: Multiplicador recibido - Game ID: 11041642913, Multiplicador: 5.86x
---
[10/11/2025, 11:54:06 a. m.] Spaceman 1: Multiplicador recibido - Game ID: 11041642913, Multiplicador: 5.88x
---
[10/11/2025, 11:54:06 a. m.] Spaceman 1: Multiplicador recibido - Game ID: 11041642913, Multiplicador: 5.91x
---
[10/11/2025, 11:54:06 a. m.] Spaceman 1: Multiplicador recibido - Game ID: 11041642913, Multiplicador: 5.94x
---
[10/11/2025, 11:54:06 a. m.] Spaceman 1: Multiplicador recibido - Game ID: 11041642913, Multiplicador: 5.96x
---
[10/11/2025, 11:54:06 a. m.] Spaceman 1: Multiplicador recibido - Game ID: 11041642913, Multiplicador: 5.99x
---
[10/11/2025, 11:54:06 a. m.] Spaceman 1: Multiplicador recibido - Game ID: 11041642913, Multiplicador: 6.02x
---
[10/11/2025, 11:54:06 a. m.] Spaceman 1: Multiplicador recibido - Game ID: 11041642913, Multiplicador: 6.04x
---
[10/11/2025, 11:54:06 a. m.] Spaceman 1: Multiplicador recibido - Game ID: 11041642913, Multiplicador: 6.07x
---
[10/11/2025, 11:54:06 a. m.] Spaceman 1: Multiplicador recibido - Game ID: 11041642913, Multiplicador: 6.09x
---
[10/11/2025, 11:54:06 a. m.] Spaceman 1: Multiplicador recibido - Game ID: 11041642913, Multiplicador: 6.12x
---
[10/11/2025, 11:54:06 a. m.] Spaceman 1: Multiplicador recibido - Game ID: 11041642913, Multiplicador: 6.14x
---
[10/11/2025, 11:54:06 a. m.] Spaceman 1: Multiplicador recibido - Game ID: 11041642913, Multiplicador: 6.17x
---
[10/11/2025, 11:54:06 a. m.] Spaceman 1: Multiplicador recibido - Game ID: 11041642913, Multiplicador: 6.2x
---
[10/11/2025, 11:54:07 a. m.] Spaceman 1: Multiplicador recibido - Game ID: 11041642913, Multiplicador: 6.22x
---
[10/11/2025, 11:54:07 a. m.] Spaceman 1: Multiplicador recibido - Game ID: 11041642913, Multiplicador: 6.25x
---
[10/11/2025, 11:54:07 a. m.] Spaceman 1: Multiplicador recibido - Game ID: 11041642913, Multiplicador: 6.28x
---
[10/11/2025, 11:54:07 a. m.] Spaceman 1: Multiplicador recibido - Game ID: 11041642913, Multiplicador: 6.31x
---
[10/11/2025, 11:54:07 a. m.] Spaceman 1: Multiplicador recibido - Game ID: 11041642913, Multiplicador: 6.33x
---
[10/11/2025, 11:54:07 a. m.] Spaceman 1: Multiplicador recibido - Game ID: 11041642913, Multiplicador: 6.36x
---
[10/11/2025, 11:54:07 a. m.] Spaceman 1: Multiplicador recibido - Game ID: 11041642913, Multiplicador: 6.39x
---
[10/11/2025, 11:54:07 a. m.] Spaceman 1: Multiplicador recibido - Game ID: 11041642913, Multiplicador: 6.41x
---
[10/11/2025, 11:54:07 a. m.] Spaceman 1: Multiplicador recibido - Game ID: 11041642913, Multiplicador: 6.46x
---
[10/11/2025, 11:54:07 a. m.] Spaceman 1: Multiplicador recibido - Game ID: 11041642913, Multiplicador: 6.49x
---
[10/11/2025, 11:54:07 a. m.] Spaceman 1: Multiplicador recibido - Game ID: 11041642913, Multiplicador: 6.52x
---
[10/11/2025, 11:54:07 a. m.] Spaceman 1: Multiplicador recibido - Game ID: 11041642913, Multiplicador: 6.54x
---
[10/11/2025, 11:54:07 a. m.] Spaceman 1: Multiplicador recibido - Game ID: 11041642913, Multiplicador: 6.57x
---
[10/11/2025, 11:54:07 a. m.] Spaceman 1: Multiplicador recibido - Game ID: 11041642913, Multiplicador: 6.6x
---
[10/11/2025, 11:54:07 a. m.] Spaceman 1: Multiplicador recibido - Game ID: 11041642913, Multiplicador: 6.63x
---
[10/11/2025, 11:54:07 a. m.] Spaceman 1: Multiplicador recibido - Game ID: 11041642913, Multiplicador: 6.66x
---
[10/11/2025, 11:54:07 a. m.] Spaceman 1: Multiplicador recibido - Game ID: 11041642913, Multiplicador: 6.69x
---
[10/11/2025, 11:54:07 a. m.] Spaceman 1: Multiplicador recibido - Game ID: 11041642913, Multiplicador: 6.71x
---
[10/11/2025, 11:54:07 a. m.] Spaceman 1: Multiplicador recibido - Game ID: 11041642913, Multiplicador: 6.74x
---
[10/11/2025, 11:54:08 a. m.] Spaceman 1: Multiplicador recibido - Game ID: 11041642913, Multiplicador: 6.77x
---
[10/11/2025, 11:54:08 a. m.] Spaceman 1: Multiplicador recibido - Game ID: 11041642913, Multiplicador: 6.8x
---
[10/11/2025, 11:54:08 a. m.] Spaceman 1: Multiplicador recibido - Game ID: 11041642913, Multiplicador: 6.83x
---
[10/11/2025, 11:54:08 a. m.] Spaceman 1: Multiplicador recibido - Game ID: 11041642913, Multiplicador: 6.86x
---
[10/11/2025, 11:54:08 a. m.] Spaceman 1: Multiplicador recibido - Game ID: 11041642913, Multiplicador: 6.89x
---
[10/11/2025, 11:54:08 a. m.] Spaceman 1: Multiplicador recibido - Game ID: 11041642913, Multiplicador: 6.91x
---
[10/11/2025, 11:54:08 a. m.] Spaceman 1: Multiplicador recibido - Game ID: 11041642913, Multiplicador: 6.95x
---
[10/11/2025, 11:54:08 a. m.] Spaceman 1: Multiplicador recibido - Game ID: 11041642913, Multiplicador: 6.97x
---
[10/11/2025, 11:54:08 a. m.] Spaceman 1: Multiplicador recibido - Game ID: 11041642913, Multiplicador: 7x
---
[10/11/2025, 11:54:08 a. m.] Spaceman 1: Multiplicador recibido - Game ID: 11041642913, Multiplicador: 7.03x
---
[10/11/2025, 11:54:08 a. m.] Spaceman 1: Multiplicador recibido - Game ID: 11041642913, Multiplicador: 7.06x
---
[10/11/2025, 11:54:08 a. m.] Spaceman 1: Multiplicador recibido - Game ID: 11041642913, Multiplicador: 7.09x
---
[10/11/2025, 11:54:08 a. m.] Spaceman 1: Multiplicador recibido - Game ID: 11041642913, Multiplicador: 7.12x
---
[10/11/2025, 11:54:08 a. m.] Spaceman 1: Multiplicador recibido - Game ID: 11041642913, Multiplicador: 7.15x
---
[10/11/2025, 11:54:08 a. m.] Spaceman 1: Multiplicador recibido - Game ID: 11041642913, Multiplicador: 7.18x
---
[10/11/2025, 11:54:08 a. m.] Spaceman 1: Multiplicador recibido - Game ID: 11041642913, Multiplicador: 7.21x
---
[10/11/2025, 11:54:08 a. m.] Spaceman 1: Multiplicador recibido - Game ID: 11041642913, Multiplicador: 7.24x
---
[10/11/2025, 11:54:08 a. m.] Spaceman 1: Multiplicador recibido - Game ID: 11041642913, Multiplicador: 7.27x
---
[10/11/2025, 11:54:08 a. m.] Spaceman 1: Multiplicador recibido - Game ID: 11041642913, Multiplicador: 7.31x
---
[10/11/2025, 11:54:09 a. m.] Spaceman 1: Multiplicador recibido - Game ID: 11041642913, Multiplicador: 7.34x
---
[10/11/2025, 11:54:09 a. m.] Spaceman 1: Multiplicador recibido - Game ID: 11041642913, Multiplicador: 7.37x
---
[10/11/2025, 11:54:09 a. m.] Spaceman 1: Multiplicador recibido - Game ID: 11041642913, Multiplicador: 7.4x
---
[10/11/2025, 11:54:09 a. m.] Spaceman 1: Multiplicador recibido - Game ID: 11041642913, Multiplicador: 7.43x
---
[10/11/2025, 11:54:09 a. m.] Spaceman 1: Multiplicador recibido - Game ID: 11041642913, Multiplicador: 7.46x
---
[10/11/2025, 11:54:09 a. m.] Spaceman 1: Multiplicador recibido - Game ID: 11041642913, Multiplicador: 7.49x
---
[10/11/2025, 11:54:09 a. m.] Spaceman 1: Multiplicador recibido - Game ID: 11041642913, Multiplicador: 7.53x
---
[10/11/2025, 11:54:09 a. m.] Spaceman 1: Multiplicador recibido - Game ID: 11041642913, Multiplicador: 7.56x
---
[10/11/2025, 11:54:09 a. m.] Spaceman 1: Multiplicador recibido - Game ID: 11041642913, Multiplicador: 7.59x
---
[10/11/2025, 11:54:09 a. m.] Spaceman 1: Multiplicador recibido - Game ID: 11041642913, Multiplicador: 7.62x
---
[10/11/2025, 11:54:09 a. m.] Spaceman 1: Multiplicador recibido - Game ID: 11041642913, Multiplicador: 7.66x
---
[10/11/2025, 11:54:09 a. m.] Spaceman 1: Multiplicador recibido - Game ID: 11041642913, Multiplicador: 7.69x
---
[10/11/2025, 11:54:09 a. m.] Spaceman 1: Multiplicador recibido - Game ID: 11041642913, Multiplicador: 7.73x
---
[10/11/2025, 11:54:09 a. m.] Spaceman 1: Multiplicador recibido - Game ID: 11041642913, Multiplicador: 7.76x
---
[10/11/2025, 11:54:09 a. m.] Spaceman 1: Multiplicador recibido - Game ID: 11041642913, Multiplicador: 7.79x
---
[10/11/2025, 11:54:09 a. m.] Spaceman 1: Multiplicador recibido - Game ID: 11041642913, Multiplicador: 7.82x
---
[10/11/2025, 11:54:09 a. m.] Spaceman 1: Multiplicador recibido - Game ID: 11041642913, Multiplicador: 7.85x
---
[10/11/2025, 11:54:09 a. m.] Spaceman 1: Multiplicador recibido - Game ID: 11041642913, Multiplicador: 7.88x
---
[10/11/2025, 11:54:09 a. m.] Spaceman 1: Multiplicador recibido - Game ID: 11041642913, Multiplicador: 7.91x
---
[10/11/2025, 11:54:09 a. m.] Spaceman 1: Multiplicador recibido - Game ID: 11041642913, Multiplicador: 7.94x
---
[10/11/2025, 11:54:10 a. m.] Spaceman 1: Multiplicador recibido - Game ID: 11041642913, Multiplicador: 7.98x
---
[10/11/2025, 11:54:10 a. m.] Spaceman 1: Multiplicador recibido - Game ID: 11041642913, Multiplicador: 8.02x
---
[10/11/2025, 11:54:10 a. m.] Spaceman 1: Multiplicador recibido - Game ID: 11041642913, Multiplicador: 8.05x
---
[10/11/2025, 11:54:10 a. m.] Spaceman 1: Ping enviado: 1762793650160
---
[10/11/2025, 11:54:10 a. m.] Spaceman 1: Multiplicador recibido - Game ID: 11041642913, Multiplicador: 8.09x
---
[10/11/2025, 11:54:10 a. m.] Spaceman 1: Multiplicador recibido - Game ID: 11041642913, Multiplicador: 8.12x
---
[10/11/2025, 11:54:10 a. m.] Spaceman 1: Multiplicador recibido - Game ID: 11041642913, Multiplicador: 8.16x
---
[10/11/2025, 11:54:10 a. m.] Spaceman 1: Multiplicador recibido - Game ID: 11041642913, Multiplicador: 8.2x
---
[10/11/2025, 11:54:10 a. m.] Spaceman 1: Multiplicador recibido - Game ID: 11041642913, Multiplicador: 8.23x
---
[10/11/2025, 11:54:10 a. m.] Spaceman 1: Multiplicador recibido - Game ID: 11041642913, Multiplicador: 8.26x
---
[10/11/2025, 11:54:10 a. m.] Spaceman 1: Multiplicador recibido - Game ID: 11041642913, Multiplicador: 8.3x
---
[10/11/2025, 11:54:10 a. m.] Spaceman 1: Multiplicador recibido - Game ID: 11041642913, Multiplicador: 8.33x
---
[10/11/2025, 11:54:10 a. m.] Spaceman 1: Multiplicador recibido - Game ID: 11041642913, Multiplicador: 8.36x
---
[10/11/2025, 11:54:10 a. m.] Spaceman 1: Multiplicador recibido - Game ID: 11041642913, Multiplicador: 8.4x
---
[10/11/2025, 11:54:10 a. m.] Spaceman 1: Multiplicador recibido - Game ID: 11041642913, Multiplicador: 8.43x
---
[10/11/2025, 11:54:10 a. m.] Spaceman 1: Multiplicador recibido - Game ID: 11041642913, Multiplicador: 8.47x
---
[10/11/2025, 11:54:10 a. m.] Spaceman 1: Multiplicador recibido - Game ID: 11041642913, Multiplicador: 8.5x
---
[10/11/2025, 11:54:10 a. m.] Spaceman 1: Multiplicador recibido - Game ID: 11041642913, Multiplicador: 8.53x
---
[10/11/2025, 11:54:10 a. m.] Spaceman 1: Multiplicador recibido - Game ID: 11041642913, Multiplicador: 8.57x
---
[10/11/2025, 11:54:10 a. m.] Spaceman 1: Multiplicador recibido - Game ID: 11041642913, Multiplicador: 8.61x
---
[10/11/2025, 11:54:11 a. m.] Spaceman 1: Multiplicador recibido - Game ID: 11041642913, Multiplicador: 8.65x
---
[10/11/2025, 11:54:11 a. m.] Spaceman 1: Multiplicador recibido - Game ID: 11041642913, Multiplicador: 8.69x
---
[10/11/2025, 11:54:11 a. m.] Spaceman 1: Multiplicador recibido - Game ID: 11041642913, Multiplicador: 8.73x
---
[10/11/2025, 11:54:11 a. m.] Spaceman 1: Multiplicador recibido - Game ID: 11041642913, Multiplicador: 8.77x
---
[10/11/2025, 11:54:11 a. m.] Spaceman 1: Multiplicador recibido - Game ID: 11041642913, Multiplicador: 8.81x
---
[10/11/2025, 11:54:11 a. m.] Spaceman 1: Multiplicador recibido - Game ID: 11041642913, Multiplicador: 8.85x
---
[10/11/2025, 11:54:11 a. m.] Spaceman 1: Multiplicador recibido - Game ID: 11041642913, Multiplicador: 8.88x
---
[10/11/2025, 11:54:11 a. m.] Spaceman 1: Multiplicador recibido - Game ID: 11041642913, Multiplicador: 8.92x
---
[10/11/2025, 11:54:11 a. m.] Spaceman 1: Multiplicador recibido - Game ID: 11041642913, Multiplicador: 8.95x
---
[10/11/2025, 11:54:11 a. m.] Spaceman 1: Multiplicador recibido - Game ID: 11041642913, Multiplicador: 8.99x
---
[10/11/2025, 11:54:11 a. m.] Spaceman 1: Multiplicador recibido - Game ID: 11041642913, Multiplicador: 9.03x
---
[10/11/2025, 11:54:11 a. m.] Spaceman 1: Multiplicador recibido - Game ID: 11041642913, Multiplicador: 9.06x
---
[10/11/2025, 11:54:11 a. m.] Spaceman 1: Multiplicador recibido - Game ID: 11041642913, Multiplicador: 9.1x
---
[10/11/2025, 11:54:11 a. m.] Spaceman 1: Multiplicador recibido - Game ID: 11041642913, Multiplicador: 9.14x
---
[10/11/2025, 11:54:11 a. m.] Spaceman 1: Multiplicador recibido - Game ID: 11041642913, Multiplicador: 9.17x
---
[10/11/2025, 11:54:11 a. m.] Spaceman 1: Multiplicador recibido - Game ID: 11041642913, Multiplicador: 9.23x
---
[10/11/2025, 11:54:11 a. m.] Spaceman 1: Multiplicador recibido - Game ID: 11041642913, Multiplicador: 9.26x
---
[10/11/2025, 11:54:11 a. m.] Spaceman 1: Multiplicador recibido - Game ID: 11041642913, Multiplicador: 9.3x
---
[10/11/2025, 11:54:11 a. m.] Spaceman 1: Multiplicador recibido - Game ID: 11041642913, Multiplicador: 9.35x
---
[10/11/2025, 11:54:11 a. m.] Spaceman 1: Multiplicador recibido - Game ID: 11041642913, Multiplicador: 9.39x
---
[10/11/2025, 11:54:12 a. m.] Spaceman 1: Multiplicador recibido - Game ID: 11041642913, Multiplicador: 9.43x
---
[10/11/2025, 11:54:12 a. m.] Spaceman 1: Multiplicador recibido - Game ID: 11041642913, Multiplicador: 9.46x
---
[10/11/2025, 11:54:12 a. m.] Spaceman 1: Multiplicador recibido - Game ID: 11041642913, Multiplicador: 9.51x
---
[10/11/2025, 11:54:12 a. m.] Spaceman 1: Multiplicador recibido - Game ID: 11041642913, Multiplicador: 9.54x
---
[10/11/2025, 11:54:12 a. m.] Spaceman 1: Multiplicador recibido - Game ID: 11041642913, Multiplicador: 9.59x
---
[10/11/2025, 11:54:12 a. m.] Spaceman 1: Multiplicador recibido - Game ID: 11041642913, Multiplicador: 9.63x
---
[10/11/2025, 11:54:12 a. m.] Spaceman 1: Multiplicador recibido - Game ID: 11041642913, Multiplicador: 9.67x
---
[10/11/2025, 11:54:12 a. m.] Spaceman 1: Multiplicador recibido - Game ID: 11041642913, Multiplicador: 9.71x
---
[10/11/2025, 11:54:12 a. m.] Spaceman 1: Multiplicador recibido - Game ID: 11041642913, Multiplicador: 9.76x
---
[10/11/2025, 11:54:12 a. m.] Spaceman 1: Multiplicador recibido - Game ID: 11041642913, Multiplicador: 9.8x
---
[10/11/2025, 11:54:12 a. m.] Spaceman 1: Multiplicador recibido - Game ID: 11041642913, Multiplicador: 9.84x
---
[10/11/2025, 11:54:12 a. m.] Spaceman 1: Multiplicador recibido - Game ID: 11041642913, Multiplicador: 9.88x
---
[10/11/2025, 11:54:12 a. m.] Spaceman 1: Multiplicador recibido - Game ID: 11041642913, Multiplicador: 9.92x
---
[10/11/2025, 11:54:12 a. m.] Spaceman 1: Multiplicador recibido - Game ID: 11041642913, Multiplicador: 9.97x
---
[10/11/2025, 11:54:12 a. m.] Spaceman 1: Multiplicador recibido - Game ID: 11041642913, Multiplicador: 10.01x
---
[10/11/2025, 11:54:12 a. m.] Spaceman 1: Multiplicador recibido - Game ID: 11041642913, Multiplicador: 10.05x
---
[10/11/2025, 11:54:12 a. m.] Spaceman 1: Multiplicador recibido - Game ID: 11041642913, Multiplicador: 10.09x
---
[10/11/2025, 11:54:12 a. m.] Spaceman 1: Multiplicador recibido - Game ID: 11041642913, Multiplicador: 10.13x
---
[10/11/2025, 11:54:12 a. m.] Spaceman 1: Multiplicador recibido - Game ID: 11041642913, Multiplicador: 10.18x
---
[10/11/2025, 11:54:12 a. m.] Spaceman 1: Multiplicador recibido - Game ID: 11041642913, Multiplicador: 10.22x
---
[10/11/2025, 11:54:13 a. m.] Spaceman 1: Multiplicador recibido - Game ID: 11041642913, Multiplicador: 10.26x
---
[10/11/2025, 11:54:13 a. m.] Spaceman 1: Multiplicador recibido - Game ID: 11041642913, Multiplicador: 10.31x
---
[10/11/2025, 11:54:13 a. m.] Spaceman 1: Multiplicador recibido - Game ID: 11041642913, Multiplicador: 10.35x
---
[10/11/2025, 11:54:13 a. m.] Spaceman 1: Multiplicador recibido - Game ID: 11041642913, Multiplicador: 10.4x
---
[10/11/2025, 11:54:13 a. m.] Spaceman 1: Multiplicador recibido - Game ID: 11041642913, Multiplicador: 10.44x
---
[10/11/2025, 11:54:13 a. m.] Spaceman 1: Multiplicador recibido - Game ID: 11041642913, Multiplicador: 10.48x
---
[10/11/2025, 11:54:13 a. m.] Spaceman 1: Multiplicador recibido - Game ID: 11041642913, Multiplicador: 10.53x
---
[10/11/2025, 11:54:13 a. m.] Spaceman 1: Multiplicador recibido - Game ID: 11041642913, Multiplicador: 10.57x
---
[10/11/2025, 11:54:13 a. m.] Spaceman 1: Multiplicador recibido - Game ID: 11041642913, Multiplicador: 10.61x
---
[10/11/2025, 11:54:13 a. m.] Spaceman 1: Multiplicador recibido - Game ID: 11041642913, Multiplicador: 10.66x
---
[10/11/2025, 11:54:13 a. m.] Spaceman 1: Multiplicador recibido - Game ID: 11041642913, Multiplicador: 10.7x
---
[10/11/2025, 11:54:13 a. m.] Spaceman 1: Multiplicador recibido - Game ID: 11041642913, Multiplicador: 10.75x
---
[10/11/2025, 11:54:13 a. m.] Spaceman 1: Multiplicador recibido - Game ID: 11041642913, Multiplicador: 10.79x
---
[10/11/2025, 11:54:13 a. m.] Spaceman 1: Multiplicador recibido - Game ID: 11041642913, Multiplicador: 10.84x
---
[10/11/2025, 11:54:13 a. m.] Spaceman 1: Multiplicador recibido - Game ID: 11041642913, Multiplicador: 10.88x
---
[10/11/2025, 11:54:13 a. m.] Spaceman 1: Multiplicador recibido - Game ID: 11041642913, Multiplicador: 10.93x
---
[10/11/2025, 11:54:13 a. m.] Spaceman 1: Multiplicador recibido - Game ID: 11041642913, Multiplicador: 10.97x
---
[10/11/2025, 11:54:13 a. m.] Spaceman 1: Multiplicador recibido - Game ID: 11041642913, Multiplicador: 11.03x
---
[10/11/2025, 11:54:13 a. m.] Spaceman 1: Multiplicador recibido - Game ID: 11041642913, Multiplicador: 11.07x
---
[10/11/2025, 11:54:13 a. m.] Spaceman 1: Multiplicador recibido - Game ID: 11041642913, Multiplicador: 11.11x
---
[10/11/2025, 11:54:14 a. m.] Spaceman 1: Multiplicador recibido - Game ID: 11041642913, Multiplicador: 11.16x
---
[10/11/2025, 11:54:14 a. m.] Spaceman 1: Multiplicador recibido - Game ID: 11041642913, Multiplicador: 11.21x
---
[10/11/2025, 11:54:14 a. m.] Spaceman 1: Multiplicador recibido - Game ID: 11041642913, Multiplicador: 11.26x
---
[10/11/2025, 11:54:14 a. m.] Spaceman 1: Multiplicador recibido - Game ID: 11041642913, Multiplicador: 11.31x
---
[10/11/2025, 11:54:14 a. m.] Spaceman 1: Multiplicador recibido - Game ID: 11041642913, Multiplicador: 11.35x
---
[10/11/2025, 11:54:14 a. m.] Spaceman 1: Multiplicador recibido - Game ID: 11041642913, Multiplicador: 11.4x
---
[10/11/2025, 11:54:14 a. m.] Spaceman 1: Multiplicador recibido - Game ID: 11041642913, Multiplicador: 11.45x
---
[10/11/2025, 11:54:14 a. m.] Spaceman 1: Multiplicador recibido - Game ID: 11041642913, Multiplicador: 11.49x
---
[10/11/2025, 11:54:14 a. m.] Spaceman 1: Multiplicador recibido - Game ID: 11041642913, Multiplicador: 11.54x
---
[10/11/2025, 11:54:14 a. m.] Spaceman 1: Multiplicador recibido - Game ID: 11041642913, Multiplicador: 11.59x
---
[10/11/2025, 11:54:14 a. m.] Spaceman 1: Multiplicador recibido - Game ID: 11041642913, Multiplicador: 11.64x
---
[10/11/2025, 11:54:14 a. m.] Spaceman 1: Multiplicador recibido - Game ID: 11041642913, Multiplicador: 11.69x
---
[10/11/2025, 11:54:14 a. m.] Spaceman 1: Multiplicador recibido - Game ID: 11041642913, Multiplicador: 11.74x
---
[10/11/2025, 11:54:14 a. m.] Spaceman 1: Multiplicador recibido - Game ID: 11041642913, Multiplicador: 11.79x
---
[10/11/2025, 11:54:14 a. m.] Spaceman 1: Multiplicador recibido - Game ID: 11041642913, Multiplicador: 11.84x
---
[10/11/2025, 11:54:14 a. m.] Spaceman 1: Multiplicador recibido - Game ID: 11041642913, Multiplicador: 11.89x
---
[10/11/2025, 11:54:14 a. m.] Spaceman 1: Multiplicador recibido - Game ID: 11041642913, Multiplicador: 11.94x
---
[10/11/2025, 11:54:14 a. m.] Spaceman 1: Multiplicador recibido - Game ID: 11041642913, Multiplicador: 11.99x
---
[10/11/2025, 11:54:14 a. m.] Spaceman 1: Multiplicador recibido - Game ID: 11041642913, Multiplicador: 12.04x
---
[10/11/2025, 11:54:15 a. m.] Spaceman 1: Multiplicador recibido - Game ID: 11041642913, Multiplicador: 12.09x
---
[10/11/2025, 11:54:15 a. m.] Spaceman 1: Multiplicador recibido - Game ID: 11041642913, Multiplicador: 12.14x
---
[10/11/2025, 11:54:15 a. m.] Spaceman 1: Multiplicador recibido - Game ID: 11041642913, Multiplicador: 12.19x
---
[10/11/2025, 11:54:15 a. m.] Spaceman 1: Multiplicador recibido - Game ID: 11041642913, Multiplicador: 12.24x
---
[10/11/2025, 11:54:15 a. m.] Spaceman 1: Multiplicador recibido - Game ID: 11041642913, Multiplicador: 12.28x
---
[10/11/2025, 11:54:15 a. m.] Spaceman 1: Multiplicador recibido - Game ID: 11041642913, Multiplicador: 12.33x
---
[10/11/2025, 11:54:15 a. m.] Spaceman 1: Multiplicador recibido - Game ID: 11041642913, Multiplicador: 12.38x
---
[10/11/2025, 11:54:15 a. m.] Spaceman 1: Multiplicador recibido - Game ID: 11041642913, Multiplicador: 12.44x
---
[10/11/2025, 11:54:15 a. m.] Spaceman 1: Multiplicador recibido - Game ID: 11041642913, Multiplicador: 12.49x
---
[10/11/2025, 11:54:15 a. m.] Spaceman 1: Multiplicador recibido - Game ID: 11041642913, Multiplicador: 12.55x
---
[10/11/2025, 11:54:15 a. m.] Spaceman 1: Multiplicador recibido - Game ID: 11041642913, Multiplicador: 12.6x
---
[10/11/2025, 11:54:15 a. m.] Spaceman 1: Multiplicador recibido - Game ID: 11041642913, Multiplicador: 12.71x
---
[10/11/2025, 11:54:15 a. m.] Spaceman 1: Multiplicador recibido - Game ID: 11041642913, Multiplicador: 12.77x
---
[10/11/2025, 11:54:15 a. m.] Spaceman 1: Multiplicador recibido - Game ID: 11041642913, Multiplicador: 12.82x
---
[10/11/2025, 11:54:15 a. m.] Spaceman 1: Multiplicador recibido - Game ID: 11041642913, Multiplicador: 12.88x
---
[10/11/2025, 11:54:15 a. m.] Spaceman 1: Multiplicador recibido - Game ID: 11041642913, Multiplicador: 12.93x
---
[10/11/2025, 11:54:15 a. m.] Spaceman 1: Multiplicador recibido - Game ID: 11041642913, Multiplicador: 12.98x
---
[10/11/2025, 11:54:15 a. m.] Spaceman 1: Multiplicador recibido - Game ID: 11041642913, Multiplicador: 13.04x
---
[10/11/2025, 11:54:15 a. m.] Spaceman 1: Multiplicador recibido - Game ID: 11041642913, Multiplicador: 13.1x
---
[10/11/2025, 11:54:16 a. m.] Spaceman 1: Multiplicador recibido - Game ID: 11041642913, Multiplicador: 13.15x
---
[10/11/2025, 11:54:16 a. m.] Spaceman 1: Multiplicador recibido - Game ID: 11041642913, Multiplicador: 13.21x
---
[10/11/2025, 11:54:16 a. m.] Spaceman 1: Multiplicador recibido - Game ID: 11041642913, Multiplicador: 13.26x
---
[10/11/2025, 11:54:16 a. m.] Spaceman 1: Multiplicador recibido - Game ID: 11041642913, Multiplicador: 13.32x
---
[10/11/2025, 11:54:16 a. m.] Spaceman 1: Multiplicador recibido - Game ID: 11041642913, Multiplicador: 13.38x
---
[10/11/2025, 11:54:16 a. m.] Spaceman 1: Multiplicador recibido - Game ID: 11041642913, Multiplicador: 13.44x
---
[10/11/2025, 11:54:16 a. m.] Spaceman 1: Multiplicador recibido - Game ID: 11041642913, Multiplicador: 13.49x
---
[10/11/2025, 11:54:16 a. m.] Spaceman 1: Multiplicador recibido - Game ID: 11041642913, Multiplicador: 13.55x
---
[10/11/2025, 11:54:16 a. m.] Spaceman 1: Multiplicador recibido - Game ID: 11041642913, Multiplicador: 13.61x
---
[10/11/2025, 11:54:16 a. m.] Spaceman 1: Multiplicador recibido - Game ID: 11041642913, Multiplicador: 13.67x
---
[10/11/2025, 11:54:16 a. m.] Spaceman 1: Multiplicador recibido - Game ID: 11041642913, Multiplicador: 13.73x
---
[10/11/2025, 11:54:16 a. m.] Spaceman 1: Multiplicador recibido - Game ID: 11041642913, Multiplicador: 13.78x
---
[10/11/2025, 11:54:16 a. m.] Spaceman 1: Multiplicador recibido - Game ID: 11041642913, Multiplicador: 13.84x
---
[10/11/2025, 11:54:16 a. m.] Spaceman 1: Multiplicador recibido - Game ID: 11041642913, Multiplicador: 13.91x
---
[10/11/2025, 11:54:16 a. m.] Spaceman 1: Multiplicador recibido - Game ID: 11041642913, Multiplicador: 13.97x
---
[10/11/2025, 11:54:16 a. m.] Spaceman 1: Multiplicador recibido - Game ID: 11041642913, Multiplicador: 14.02x
---
[10/11/2025, 11:54:16 a. m.] Spaceman 1: Multiplicador recibido - Game ID: 11041642913, Multiplicador: 14.08x
---
[10/11/2025, 11:54:16 a. m.] Spaceman 1: Multiplicador recibido - Game ID: 11041642913, Multiplicador: 14.14x
---
[10/11/2025, 11:54:16 a. m.] Spaceman 1: Multiplicador recibido - Game ID: 11041642913, Multiplicador: 14.2x
---
[10/11/2025, 11:54:17 a. m.] Spaceman 1: Multiplicador recibido - Game ID: 11041642913, Multiplicador: 14.25x
---
[10/11/2025, 11:54:17 a. m.] Spaceman 1: Multiplicador recibido - Game ID: 11041642913, Multiplicador: 14.32x
---
[10/11/2025, 11:54:17 a. m.] Spaceman 1: Multiplicador recibido - Game ID: 11041642913, Multiplicador: 14.37x
---
[10/11/2025, 11:54:17 a. m.] Spaceman 1: Multiplicador recibido - Game ID: 11041642913, Multiplicador: 14.44x
---
[10/11/2025, 11:54:17 a. m.] Spaceman 1: Multiplicador recibido - Game ID: 11041642913, Multiplicador: 14.5x
---
[10/11/2025, 11:54:17 a. m.] Spaceman 1: Multiplicador recibido - Game ID: 11041642913, Multiplicador: 14.56x
---
[10/11/2025, 11:54:17 a. m.] Spaceman 1: Multiplicador recibido - Game ID: 11041642913, Multiplicador: 14.62x
---
[10/11/2025, 11:54:17 a. m.] Spaceman 1: Multiplicador recibido - Game ID: 11041642913, Multiplicador: 14.69x
---
[10/11/2025, 11:54:17 a. m.] Spaceman 1: Multiplicador recibido - Game ID: 11041642913, Multiplicador: 14.76x
---
[10/11/2025, 11:54:17 a. m.] Spaceman 1: Multiplicador recibido - Game ID: 11041642913, Multiplicador: 14.82x
---
[10/11/2025, 11:54:17 a. m.] Spaceman 1: Multiplicador recibido - Game ID: 11041642913, Multiplicador: 14.88x
---
[10/11/2025, 11:54:17 a. m.] Spaceman 1: Multiplicador recibido - Game ID: 11041642913, Multiplicador: 14.95x
---
[10/11/2025, 11:54:17 a. m.] Spaceman 1: Multiplicador recibido - Game ID: 11041642913, Multiplicador: 15x
---
[10/11/2025, 11:54:17 a. m.] Spaceman 1: Multiplicador recibido - Game ID: 11041642913, Multiplicador: 15.07x
---
[10/11/2025, 11:54:17 a. m.] Spaceman 1: Multiplicador recibido - Game ID: 11041642913, Multiplicador: 15.14x
---
[10/11/2025, 11:54:17 a. m.] Spaceman 1: Multiplicador recibido - Game ID: 11041642913, Multiplicador: 15.21x
---
[10/11/2025, 11:54:17 a. m.] Spaceman 1: Multiplicador recibido - Game ID: 11041642913, Multiplicador: 15.27x
---
[10/11/2025, 11:54:17 a. m.] Spaceman 1: Multiplicador recibido - Game ID: 11041642913, Multiplicador: 15.33x
---
[10/11/2025, 11:54:17 a. m.] Spaceman 1: Multiplicador recibido - Game ID: 11041642913, Multiplicador: 15.4x
---
[10/11/2025, 11:54:17 a. m.] Spaceman 1: Multiplicador recibido - Game ID: 11041642913, Multiplicador: 15.47x
---
[10/11/2025, 11:54:18 a. m.] Spaceman 1: Multiplicador recibido - Game ID: 11041642913, Multiplicador: 15.54x
---
[10/11/2025, 11:54:18 a. m.] Spaceman 1: Multiplicador recibido - Game ID: 11041642913, Multiplicador: 15.61x
---
[10/11/2025, 11:54:18 a. m.] Spaceman 1: Multiplicador recibido - Game ID: 11041642913, Multiplicador: 15.68x
---
[10/11/2025, 11:54:18 a. m.] Spaceman 1: Multiplicador recibido - Game ID: 11041642913, Multiplicador: 15.75x
---
[10/11/2025, 11:54:18 a. m.] Spaceman 1: Multiplicador recibido - Game ID: 11041642913, Multiplicador: 15.81x
---
[10/11/2025, 11:54:18 a. m.] Spaceman 1: Multiplicador recibido - Game ID: 11041642913, Multiplicador: 15.89x
---
[10/11/2025, 11:54:18 a. m.] Spaceman 1: Multiplicador recibido - Game ID: 11041642913, Multiplicador: 15.95x
---
[10/11/2025, 11:54:18 a. m.] Spaceman 1: Multiplicador recibido - Game ID: 11041642913, Multiplicador: 16.02x
---
[10/11/2025, 11:54:18 a. m.] Spaceman 1: Multiplicador recibido - Game ID: 11041642913, Multiplicador: 16.09x
---
[10/11/2025, 11:54:18 a. m.] Spaceman 1: Multiplicador recibido - Game ID: 11041642913, Multiplicador: 16.16x
---
[10/11/2025, 11:54:18 a. m.] Spaceman 1: Multiplicador recibido - Game ID: 11041642913, Multiplicador: 16.23x
---
[10/11/2025, 11:54:18 a. m.] Spaceman 1: Multiplicador recibido - Game ID: 11041642913, Multiplicador: 16.29x
---
[10/11/2025, 11:54:18 a. m.] Spaceman 1: Multiplicador recibido - Game ID: 11041642913, Multiplicador: 16.36x
---
[10/11/2025, 11:54:18 a. m.] Spaceman 1: Multiplicador recibido - Game ID: 11041642913, Multiplicador: 16.42x
---
[10/11/2025, 11:54:18 a. m.] Spaceman 1: Multiplicador recibido - Game ID: 11041642913, Multiplicador: 16.49x
---
[10/11/2025, 11:54:18 a. m.] Spaceman 1: Multiplicador recibido - Game ID: 11041642913, Multiplicador: 16.55x
---
[10/11/2025, 11:54:18 a. m.] Spaceman 1: Multiplicador recibido - Game ID: 11041642913, Multiplicador: 16.63x
---
[10/11/2025, 11:54:18 a. m.] Spaceman 1: Multiplicador recibido - Game ID: 11041642913, Multiplicador: 16.7x
---
[10/11/2025, 11:54:18 a. m.] Spaceman 1: Multiplicador recibido - Game ID: 11041642913, Multiplicador: 16.78x
---
[10/11/2025, 11:54:19 a. m.] Spaceman 1: Multiplicador recibido - Game ID: 11041642913, Multiplicador: 16.85x
---
[10/11/2025, 11:54:19 a. m.] Spaceman 1: Multiplicador recibido - Game ID: 11041642913, Multiplicador: 16.92x
---
[10/11/2025, 11:54:19 a. m.] Spaceman 1: Multiplicador recibido - Game ID: 11041642913, Multiplicador: 16.99x
---
[10/11/2025, 11:54:19 a. m.] Spaceman 1: Multiplicador recibido - Game ID: 11041642913, Multiplicador: 17.06x
---
[10/11/2025, 11:54:19 a. m.] Spaceman 1: Multiplicador recibido - Game ID: 11041642913, Multiplicador: 17.13x
---
[10/11/2025, 11:54:19 a. m.] Spaceman 1: Multiplicador recibido - Game ID: 11041642913, Multiplicador: 17.2x
---
[10/11/2025, 11:54:19 a. m.] Spaceman 1: Multiplicador recibido - Game ID: 11041642913, Multiplicador: 17.28x
---
[10/11/2025, 11:54:19 a. m.] Spaceman 1: Multiplicador recibido - Game ID: 11041642913, Multiplicador: 17.35x
---
[10/11/2025, 11:54:19 a. m.] Spaceman 1: Multiplicador recibido - Game ID: 11041642913, Multiplicador: 17.43x
---
[10/11/2025, 11:54:19 a. m.] Spaceman 1: Multiplicador recibido - Game ID: 11041642913, Multiplicador: 17.5x
---
[10/11/2025, 11:54:19 a. m.] Spaceman 1: Multiplicador recibido - Game ID: 11041642913, Multiplicador: 17.59x
---
[10/11/2025, 11:54:19 a. m.] Spaceman 1: Multiplicador recibido - Game ID: 11041642913, Multiplicador: 17.67x
---
[10/11/2025, 11:54:19 a. m.] Spaceman 1: Multiplicador recibido - Game ID: 11041642913, Multiplicador: 17.75x
---
[10/11/2025, 11:54:19 a. m.] Spaceman 1: Multiplicador recibido - Game ID: 11041642913, Multiplicador: 17.82x
---
[10/11/2025, 11:54:19 a. m.] Spaceman 1: Multiplicador recibido - Game ID: 11041642913, Multiplicador: 17.9x
---
[10/11/2025, 11:54:19 a. m.] Spaceman 1: Multiplicador recibido - Game ID: 11041642913, Multiplicador: 17.99x
---
[10/11/2025, 11:54:19 a. m.] Spaceman 1: Multiplicador recibido - Game ID: 11041642913, Multiplicador: 18.06x
---
[10/11/2025, 11:54:19 a. m.] Spaceman 1: Multiplicador recibido - Game ID: 11041642913, Multiplicador: 18.13x
---
[10/11/2025, 11:54:19 a. m.] Spaceman 1: Multiplicador recibido - Game ID: 11041642913, Multiplicador: 18.21x
---
[10/11/2025, 11:54:19 a. m.] Spaceman 1: Multiplicador recibido - Game ID: 11041642913, Multiplicador: 18.29x
---
[10/11/2025, 11:54:20 a. m.] Spaceman 1: Multiplicador recibido - Game ID: 11041642913, Multiplicador: 18.34x
---
[10/11/2025, 11:54:20 a. m.] Spaceman 1: Ping enviado: 1762793660166
---
[10/11/2025, 11:54:30 a. m.] Spaceman 1: Ping enviado: 1762793670178
---
[10/11/2025, 11:54:30 a. m.] Spaceman 1: Multiplicador recibido - Game ID: 11041643013, Multiplicador: 1.01x
---
[10/11/2025, 11:54:30 a. m.] Spaceman 1: Multiplicador recibido - Game ID: 11041643013, Multiplicador: 1.02x
---
[10/11/2025, 11:54:30 a. m.] Spaceman 1: Multiplicador recibido - Game ID: 11041643013, Multiplicador: 1.03x
---
[10/11/2025, 11:54:30 a. m.] Spaceman 1: Multiplicador recibido - Game ID: 11041643013, Multiplicador: 1.04x
---
[10/11/2025, 11:54:30 a. m.] Spaceman 1: Multiplicador recibido - Game ID: 11041643013, Multiplicador: 1.05x
---
[10/11/2025, 11:54:30 a. m.] Spaceman 1: Multiplicador recibido - Game ID: 11041643013, Multiplicador: 1.06x
---
[10/11/2025, 11:54:30 a. m.] Spaceman 1: Multiplicador recibido - Game ID: 11041643013, Multiplicador: 1.07x
---
[10/11/2025, 11:54:31 a. m.] Spaceman 1: Multiplicador recibido - Game ID: 11041643013, Multiplicador: 1.08x
---
[10/11/2025, 11:54:31 a. m.] Spaceman 1: Multiplicador recibido - Game ID: 11041643013, Multiplicador: 1.09x
---
[10/11/2025, 11:54:31 a. m.] Spaceman 1: Multiplicador recibido - Game ID: 11041643013, Multiplicador: 1.1x
---
[10/11/2025, 11:54:31 a. m.] Spaceman 1: Multiplicador recibido - Game ID: 11041643013, Multiplicador: 1.11x
---
[10/11/2025, 11:54:31 a. m.] Spaceman 1: Multiplicador recibido - Game ID: 11041643013, Multiplicador: 1.12x
---
[10/11/2025, 11:54:31 a. m.] Spaceman 1: Multiplicador recibido - Game ID: 11041643013, Multiplicador: 1.13x
---
[10/11/2025, 11:54:31 a. m.] Spaceman 1: Multiplicador recibido - Game ID: 11041643013, Multiplicador: 1.14x
---
[10/11/2025, 11:54:31 a. m.] Spaceman 1: Multiplicador recibido - Game ID: 11041643013, Multiplicador: 1.15x
---
[10/11/2025, 11:54:31 a. m.] Spaceman 1: Multiplicador recibido - Game ID: 11041643013, Multiplicador: 1.16x
---
[10/11/2025, 11:54:32 a. m.] Spaceman 1: Multiplicador recibido - Game ID: 11041643013, Multiplicador: 1.17x
---
[10/11/2025, 11:54:32 a. m.] Spaceman 1: Multiplicador recibido - Game ID: 11041643013, Multiplicador: 1.18x
---
[10/11/2025, 11:54:32 a. m.] Spaceman 1: Multiplicador recibido - Game ID: 11041643013, Multiplicador: 1.19x
---
[10/11/2025, 11:54:32 a. m.] Spaceman 1: Multiplicador recibido - Game ID: 11041643013, Multiplicador: 1.2x
---
[10/11/2025, 11:54:32 a. m.] Spaceman 1: Multiplicador recibido - Game ID: 11041643013, Multiplicador: 1.21x
---
[10/11/2025, 11:54:32 a. m.] Spaceman 1: Multiplicador recibido - Game ID: 11041643013, Multiplicador: 1.22x
---
[10/11/2025, 11:54:32 a. m.] Spaceman 1: Multiplicador recibido - Game ID: 11041643013, Multiplicador: 1.23x
---
[10/11/2025, 11:54:32 a. m.] Spaceman 1: Multiplicador recibido - Game ID: 11041643013, Multiplicador: 1.24x
---
[10/11/2025, 11:54:32 a. m.] Spaceman 1: Multiplicador recibido - Game ID: 11041643013, Multiplicador: 1.25x
---
[10/11/2025, 11:54:32 a. m.] Spaceman 1: Multiplicador recibido - Game ID: 11041643013, Multiplicador: 1.26x
---
[10/11/2025, 11:54:33 a. m.] Spaceman 1: Multiplicador recibido - Game ID: 11041643013, Multiplicador: 1.27x
---
[10/11/2025, 11:54:33 a. m.] Spaceman 1: Multiplicador recibido - Game ID: 11041643013, Multiplicador: 1.28x
---
[10/11/2025, 11:54:33 a. m.] Spaceman 1: Multiplicador recibido - Game ID: 11041643013, Multiplicador: 1.29x
---
[10/11/2025, 11:54:33 a. m.] Spaceman 1: Multiplicador recibido - Game ID: 11041643013, Multiplicador: 1.3x
---
[10/11/2025, 11:54:33 a. m.] Spaceman 1: Multiplicador recibido - Game ID: 11041643013, Multiplicador: 1.31x
---
[10/11/2025, 11:54:33 a. m.] Spaceman 1: Multiplicador recibido - Game ID: 11041643013, Multiplicador: 1.32x
---
[10/11/2025, 11:54:33 a. m.] Spaceman 1: Multiplicador recibido - Game ID: 11041643013, Multiplicador: 1.33x
---
[10/11/2025, 11:54:33 a. m.] Spaceman 1: Multiplicador recibido - Game ID: 11041643013, Multiplicador: 1.34x
---
[10/11/2025, 11:54:33 a. m.] Spaceman 1: Multiplicador recibido - Game ID: 11041643013, Multiplicador: 1.35x
---
[10/11/2025, 11:54:33 a. m.] Spaceman 1: Multiplicador recibido - Game ID: 11041643013, Multiplicador: 1.36x
---
[10/11/2025, 11:54:33 a. m.] Spaceman 1: Multiplicador recibido - Game ID: 11041643013, Multiplicador: 1.37x
---
[10/11/2025, 11:54:33 a. m.] Spaceman 1: Multiplicador recibido - Game ID: 11041643013, Multiplicador: 1.38x
---
[10/11/2025, 11:54:34 a. m.] Spaceman 1: Multiplicador recibido - Game ID: 11041643013, Multiplicador: 1.39x
---
[10/11/2025, 11:54:34 a. m.] Spaceman 1: Multiplicador recibido - Game ID: 11041643013, Multiplicador: 1.4x
---
[10/11/2025, 11:54:34 a. m.] Spaceman 1: Multiplicador recibido - Game ID: 11041643013, Multiplicador: 1.41x
---
[10/11/2025, 11:54:34 a. m.] Spaceman 1: Multiplicador recibido - Game ID: 11041643013, Multiplicador: 1.42x
---
[10/11/2025, 11:54:34 a. m.] Spaceman 1: Multiplicador recibido - Game ID: 11041643013, Multiplicador: 1.43x
---
[10/11/2025, 11:54:34 a. m.] Spaceman 1: Multiplicador recibido - Game ID: 11041643013, Multiplicador: 1.44x
---
[10/11/2025, 11:54:34 a. m.] Spaceman 1: Multiplicador recibido - Game ID: 11041643013, Multiplicador: 1.45x
---
[10/11/2025, 11:54:34 a. m.] Spaceman 1: Multiplicador recibido - Game ID: 11041643013, Multiplicador: 1.46x
---
[10/11/2025, 11:54:34 a. m.] Spaceman 1: Multiplicador recibido - Game ID: 11041643013, Multiplicador: 1.47x
---
[10/11/2025, 11:54:34 a. m.] Spaceman 1: Multiplicador recibido - Game ID: 11041643013, Multiplicador: 1.48x
---
[10/11/2025, 11:54:34 a. m.] Spaceman 1: Multiplicador recibido - Game ID: 11041643013, Multiplicador: 1.49x
---
[10/11/2025, 11:54:35 a. m.] Spaceman 1: Multiplicador recibido - Game ID: 11041643013, Multiplicador: 1.5x
---
[10/11/2025, 11:54:35 a. m.] Spaceman 1: Multiplicador recibido - Game ID: 11041643013, Multiplicador: 1.51x
---
[10/11/2025, 11:54:35 a. m.] Spaceman 1: Multiplicador recibido - Game ID: 11041643013, Multiplicador: 1.52x
---
[10/11/2025, 11:54:35 a. m.] Spaceman 1: Multiplicador recibido - Game ID: 11041643013, Multiplicador: 1.53x
---
[10/11/2025, 11:54:35 a. m.] Spaceman 1: Multiplicador recibido - Game ID: 11041643013, Multiplicador: 1.54x
---
[10/11/2025, 11:54:35 a. m.] Spaceman 1: Multiplicador recibido - Game ID: 11041643013, Multiplicador: 1.55x
---
[10/11/2025, 11:54:35 a. m.] Spaceman 1: Multiplicador recibido - Game ID: 11041643013, Multiplicador: 1.56x
---
[10/11/2025, 11:54:35 a. m.] Spaceman 1: Multiplicador recibido - Game ID: 11041643013, Multiplicador: 1.57x
---
[10/11/2025, 11:54:35 a. m.] Spaceman 1: Multiplicador recibido - Game ID: 11041643013, Multiplicador: 1.58x
---
[10/11/2025, 11:54:35 a. m.] Spaceman 1: Multiplicador recibido - Game ID: 11041643013, Multiplicador: 1.59x
---
[10/11/2025, 11:54:35 a. m.] Spaceman 1: Multiplicador recibido - Game ID: 11041643013, Multiplicador: 1.6x
---
[10/11/2025, 11:54:35 a. m.] Spaceman 1: Multiplicador recibido - Game ID: 11041643013, Multiplicador: 1.61x
---
[10/11/2025, 11:54:35 a. m.] Spaceman 1: Multiplicador recibido - Game ID: 11041643013, Multiplicador: 1.63x
---
[10/11/2025, 11:54:36 a. m.] Spaceman 1: Multiplicador recibido - Game ID: 11041643013, Multiplicador: 1.64x
---
[10/11/2025, 11:54:36 a. m.] Spaceman 1: Multiplicador recibido - Game ID: 11041643013, Multiplicador: 1.65x
---
[10/11/2025, 11:54:36 a. m.] Spaceman 1: Multiplicador recibido - Game ID: 11041643013, Multiplicador: 1.66x
---
[10/11/2025, 11:54:36 a. m.] Spaceman 1: Multiplicador recibido - Game ID: 11041643013, Multiplicador: 1.67x
---
[10/11/2025, 11:54:36 a. m.] Spaceman 1: Multiplicador recibido - Game ID: 11041643013, Multiplicador: 1.68x
---
[10/11/2025, 11:54:36 a. m.] Spaceman 1: Multiplicador recibido - Game ID: 11041643013, Multiplicador: 1.69x
---
[10/11/2025, 11:54:36 a. m.] Spaceman 1: Multiplicador recibido - Game ID: 11041643013, Multiplicador: 1.7x
---
[10/11/2025, 11:54:36 a. m.] Spaceman 1: Multiplicador recibido - Game ID: 11041643013, Multiplicador: 1.71x
---
[10/11/2025, 11:54:36 a. m.] Spaceman 1: Multiplicador recibido - Game ID: 11041643013, Multiplicador: 1.72x
---
[10/11/2025, 11:54:36 a. m.] Spaceman 1: Multiplicador recibido - Game ID: 11041643013, Multiplicador: 1.73x
---
[10/11/2025, 11:54:36 a. m.] Spaceman 1: Multiplicador recibido - Game ID: 11041643013, Multiplicador: 1.74x
---
[10/11/2025, 11:54:36 a. m.] Spaceman 1: Multiplicador recibido - Game ID: 11041643013, Multiplicador: 1.75x
---
[10/11/2025, 11:54:36 a. m.] Spaceman 1: Multiplicador recibido - Game ID: 11041643013, Multiplicador: 1.76x
---
[10/11/2025, 11:54:37 a. m.] Spaceman 1: Multiplicador recibido - Game ID: 11041643013, Multiplicador: 1.77x
---
[10/11/2025, 11:54:37 a. m.] Spaceman 1: Multiplicador recibido - Game ID: 11041643013, Multiplicador: 1.78x
---
[10/11/2025, 11:54:37 a. m.] Spaceman 1: Multiplicador recibido - Game ID: 11041643013, Multiplicador: 1.79x
---
[10/11/2025, 11:54:37 a. m.] Spaceman 1: Multiplicador recibido - Game ID: 11041643013, Multiplicador: 1.8x
---
[10/11/2025, 11:54:37 a. m.] Spaceman 1: Multiplicador recibido - Game ID: 11041643013, Multiplicador: 1.81x
---
[10/11/2025, 11:54:37 a. m.] Spaceman 1: Multiplicador recibido - Game ID: 11041643013, Multiplicador: 1.82x
---
[10/11/2025, 11:54:37 a. m.] Spaceman 1: Multiplicador recibido - Game ID: 11041643013, Multiplicador: 1.83x
---
[10/11/2025, 11:54:37 a. m.] Spaceman 1: Multiplicador recibido - Game ID: 11041643013, Multiplicador: 1.85x
---
[10/11/2025, 11:54:37 a. m.] Spaceman 1: Multiplicador recibido - Game ID: 11041643013, Multiplicador: 1.86x
---
[10/11/2025, 11:54:37 a. m.] Spaceman 1: Multiplicador recibido - Game ID: 11041643013, Multiplicador: 1.87x
---
[10/11/2025, 11:54:37 a. m.] Spaceman 1: Multiplicador recibido - Game ID: 11041643013, Multiplicador: 1.88x
---
[10/11/2025, 11:54:37 a. m.] Spaceman 1: Multiplicador recibido - Game ID: 11041643013, Multiplicador: 1.89x
---
[10/11/2025, 11:54:37 a. m.] Spaceman 1: Multiplicador recibido - Game ID: 11041643013, Multiplicador: 1.9x
---
[10/11/2025, 11:54:37 a. m.] Spaceman 1: Multiplicador recibido - Game ID: 11041643013, Multiplicador: 1.91x
---
[10/11/2025, 11:54:37 a. m.] Spaceman 1: Multiplicador recibido - Game ID: 11041643013, Multiplicador: 1.92x
---
[10/11/2025, 11:54:38 a. m.] Spaceman 1: Multiplicador recibido - Game ID: 11041643013, Multiplicador: 1.93x
---
[10/11/2025, 11:54:38 a. m.] Spaceman 1: Multiplicador recibido - Game ID: 11041643013, Multiplicador: 1.95x
---
[10/11/2025, 11:54:38 a. m.] Spaceman 1: Multiplicador recibido - Game ID: 11041643013, Multiplicador: 1.96x
---
[10/11/2025, 11:54:38 a. m.] Spaceman 1: Multiplicador recibido - Game ID: 11041643013, Multiplicador: 1.97x
---
[10/11/2025, 11:54:38 a. m.] Spaceman 1: Multiplicador recibido - Game ID: 11041643013, Multiplicador: 1.98x
---
[10/11/2025, 11:54:38 a. m.] Spaceman 1: Multiplicador recibido - Game ID: 11041643013, Multiplicador: 1.99x
---
[10/11/2025, 11:54:38 a. m.] Spaceman 1: Multiplicador recibido - Game ID: 11041643013, Multiplicador: 2x
---
[10/11/2025, 11:54:38 a. m.] Spaceman 1: Multiplicador recibido - Game ID: 11041643013, Multiplicador: 2.01x
---
[10/11/2025, 11:54:38 a. m.] Spaceman 1: Multiplicador recibido - Game ID: 11041643013, Multiplicador: 2.02x
---
[10/11/2025, 11:54:38 a. m.] Spaceman 1: Multiplicador recibido - Game ID: 11041643013, Multiplicador: 2.03x
---
[10/11/2025, 11:54:38 a. m.] Spaceman 1: Multiplicador recibido - Game ID: 11041643013, Multiplicador: 2.04x
---
[10/11/2025, 11:54:38 a. m.] Spaceman 1: Multiplicador recibido - Game ID: 11041643013, Multiplicador: 2.05x
---
[10/11/2025, 11:54:38 a. m.] Spaceman 1: Multiplicador recibido - Game ID: 11041643013, Multiplicador: 2.06x
---
[10/11/2025, 11:54:38 a. m.] Spaceman 1: Multiplicador recibido - Game ID: 11041643013, Multiplicador: 2.07x
---
[10/11/2025, 11:54:38 a. m.] Spaceman 1: Multiplicador recibido - Game ID: 11041643013, Multiplicador: 2.08x
---
[10/11/2025, 11:54:39 a. m.] Spaceman 1: Multiplicador recibido - Game ID: 11041643013, Multiplicador: 2.09x
---
[10/11/2025, 11:54:39 a. m.] Spaceman 1: Multiplicador recibido - Game ID: 11041643013, Multiplicador: 2.1x
---
[10/11/2025, 11:54:39 a. m.] Spaceman 1: Multiplicador recibido - Game ID: 11041643013, Multiplicador: 2.11x
---
[10/11/2025, 11:54:39 a. m.] Spaceman 1: Multiplicador recibido - Game ID: 11041643013, Multiplicador: 2.12x
---
[10/11/2025, 11:54:39 a. m.] Spaceman 1: Multiplicador recibido - Game ID: 11041643013, Multiplicador: 2.13x
---
[10/11/2025, 11:54:39 a. m.] Spaceman 1: Multiplicador recibido - Game ID: 11041643013, Multiplicador: 2.14x
---
[10/11/2025, 11:54:39 a. m.] Spaceman 1: Multiplicador recibido - Game ID: 11041643013, Multiplicador: 2.15x
---
[10/11/2025, 11:54:39 a. m.] Spaceman 1: Multiplicador recibido - Game ID: 11041643013, Multiplicador: 2.16x
---
[10/11/2025, 11:54:39 a. m.] Spaceman 1: Multiplicador recibido - Game ID: 11041643013, Multiplicador: 2.17x
---
[10/11/2025, 11:54:39 a. m.] Spaceman 1: Multiplicador recibido - Game ID: 11041643013, Multiplicador: 2.18x
---
[10/11/2025, 11:54:39 a. m.] Spaceman 1: Multiplicador recibido - Game ID: 11041643013, Multiplicador: 2.19x
---
[10/11/2025, 11:54:39 a. m.] Spaceman 1: Multiplicador recibido - Game ID: 11041643013, Multiplicador: 2.2x
---
[10/11/2025, 11:54:39 a. m.] Spaceman 1: Multiplicador recibido - Game ID: 11041643013, Multiplicador: 2.21x
---
[10/11/2025, 11:54:40 a. m.] Spaceman 1: Ping enviado: 1762793680185
---
[10/11/2025, 11:54:49 a. m.] Spaceman 1: Multiplicador recibido - Game ID: 11041643113, Multiplicador: 1.01x
---
[10/11/2025, 11:54:50 a. m.] Spaceman 1: Multiplicador recibido - Game ID: 11041643113, Multiplicador: 1.02x
---
[10/11/2025, 11:54:50 a. m.] Spaceman 1: Multiplicador recibido - Game ID: 11041643113, Multiplicador: 1.03x
---
[10/11/2025, 11:54:50 a. m.] Spaceman 1: Ping enviado: 1762793690188
---
[10/11/2025, 11:54:50 a. m.] Spaceman 1: Multiplicador recibido - Game ID: 11041643113, Multiplicador: 1.04x
---
[10/11/2025, 11:54:50 a. m.] Spaceman 1: Multiplicador recibido - Game ID: 11041643113, Multiplicador: 1.05x
---
[10/11/2025, 11:54:50 a. m.] Spaceman 1: Multiplicador recibido - Game ID: 11041643113, Multiplicador: 1.06x
---
[10/11/2025, 11:54:50 a. m.] Spaceman 1: Multiplicador recibido - Game ID: 11041643113, Multiplicador: 1.07x
---
[10/11/2025, 11:54:50 a. m.] Spaceman 1: Multiplicador recibido - Game ID: 11041643113, Multiplicador: 1.08x
---
[10/11/2025, 11:54:50 a. m.] Spaceman 1: Multiplicador recibido - Game ID: 11041643113, Multiplicador: 1.09x
---
[10/11/2025, 11:54:50 a. m.] Spaceman 1: Multiplicador recibido - Game ID: 11041643113, Multiplicador: 1.1x
---
[10/11/2025, 11:54:51 a. m.] Spaceman 1: Multiplicador recibido - Game ID: 11041643113, Multiplicador: 1.11x
---
[10/11/2025, 11:54:51 a. m.] Spaceman 1: Multiplicador recibido - Game ID: 11041643113, Multiplicador: 1.12x
---
[10/11/2025, 11:54:51 a. m.] Spaceman 1: Multiplicador recibido - Game ID: 11041643113, Multiplicador: 1.13x
---
[10/11/2025, 11:54:51 a. m.] Spaceman 1: Multiplicador recibido - Game ID: 11041643113, Multiplicador: 1.14x
---
[10/11/2025, 11:54:51 a. m.] Spaceman 1: Multiplicador recibido - Game ID: 11041643113, Multiplicador: 1.15x
---
[10/11/2025, 11:54:51 a. m.] Spaceman 1: Multiplicador recibido - Game ID: 11041643113, Multiplicador: 1.16x
---
[10/11/2025, 11:54:51 a. m.] Spaceman 1: Multiplicador recibido - Game ID: 11041643113, Multiplicador: 1.17x
---
[10/11/2025, 11:54:51 a. m.] Spaceman 1: Multiplicador recibido - Game ID: 11041643113, Multiplicador: 1.18x
---
[10/11/2025, 11:54:51 a. m.] Spaceman 1: Multiplicador recibido - Game ID: 11041643113, Multiplicador: 1.19x
---
[10/11/2025, 11:54:51 a. m.] Spaceman 1: Multiplicador recibido - Game ID: 11041643113, Multiplicador: 1.2x
---
[10/11/2025, 11:54:52 a. m.] Spaceman 1: Multiplicador recibido - Game ID: 11041643113, Multiplicador: 1.21x
---
[10/11/2025, 11:54:52 a. m.] Spaceman 1: Multiplicador recibido - Game ID: 11041643113, Multiplicador: 1.22x
---
[10/11/2025, 11:54:52 a. m.] Spaceman 1: Multiplicador recibido - Game ID: 11041643113, Multiplicador: 1.23x
---
[10/11/2025, 11:54:52 a. m.] Spaceman 1: Multiplicador recibido - Game ID: 11041643113, Multiplicador: 1.24x
---
[10/11/2025, 11:54:52 a. m.] Spaceman 1: Multiplicador recibido - Game ID: 11041643113, Multiplicador: 1.25x
---
[10/11/2025, 11:54:52 a. m.] Spaceman 1: Multiplicador recibido - Game ID: 11041643113, Multiplicador: 1.26x
---
[10/11/2025, 11:54:52 a. m.] Spaceman 1: Multiplicador recibido - Game ID: 11041643113, Multiplicador: 1.27x
---
[10/11/2025, 11:54:52 a. m.] Spaceman 1: Multiplicador recibido - Game ID: 11041643113, Multiplicador: 1.28x
---
[10/11/2025, 11:54:52 a. m.] Spaceman 1: Multiplicador recibido - Game ID: 11041643113, Multiplicador: 1.29x
---
[10/11/2025, 11:54:52 a. m.] Spaceman 1: Multiplicador recibido - Game ID: 11041643113, Multiplicador: 1.3x
---
[10/11/2025, 11:54:53 a. m.] Spaceman 1: Multiplicador recibido - Game ID: 11041643113, Multiplicador: 1.31x
---
[10/11/2025, 11:54:53 a. m.] Spaceman 1: Multiplicador recibido - Game ID: 11041643113, Multiplicador: 1.32x
---
[10/11/2025, 11:54:53 a. m.] Spaceman 1: Multiplicador recibido - Game ID: 11041643113, Multiplicador: 1.33x
---
[10/11/2025, 11:54:53 a. m.] Spaceman 1: Multiplicador recibido - Game ID: 11041643113, Multiplicador: 1.34x
---
[10/11/2025, 11:54:53 a. m.] Spaceman 1: Multiplicador recibido - Game ID: 11041643113, Multiplicador: 1.35x
---
[10/11/2025, 11:54:53 a. m.] Spaceman 1: Multiplicador recibido - Game ID: 11041643113, Multiplicador: 1.36x
---
[10/11/2025, 11:54:53 a. m.] Spaceman 1: Multiplicador recibido - Game ID: 11041643113, Multiplicador: 1.37x
---
[10/11/2025, 11:54:53 a. m.] Spaceman 1: Multiplicador recibido - Game ID: 11041643113, Multiplicador: 1.38x
---
[10/11/2025, 11:54:53 a. m.] Spaceman 1: Multiplicador recibido - Game ID: 11041643113, Multiplicador: 1.39x
---
[10/11/2025, 11:54:53 a. m.] Spaceman 1: Multiplicador recibido - Game ID: 11041643113, Multiplicador: 1.4x
---
[10/11/2025, 11:54:53 a. m.] Spaceman 1: Multiplicador recibido - Game ID: 11041643113, Multiplicador: 1.41x
---
[10/11/2025, 11:54:54 a. m.] Spaceman 1: Multiplicador recibido - Game ID: 11041643113, Multiplicador: 1.42x
---
[10/11/2025, 11:54:54 a. m.] Spaceman 1: Multiplicador recibido - Game ID: 11041643113, Multiplicador: 1.43x
---
[10/11/2025, 11:54:54 a. m.] Spaceman 1: Multiplicador recibido - Game ID: 11041643113, Multiplicador: 1.44x
---
[10/11/2025, 11:54:54 a. m.] Spaceman 1: Multiplicador recibido - Game ID: 11041643113, Multiplicador: 1.45x
---
[10/11/2025, 11:54:54 a. m.] Spaceman 1: Multiplicador recibido - Game ID: 11041643113, Multiplicador: 1.46x
---
[10/11/2025, 11:54:54 a. m.] Spaceman 1: Multiplicador recibido - Game ID: 11041643113, Multiplicador: 1.47x
---
[10/11/2025, 11:54:54 a. m.] Spaceman 1: Multiplicador recibido - Game ID: 11041643113, Multiplicador: 1.48x
---
[10/11/2025, 11:54:54 a. m.] Spaceman 1: Multiplicador recibido - Game ID: 11041643113, Multiplicador: 1.49x
---
[10/11/2025, 11:54:54 a. m.] Spaceman 1: Multiplicador recibido - Game ID: 11041643113, Multiplicador: 1.5x
---
[10/11/2025, 11:54:54 a. m.] Spaceman 1: Multiplicador recibido - Game ID: 11041643113, Multiplicador: 1.51x
---
[10/11/2025, 11:54:54 a. m.] Spaceman 1: Multiplicador recibido - Game ID: 11041643113, Multiplicador: 1.52x
---
[10/11/2025, 11:54:54 a. m.] Spaceman 1: Multiplicador recibido - Game ID: 11041643113, Multiplicador: 1.53x
---
[10/11/2025, 11:54:55 a. m.] Spaceman 1: Multiplicador recibido - Game ID: 11041643113, Multiplicador: 1.54x
---
[10/11/2025, 11:54:55 a. m.] Spaceman 1: Multiplicador recibido - Game ID: 11041643113, Multiplicador: 1.55x
---
[10/11/2025, 11:54:55 a. m.] Spaceman 1: Multiplicador recibido - Game ID: 11041643113, Multiplicador: 1.56x
---
[10/11/2025, 11:54:55 a. m.] Spaceman 1: Multiplicador recibido - Game ID: 11041643113, Multiplicador: 1.57x
---
[10/11/2025, 11:54:55 a. m.] Spaceman 1: Multiplicador recibido - Game ID: 11041643113, Multiplicador: 1.58x
---
[10/11/2025, 11:54:55 a. m.] Spaceman 1: Multiplicador recibido - Game ID: 11041643113, Multiplicador: 1.59x
---
[10/11/2025, 11:54:55 a. m.] Spaceman 1: Multiplicador recibido - Game ID: 11041643113, Multiplicador: 1.6x
---
[10/11/2025, 11:54:55 a. m.] Spaceman 1: Multiplicador recibido - Game ID: 11041643113, Multiplicador: 1.61x
---
[10/11/2025, 11:54:55 a. m.] Spaceman 1: Multiplicador recibido - Game ID: 11041643113, Multiplicador: 1.62x
---
[10/11/2025, 11:54:55 a. m.] Spaceman 1: Multiplicador recibido - Game ID: 11041643113, Multiplicador: 1.63x
---
[10/11/2025, 11:54:55 a. m.] Spaceman 1: Multiplicador recibido - Game ID: 11041643113, Multiplicador: 1.64x
---
[10/11/2025, 11:54:55 a. m.] Spaceman 1: Multiplicador recibido - Game ID: 11041643113, Multiplicador: 1.65x
---
[10/11/2025, 11:54:55 a. m.] Spaceman 1: Multiplicador recibido - Game ID: 11041643113, Multiplicador: 1.66x
---
[10/11/2025, 11:54:55 a. m.] Spaceman 1: Multiplicador recibido - Game ID: 11041643113, Multiplicador: 1.67x
---
[10/11/2025, 11:54:56 a. m.] Spaceman 1: Multiplicador recibido - Game ID: 11041643113, Multiplicador: 1.68x
---
[10/11/2025, 11:54:56 a. m.] Spaceman 1: Multiplicador recibido - Game ID: 11041643113, Multiplicador: 1.69x
---
[10/11/2025, 11:54:56 a. m.] Spaceman 1: Multiplicador recibido - Game ID: 11041643113, Multiplicador: 1.7x
---
[10/11/2025, 11:54:56 a. m.] Spaceman 1: Multiplicador recibido - Game ID: 11041643113, Multiplicador: 1.71x
---
[10/11/2025, 11:54:56 a. m.] Spaceman 1: Multiplicador recibido - Game ID: 11041643113, Multiplicador: 1.72x
---
[10/11/2025, 11:54:56 a. m.] Spaceman 1: Multiplicador recibido - Game ID: 11041643113, Multiplicador: 1.73x
---
[10/11/2025, 11:54:56 a. m.] Spaceman 1: Multiplicador recibido - Game ID: 11041643113, Multiplicador: 1.74x
---
[10/11/2025, 11:54:56 a. m.] Spaceman 1: Multiplicador recibido - Game ID: 11041643113, Multiplicador: 1.75x
---
[10/11/2025, 11:54:56 a. m.] Spaceman 1: Multiplicador recibido - Game ID: 11041643113, Multiplicador: 1.76x
---
[10/11/2025, 11:54:56 a. m.] Spaceman 1: Multiplicador recibido - Game ID: 11041643113, Multiplicador: 1.77x
---
[10/11/2025, 11:54:56 a. m.] Spaceman 1: Multiplicador recibido - Game ID: 11041643113, Multiplicador: 1.78x
---
[10/11/2025, 11:54:56 a. m.] Spaceman 1: Multiplicador recibido - Game ID: 11041643113, Multiplicador: 1.79x
---
[10/11/2025, 11:54:56 a. m.] Spaceman 1: Multiplicador recibido - Game ID: 11041643113, Multiplicador: 1.8x
---
[10/11/2025, 11:54:56 a. m.] Spaceman 1: Multiplicador recibido - Game ID: 11041643113, Multiplicador: 1.81x
---
[10/11/2025, 11:54:57 a. m.] Spaceman 1: Multiplicador recibido - Game ID: 11041643113, Multiplicador: 1.82x
---
[10/11/2025, 11:54:57 a. m.] Spaceman 1: Multiplicador recibido - Game ID: 11041643113, Multiplicador: 1.83x
---
[10/11/2025, 11:54:57 a. m.] Spaceman 1: Multiplicador recibido - Game ID: 11041643113, Multiplicador: 1.84x
---
[10/11/2025, 11:54:57 a. m.] Spaceman 1: Multiplicador recibido - Game ID: 11041643113, Multiplicador: 1.85x
---
[10/11/2025, 11:54:57 a. m.] Spaceman 1: Multiplicador recibido - Game ID: 11041643113, Multiplicador: 1.86x
---
[10/11/2025, 11:54:57 a. m.] Spaceman 1: Multiplicador recibido - Game ID: 11041643113, Multiplicador: 1.87x
---
[10/11/2025, 11:54:57 a. m.] Spaceman 1: Multiplicador recibido - Game ID: 11041643113, Multiplicador: 1.88x
---
[10/11/2025, 11:54:57 a. m.] Spaceman 1: Multiplicador recibido - Game ID: 11041643113, Multiplicador: 1.89x
---
[10/11/2025, 11:54:57 a. m.] Spaceman 1: Multiplicador recibido - Game ID: 11041643113, Multiplicador: 1.9x
---
[10/11/2025, 11:54:57 a. m.] Spaceman 1: Multiplicador recibido - Game ID: 11041643113, Multiplicador: 1.91x
---
[10/11/2025, 11:54:57 a. m.] Spaceman 1: Multiplicador recibido - Game ID: 11041643113, Multiplicador: 1.92x
---
[10/11/2025, 11:54:57 a. m.] Spaceman 1: Multiplicador recibido - Game ID: 11041643113, Multiplicador: 1.93x
---
[10/11/2025, 11:54:57 a. m.] Spaceman 1: Multiplicador recibido - Game ID: 11041643113, Multiplicador: 1.94x
---
[10/11/2025, 11:54:57 a. m.] Spaceman 1: Multiplicador recibido - Game ID: 11041643113, Multiplicador: 1.95x
---
[10/11/2025, 11:54:57 a. m.] Spaceman 1: Multiplicador recibido - Game ID: 11041643113, Multiplicador: 1.96x
---
[10/11/2025, 11:54:57 a. m.] Spaceman 1: Multiplicador recibido - Game ID: 11041643113, Multiplicador: 1.97x
---
[10/11/2025, 11:54:58 a. m.] Spaceman 1: Multiplicador recibido - Game ID: 11041643113, Multiplicador: 1.98x
---
[10/11/2025, 11:54:58 a. m.] Spaceman 1: Multiplicador recibido - Game ID: 11041643113, Multiplicador: 2x
---
[10/11/2025, 11:54:58 a. m.] Spaceman 1: Multiplicador recibido - Game ID: 11041643113, Multiplicador: 2.01x
---
[10/11/2025, 11:54:58 a. m.] Spaceman 1: Multiplicador recibido - Game ID: 11041643113, Multiplicador: 2.02x
---
[10/11/2025, 11:54:58 a. m.] Spaceman 1: Multiplicador recibido - Game ID: 11041643113, Multiplicador: 2.03x
---
[10/11/2025, 11:54:58 a. m.] Spaceman 1: Multiplicador recibido - Game ID: 11041643113, Multiplicador: 2.04x
---
[10/11/2025, 11:54:58 a. m.] Spaceman 1: Multiplicador recibido - Game ID: 11041643113, Multiplicador: 2.05x
---
[10/11/2025, 11:54:58 a. m.] Spaceman 1: Multiplicador recibido - Game ID: 11041643113, Multiplicador: 2.06x
---
[10/11/2025, 11:54:58 a. m.] Spaceman 1: Multiplicador recibido - Game ID: 11041643113, Multiplicador: 2.07x
---
[10/11/2025, 11:54:58 a. m.] Spaceman 1: Multiplicador recibido - Game ID: 11041643113, Multiplicador: 2.08x
---
[10/11/2025, 11:54:58 a. m.] Spaceman 1: Multiplicador recibido - Game ID: 11041643113, Multiplicador: 2.09x
---
[10/11/2025, 11:54:58 a. m.] Spaceman 1: Multiplicador recibido - Game ID: 11041643113, Multiplicador: 2.1x
---
[10/11/2025, 11:54:58 a. m.] Spaceman 1: Multiplicador recibido - Game ID: 11041643113, Multiplicador: 2.12x
---
[10/11/2025, 11:54:58 a. m.] Spaceman 1: Multiplicador recibido - Game ID: 11041643113, Multiplicador: 2.13x
---
[10/11/2025, 11:54:58 a. m.] Spaceman 1: Multiplicador recibido - Game ID: 11041643113, Multiplicador: 2.14x
---
[10/11/2025, 11:54:59 a. m.] Spaceman 1: Multiplicador recibido - Game ID: 11041643113, Multiplicador: 2.15x
---
[10/11/2025, 11:54:59 a. m.] Spaceman 1: Multiplicador recibido - Game ID: 11041643113, Multiplicador: 2.16x
---
[10/11/2025, 11:54:59 a. m.] Spaceman 1: Multiplicador recibido - Game ID: 11041643113, Multiplicador: 2.17x
---
[10/11/2025, 11:54:59 a. m.] Spaceman 1: Multiplicador recibido - Game ID: 11041643113, Multiplicador: 2.18x
---
[10/11/2025, 11:54:59 a. m.] Spaceman 1: Multiplicador recibido - Game ID: 11041643113, Multiplicador: 2.19x
---
[10/11/2025, 11:54:59 a. m.] Spaceman 1: Multiplicador recibido - Game ID: 11041643113, Multiplicador: 2.2x
---
[10/11/2025, 11:54:59 a. m.] Spaceman 1: Multiplicador recibido - Game ID: 11041643113, Multiplicador: 2.21x
---
[10/11/2025, 11:54:59 a. m.] Spaceman 1: Multiplicador recibido - Game ID: 11041643113, Multiplicador: 2.22x
---
[10/11/2025, 11:54:59 a. m.] Spaceman 1: Multiplicador recibido - Game ID: 11041643113, Multiplicador: 2.23x
---
[10/11/2025, 11:54:59 a. m.] Spaceman 1: Multiplicador recibido - Game ID: 11041643113, Multiplicador: 2.24x
---
[10/11/2025, 11:54:59 a. m.] Spaceman 1: Multiplicador recibido - Game ID: 11041643113, Multiplicador: 2.25x
---
[10/11/2025, 11:54:59 a. m.] Spaceman 1: Multiplicador recibido - Game ID: 11041643113, Multiplicador: 2.26x
---
[10/11/2025, 11:54:59 a. m.] Spaceman 1: Multiplicador recibido - Game ID: 11041643113, Multiplicador: 2.27x
---
[10/11/2025, 11:54:59 a. m.] Spaceman 1: Multiplicador recibido - Game ID: 11041643113, Multiplicador: 2.28x
---
[10/11/2025, 11:54:59 a. m.] Spaceman 1: Multiplicador recibido - Game ID: 11041643113, Multiplicador: 2.29x
---
[10/11/2025, 11:54:59 a. m.] Spaceman 1: Multiplicador recibido - Game ID: 11041643113, Multiplicador: 2.3x
---
[10/11/2025, 11:54:59 a. m.] Spaceman 1: Multiplicador recibido - Game ID: 11041643113, Multiplicador: 2.31x
---
[10/11/2025, 11:54:59 a. m.] Spaceman 1: Multiplicador recibido - Game ID: 11041643113, Multiplicador: 2.32x
---
[10/11/2025, 11:55:00 a. m.] Spaceman 1: Ping enviado: 1762793700193
---
[10/11/2025, 11:55:07 a. m.] Spaceman 1: Desconectado - Código: 4002, Razón: Auto reconnect - 5 min
---
[10/11/2025, 11:55:13 a. m.] Spaceman 1: Conexión multiplicador establecida exitosamente
---
[10/11/2025, 11:55:20 a. m.] Spaceman 1: Ping enviado: 1762793720013
---
[10/11/2025, 11:55:22 a. m.] Spaceman 1: Multiplicador recibido - Game ID: 11041643313, Multiplicador: 1.01x
---
[10/11/2025, 11:55:22 a. m.] Spaceman 1: Multiplicador recibido - Game ID: 11041643313, Multiplicador: 1.02x
---
[10/11/2025, 11:55:22 a. m.] Spaceman 1: Multiplicador recibido - Game ID: 11041643313, Multiplicador: 1.03x
---
[10/11/2025, 11:55:22 a. m.] Spaceman 1: Multiplicador recibido - Game ID: 11041643313, Multiplicador: 1.04x
---
[10/11/2025, 11:55:22 a. m.] Spaceman 1: Multiplicador recibido - Game ID: 11041643313, Multiplicador: 1.05x
---
[10/11/2025, 11:55:22 a. m.] Spaceman 1: Multiplicador recibido - Game ID: 11041643313, Multiplicador: 1.06x
---
[10/11/2025, 11:55:23 a. m.] Spaceman 1: Multiplicador recibido - Game ID: 11041643313, Multiplicador: 1.07x
---
[10/11/2025, 11:55:23 a. m.] Spaceman 1: Multiplicador recibido - Game ID: 11041643313, Multiplicador: 1.08x
---
[10/11/2025, 11:55:23 a. m.] Spaceman 1: Multiplicador recibido - Game ID: 11041643313, Multiplicador: 1.09x
---
[10/11/2025, 11:55:23 a. m.] Spaceman 1: Multiplicador recibido - Game ID: 11041643313, Multiplicador: 1.1x
---
[10/11/2025, 11:55:23 a. m.] Spaceman 1: Multiplicador recibido - Game ID: 11041643313, Multiplicador: 1.11x
---
[10/11/2025, 11:55:23 a. m.] Spaceman 1: Multiplicador recibido - Game ID: 11041643313, Multiplicador: 1.12x
---
[10/11/2025, 11:55:23 a. m.] Spaceman 1: Multiplicador recibido - Game ID: 11041643313, Multiplicador: 1.13x
---
[10/11/2025, 11:55:23 a. m.] Spaceman 1: Multiplicador recibido - Game ID: 11041643313, Multiplicador: 1.14x
---
[10/11/2025, 11:55:23 a. m.] Spaceman 1: Multiplicador recibido - Game ID: 11041643313, Multiplicador: 1.15x
---
[10/11/2025, 11:55:30 a. m.] Spaceman 1: Ping enviado: 1762793730019
---
[10/11/2025, 11:55:34 a. m.] Spaceman 1: Multiplicador recibido - Game ID: 11041643413, Multiplicador: 1.01x
---
[10/11/2025, 11:55:34 a. m.] Spaceman 1: Multiplicador recibido - Game ID: 11041643413, Multiplicador: 1.02x
---
[10/11/2025, 11:55:34 a. m.] Spaceman 1: Multiplicador recibido - Game ID: 11041643413, Multiplicador: 1.03x
---
[10/11/2025, 11:55:34 a. m.] Spaceman 1: Multiplicador recibido - Game ID: 11041643413, Multiplicador: 1.04x
---
[10/11/2025, 11:55:34 a. m.] Spaceman 1: Multiplicador recibido - Game ID: 11041643413, Multiplicador: 1.05x
---
[10/11/2025, 11:55:34 a. m.] Spaceman 1: Multiplicador recibido - Game ID: 11041643413, Multiplicador: 1.06x
---
[10/11/2025, 11:55:34 a. m.] Spaceman 1: Multiplicador recibido - Game ID: 11041643413, Multiplicador: 1.07x
---
[10/11/2025, 11:55:34 a. m.] Spaceman 1: Multiplicador recibido - Game ID: 11041643413, Multiplicador: 1.08x
---
[10/11/2025, 11:55:34 a. m.] Spaceman 1: Multiplicador recibido - Game ID: 11041643413, Multiplicador: 1.09x
---
[10/11/2025, 11:55:35 a. m.] Spaceman 1: Multiplicador recibido - Game ID: 11041643413, Multiplicador: 1.1x
---
[10/11/2025, 11:55:35 a. m.] Spaceman 1: Multiplicador recibido - Game ID: 11041643413, Multiplicador: 1.11x
---
[10/11/2025, 11:55:35 a. m.] Spaceman 1: Multiplicador recibido - Game ID: 11041643413, Multiplicador: 1.12x
---
[10/11/2025, 11:55:35 a. m.] Spaceman 1: Multiplicador recibido - Game ID: 11041643413, Multiplicador: 1.13x
---
[10/11/2025, 11:55:35 a. m.] Spaceman 1: Multiplicador recibido - Game ID: 11041643413, Multiplicador: 1.14x
---
[10/11/2025, 11:55:35 a. m.] Spaceman 1: Multiplicador recibido - Game ID: 11041643413, Multiplicador: 1.15x
---
[10/11/2025, 11:55:35 a. m.] Spaceman 1: Multiplicador recibido - Game ID: 11041643413, Multiplicador: 1.16x
---
[10/11/2025, 11:55:35 a. m.] Spaceman 1: Multiplicador recibido - Game ID: 11041643413, Multiplicador: 1.17x
---
[10/11/2025, 11:55:35 a. m.] Spaceman 1: Multiplicador recibido - Game ID: 11041643413, Multiplicador: 1.18x
---
[10/11/2025, 11:55:36 a. m.] Spaceman 1: Multiplicador recibido - Game ID: 11041643413, Multiplicador: 1.19x
---
[10/11/2025, 11:55:36 a. m.] Spaceman 1: Multiplicador recibido - Game ID: 11041643413, Multiplicador: 1.2x
---
[10/11/2025, 11:55:36 a. m.] Spaceman 1: Multiplicador recibido - Game ID: 11041643413, Multiplicador: 1.21x
---
[10/11/2025, 11:55:36 a. m.] Spaceman 1: Multiplicador recibido - Game ID: 11041643413, Multiplicador: 1.22x
---
[10/11/2025, 11:55:36 a. m.] Spaceman 1: Multiplicador recibido - Game ID: 11041643413, Multiplicador: 1.23x
---
[10/11/2025, 11:55:36 a. m.] Spaceman 1: Multiplicador recibido - Game ID: 11041643413, Multiplicador: 1.24x
---
[10/11/2025, 11:55:36 a. m.] Spaceman 1: Multiplicador recibido - Game ID: 11041643413, Multiplicador: 1.25x
---
[10/11/2025, 11:55:36 a. m.] Spaceman 1: Multiplicador recibido - Game ID: 11041643413, Multiplicador: 1.26x
---
[10/11/2025, 11:55:36 a. m.] Spaceman 1: Multiplicador recibido - Game ID: 11041643413, Multiplicador: 1.27x
---
[10/11/2025, 11:55:36 a. m.] Spaceman 1: Multiplicador recibido - Game ID: 11041643413, Multiplicador: 1.28x
---
[10/11/2025, 11:55:37 a. m.] Spaceman 1: Multiplicador recibido - Game ID: 11041643413, Multiplicador: 1.29x
---
[10/11/2025, 11:55:37 a. m.] Spaceman 1: Multiplicador recibido - Game ID: 11041643413, Multiplicador: 1.3x
---
[10/11/2025, 11:55:37 a. m.] Spaceman 1: Multiplicador recibido - Game ID: 11041643413, Multiplicador: 1.31x
---
[10/11/2025, 11:55:37 a. m.] Spaceman 1: Multiplicador recibido - Game ID: 11041643413, Multiplicador: 1.32x
---
[10/11/2025, 11:55:37 a. m.] Spaceman 1: Multiplicador recibido - Game ID: 11041643413, Multiplicador: 1.33x
---
[10/11/2025, 11:55:37 a. m.] Spaceman 1: Multiplicador recibido - Game ID: 11041643413, Multiplicador: 1.34x
---
[10/11/2025, 11:55:37 a. m.] Spaceman 1: Multiplicador recibido - Game ID: 11041643413, Multiplicador: 1.35x
---
[10/11/2025, 11:55:37 a. m.] Spaceman 1: Multiplicador recibido - Game ID: 11041643413, Multiplicador: 1.36x
---
[10/11/2025, 11:55:37 a. m.] Spaceman 1: Multiplicador recibido - Game ID: 11041643413, Multiplicador: 1.37x
---
[10/11/2025, 11:55:37 a. m.] Spaceman 1: Multiplicador recibido - Game ID: 11041643413, Multiplicador: 1.38x
---
[10/11/2025, 11:55:37 a. m.] Spaceman 1: Multiplicador recibido - Game ID: 11041643413, Multiplicador: 1.39x
---
[10/11/2025, 11:55:37 a. m.] Spaceman 1: Multiplicador recibido - Game ID: 11041643413, Multiplicador: 1.4x
---
[10/11/2025, 11:55:38 a. m.] Spaceman 1: Multiplicador recibido - Game ID: 11041643413, Multiplicador: 1.41x
---
[10/11/2025, 11:55:38 a. m.] Spaceman 1: Multiplicador recibido - Game ID: 11041643413, Multiplicador: 1.42x
---
[10/11/2025, 11:55:38 a. m.] Spaceman 1: Multiplicador recibido - Game ID: 11041643413, Multiplicador: 1.43x
---
[10/11/2025, 11:55:38 a. m.] Spaceman 1: Multiplicador recibido - Game ID: 11041643413, Multiplicador: 1.44x
---
[10/11/2025, 11:55:38 a. m.] Spaceman 1: Multiplicador recibido - Game ID: 11041643413, Multiplicador: 1.45x
---
[10/11/2025, 11:55:38 a. m.] Spaceman 1: Multiplicador recibido - Game ID: 11041643413, Multiplicador: 1.46x
---
[10/11/2025, 11:55:38 a. m.] Spaceman 1: Multiplicador recibido - Game ID: 11041643413, Multiplicador: 1.47x
---
[10/11/2025, 11:55:38 a. m.] Spaceman 1: Multiplicador recibido - Game ID: 11041643413, Multiplicador: 1.48x
---
[10/11/2025, 11:55:38 a. m.] Spaceman 1: Multiplicador recibido - Game ID: 11041643413, Multiplicador: 1.49x
---
[10/11/2025, 11:55:38 a. m.] Spaceman 1: Multiplicador recibido - Game ID: 11041643413, Multiplicador: 1.5x
---
[10/11/2025, 11:55:38 a. m.] Spaceman 1: Multiplicador recibido - Game ID: 11041643413, Multiplicador: 1.51x
---
[10/11/2025, 11:55:38 a. m.] Spaceman 1: Multiplicador recibido - Game ID: 11041643413, Multiplicador: 1.52x
---
[10/11/2025, 11:55:39 a. m.] Spaceman 1: Multiplicador recibido - Game ID: 11041643413, Multiplicador: 1.53x
---
[10/11/2025, 11:55:39 a. m.] Spaceman 1: Multiplicador recibido - Game ID: 11041643413, Multiplicador: 1.54x
---
[10/11/2025, 11:55:39 a. m.] Spaceman 1: Multiplicador recibido - Game ID: 11041643413, Multiplicador: 1.55x
---
[10/11/2025, 11:55:39 a. m.] Spaceman 1: Multiplicador recibido - Game ID: 11041643413, Multiplicador: 1.56x
---
[10/11/2025, 11:55:39 a. m.] Spaceman 1: Multiplicador recibido - Game ID: 11041643413, Multiplicador: 1.57x
---
[10/11/2025, 11:55:39 a. m.] Spaceman 1: Multiplicador recibido - Game ID: 11041643413, Multiplicador: 1.58x
---
[10/11/2025, 11:55:39 a. m.] Spaceman 1: Multiplicador recibido - Game ID: 11041643413, Multiplicador: 1.59x
---
[10/11/2025, 11:55:39 a. m.] Spaceman 1: Multiplicador recibido - Game ID: 11041643413, Multiplicador: 1.6x
---
[10/11/2025, 11:55:39 a. m.] Spaceman 1: Multiplicador recibido - Game ID: 11041643413, Multiplicador: 1.61x
---
[10/11/2025, 11:55:39 a. m.] Spaceman 1: Multiplicador recibido - Game ID: 11041643413, Multiplicador: 1.62x
---
[10/11/2025, 11:55:39 a. m.] Spaceman 1: Multiplicador recibido - Game ID: 11041643413, Multiplicador: 1.63x
---
[10/11/2025, 11:55:39 a. m.] Spaceman 1: Multiplicador recibido - Game ID: 11041643413, Multiplicador: 1.64x
---
[10/11/2025, 11:55:39 a. m.] Spaceman 1: Multiplicador recibido - Game ID: 11041643413, Multiplicador: 1.65x
---
[10/11/2025, 11:55:40 a. m.] Spaceman 1: Ping enviado: 1762793740024
---
[10/11/2025, 11:55:40 a. m.] Spaceman 1: Multiplicador recibido - Game ID: 11041643413, Multiplicador: 1.66x
---
[10/11/2025, 11:55:40 a. m.] Spaceman 1: Multiplicador recibido - Game ID: 11041643413, Multiplicador: 1.67x
---
[10/11/2025, 11:55:40 a. m.] Spaceman 1: Multiplicador recibido - Game ID: 11041643413, Multiplicador: 1.68x
---
[10/11/2025, 11:55:40 a. m.] Spaceman 1: Multiplicador recibido - Game ID: 11041643413, Multiplicador: 1.69x
---
[10/11/2025, 11:55:40 a. m.] Spaceman 1: Multiplicador recibido - Game ID: 11041643413, Multiplicador: 1.7x
---
[10/11/2025, 11:55:40 a. m.] Spaceman 1: Multiplicador recibido - Game ID: 11041643413, Multiplicador: 1.71x
---
[10/11/2025, 11:55:40 a. m.] Spaceman 1: Multiplicador recibido - Game ID: 11041643413, Multiplicador: 1.72x
---
[10/11/2025, 11:55:40 a. m.] Spaceman 1: Multiplicador recibido - Game ID: 11041643413, Multiplicador: 1.73x
---
[10/11/2025, 11:55:40 a. m.] Spaceman 1: Multiplicador recibido - Game ID: 11041643413, Multiplicador: 1.74x
---
[10/11/2025, 11:55:40 a. m.] Spaceman 1: Multiplicador recibido - Game ID: 11041643413, Multiplicador: 1.75x
---
[10/11/2025, 11:55:40 a. m.] Spaceman 1: Multiplicador recibido - Game ID: 11041643413, Multiplicador: 1.76x
---
[10/11/2025, 11:55:40 a. m.] Spaceman 1: Multiplicador recibido - Game ID: 11041643413, Multiplicador: 1.77x
---
[10/11/2025, 11:55:40 a. m.] Spaceman 1: Multiplicador recibido - Game ID: 11041643413, Multiplicador: 1.78x
---
[10/11/2025, 11:55:40 a. m.] Spaceman 1: Multiplicador recibido - Game ID: 11041643413, Multiplicador: 1.79x
---
[10/11/2025, 11:55:41 a. m.] Spaceman 1: Multiplicador recibido - Game ID: 11041643413, Multiplicador: 1.8x
---
[10/11/2025, 11:55:41 a. m.] Spaceman 1: Multiplicador recibido - Game ID: 11041643413, Multiplicador: 1.81x
---
[10/11/2025, 11:55:41 a. m.] Spaceman 1: Multiplicador recibido - Game ID: 11041643413, Multiplicador: 1.82x
---
[10/11/2025, 11:55:41 a. m.] Spaceman 1: Multiplicador recibido - Game ID: 11041643413, Multiplicador: 1.83x
---
[10/11/2025, 11:55:41 a. m.] Spaceman 1: Multiplicador recibido - Game ID: 11041643413, Multiplicador: 1.84x
---
[10/11/2025, 11:55:41 a. m.] Spaceman 1: Multiplicador recibido - Game ID: 11041643413, Multiplicador: 1.85x
---
[10/11/2025, 11:55:41 a. m.] Spaceman 1: Multiplicador recibido - Game ID: 11041643413, Multiplicador: 1.86x
---
[10/11/2025, 11:55:50 a. m.] Spaceman 1: Ping enviado: 1762793750026
---
[10/11/2025, 11:55:51 a. m.] Spaceman 1: Multiplicador recibido - Game ID: 11041643513, Multiplicador: 1.01x
---
[10/11/2025, 11:55:51 a. m.] Spaceman 1: Multiplicador recibido - Game ID: 11041643513, Multiplicador: 1.02x
---
[10/11/2025, 11:55:51 a. m.] Spaceman 1: Multiplicador recibido - Game ID: 11041643513, Multiplicador: 1.03x
---
[10/11/2025, 11:55:51 a. m.] Spaceman 1: Multiplicador recibido - Game ID: 11041643513, Multiplicador: 1.04x
---
[10/11/2025, 11:55:52 a. m.] Spaceman 1: Multiplicador recibido - Game ID: 11041643513, Multiplicador: 1.05x
---
[10/11/2025, 11:55:52 a. m.] Spaceman 1: Multiplicador recibido - Game ID: 11041643513, Multiplicador: 1.06x
---
[10/11/2025, 11:55:52 a. m.] Spaceman 1: Multiplicador recibido - Game ID: 11041643513, Multiplicador: 1.07x
---
[10/11/2025, 11:55:52 a. m.] Spaceman 1: Multiplicador recibido - Game ID: 11041643513, Multiplicador: 1.08x
---
[10/11/2025, 11:55:52 a. m.] Spaceman 1: Multiplicador recibido - Game ID: 11041643513, Multiplicador: 1.09x
---
[10/11/2025, 11:55:52 a. m.] Spaceman 1: Multiplicador recibido - Game ID: 11041643513, Multiplicador: 1.1x
---
[10/11/2025, 11:55:52 a. m.] Spaceman 1: Multiplicador recibido - Game ID: 11041643513, Multiplicador: 1.11x
---
[10/11/2025, 11:55:52 a. m.] Spaceman 1: Multiplicador recibido - Game ID: 11041643513, Multiplicador: 1.12x
---
[10/11/2025, 11:55:53 a. m.] Spaceman 1: Multiplicador recibido - Game ID: 11041643513, Multiplicador: 1.13x
---
[10/11/2025, 11:55:53 a. m.] Spaceman 1: Multiplicador recibido - Game ID: 11041643513, Multiplicador: 1.14x
---
[10/11/2025, 11:55:53 a. m.] Spaceman 1: Multiplicador recibido - Game ID: 11041643513, Multiplicador: 1.15x
---
[10/11/2025, 11:55:53 a. m.] Spaceman 1: Multiplicador recibido - Game ID: 11041643513, Multiplicador: 1.16x
---
[10/11/2025, 11:55:53 a. m.] Spaceman 1: Multiplicador recibido - Game ID: 11041643513, Multiplicador: 1.17x
---
[10/11/2025, 11:55:53 a. m.] Spaceman 1: Multiplicador recibido - Game ID: 11041643513, Multiplicador: 1.18x
---
[10/11/2025, 11:55:53 a. m.] Spaceman 1: Multiplicador recibido - Game ID: 11041643513, Multiplicador: 1.19x
---
[10/11/2025, 11:55:53 a. m.] Spaceman 1: Multiplicador recibido - Game ID: 11041643513, Multiplicador: 1.2x
---
[10/11/2025, 11:55:53 a. m.] Spaceman 1: Multiplicador recibido - Game ID: 11041643513, Multiplicador: 1.21x
---
[10/11/2025, 11:55:53 a. m.] Spaceman 1: Multiplicador recibido - Game ID: 11041643513, Multiplicador: 1.22x
---
[10/11/2025, 11:55:54 a. m.] Spaceman 1: Multiplicador recibido - Game ID: 11041643513, Multiplicador: 1.23x
---
[10/11/2025, 11:55:54 a. m.] Spaceman 1: Multiplicador recibido - Game ID: 11041643513, Multiplicador: 1.24x
---
[10/11/2025, 11:55:54 a. m.] Spaceman 1: Multiplicador recibido - Game ID: 11041643513, Multiplicador: 1.25x
---
[10/11/2025, 11:55:54 a. m.] Spaceman 1: Multiplicador recibido - Game ID: 11041643513, Multiplicador: 1.26x
---
[10/11/2025, 11:55:54 a. m.] Spaceman 1: Multiplicador recibido - Game ID: 11041643513, Multiplicador: 1.27x
---
[10/11/2025, 11:55:54 a. m.] Spaceman 1: Multiplicador recibido - Game ID: 11041643513, Multiplicador: 1.28x
---
[10/11/2025, 11:55:56 a. m.] Spaceman 1: Multiplicador recibido - Game ID: 11041643513, Multiplicador: 1.44x
---
[10/11/2025, 11:56:00 a. m.] Spaceman 1: Ping enviado: 1762793760041
---
[10/11/2025, 11:56:06 a. m.] Spaceman 1: Multiplicador recibido - Game ID: 11041643613, Multiplicador: 1.01x
---
[10/11/2025, 11:56:06 a. m.] Spaceman 1: Multiplicador recibido - Game ID: 11041643613, Multiplicador: 1.02x
---
[10/11/2025, 11:56:06 a. m.] Spaceman 1: Multiplicador recibido - Game ID: 11041643613, Multiplicador: 1.03x
---
[10/11/2025, 11:56:06 a. m.] Spaceman 1: Multiplicador recibido - Game ID: 11041643613, Multiplicador: 1.04x
---
[10/11/2025, 11:56:06 a. m.] Spaceman 1: Multiplicador recibido - Game ID: 11041643613, Multiplicador: 1.05x
---
[10/11/2025, 11:56:06 a. m.] Spaceman 1: Multiplicador recibido - Game ID: 11041643613, Multiplicador: 1.06x
---
[10/11/2025, 11:56:06 a. m.] Spaceman 1: Multiplicador recibido - Game ID: 11041643613, Multiplicador: 1.07x
---
[10/11/2025, 11:56:06 a. m.] Spaceman 1: Multiplicador recibido - Game ID: 11041643613, Multiplicador: 1.08x
---
[10/11/2025, 11:56:07 a. m.] Spaceman 1: Multiplicador recibido - Game ID: 11041643613, Multiplicador: 1.09x
---
[10/11/2025, 11:56:07 a. m.] Spaceman 1: Multiplicador recibido - Game ID: 11041643613, Multiplicador: 1.1x
---
[10/11/2025, 11:56:07 a. m.] Spaceman 1: Multiplicador recibido - Game ID: 11041643613, Multiplicador: 1.11x
---
[10/11/2025, 11:56:07 a. m.] Spaceman 1: Multiplicador recibido - Game ID: 11041643613, Multiplicador: 1.12x
---
[10/11/2025, 11:56:07 a. m.] Spaceman 1: Multiplicador recibido - Game ID: 11041643613, Multiplicador: 1.13x
---
[10/11/2025, 11:56:07 a. m.] Spaceman 1: Multiplicador recibido - Game ID: 11041643613, Multiplicador: 1.14x
---
[10/11/2025, 11:56:07 a. m.] Spaceman 1: Multiplicador recibido - Game ID: 11041643613, Multiplicador: 1.15x
---
[10/11/2025, 11:56:07 a. m.] Spaceman 1: Multiplicador recibido - Game ID: 11041643613, Multiplicador: 1.16x
---
[10/11/2025, 11:56:07 a. m.] Spaceman 1: Multiplicador recibido - Game ID: 11041643613, Multiplicador: 1.17x
---
[10/11/2025, 11:56:08 a. m.] Spaceman 1: Multiplicador recibido - Game ID: 11041643613, Multiplicador: 1.18x
---
[10/11/2025, 11:56:08 a. m.] Spaceman 1: Multiplicador recibido - Game ID: 11041643613, Multiplicador: 1.19x
---
[10/11/2025, 11:56:08 a. m.] Spaceman 1: Multiplicador recibido - Game ID: 11041643613, Multiplicador: 1.2x
---
[10/11/2025, 11:56:08 a. m.] Spaceman 1: Multiplicador recibido - Game ID: 11041643613, Multiplicador: 1.21x
---
[10/11/2025, 11:56:08 a. m.] Spaceman 1: Multiplicador recibido - Game ID: 11041643613, Multiplicador: 1.22x
---
[10/11/2025, 11:56:08 a. m.] Spaceman 1: Multiplicador recibido - Game ID: 11041643613, Multiplicador: 1.23x
---
[10/11/2025, 11:56:08 a. m.] Spaceman 1: Multiplicador recibido - Game ID: 11041643613, Multiplicador: 1.24x
---
[10/11/2025, 11:56:08 a. m.] Spaceman 1: Multiplicador recibido - Game ID: 11041643613, Multiplicador: 1.25x
---
[10/11/2025, 11:56:08 a. m.] Spaceman 1: Multiplicador recibido - Game ID: 11041643613, Multiplicador: 1.26x
---
[10/11/2025, 11:56:08 a. m.] Spaceman 1: Multiplicador recibido - Game ID: 11041643613, Multiplicador: 1.27x
---
[10/11/2025, 11:56:08 a. m.] Spaceman 1: Multiplicador recibido - Game ID: 11041643613, Multiplicador: 1.28x
---
[10/11/2025, 11:56:09 a. m.] Spaceman 1: Multiplicador recibido - Game ID: 11041643613, Multiplicador: 1.29x
---
[10/11/2025, 11:56:09 a. m.] Spaceman 1: Multiplicador recibido - Game ID: 11041643613, Multiplicador: 1.3x
---
[10/11/2025, 11:56:09 a. m.] Spaceman 1: Multiplicador recibido - Game ID: 11041643613, Multiplicador: 1.31x
---
[10/11/2025, 11:56:09 a. m.] Spaceman 1: Multiplicador recibido - Game ID: 11041643613, Multiplicador: 1.32x
---
[10/11/2025, 11:56:09 a. m.] Spaceman 1: Multiplicador recibido - Game ID: 11041643613, Multiplicador: 1.33x
---
[10/11/2025, 11:56:09 a. m.] Spaceman 1: Multiplicador recibido - Game ID: 11041643613, Multiplicador: 1.34x
---
[10/11/2025, 11:56:09 a. m.] Spaceman 1: Multiplicador recibido - Game ID: 11041643613, Multiplicador: 1.35x
---
[10/11/2025, 11:56:09 a. m.] Spaceman 1: Multiplicador recibido - Game ID: 11041643613, Multiplicador: 1.36x
---
[10/11/2025, 11:56:09 a. m.] Spaceman 1: Multiplicador recibido - Game ID: 11041643613, Multiplicador: 1.37x
---
[10/11/2025, 11:56:09 a. m.] Spaceman 1: Multiplicador recibido - Game ID: 11041643613, Multiplicador: 1.38x
---
[10/11/2025, 11:56:10 a. m.] Spaceman 1: Multiplicador recibido - Game ID: 11041643613, Multiplicador: 1.39x
---
[10/11/2025, 11:56:10 a. m.] Spaceman 1: Ping enviado: 1762793770050
---
[10/11/2025, 11:56:10 a. m.] Spaceman 1: Multiplicador recibido - Game ID: 11041643613, Multiplicador: 1.4x
---
[10/11/2025, 11:56:10 a. m.] Spaceman 1: Multiplicador recibido - Game ID: 11041643613, Multiplicador: 1.41x
---
[10/11/2025, 11:56:10 a. m.] Spaceman 1: Multiplicador recibido - Game ID: 11041643613, Multiplicador: 1.42x
---
[10/11/2025, 11:56:10 a. m.] Spaceman 1: Multiplicador recibido - Game ID: 11041643613, Multiplicador: 1.43x
---
[10/11/2025, 11:56:10 a. m.] Spaceman 1: Multiplicador recibido - Game ID: 11041643613, Multiplicador: 1.44x
---
[10/11/2025, 11:56:10 a. m.] Spaceman 1: Multiplicador recibido - Game ID: 11041643613, Multiplicador: 1.45x
---
[10/11/2025, 11:56:10 a. m.] Spaceman 1: Multiplicador recibido - Game ID: 11041643613, Multiplicador: 1.46x
---
[10/11/2025, 11:56:12 a. m.] Spaceman 1: Multiplicador recibido - Game ID: 11041643613, Multiplicador: 1.47x
---
[10/11/2025, 11:56:12 a. m.] Spaceman 1: Multiplicador recibido - Game ID: 11041643613, Multiplicador: 1.48x
---
[10/11/2025, 11:56:12 a. m.] Spaceman 1: Multiplicador recibido - Game ID: 11041643613, Multiplicador: 1.49x
---
[10/11/2025, 11:56:12 a. m.] Spaceman 1: Multiplicador recibido - Game ID: 11041643613, Multiplicador: 1.5x
---
[10/11/2025, 11:56:12 a. m.] Spaceman 1: Multiplicador recibido - Game ID: 11041643613, Multiplicador: 1.51x
---
[10/11/2025, 11:56:12 a. m.] Spaceman 1: Multiplicador recibido - Game ID: 11041643613, Multiplicador: 1.52x
---
[10/11/2025, 11:56:12 a. m.] Spaceman 1: Multiplicador recibido - Game ID: 11041643613, Multiplicador: 1.53x
---
[10/11/2025, 11:56:12 a. m.] Spaceman 1: Multiplicador recibido - Game ID: 11041643613, Multiplicador: 1.54x
---
[10/11/2025, 11:56:12 a. m.] Spaceman 1: Multiplicador recibido - Game ID: 11041643613, Multiplicador: 1.55x
---
[10/11/2025, 11:56:12 a. m.] Spaceman 1: Multiplicador recibido - Game ID: 11041643613, Multiplicador: 1.56x
---
[10/11/2025, 11:56:12 a. m.] Spaceman 1: Multiplicador recibido - Game ID: 11041643613, Multiplicador: 1.57x
---
[10/11/2025, 11:56:12 a. m.] Spaceman 1: Multiplicador recibido - Game ID: 11041643613, Multiplicador: 1.58x
---
[10/11/2025, 11:56:12 a. m.] Spaceman 1: Multiplicador recibido - Game ID: 11041643613, Multiplicador: 1.59x
---
[10/11/2025, 11:56:12 a. m.] Spaceman 1: Multiplicador recibido - Game ID: 11041643613, Multiplicador: 1.6x
---
[10/11/2025, 11:56:12 a. m.] Spaceman 1: Multiplicador recibido - Game ID: 11041643613, Multiplicador: 1.61x
---
[10/11/2025, 11:56:12 a. m.] Spaceman 1: Multiplicador recibido - Game ID: 11041643613, Multiplicador: 1.62x
---
[10/11/2025, 11:56:12 a. m.] Spaceman 1: Multiplicador recibido - Game ID: 11041643613, Multiplicador: 1.63x
---
[10/11/2025, 11:56:12 a. m.] Spaceman 1: Multiplicador recibido - Game ID: 11041643613, Multiplicador: 1.64x
---
[10/11/2025, 11:56:12 a. m.] Spaceman 1: Multiplicador recibido - Game ID: 11041643613, Multiplicador: 1.65x
---
[10/11/2025, 11:56:12 a. m.] Spaceman 1: Multiplicador recibido - Game ID: 11041643613, Multiplicador: 1.66x
---
[10/11/2025, 11:56:12 a. m.] Spaceman 1: Multiplicador recibido - Game ID: 11041643613, Multiplicador: 1.67x
---
[10/11/2025, 11:56:12 a. m.] Spaceman 1: Multiplicador recibido - Game ID: 11041643613, Multiplicador: 1.68x
---
[10/11/2025, 11:56:12 a. m.] Spaceman 1: Multiplicador recibido - Game ID: 11041643613, Multiplicador: 1.69x
---
[10/11/2025, 11:56:12 a. m.] Spaceman 1: Multiplicador recibido - Game ID: 11041643613, Multiplicador: 1.7x
---
[10/11/2025, 11:56:12 a. m.] Spaceman 1: Multiplicador recibido - Game ID: 11041643613, Multiplicador: 1.71x
---
[10/11/2025, 11:56:20 a. m.] Spaceman 1: Ping enviado: 1762793780055
---
[10/11/2025, 11:56:22 a. m.] Spaceman 1: Multiplicador recibido - Game ID: 11041643713, Multiplicador: 1.01x
---
[10/11/2025, 11:56:22 a. m.] Spaceman 1: Multiplicador recibido - Game ID: 11041643713, Multiplicador: 1.02x
---
[10/11/2025, 11:56:22 a. m.] Spaceman 1: Multiplicador recibido - Game ID: 11041643713, Multiplicador: 1.03x
---
[10/11/2025, 11:56:23 a. m.] Spaceman 1: Multiplicador recibido - Game ID: 11041643713, Multiplicador: 1.04x
---
[10/11/2025, 11:56:23 a. m.] Spaceman 1: Multiplicador recibido - Game ID: 11041643713, Multiplicador: 1.05x
---
[10/11/2025, 11:56:23 a. m.] Spaceman 1: Multiplicador recibido - Game ID: 11041643713, Multiplicador: 1.06x
---
[10/11/2025, 11:56:23 a. m.] Spaceman 1: Multiplicador recibido - Game ID: 11041643713, Multiplicador: 1.07x
---
[10/11/2025, 11:56:23 a. m.] Spaceman 1: Multiplicador recibido - Game ID: 11041643713, Multiplicador: 1.08x
---
[10/11/2025, 11:56:23 a. m.] Spaceman 1: Multiplicador recibido - Game ID: 11041643713, Multiplicador: 1.09x
---
[10/11/2025, 11:56:23 a. m.] Spaceman 1: Multiplicador recibido - Game ID: 11041643713, Multiplicador: 1.1x
---
[10/11/2025, 11:56:23 a. m.] Spaceman 1: Multiplicador recibido - Game ID: 11041643713, Multiplicador: 1.11x
---
[10/11/2025, 11:56:23 a. m.] Spaceman 1: Multiplicador recibido - Game ID: 11041643713, Multiplicador: 1.12x
---
[10/11/2025, 11:56:24 a. m.] Spaceman 1: Multiplicador recibido - Game ID: 11041643713, Multiplicador: 1.13x
---
[10/11/2025, 11:56:24 a. m.] Spaceman 1: Multiplicador recibido - Game ID: 11041643713, Multiplicador: 1.14x
---
[10/11/2025, 11:56:24 a. m.] Spaceman 1: Multiplicador recibido - Game ID: 11041643713, Multiplicador: 1.15x
---
[10/11/2025, 11:56:24 a. m.] Spaceman 1: Multiplicador recibido - Game ID: 11041643713, Multiplicador: 1.16x
---
[10/11/2025, 11:56:24 a. m.] Spaceman 1: Multiplicador recibido - Game ID: 11041643713, Multiplicador: 1.17x
---
[10/11/2025, 11:56:24 a. m.] Spaceman 1: Multiplicador recibido - Game ID: 11041643713, Multiplicador: 1.18x
---
[10/11/2025, 11:56:24 a. m.] Spaceman 1: Multiplicador recibido - Game ID: 11041643713, Multiplicador: 1.19x
---
[10/11/2025, 11:56:24 a. m.] Spaceman 1: Multiplicador recibido - Game ID: 11041643713, Multiplicador: 1.2x
---
[10/11/2025, 11:56:24 a. m.] Spaceman 1: Multiplicador recibido - Game ID: 11041643713, Multiplicador: 1.21x
---
[10/11/2025, 11:56:24 a. m.] Spaceman 1: Multiplicador recibido - Game ID: 11041643713, Multiplicador: 1.22x
---
[10/11/2025, 11:56:25 a. m.] Spaceman 1: Multiplicador recibido - Game ID: 11041643713, Multiplicador: 1.23x
---
[10/11/2025, 11:56:25 a. m.] Spaceman 1: Multiplicador recibido - Game ID: 11041643713, Multiplicador: 1.24x
---
[10/11/2025, 11:56:25 a. m.] Spaceman 1: Multiplicador recibido - Game ID: 11041643713, Multiplicador: 1.25x
---
[10/11/2025, 11:56:25 a. m.] Spaceman 1: Multiplicador recibido - Game ID: 11041643713, Multiplicador: 1.26x
---
[10/11/2025, 11:56:25 a. m.] Spaceman 1: Multiplicador recibido - Game ID: 11041643713, Multiplicador: 1.27x
---
[10/11/2025, 11:56:25 a. m.] Spaceman 1: Multiplicador recibido - Game ID: 11041643713, Multiplicador: 1.28x
---
[10/11/2025, 11:56:25 a. m.] Spaceman 1: Multiplicador recibido - Game ID: 11041643713, Multiplicador: 1.29x
---
[10/11/2025, 11:56:25 a. m.] Spaceman 1: Multiplicador recibido - Game ID: 11041643713, Multiplicador: 1.3x
---
[10/11/2025, 11:56:25 a. m.] Spaceman 1: Multiplicador recibido - Game ID: 11041643713, Multiplicador: 1.31x
---
[10/11/2025, 11:56:25 a. m.] Spaceman 1: Multiplicador recibido - Game ID: 11041643713, Multiplicador: 1.32x
---
[10/11/2025, 11:56:25 a. m.] Spaceman 1: Multiplicador recibido - Game ID: 11041643713, Multiplicador: 1.33x
---
[10/11/2025, 11:56:26 a. m.] Spaceman 1: Multiplicador recibido - Game ID: 11041643713, Multiplicador: 1.34x
---
[10/11/2025, 11:56:26 a. m.] Spaceman 1: Multiplicador recibido - Game ID: 11041643713, Multiplicador: 1.35x
---
[10/11/2025, 11:56:26 a. m.] Spaceman 1: Multiplicador recibido - Game ID: 11041643713, Multiplicador: 1.36x
---
[10/11/2025, 11:56:26 a. m.] Spaceman 1: Multiplicador recibido - Game ID: 11041643713, Multiplicador: 1.37x
---
[10/11/2025, 11:56:26 a. m.] Spaceman 1: Multiplicador recibido - Game ID: 11041643713, Multiplicador: 1.38x
---
[10/11/2025, 11:56:26 a. m.] Spaceman 1: Multiplicador recibido - Game ID: 11041643713, Multiplicador: 1.39x
---
[10/11/2025, 11:56:26 a. m.] Spaceman 1: Multiplicador recibido - Game ID: 11041643713, Multiplicador: 1.4x
---
[10/11/2025, 11:56:26 a. m.] Spaceman 1: Multiplicador recibido - Game ID: 11041643713, Multiplicador: 1.41x
---
[10/11/2025, 11:56:26 a. m.] Spaceman 1: Multiplicador recibido - Game ID: 11041643713, Multiplicador: 1.42x
---
[10/11/2025, 11:56:26 a. m.] Spaceman 1: Multiplicador recibido - Game ID: 11041643713, Multiplicador: 1.44x
---
[10/11/2025, 11:56:27 a. m.] Spaceman 1: Multiplicador recibido - Game ID: 11041643713, Multiplicador: 1.45x
---
[10/11/2025, 11:56:27 a. m.] Spaceman 1: Multiplicador recibido - Game ID: 11041643713, Multiplicador: 1.46x
---
[10/11/2025, 11:56:27 a. m.] Spaceman 1: Multiplicador recibido - Game ID: 11041643713, Multiplicador: 1.47x
---
[10/11/2025, 11:56:27 a. m.] Spaceman 1: Multiplicador recibido - Game ID: 11041643713, Multiplicador: 1.48x
---
[10/11/2025, 11:56:27 a. m.] Spaceman 1: Multiplicador recibido - Game ID: 11041643713, Multiplicador: 1.49x
---
[10/11/2025, 11:56:27 a. m.] Spaceman 1: Multiplicador recibido - Game ID: 11041643713, Multiplicador: 1.5x
---
[10/11/2025, 11:56:27 a. m.] Spaceman 1: Multiplicador recibido - Game ID: 11041643713, Multiplicador: 1.51x
---
[10/11/2025, 11:56:27 a. m.] Spaceman 1: Multiplicador recibido - Game ID: 11041643713, Multiplicador: 1.52x
---
[10/11/2025, 11:56:27 a. m.] Spaceman 1: Multiplicador recibido - Game ID: 11041643713, Multiplicador: 1.53x
---
[10/11/2025, 11:56:27 a. m.] Spaceman 1: Multiplicador recibido - Game ID: 11041643713, Multiplicador: 1.54x
---
[10/11/2025, 11:56:27 a. m.] Spaceman 1: Multiplicador recibido - Game ID: 11041643713, Multiplicador: 1.55x
---
[10/11/2025, 11:56:27 a. m.] Spaceman 1: Multiplicador recibido - Game ID: 11041643713, Multiplicador: 1.56x
---
[10/11/2025, 11:56:27 a. m.] Spaceman 1: Multiplicador recibido - Game ID: 11041643713, Multiplicador: 1.57x
---
[10/11/2025, 11:56:28 a. m.] Spaceman 1: Multiplicador recibido - Game ID: 11041643713, Multiplicador: 1.58x
---
[10/11/2025, 11:56:28 a. m.] Spaceman 1: Multiplicador recibido - Game ID: 11041643713, Multiplicador: 1.59x
---
[10/11/2025, 11:56:28 a. m.] Spaceman 1: Multiplicador recibido - Game ID: 11041643713, Multiplicador: 1.6x
---
[10/11/2025, 11:56:28 a. m.] Spaceman 1: Multiplicador recibido - Game ID: 11041643713, Multiplicador: 1.61x
---
[10/11/2025, 11:56:28 a. m.] Spaceman 1: Multiplicador recibido - Game ID: 11041643713, Multiplicador: 1.62x
---
[10/11/2025, 11:56:28 a. m.] Spaceman 1: Multiplicador recibido - Game ID: 11041643713, Multiplicador: 1.63x
---
[10/11/2025, 11:56:28 a. m.] Spaceman 1: Multiplicador recibido - Game ID: 11041643713, Multiplicador: 1.64x
---
[10/11/2025, 11:56:28 a. m.] Spaceman 1: Multiplicador recibido - Game ID: 11041643713, Multiplicador: 1.65x
---
[10/11/2025, 11:56:28 a. m.] Spaceman 1: Multiplicador recibido - Game ID: 11041643713, Multiplicador: 1.66x
---
[10/11/2025, 11:56:28 a. m.] Spaceman 1: Multiplicador recibido - Game ID: 11041643713, Multiplicador: 1.67x
---
[10/11/2025, 11:56:28 a. m.] Spaceman 1: Multiplicador recibido - Game ID: 11041643713, Multiplicador: 1.68x
---
[10/11/2025, 11:56:28 a. m.] Spaceman 1: Multiplicador recibido - Game ID: 11041643713, Multiplicador: 1.69x
---
[10/11/2025, 11:56:28 a. m.] Spaceman 1: Multiplicador recibido - Game ID: 11041643713, Multiplicador: 1.7x
---
[10/11/2025, 11:56:29 a. m.] Spaceman 1: Multiplicador recibido - Game ID: 11041643713, Multiplicador: 1.71x
---
[10/11/2025, 11:56:29 a. m.] Spaceman 1: Multiplicador recibido - Game ID: 11041643713, Multiplicador: 1.72x
---
[10/11/2025, 11:56:29 a. m.] Spaceman 1: Multiplicador recibido - Game ID: 11041643713, Multiplicador: 1.73x
---
[10/11/2025, 11:56:29 a. m.] Spaceman 1: Multiplicador recibido - Game ID: 11041643713, Multiplicador: 1.74x
---
[10/11/2025, 11:56:29 a. m.] Spaceman 1: Multiplicador recibido - Game ID: 11041643713, Multiplicador: 1.75x
---
[10/11/2025, 11:56:29 a. m.] Spaceman 1: Multiplicador recibido - Game ID: 11041643713, Multiplicador: 1.76x
---
[10/11/2025, 11:56:29 a. m.] Spaceman 1: Multiplicador recibido - Game ID: 11041643713, Multiplicador: 1.77x
---
[10/11/2025, 11:56:29 a. m.] Spaceman 1: Multiplicador recibido - Game ID: 11041643713, Multiplicador: 1.78x
---
[10/11/2025, 11:56:29 a. m.] Spaceman 1: Multiplicador recibido - Game ID: 11041643713, Multiplicador: 1.79x
---
[10/11/2025, 11:56:29 a. m.] Spaceman 1: Multiplicador recibido - Game ID: 11041643713, Multiplicador: 1.8x
---
[10/11/2025, 11:56:29 a. m.] Spaceman 1: Multiplicador recibido - Game ID: 11041643713, Multiplicador: 1.81x
---
[10/11/2025, 11:56:29 a. m.] Spaceman 1: Multiplicador recibido - Game ID: 11041643713, Multiplicador: 1.82x
---
[10/11/2025, 11:56:29 a. m.] Spaceman 1: Multiplicador recibido - Game ID: 11041643713, Multiplicador: 1.84x
---
[10/11/2025, 11:56:29 a. m.] Spaceman 1: Multiplicador recibido - Game ID: 11041643713, Multiplicador: 1.85x
---
[10/11/2025, 11:56:29 a. m.] Spaceman 1: Multiplicador recibido - Game ID: 11041643713, Multiplicador: 1.86x
---
[10/11/2025, 11:56:30 a. m.] Spaceman 1: Ping enviado: 1762793790063
---
[10/11/2025, 11:56:30 a. m.] Spaceman 1: Multiplicador recibido - Game ID: 11041643713, Multiplicador: 1.87x
---
[10/11/2025, 11:56:30 a. m.] Spaceman 1: Multiplicador recibido - Game ID: 11041643713, Multiplicador: 1.88x
---
[10/11/2025, 11:56:30 a. m.] Spaceman 1: Multiplicador recibido - Game ID: 11041643713, Multiplicador: 1.89x
---
[10/11/2025, 11:56:30 a. m.] Spaceman 1: Multiplicador recibido - Game ID: 11041643713, Multiplicador: 1.9x
---
[10/11/2025, 11:56:30 a. m.] Spaceman 1: Multiplicador recibido - Game ID: 11041643713, Multiplicador: 1.91x
---
[10/11/2025, 11:56:30 a. m.] Spaceman 1: Multiplicador recibido - Game ID: 11041643713, Multiplicador: 1.92x
---
[10/11/2025, 11:56:30 a. m.] Spaceman 1: Multiplicador recibido - Game ID: 11041643713, Multiplicador: 1.93x
---
[10/11/2025, 11:56:30 a. m.] Spaceman 1: Multiplicador recibido - Game ID: 11041643713, Multiplicador: 1.94x
---
[10/11/2025, 11:56:30 a. m.] Spaceman 1: Multiplicador recibido - Game ID: 11041643713, Multiplicador: 1.95x
---
[10/11/2025, 11:56:30 a. m.] Spaceman 1: Multiplicador recibido - Game ID: 11041643713, Multiplicador: 1.96x
---
[10/11/2025, 11:56:30 a. m.] Spaceman 1: Multiplicador recibido - Game ID: 11041643713, Multiplicador: 1.97x
---
[10/11/2025, 11:56:30 a. m.] Spaceman 1: Multiplicador recibido - Game ID: 11041643713, Multiplicador: 1.98x
---
[10/11/2025, 11:56:30 a. m.] Spaceman 1: Multiplicador recibido - Game ID: 11041643713, Multiplicador: 1.99x
---
[10/11/2025, 11:56:30 a. m.] Spaceman 1: Multiplicador recibido - Game ID: 11041643713, Multiplicador: 2x
---
[10/11/2025, 11:56:30 a. m.] Spaceman 1: Multiplicador recibido - Game ID: 11041643713, Multiplicador: 2.01x
---
[10/11/2025, 11:56:31 a. m.] Spaceman 1: Multiplicador recibido - Game ID: 11041643713, Multiplicador: 2.02x
---
[10/11/2025, 11:56:31 a. m.] Spaceman 1: Multiplicador recibido - Game ID: 11041643713, Multiplicador: 2.03x
---
[10/11/2025, 11:56:31 a. m.] Spaceman 1: Multiplicador recibido - Game ID: 11041643713, Multiplicador: 2.04x
---
[10/11/2025, 11:56:31 a. m.] Spaceman 1: Multiplicador recibido - Game ID: 11041643713, Multiplicador: 2.05x
---
[10/11/2025, 11:56:31 a. m.] Spaceman 1: Multiplicador recibido - Game ID: 11041643713, Multiplicador: 2.07x
---
[10/11/2025, 11:56:31 a. m.] Spaceman 1: Multiplicador recibido - Game ID: 11041643713, Multiplicador: 2.08x
---
[10/11/2025, 11:56:31 a. m.] Spaceman 1: Multiplicador recibido - Game ID: 11041643713, Multiplicador: 2.09x
---
[10/11/2025, 11:56:31 a. m.] Spaceman 1: Multiplicador recibido - Game ID: 11041643713, Multiplicador: 2.1x
---
[10/11/2025, 11:56:31 a. m.] Spaceman 1: Multiplicador recibido - Game ID: 11041643713, Multiplicador: 2.11x
---
[10/11/2025, 11:56:31 a. m.] Spaceman 1: Multiplicador recibido - Game ID: 11041643713, Multiplicador: 2.12x
---
[10/11/2025, 11:56:31 a. m.] Spaceman 1: Multiplicador recibido - Game ID: 11041643713, Multiplicador: 2.13x
---
[10/11/2025, 11:56:31 a. m.] Spaceman 1: Multiplicador recibido - Game ID: 11041643713, Multiplicador: 2.14x
---
[10/11/2025, 11:56:31 a. m.] Spaceman 1: Multiplicador recibido - Game ID: 11041643713, Multiplicador: 2.15x
---
[10/11/2025, 11:56:31 a. m.] Spaceman 1: Multiplicador recibido - Game ID: 11041643713, Multiplicador: 2.16x
---
[10/11/2025, 11:56:31 a. m.] Spaceman 1: Multiplicador recibido - Game ID: 11041643713, Multiplicador: 2.17x
---
[10/11/2025, 11:56:31 a. m.] Spaceman 1: Multiplicador recibido - Game ID: 11041643713, Multiplicador: 2.18x
---
[10/11/2025, 11:56:31 a. m.] Spaceman 1: Multiplicador recibido - Game ID: 11041643713, Multiplicador: 2.19x
---
[10/11/2025, 11:56:32 a. m.] Spaceman 1: Multiplicador recibido - Game ID: 11041643713, Multiplicador: 2.2x
---
[10/11/2025, 11:56:32 a. m.] Spaceman 1: Multiplicador recibido - Game ID: 11041643713, Multiplicador: 2.21x
---
[10/11/2025, 11:56:32 a. m.] Spaceman 1: Multiplicador recibido - Game ID: 11041643713, Multiplicador: 2.22x
---
[10/11/2025, 11:56:32 a. m.] Spaceman 1: Multiplicador recibido - Game ID: 11041643713, Multiplicador: 2.23x
---
[10/11/2025, 11:56:32 a. m.] Spaceman 1: Multiplicador recibido - Game ID: 11041643713, Multiplicador: 2.24x
---
[10/11/2025, 11:56:32 a. m.] Spaceman 1: Multiplicador recibido - Game ID: 11041643713, Multiplicador: 2.25x
---
[10/11/2025, 11:56:32 a. m.] Spaceman 1: Multiplicador recibido - Game ID: 11041643713, Multiplicador: 2.26x
---
[10/11/2025, 11:56:32 a. m.] Spaceman 1: Multiplicador recibido - Game ID: 11041643713, Multiplicador: 2.27x
---
[10/11/2025, 11:56:32 a. m.] Spaceman 1: Multiplicador recibido - Game ID: 11041643713, Multiplicador: 2.28x
---
[10/11/2025, 11:56:32 a. m.] Spaceman 1: Multiplicador recibido - Game ID: 11041643713, Multiplicador: 2.29x
---
[10/11/2025, 11:56:32 a. m.] Spaceman 1: Multiplicador recibido - Game ID: 11041643713, Multiplicador: 2.3x
---
[10/11/2025, 11:56:32 a. m.] Spaceman 1: Multiplicador recibido - Game ID: 11041643713, Multiplicador: 2.31x
---
[10/11/2025, 11:56:32 a. m.] Spaceman 1: Multiplicador recibido - Game ID: 11041643713, Multiplicador: 2.32x
---
[10/11/2025, 11:56:32 a. m.] Spaceman 1: Multiplicador recibido - Game ID: 11041643713, Multiplicador: 2.34x
---
[10/11/2025, 11:56:32 a. m.] Spaceman 1: Multiplicador recibido - Game ID: 11041643713, Multiplicador: 2.35x
---
[10/11/2025, 11:56:32 a. m.] Spaceman 1: Multiplicador recibido - Game ID: 11041643713, Multiplicador: 2.36x
---
[10/11/2025, 11:56:32 a. m.] Spaceman 1: Multiplicador recibido - Game ID: 11041643713, Multiplicador: 2.37x
---
[10/11/2025, 11:56:32 a. m.] Spaceman 1: Multiplicador recibido - Game ID: 11041643713, Multiplicador: 2.38x
---
[10/11/2025, 11:56:33 a. m.] Spaceman 1: Multiplicador recibido - Game ID: 11041643713, Multiplicador: 2.39x
---
[10/11/2025, 11:56:33 a. m.] Spaceman 1: Multiplicador recibido - Game ID: 11041643713, Multiplicador: 2.4x
---
[10/11/2025, 11:56:33 a. m.] Spaceman 1: Multiplicador recibido - Game ID: 11041643713, Multiplicador: 2.41x
---
[10/11/2025, 11:56:33 a. m.] Spaceman 1: Multiplicador recibido - Game ID: 11041643713, Multiplicador: 2.42x
---
[10/11/2025, 11:56:33 a. m.] Spaceman 1: Multiplicador recibido - Game ID: 11041643713, Multiplicador: 2.43x
---
[10/11/2025, 11:56:33 a. m.] Spaceman 1: Multiplicador recibido - Game ID: 11041643713, Multiplicador: 2.44x
---
[10/11/2025, 11:56:33 a. m.] Spaceman 1: Multiplicador recibido - Game ID: 11041643713, Multiplicador: 2.45x
---
[10/11/2025, 11:56:33 a. m.] Spaceman 1: Multiplicador recibido - Game ID: 11041643713, Multiplicador: 2.46x
---
[10/11/2025, 11:56:33 a. m.] Spaceman 1: Multiplicador recibido - Game ID: 11041643713, Multiplicador: 2.47x
---
[10/11/2025, 11:56:33 a. m.] Spaceman 1: Multiplicador recibido - Game ID: 11041643713, Multiplicador: 2.48x
---
[10/11/2025, 11:56:33 a. m.] Spaceman 1: Multiplicador recibido - Game ID: 11041643713, Multiplicador: 2.49x
---
[10/11/2025, 11:56:33 a. m.] Spaceman 1: Multiplicador recibido - Game ID: 11041643713, Multiplicador: 2.5x
---
[10/11/2025, 11:56:33 a. m.] Spaceman 1: Multiplicador recibido - Game ID: 11041643713, Multiplicador: 2.51x
---
[10/11/2025, 11:56:33 a. m.] Spaceman 1: Multiplicador recibido - Game ID: 11041643713, Multiplicador: 2.53x
---
[10/11/2025, 11:56:33 a. m.] Spaceman 1: Multiplicador recibido - Game ID: 11041643713, Multiplicador: 2.54x
---
[10/11/2025, 11:56:33 a. m.] Spaceman 1: Multiplicador recibido - Game ID: 11041643713, Multiplicador: 2.55x
---
[10/11/2025, 11:56:33 a. m.] Spaceman 1: Multiplicador recibido - Game ID: 11041643713, Multiplicador: 2.56x
---
[10/11/2025, 11:56:33 a. m.] Spaceman 1: Multiplicador recibido - Game ID: 11041643713, Multiplicador: 2.57x
---
[10/11/2025, 11:56:33 a. m.] Spaceman 1: Multiplicador recibido - Game ID: 11041643713, Multiplicador: 2.58x
---
[10/11/2025, 11:56:34 a. m.] Spaceman 1: Multiplicador recibido - Game ID: 11041643713, Multiplicador: 2.59x
---
[10/11/2025, 11:56:34 a. m.] Spaceman 1: Multiplicador recibido - Game ID: 11041643713, Multiplicador: 2.6x
---
[10/11/2025, 11:56:34 a. m.] Spaceman 1: Multiplicador recibido - Game ID: 11041643713, Multiplicador: 2.62x
---
[10/11/2025, 11:56:34 a. m.] Spaceman 1: Multiplicador recibido - Game ID: 11041643713, Multiplicador: 2.63x
---
[10/11/2025, 11:56:34 a. m.] Spaceman 1: Multiplicador recibido - Game ID: 11041643713, Multiplicador: 2.65x
---
[10/11/2025, 11:56:34 a. m.] Spaceman 1: Multiplicador recibido - Game ID: 11041643713, Multiplicador: 2.66x
---
[10/11/2025, 11:56:34 a. m.] Spaceman 1: Multiplicador recibido - Game ID: 11041643713, Multiplicador: 2.67x
---
[10/11/2025, 11:56:34 a. m.] Spaceman 1: Multiplicador recibido - Game ID: 11041643713, Multiplicador: 2.68x
---
[10/11/2025, 11:56:34 a. m.] Spaceman 1: Multiplicador recibido - Game ID: 11041643713, Multiplicador: 2.69x
---
[10/11/2025, 11:56:34 a. m.] Spaceman 1: Multiplicador recibido - Game ID: 11041643713, Multiplicador: 2.7x
---
[10/11/2025, 11:56:34 a. m.] Spaceman 1: Multiplicador recibido - Game ID: 11041643713, Multiplicador: 2.71x
---
[10/11/2025, 11:56:34 a. m.] Spaceman 1: Multiplicador recibido - Game ID: 11041643713, Multiplicador: 2.73x
---
[10/11/2025, 11:56:34 a. m.] Spaceman 1: Multiplicador recibido - Game ID: 11041643713, Multiplicador: 2.74x
---
[10/11/2025, 11:56:34 a. m.] Spaceman 1: Multiplicador recibido - Game ID: 11041643713, Multiplicador: 2.75x
---
[10/11/2025, 11:56:34 a. m.] Spaceman 1: Multiplicador recibido - Game ID: 11041643713, Multiplicador: 2.76x
---
[10/11/2025, 11:56:34 a. m.] Spaceman 1: Multiplicador recibido - Game ID: 11041643713, Multiplicador: 2.77x
---
[10/11/2025, 11:56:34 a. m.] Spaceman 1: Multiplicador recibido - Game ID: 11041643713, Multiplicador: 2.78x
---
[10/11/2025, 11:56:34 a. m.] Spaceman 1: Multiplicador recibido - Game ID: 11041643713, Multiplicador: 2.8x
---
[10/11/2025, 11:56:34 a. m.] Spaceman 1: Multiplicador recibido - Game ID: 11041643713, Multiplicador: 2.81x
---
[10/11/2025, 11:56:35 a. m.] Spaceman 1: Multiplicador recibido - Game ID: 11041643713, Multiplicador: 2.82x
---
[10/11/2025, 11:56:35 a. m.] Spaceman 1: Multiplicador recibido - Game ID: 11041643713, Multiplicador: 2.83x
---
[10/11/2025, 11:56:35 a. m.] Spaceman 1: Multiplicador recibido - Game ID: 11041643713, Multiplicador: 2.84x
---
[10/11/2025, 11:56:35 a. m.] Spaceman 1: Multiplicador recibido - Game ID: 11041643713, Multiplicador: 2.85x
---
[10/11/2025, 11:56:35 a. m.] Spaceman 1: Multiplicador recibido - Game ID: 11041643713, Multiplicador: 2.87x
---
[10/11/2025, 11:56:35 a. m.] Spaceman 1: Multiplicador recibido - Game ID: 11041643713, Multiplicador: 2.88x
---
[10/11/2025, 11:56:35 a. m.] Spaceman 1: Multiplicador recibido - Game ID: 11041643713, Multiplicador: 2.89x
---
[10/11/2025, 11:56:35 a. m.] Spaceman 1: Multiplicador recibido - Game ID: 11041643713, Multiplicador: 2.9x
---
[10/11/2025, 11:56:35 a. m.] Spaceman 1: Multiplicador recibido - Game ID: 11041643713, Multiplicador: 2.91x
---
[10/11/2025, 11:56:35 a. m.] Spaceman 1: Multiplicador recibido - Game ID: 11041643713, Multiplicador: 2.93x
---
[10/11/2025, 11:56:35 a. m.] Spaceman 1: Multiplicador recibido - Game ID: 11041643713, Multiplicador: 2.94x
---
[10/11/2025, 11:56:35 a. m.] Spaceman 1: Multiplicador recibido - Game ID: 11041643713, Multiplicador: 2.95x
---
[10/11/2025, 11:56:35 a. m.] Spaceman 1: Multiplicador recibido - Game ID: 11041643713, Multiplicador: 2.96x
---
[10/11/2025, 11:56:35 a. m.] Spaceman 1: Multiplicador recibido - Game ID: 11041643713, Multiplicador: 2.98x
---
[10/11/2025, 11:56:35 a. m.] Spaceman 1: Multiplicador recibido - Game ID: 11041643713, Multiplicador: 3.01x
---
[10/11/2025, 11:56:35 a. m.] Spaceman 1: Multiplicador recibido - Game ID: 11041643713, Multiplicador: 3.02x
---
[10/11/2025, 11:56:35 a. m.] Spaceman 1: Multiplicador recibido - Game ID: 11041643713, Multiplicador: 3.04x
---
[10/11/2025, 11:56:35 a. m.] Spaceman 1: Multiplicador recibido - Game ID: 11041643713, Multiplicador: 3.05x
---
[10/11/2025, 11:56:36 a. m.] Spaceman 1: Multiplicador recibido - Game ID: 11041643713, Multiplicador: 3.06x
---
[10/11/2025, 11:56:36 a. m.] Spaceman 1: Multiplicador recibido - Game ID: 11041643713, Multiplicador: 3.08x
---
[10/11/2025, 11:56:36 a. m.] Spaceman 1: Multiplicador recibido - Game ID: 11041643713, Multiplicador: 3.09x
---
[10/11/2025, 11:56:36 a. m.] Spaceman 1: Multiplicador recibido - Game ID: 11041643713, Multiplicador: 3.1x
---
[10/11/2025, 11:56:36 a. m.] Spaceman 1: Multiplicador recibido - Game ID: 11041643713, Multiplicador: 3.12x
---
[10/11/2025, 11:56:36 a. m.] Spaceman 1: Multiplicador recibido - Game ID: 11041643713, Multiplicador: 3.13x
---
[10/11/2025, 11:56:36 a. m.] Spaceman 1: Multiplicador recibido - Game ID: 11041643713, Multiplicador: 3.14x
---
[10/11/2025, 11:56:36 a. m.] Spaceman 1: Multiplicador recibido - Game ID: 11041643713, Multiplicador: 3.16x
---
[10/11/2025, 11:56:36 a. m.] Spaceman 1: Multiplicador recibido - Game ID: 11041643713, Multiplicador: 3.17x
---
[10/11/2025, 11:56:36 a. m.] Spaceman 1: Multiplicador recibido - Game ID: 11041643713, Multiplicador: 3.18x
---
[10/11/2025, 11:56:36 a. m.] Spaceman 1: Multiplicador recibido - Game ID: 11041643713, Multiplicador: 3.2x
---
[10/11/2025, 11:56:36 a. m.] Spaceman 1: Multiplicador recibido - Game ID: 11041643713, Multiplicador: 3.21x
---
[10/11/2025, 11:56:36 a. m.] Spaceman 1: Multiplicador recibido - Game ID: 11041643713, Multiplicador: 3.23x
---
[10/11/2025, 11:56:36 a. m.] Spaceman 1: Multiplicador recibido - Game ID: 11041643713, Multiplicador: 3.24x
---
[10/11/2025, 11:56:36 a. m.] Spaceman 1: Multiplicador recibido - Game ID: 11041643713, Multiplicador: 3.25x
---
[10/11/2025, 11:56:36 a. m.] Spaceman 1: Multiplicador recibido - Game ID: 11041643713, Multiplicador: 3.27x
---
[10/11/2025, 11:56:36 a. m.] Spaceman 1: Multiplicador recibido - Game ID: 11041643713, Multiplicador: 3.28x
---
[10/11/2025, 11:56:36 a. m.] Spaceman 1: Multiplicador recibido - Game ID: 11041643713, Multiplicador: 3.3x
---
[10/11/2025, 11:56:36 a. m.] Spaceman 1: Multiplicador recibido - Game ID: 11041643713, Multiplicador: 3.31x
---
[10/11/2025, 11:56:37 a. m.] Spaceman 1: Multiplicador recibido - Game ID: 11041643713, Multiplicador: 3.33x
---
[10/11/2025, 11:56:37 a. m.] Spaceman 1: Multiplicador recibido - Game ID: 11041643713, Multiplicador: 3.34x
---
[10/11/2025, 11:56:37 a. m.] Spaceman 1: Multiplicador recibido - Game ID: 11041643713, Multiplicador: 3.35x
---
[10/11/2025, 11:56:37 a. m.] Spaceman 1: Multiplicador recibido - Game ID: 11041643713, Multiplicador: 3.37x
---
[10/11/2025, 11:56:37 a. m.] Spaceman 1: Multiplicador recibido - Game ID: 11041643713, Multiplicador: 3.39x
---
[10/11/2025, 11:56:37 a. m.] Spaceman 1: Multiplicador recibido - Game ID: 11041643713, Multiplicador: 3.4x
---
[10/11/2025, 11:56:37 a. m.] Spaceman 1: Multiplicador recibido - Game ID: 11041643713, Multiplicador: 3.42x
---
[10/11/2025, 11:56:37 a. m.] Spaceman 1: Multiplicador recibido - Game ID: 11041643713, Multiplicador: 3.43x
---
[10/11/2025, 11:56:37 a. m.] Spaceman 1: Multiplicador recibido - Game ID: 11041643713, Multiplicador: 3.44x
---
[10/11/2025, 11:56:37 a. m.] Spaceman 1: Multiplicador recibido - Game ID: 11041643713, Multiplicador: 3.46x
---
[10/11/2025, 11:56:37 a. m.] Spaceman 1: Multiplicador recibido - Game ID: 11041643713, Multiplicador: 3.47x
---
[10/11/2025, 11:56:37 a. m.] Spaceman 1: Multiplicador recibido - Game ID: 11041643713, Multiplicador: 3.49x
---
[10/11/2025, 11:56:37 a. m.] Spaceman 1: Multiplicador recibido - Game ID: 11041643713, Multiplicador: 3.5x
---
[10/11/2025, 11:56:37 a. m.] Spaceman 1: Multiplicador recibido - Game ID: 11041643713, Multiplicador: 3.52x
---
[10/11/2025, 11:56:37 a. m.] Spaceman 1: Multiplicador recibido - Game ID: 11041643713, Multiplicador: 3.53x
---
[10/11/2025, 11:56:37 a. m.] Spaceman 1: Multiplicador recibido - Game ID: 11041643713, Multiplicador: 3.55x
---
[10/11/2025, 11:56:37 a. m.] Spaceman 1: Multiplicador recibido - Game ID: 11041643713, Multiplicador: 3.56x
---
[10/11/2025, 11:56:37 a. m.] Spaceman 1: Multiplicador recibido - Game ID: 11041643713, Multiplicador: 3.58x
---
[10/11/2025, 11:56:38 a. m.] Spaceman 1: Multiplicador recibido - Game ID: 11041643713, Multiplicador: 3.61x
---
[10/11/2025, 11:56:38 a. m.] Spaceman 1: Multiplicador recibido - Game ID: 11041643713, Multiplicador: 3.63x
---
[10/11/2025, 11:56:38 a. m.] Spaceman 1: Multiplicador recibido - Game ID: 11041643713, Multiplicador: 3.64x
---
[10/11/2025, 11:56:38 a. m.] Spaceman 1: Multiplicador recibido - Game ID: 11041643713, Multiplicador: 3.66x
---
[10/11/2025, 11:56:38 a. m.] Spaceman 1: Multiplicador recibido - Game ID: 11041643713, Multiplicador: 3.68x
---
[10/11/2025, 11:56:38 a. m.] Spaceman 1: Multiplicador recibido - Game ID: 11041643713, Multiplicador: 3.69x
---
[10/11/2025, 11:56:38 a. m.] Spaceman 1: Multiplicador recibido - Game ID: 11041643713, Multiplicador: 3.71x
---
[10/11/2025, 11:56:38 a. m.] Spaceman 1: Multiplicador recibido - Game ID: 11041643713, Multiplicador: 3.72x
---
[10/11/2025, 11:56:38 a. m.] Spaceman 1: Multiplicador recibido - Game ID: 11041643713, Multiplicador: 3.74x
---
[10/11/2025, 11:56:38 a. m.] Spaceman 1: Multiplicador recibido - Game ID: 11041643713, Multiplicador: 3.75x
---
[10/11/2025, 11:56:38 a. m.] Spaceman 1: Multiplicador recibido - Game ID: 11041643713, Multiplicador: 3.77x
---
[10/11/2025, 11:56:38 a. m.] Spaceman 1: Multiplicador recibido - Game ID: 11041643713, Multiplicador: 3.79x
---
[10/11/2025, 11:56:38 a. m.] Spaceman 1: Multiplicador recibido - Game ID: 11041643713, Multiplicador: 3.82x
---
[10/11/2025, 11:56:38 a. m.] Spaceman 1: Multiplicador recibido - Game ID: 11041643713, Multiplicador: 3.83x
---
[10/11/2025, 11:56:38 a. m.] Spaceman 1: Multiplicador recibido - Game ID: 11041643713, Multiplicador: 3.85x
---
[10/11/2025, 11:56:38 a. m.] Spaceman 1: Multiplicador recibido - Game ID: 11041643713, Multiplicador: 3.87x
---
[10/11/2025, 11:56:38 a. m.] Spaceman 1: Multiplicador recibido - Game ID: 11041643713, Multiplicador: 3.89x
---
[10/11/2025, 11:56:38 a. m.] Spaceman 1: Multiplicador recibido - Game ID: 11041643713, Multiplicador: 3.9x
---
[10/11/2025, 11:56:38 a. m.] Spaceman 1: Multiplicador recibido - Game ID: 11041643713, Multiplicador: 3.92x
---
[10/11/2025, 11:56:39 a. m.] Spaceman 1: Multiplicador recibido - Game ID: 11041643713, Multiplicador: 3.93x
---
[10/11/2025, 11:56:39 a. m.] Spaceman 1: Multiplicador recibido - Game ID: 11041643713, Multiplicador: 3.95x
---
[10/11/2025, 11:56:39 a. m.] Spaceman 1: Multiplicador recibido - Game ID: 11041643713, Multiplicador: 3.96x
---
[10/11/2025, 11:56:39 a. m.] Spaceman 1: Multiplicador recibido - Game ID: 11041643713, Multiplicador: 3.98x
---
[10/11/2025, 11:56:39 a. m.] Spaceman 1: Multiplicador recibido - Game ID: 11041643713, Multiplicador: 4x
---
[10/11/2025, 11:56:39 a. m.] Spaceman 1: Multiplicador recibido - Game ID: 11041643713, Multiplicador: 4.02x
---
[10/11/2025, 11:56:39 a. m.] Spaceman 1: Multiplicador recibido - Game ID: 11041643713, Multiplicador: 4.03x
---
[10/11/2025, 11:56:39 a. m.] Spaceman 1: Multiplicador recibido - Game ID: 11041643713, Multiplicador: 4.05x
---
[10/11/2025, 11:56:39 a. m.] Spaceman 1: Multiplicador recibido - Game ID: 11041643713, Multiplicador: 4.08x
---
[10/11/2025, 11:56:39 a. m.] Spaceman 1: Multiplicador recibido - Game ID: 11041643713, Multiplicador: 4.1x
---
[10/11/2025, 11:56:39 a. m.] Spaceman 1: Multiplicador recibido - Game ID: 11041643713, Multiplicador: 4.12x
---
[10/11/2025, 11:56:39 a. m.] Spaceman 1: Multiplicador recibido - Game ID: 11041643713, Multiplicador: 4.13x
---
[10/11/2025, 11:56:39 a. m.] Spaceman 1: Multiplicador recibido - Game ID: 11041643713, Multiplicador: 4.15x
---
[10/11/2025, 11:56:39 a. m.] Spaceman 1: Multiplicador recibido - Game ID: 11041643713, Multiplicador: 4.17x
---
[10/11/2025, 11:56:39 a. m.] Spaceman 1: Multiplicador recibido - Game ID: 11041643713, Multiplicador: 4.19x
---
[10/11/2025, 11:56:39 a. m.] Spaceman 1: Multiplicador recibido - Game ID: 11041643713, Multiplicador: 4.2x
---
[10/11/2025, 11:56:39 a. m.] Spaceman 1: Multiplicador recibido - Game ID: 11041643713, Multiplicador: 4.22x
---
[10/11/2025, 11:56:39 a. m.] Spaceman 1: Multiplicador recibido - Game ID: 11041643713, Multiplicador: 4.24x
---
[10/11/2025, 11:56:39 a. m.] Spaceman 1: Multiplicador recibido - Game ID: 11041643713, Multiplicador: 4.25x
---
[10/11/2025, 11:56:40 a. m.] Spaceman 1: Multiplicador recibido - Game ID: 11041643713, Multiplicador: 4.27x
---
[10/11/2025, 11:56:40 a. m.] Spaceman 1: Ping enviado: 1762793800077
---
[10/11/2025, 11:56:40 a. m.] Spaceman 1: Multiplicador recibido - Game ID: 11041643713, Multiplicador: 4.29x
---
[10/11/2025, 11:56:40 a. m.] Spaceman 1: Multiplicador recibido - Game ID: 11041643713, Multiplicador: 4.31x
---
[10/11/2025, 11:56:40 a. m.] Spaceman 1: Multiplicador recibido - Game ID: 11041643713, Multiplicador: 4.34x
---
[10/11/2025, 11:56:40 a. m.] Spaceman 1: Multiplicador recibido - Game ID: 11041643713, Multiplicador: 4.36x
---
[10/11/2025, 11:56:40 a. m.] Spaceman 1: Multiplicador recibido - Game ID: 11041643713, Multiplicador: 4.38x
---
[10/11/2025, 11:56:40 a. m.] Spaceman 1: Multiplicador recibido - Game ID: 11041643713, Multiplicador: 4.4x
---
[10/11/2025, 11:56:40 a. m.] Spaceman 1: Multiplicador recibido - Game ID: 11041643713, Multiplicador: 4.41x
---
[10/11/2025, 11:56:40 a. m.] Spaceman 1: Multiplicador recibido - Game ID: 11041643713, Multiplicador: 4.43x
---
[10/11/2025, 11:56:40 a. m.] Spaceman 1: Multiplicador recibido - Game ID: 11041643713, Multiplicador: 4.46x
---
[10/11/2025, 11:56:40 a. m.] Spaceman 1: Multiplicador recibido - Game ID: 11041643713, Multiplicador: 4.47x
---
[10/11/2025, 11:56:40 a. m.] Spaceman 1: Multiplicador recibido - Game ID: 11041643713, Multiplicador: 4.49x
---
[10/11/2025, 11:56:40 a. m.] Spaceman 1: Multiplicador recibido - Game ID: 11041643713, Multiplicador: 4.51x
---
[10/11/2025, 11:56:40 a. m.] Spaceman 1: Multiplicador recibido - Game ID: 11041643713, Multiplicador: 4.53x
---
[10/11/2025, 11:56:40 a. m.] Spaceman 1: Multiplicador recibido - Game ID: 11041643713, Multiplicador: 4.55x
---
[10/11/2025, 11:56:40 a. m.] Spaceman 1: Multiplicador recibido - Game ID: 11041643713, Multiplicador: 4.58x
---
[10/11/2025, 11:56:40 a. m.] Spaceman 1: Multiplicador recibido - Game ID: 11041643713, Multiplicador: 4.6x
---
[10/11/2025, 11:56:40 a. m.] Spaceman 1: Multiplicador recibido - Game ID: 11041643713, Multiplicador: 4.62x
---
[10/11/2025, 11:56:41 a. m.] Spaceman 1: Multiplicador recibido - Game ID: 11041643713, Multiplicador: 4.64x
---
[10/11/2025, 11:56:41 a. m.] Spaceman 1: Multiplicador recibido - Game ID: 11041643713, Multiplicador: 4.66x
---
[10/11/2025, 11:56:41 a. m.] Spaceman 1: Multiplicador recibido - Game ID: 11041643713, Multiplicador: 4.68x
---
[10/11/2025, 11:56:41 a. m.] Spaceman 1: Multiplicador recibido - Game ID: 11041643713, Multiplicador: 4.7x
---
[10/11/2025, 11:56:41 a. m.] Spaceman 1: Multiplicador recibido - Game ID: 11041643713, Multiplicador: 4.72x
---
[10/11/2025, 11:56:41 a. m.] Spaceman 1: Multiplicador recibido - Game ID: 11041643713, Multiplicador: 4.73x
---
[10/11/2025, 11:56:41 a. m.] Spaceman 1: Multiplicador recibido - Game ID: 11041643713, Multiplicador: 4.76x
---
[10/11/2025, 11:56:41 a. m.] Spaceman 1: Multiplicador recibido - Game ID: 11041643713, Multiplicador: 4.77x
---
[10/11/2025, 11:56:41 a. m.] Spaceman 1: Multiplicador recibido - Game ID: 11041643713, Multiplicador: 4.79x
---
[10/11/2025, 11:56:41 a. m.] Spaceman 1: Multiplicador recibido - Game ID: 11041643713, Multiplicador: 4.81x
---
[10/11/2025, 11:56:41 a. m.] Spaceman 1: Multiplicador recibido - Game ID: 11041643713, Multiplicador: 4.83x
---
[10/11/2025, 11:56:41 a. m.] Spaceman 1: Multiplicador recibido - Game ID: 11041643713, Multiplicador: 4.85x
---
[10/11/2025, 11:56:41 a. m.] Spaceman 1: Multiplicador recibido - Game ID: 11041643713, Multiplicador: 4.88x
---
[10/11/2025, 11:56:41 a. m.] Spaceman 1: Multiplicador recibido - Game ID: 11041643713, Multiplicador: 4.91x
---
[10/11/2025, 11:56:41 a. m.] Spaceman 1: Multiplicador recibido - Game ID: 11041643713, Multiplicador: 4.93x
---
[10/11/2025, 11:56:41 a. m.] Spaceman 1: Multiplicador recibido - Game ID: 11041643713, Multiplicador: 4.95x
---
[10/11/2025, 11:56:41 a. m.] Spaceman 1: Multiplicador recibido - Game ID: 11041643713, Multiplicador: 4.97x
---
[10/11/2025, 11:56:41 a. m.] Spaceman 1: Multiplicador recibido - Game ID: 11041643713, Multiplicador: 4.99x
---
[10/11/2025, 11:56:41 a. m.] Spaceman 1: Multiplicador recibido - Game ID: 11041643713, Multiplicador: 5.02x
---
[10/11/2025, 11:56:42 a. m.] Spaceman 1: Multiplicador recibido - Game ID: 11041643713, Multiplicador: 5.04x
---
[10/11/2025, 11:56:42 a. m.] Spaceman 1: Multiplicador recibido - Game ID: 11041643713, Multiplicador: 5.06x
---
[10/11/2025, 11:56:42 a. m.] Spaceman 1: Multiplicador recibido - Game ID: 11041643713, Multiplicador: 5.08x
---
[10/11/2025, 11:56:42 a. m.] Spaceman 1: Multiplicador recibido - Game ID: 11041643713, Multiplicador: 5.11x
---
[10/11/2025, 11:56:42 a. m.] Spaceman 1: Multiplicador recibido - Game ID: 11041643713, Multiplicador: 5.13x
---
[10/11/2025, 11:56:42 a. m.] Spaceman 1: Multiplicador recibido - Game ID: 11041643713, Multiplicador: 5.15x
---
[10/11/2025, 11:56:42 a. m.] Spaceman 1: Multiplicador recibido - Game ID: 11041643713, Multiplicador: 5.17x
---
[10/11/2025, 11:56:42 a. m.] Spaceman 1: Multiplicador recibido - Game ID: 11041643713, Multiplicador: 5.21x
---
[10/11/2025, 11:56:42 a. m.] Spaceman 1: Multiplicador recibido - Game ID: 11041643713, Multiplicador: 5.24x
---
[10/11/2025, 11:56:42 a. m.] Spaceman 1: Multiplicador recibido - Game ID: 11041643713, Multiplicador: 5.26x
---
[10/11/2025, 11:56:42 a. m.] Spaceman 1: Multiplicador recibido - Game ID: 11041643713, Multiplicador: 5.28x
---
[10/11/2025, 11:56:42 a. m.] Spaceman 1: Multiplicador recibido - Game ID: 11041643713, Multiplicador: 5.3x
---
[10/11/2025, 11:56:42 a. m.] Spaceman 1: Multiplicador recibido - Game ID: 11041643713, Multiplicador: 5.32x
---
[10/11/2025, 11:56:42 a. m.] Spaceman 1: Multiplicador recibido - Game ID: 11041643713, Multiplicador: 5.34x
---
[10/11/2025, 11:56:42 a. m.] Spaceman 1: Multiplicador recibido - Game ID: 11041643713, Multiplicador: 5.36x
---
[10/11/2025, 11:56:42 a. m.] Spaceman 1: Multiplicador recibido - Game ID: 11041643713, Multiplicador: 5.39x
---
[10/11/2025, 11:56:42 a. m.] Spaceman 1: Multiplicador recibido - Game ID: 11041643713, Multiplicador: 5.41x
---
[10/11/2025, 11:56:42 a. m.] Spaceman 1: Multiplicador recibido - Game ID: 11041643713, Multiplicador: 5.43x
---
[10/11/2025, 11:56:42 a. m.] Spaceman 1: Multiplicador recibido - Game ID: 11041643713, Multiplicador: 5.46x
---
[10/11/2025, 11:56:43 a. m.] Spaceman 1: Multiplicador recibido - Game ID: 11041643713, Multiplicador: 5.48x
---
[10/11/2025, 11:56:43 a. m.] Spaceman 1: Multiplicador recibido - Game ID: 11041643713, Multiplicador: 5.52x
---
[10/11/2025, 11:56:43 a. m.] Spaceman 1: Multiplicador recibido - Game ID: 11041643713, Multiplicador: 5.54x
---
[10/11/2025, 11:56:43 a. m.] Spaceman 1: Multiplicador recibido - Game ID: 11041643713, Multiplicador: 5.56x
---
[10/11/2025, 11:56:43 a. m.] Spaceman 1: Multiplicador recibido - Game ID: 11041643713, Multiplicador: 5.59x
---
[10/11/2025, 11:56:43 a. m.] Spaceman 1: Multiplicador recibido - Game ID: 11041643713, Multiplicador: 5.61x
---
[10/11/2025, 11:56:43 a. m.] Spaceman 1: Multiplicador recibido - Game ID: 11041643713, Multiplicador: 5.63x
---
[10/11/2025, 11:56:43 a. m.] Spaceman 1: Multiplicador recibido - Game ID: 11041643713, Multiplicador: 5.65x
---
[10/11/2025, 11:56:43 a. m.] Spaceman 1: Multiplicador recibido - Game ID: 11041643713, Multiplicador: 5.68x
---
[10/11/2025, 11:56:43 a. m.] Spaceman 1: Multiplicador recibido - Game ID: 11041643713, Multiplicador: 5.7x
---
[10/11/2025, 11:56:43 a. m.] Spaceman 1: Multiplicador recibido - Game ID: 11041643713, Multiplicador: 5.72x
---
[10/11/2025, 11:56:43 a. m.] Spaceman 1: Multiplicador recibido - Game ID: 11041643713, Multiplicador: 5.75x
---
[10/11/2025, 11:56:43 a. m.] Spaceman 1: Multiplicador recibido - Game ID: 11041643713, Multiplicador: 5.77x
---
[10/11/2025, 11:56:43 a. m.] Spaceman 1: Multiplicador recibido - Game ID: 11041643713, Multiplicador: 5.8x
---
[10/11/2025, 11:56:43 a. m.] Spaceman 1: Multiplicador recibido - Game ID: 11041643713, Multiplicador: 5.82x
---
[10/11/2025, 11:56:43 a. m.] Spaceman 1: Multiplicador recibido - Game ID: 11041643713, Multiplicador: 5.85x
---
[10/11/2025, 11:56:43 a. m.] Spaceman 1: Multiplicador recibido - Game ID: 11041643713, Multiplicador: 5.88x
---
[10/11/2025, 11:56:43 a. m.] Spaceman 1: Multiplicador recibido - Game ID: 11041643713, Multiplicador: 5.9x
---
[10/11/2025, 11:56:43 a. m.] Spaceman 1: Multiplicador recibido - Game ID: 11041643713, Multiplicador: 5.93x
---
[10/11/2025, 11:56:44 a. m.] Spaceman 1: Multiplicador recibido - Game ID: 11041643713, Multiplicador: 5.96x
---
[10/11/2025, 11:56:44 a. m.] Spaceman 1: Multiplicador recibido - Game ID: 11041643713, Multiplicador: 5.98x
---
[10/11/2025, 11:56:44 a. m.] Spaceman 1: Multiplicador recibido - Game ID: 11041643713, Multiplicador: 6.01x
---
[10/11/2025, 11:56:44 a. m.] Spaceman 1: Multiplicador recibido - Game ID: 11041643713, Multiplicador: 6.03x
---
[10/11/2025, 11:56:44 a. m.] Spaceman 1: Multiplicador recibido - Game ID: 11041643713, Multiplicador: 6.05x
---
[10/11/2025, 11:56:44 a. m.] Spaceman 1: Multiplicador recibido - Game ID: 11041643713, Multiplicador: 6.08x
---
[10/11/2025, 11:56:44 a. m.] Spaceman 1: Multiplicador recibido - Game ID: 11041643713, Multiplicador: 6.1x
---
[10/11/2025, 11:56:44 a. m.] Spaceman 1: Multiplicador recibido - Game ID: 11041643713, Multiplicador: 6.13x
---
[10/11/2025, 11:56:44 a. m.] Spaceman 1: Multiplicador recibido - Game ID: 11041643713, Multiplicador: 6.16x
---
[10/11/2025, 11:56:44 a. m.] Spaceman 1: Multiplicador recibido - Game ID: 11041643713, Multiplicador: 6.18x
---
[10/11/2025, 11:56:44 a. m.] Spaceman 1: Multiplicador recibido - Game ID: 11041643713, Multiplicador: 6.2x
---
[10/11/2025, 11:56:44 a. m.] Spaceman 1: Multiplicador recibido - Game ID: 11041643713, Multiplicador: 6.23x
---
[10/11/2025, 11:56:44 a. m.] Spaceman 1: Multiplicador recibido - Game ID: 11041643713, Multiplicador: 6.27x
---
[10/11/2025, 11:56:44 a. m.] Spaceman 1: Multiplicador recibido - Game ID: 11041643713, Multiplicador: 6.29x
---
[10/11/2025, 11:56:44 a. m.] Spaceman 1: Multiplicador recibido - Game ID: 11041643713, Multiplicador: 6.32x
---
[10/11/2025, 11:56:44 a. m.] Spaceman 1: Multiplicador recibido - Game ID: 11041643713, Multiplicador: 6.34x
---
[10/11/2025, 11:56:44 a. m.] Spaceman 1: Multiplicador recibido - Game ID: 11041643713, Multiplicador: 6.37x
---
[10/11/2025, 11:56:44 a. m.] Spaceman 1: Multiplicador recibido - Game ID: 11041643713, Multiplicador: 6.39x
---
[10/11/2025, 11:56:44 a. m.] Spaceman 1: Multiplicador recibido - Game ID: 11041643713, Multiplicador: 6.42x
---
[10/11/2025, 11:56:45 a. m.] Spaceman 1: Multiplicador recibido - Game ID: 11041643713, Multiplicador: 6.45x
---
[10/11/2025, 11:56:45 a. m.] Spaceman 1: Multiplicador recibido - Game ID: 11041643713, Multiplicador: 6.48x
---
[10/11/2025, 11:56:45 a. m.] Spaceman 1: Multiplicador recibido - Game ID: 11041643713, Multiplicador: 6.5x
---
[10/11/2025, 11:56:45 a. m.] Spaceman 1: Multiplicador recibido - Game ID: 11041643713, Multiplicador: 6.53x
---
[10/11/2025, 11:56:45 a. m.] Spaceman 1: Multiplicador recibido - Game ID: 11041643713, Multiplicador: 6.56x
---
[10/11/2025, 11:56:45 a. m.] Spaceman 1: Multiplicador recibido - Game ID: 11041643713, Multiplicador: 6.59x
---
[10/11/2025, 11:56:45 a. m.] Spaceman 1: Multiplicador recibido - Game ID: 11041643713, Multiplicador: 6.64x
---
[10/11/2025, 11:56:45 a. m.] Spaceman 1: Multiplicador recibido - Game ID: 11041643713, Multiplicador: 6.67x
---
[10/11/2025, 11:56:45 a. m.] Spaceman 1: Multiplicador recibido - Game ID: 11041643713, Multiplicador: 6.7x
---
[10/11/2025, 11:56:45 a. m.] Spaceman 1: Multiplicador recibido - Game ID: 11041643713, Multiplicador: 6.73x
---
[10/11/2025, 11:56:45 a. m.] Spaceman 1: Multiplicador recibido - Game ID: 11041643713, Multiplicador: 6.76x
---
[10/11/2025, 11:56:45 a. m.] Spaceman 1: Multiplicador recibido - Game ID: 11041643713, Multiplicador: 6.78x
---
[10/11/2025, 11:56:45 a. m.] Spaceman 1: Multiplicador recibido - Game ID: 11041643713, Multiplicador: 6.81x
---
[10/11/2025, 11:56:45 a. m.] Spaceman 1: Multiplicador recibido - Game ID: 11041643713, Multiplicador: 6.84x
---
[10/11/2025, 11:56:45 a. m.] Spaceman 1: Multiplicador recibido - Game ID: 11041643713, Multiplicador: 6.87x
---
[10/11/2025, 11:56:45 a. m.] Spaceman 1: Multiplicador recibido - Game ID: 11041643713, Multiplicador: 6.9x
---
[10/11/2025, 11:56:45 a. m.] Spaceman 1: Multiplicador recibido - Game ID: 11041643713, Multiplicador: 6.93x
---
[10/11/2025, 11:56:45 a. m.] Spaceman 1: Multiplicador recibido - Game ID: 11041643713, Multiplicador: 6.96x
---
[10/11/2025, 11:56:45 a. m.] Spaceman 1: Multiplicador recibido - Game ID: 11041643713, Multiplicador: 6.99x
---
[10/11/2025, 11:56:46 a. m.] Spaceman 1: Multiplicador recibido - Game ID: 11041643713, Multiplicador: 7.02x
---
[10/11/2025, 11:56:46 a. m.] Spaceman 1: Multiplicador recibido - Game ID: 11041643713, Multiplicador: 7.05x
---
[10/11/2025, 11:56:46 a. m.] Spaceman 1: Multiplicador recibido - Game ID: 11041643713, Multiplicador: 7.1x
---
[10/11/2025, 11:56:46 a. m.] Spaceman 1: Multiplicador recibido - Game ID: 11041643713, Multiplicador: 7.13x
---
[10/11/2025, 11:56:46 a. m.] Spaceman 1: Multiplicador recibido - Game ID: 11041643713, Multiplicador: 7.15x
---
[10/11/2025, 11:56:46 a. m.] Spaceman 1: Multiplicador recibido - Game ID: 11041643713, Multiplicador: 7.19x
---
[10/11/2025, 11:56:46 a. m.] Spaceman 1: Multiplicador recibido - Game ID: 11041643713, Multiplicador: 7.21x
---
[10/11/2025, 11:56:46 a. m.] Spaceman 1: Multiplicador recibido - Game ID: 11041643713, Multiplicador: 7.24x
---
[10/11/2025, 11:56:46 a. m.] Spaceman 1: Multiplicador recibido - Game ID: 11041643713, Multiplicador: 7.28x
---
[10/11/2025, 11:56:46 a. m.] Spaceman 1: Multiplicador recibido - Game ID: 11041643713, Multiplicador: 7.31x
---
[10/11/2025, 11:56:46 a. m.] Spaceman 1: Multiplicador recibido - Game ID: 11041643713, Multiplicador: 7.34x
---
[10/11/2025, 11:56:46 a. m.] Spaceman 1: Multiplicador recibido - Game ID: 11041643713, Multiplicador: 7.37x
---
[10/11/2025, 11:56:46 a. m.] Spaceman 1: Multiplicador recibido - Game ID: 11041643713, Multiplicador: 7.4x
---
[10/11/2025, 11:56:46 a. m.] Spaceman 1: Multiplicador recibido - Game ID: 11041643713, Multiplicador: 7.44x
---
[10/11/2025, 11:56:46 a. m.] Spaceman 1: Multiplicador recibido - Game ID: 11041643713, Multiplicador: 7.5x
---
[10/11/2025, 11:56:46 a. m.] Spaceman 1: Multiplicador recibido - Game ID: 11041643713, Multiplicador: 7.53x
---
[10/11/2025, 11:56:46 a. m.] Spaceman 1: Multiplicador recibido - Game ID: 11041643713, Multiplicador: 7.56x
---
[10/11/2025, 11:56:46 a. m.] Spaceman 1: Multiplicador recibido - Game ID: 11041643713, Multiplicador: 7.59x
---
[10/11/2025, 11:56:47 a. m.] Spaceman 1: Multiplicador recibido - Game ID: 11041643713, Multiplicador: 7.63x
---
[10/11/2025, 11:56:47 a. m.] Spaceman 1: Multiplicador recibido - Game ID: 11041643713, Multiplicador: 7.66x
---
[10/11/2025, 11:56:47 a. m.] Spaceman 1: Multiplicador recibido - Game ID: 11041643713, Multiplicador: 7.69x
---
[10/11/2025, 11:56:47 a. m.] Spaceman 1: Multiplicador recibido - Game ID: 11041643713, Multiplicador: 7.73x
---
[10/11/2025, 11:56:47 a. m.] Spaceman 1: Multiplicador recibido - Game ID: 11041643713, Multiplicador: 7.76x
---
[10/11/2025, 11:56:47 a. m.] Spaceman 1: Multiplicador recibido - Game ID: 11041643713, Multiplicador: 7.79x
---
[10/11/2025, 11:56:47 a. m.] Spaceman 1: Multiplicador recibido - Game ID: 11041643713, Multiplicador: 7.82x
---
[10/11/2025, 11:56:47 a. m.] Spaceman 1: Multiplicador recibido - Game ID: 11041643713, Multiplicador: 7.86x
---
[10/11/2025, 11:56:47 a. m.] Spaceman 1: Multiplicador recibido - Game ID: 11041643713, Multiplicador: 7.89x
---
[10/11/2025, 11:56:47 a. m.] Spaceman 1: Multiplicador recibido - Game ID: 11041643713, Multiplicador: 7.92x
---
[10/11/2025, 11:56:47 a. m.] Spaceman 1: Multiplicador recibido - Game ID: 11041643713, Multiplicador: 7.96x
---
[10/11/2025, 11:56:47 a. m.] Spaceman 1: Multiplicador recibido - Game ID: 11041643713, Multiplicador: 8x
---
[10/11/2025, 11:56:47 a. m.] Spaceman 1: Multiplicador recibido - Game ID: 11041643713, Multiplicador: 8.03x
---
[10/11/2025, 11:56:47 a. m.] Spaceman 1: Multiplicador recibido - Game ID: 11041643713, Multiplicador: 8.06x
---
[10/11/2025, 11:56:47 a. m.] Spaceman 1: Multiplicador recibido - Game ID: 11041643713, Multiplicador: 8.1x
---
[10/11/2025, 11:56:47 a. m.] Spaceman 1: Multiplicador recibido - Game ID: 11041643713, Multiplicador: 8.13x
---
[10/11/2025, 11:56:47 a. m.] Spaceman 1: Multiplicador recibido - Game ID: 11041643713, Multiplicador: 8.17x
---
[10/11/2025, 11:56:47 a. m.] Spaceman 1: Multiplicador recibido - Game ID: 11041643713, Multiplicador: 8.21x
---
[10/11/2025, 11:56:47 a. m.] Spaceman 1: Multiplicador recibido - Game ID: 11041643713, Multiplicador: 8.24x
---
[10/11/2025, 11:56:47 a. m.] Spaceman 1: Multiplicador recibido - Game ID: 11041643713, Multiplicador: 8.27x
---
[10/11/2025, 11:56:48 a. m.] Spaceman 1: Multiplicador recibido - Game ID: 11041643713, Multiplicador: 8.31x
---
[10/11/2025, 11:56:48 a. m.] Spaceman 1: Multiplicador recibido - Game ID: 11041643713, Multiplicador: 8.34x
---
[10/11/2025, 11:56:48 a. m.] Spaceman 1: Multiplicador recibido - Game ID: 11041643713, Multiplicador: 8.38x
---
[10/11/2025, 11:56:48 a. m.] Spaceman 1: Multiplicador recibido - Game ID: 11041643713, Multiplicador: 8.41x
---
[10/11/2025, 11:56:48 a. m.] Spaceman 1: Multiplicador recibido - Game ID: 11041643713, Multiplicador: 8.45x
---
[10/11/2025, 11:56:48 a. m.] Spaceman 1: Multiplicador recibido - Game ID: 11041643713, Multiplicador: 8.49x
---
[10/11/2025, 11:56:48 a. m.] Spaceman 1: Multiplicador recibido - Game ID: 11041643713, Multiplicador: 8.53x
---
[10/11/2025, 11:56:48 a. m.] Spaceman 1: Multiplicador recibido - Game ID: 11041643713, Multiplicador: 8.56x
---
[10/11/2025, 11:56:48 a. m.] Spaceman 1: Multiplicador recibido - Game ID: 11041643713, Multiplicador: 8.6x
---
[10/11/2025, 11:56:48 a. m.] Spaceman 1: Multiplicador recibido - Game ID: 11041643713, Multiplicador: 8.63x
---
[10/11/2025, 11:56:48 a. m.] Spaceman 1: Multiplicador recibido - Game ID: 11041643713, Multiplicador: 8.67x
---
[10/11/2025, 11:56:48 a. m.] Spaceman 1: Multiplicador recibido - Game ID: 11041643713, Multiplicador: 8.71x
---
[10/11/2025, 11:56:48 a. m.] Spaceman 1: Multiplicador recibido - Game ID: 11041643713, Multiplicador: 8.74x
---
[10/11/2025, 11:56:48 a. m.] Spaceman 1: Multiplicador recibido - Game ID: 11041643713, Multiplicador: 8.78x
---
[10/11/2025, 11:56:48 a. m.] Spaceman 1: Multiplicador recibido - Game ID: 11041643713, Multiplicador: 8.81x
---
[10/11/2025, 11:56:48 a. m.] Spaceman 1: Multiplicador recibido - Game ID: 11041643713, Multiplicador: 8.85x
---
[10/11/2025, 11:56:48 a. m.] Spaceman 1: Multiplicador recibido - Game ID: 11041643713, Multiplicador: 8.89x
---
[10/11/2025, 11:56:48 a. m.] Spaceman 1: Multiplicador recibido - Game ID: 11041643713, Multiplicador: 8.93x
---
[10/11/2025, 11:56:48 a. m.] Spaceman 1: Multiplicador recibido - Game ID: 11041643713, Multiplicador: 8.99x
---
[10/11/2025, 11:56:49 a. m.] Spaceman 1: Multiplicador recibido - Game ID: 11041643713, Multiplicador: 9.03x
---
[10/11/2025, 11:56:49 a. m.] Spaceman 1: Multiplicador recibido - Game ID: 11041643713, Multiplicador: 9.07x
---
[10/11/2025, 11:56:49 a. m.] Spaceman 1: Multiplicador recibido - Game ID: 11041643713, Multiplicador: 9.11x
---
[10/11/2025, 11:56:49 a. m.] Spaceman 1: Multiplicador recibido - Game ID: 11041643713, Multiplicador: 9.15x
---
[10/11/2025, 11:56:49 a. m.] Spaceman 1: Multiplicador recibido - Game ID: 11041643713, Multiplicador: 9.19x
---
[10/11/2025, 11:56:49 a. m.] Spaceman 1: Multiplicador recibido - Game ID: 11041643713, Multiplicador: 9.23x
---
[10/11/2025, 11:56:49 a. m.] Spaceman 1: Multiplicador recibido - Game ID: 11041643713, Multiplicador: 9.27x
---
[10/11/2025, 11:56:49 a. m.] Spaceman 1: Multiplicador recibido - Game ID: 11041643713, Multiplicador: 9.31x
---
[10/11/2025, 11:56:49 a. m.] Spaceman 1: Multiplicador recibido - Game ID: 11041643713, Multiplicador: 9.35x
---
[10/11/2025, 11:56:49 a. m.] Spaceman 1: Multiplicador recibido - Game ID: 11041643713, Multiplicador: 9.39x
---
[10/11/2025, 11:56:49 a. m.] Spaceman 1: Multiplicador recibido - Game ID: 11041643713, Multiplicador: 9.43x
---
[10/11/2025, 11:56:49 a. m.] Spaceman 1: Multiplicador recibido - Game ID: 11041643713, Multiplicador: 9.47x
---
[10/11/2025, 11:56:49 a. m.] Spaceman 1: Multiplicador recibido - Game ID: 11041643713, Multiplicador: 9.51x
---
[10/11/2025, 11:56:49 a. m.] Spaceman 1: Multiplicador recibido - Game ID: 11041643713, Multiplicador: 9.58x
---
[10/11/2025, 11:56:49 a. m.] Spaceman 1: Multiplicador recibido - Game ID: 11041643713, Multiplicador: 9.61x
---
[10/11/2025, 11:56:49 a. m.] Spaceman 1: Multiplicador recibido - Game ID: 11041643713, Multiplicador: 9.66x
---
[10/11/2025, 11:56:49 a. m.] Spaceman 1: Multiplicador recibido - Game ID: 11041643713, Multiplicador: 9.7x
---
[10/11/2025, 11:56:49 a. m.] Spaceman 1: Multiplicador recibido - Game ID: 11041643713, Multiplicador: 9.74x
---
[10/11/2025, 11:56:49 a. m.] Spaceman 1: Multiplicador recibido - Game ID: 11041643713, Multiplicador: 9.78x
---
[10/11/2025, 11:56:50 a. m.] Spaceman 1: Multiplicador recibido - Game ID: 11041643713, Multiplicador: 9.83x
---
[10/11/2025, 11:56:50 a. m.] Spaceman 1: Ping enviado: 1762793810079
---
[10/11/2025, 11:56:50 a. m.] Spaceman 1: Multiplicador recibido - Game ID: 11041643713, Multiplicador: 9.87x
---
[10/11/2025, 11:56:50 a. m.] Spaceman 1: Multiplicador recibido - Game ID: 11041643713, Multiplicador: 9.91x
---
[10/11/2025, 11:56:50 a. m.] Spaceman 1: Multiplicador recibido - Game ID: 11041643713, Multiplicador: 9.95x
---
[10/11/2025, 11:56:50 a. m.] Spaceman 1: Multiplicador recibido - Game ID: 11041643713, Multiplicador: 10x
---
[10/11/2025, 11:56:50 a. m.] Spaceman 1: Multiplicador recibido - Game ID: 11041643713, Multiplicador: 10.04x
---
[10/11/2025, 11:56:50 a. m.] Spaceman 1: Multiplicador recibido - Game ID: 11041643713, Multiplicador: 10.08x
---
[10/11/2025, 11:56:50 a. m.] Spaceman 1: Multiplicador recibido - Game ID: 11041643713, Multiplicador: 10.12x
---
[10/11/2025, 11:56:50 a. m.] Spaceman 1: Multiplicador recibido - Game ID: 11041643713, Multiplicador: 10.16x
---
[10/11/2025, 11:56:50 a. m.] Spaceman 1: Multiplicador recibido - Game ID: 11041643713, Multiplicador: 10.21x
---
[10/11/2025, 11:56:50 a. m.] Spaceman 1: Multiplicador recibido - Game ID: 11041643713, Multiplicador: 10.25x
---
[10/11/2025, 11:56:50 a. m.] Spaceman 1: Multiplicador recibido - Game ID: 11041643713, Multiplicador: 10.3x
---
[10/11/2025, 11:56:50 a. m.] Spaceman 1: Multiplicador recibido - Game ID: 11041643713, Multiplicador: 10.34x
---
[10/11/2025, 11:56:50 a. m.] Spaceman 1: Multiplicador recibido - Game ID: 11041643713, Multiplicador: 10.39x
---
[10/11/2025, 11:56:50 a. m.] Spaceman 1: Multiplicador recibido - Game ID: 11041643713, Multiplicador: 10.43x
---
[10/11/2025, 11:56:50 a. m.] Spaceman 1: Multiplicador recibido - Game ID: 11041643713, Multiplicador: 10.48x
---
[10/11/2025, 11:56:50 a. m.] Spaceman 1: Multiplicador recibido - Game ID: 11041643713, Multiplicador: 10.52x
---
[10/11/2025, 11:56:50 a. m.] Spaceman 1: Multiplicador recibido - Game ID: 11041643713, Multiplicador: 10.57x
---
[10/11/2025, 11:56:50 a. m.] Spaceman 1: Multiplicador recibido - Game ID: 11041643713, Multiplicador: 10.61x
---
[10/11/2025, 11:56:51 a. m.] Spaceman 1: Multiplicador recibido - Game ID: 11041643713, Multiplicador: 10.66x
---
[10/11/2025, 11:56:51 a. m.] Spaceman 1: Multiplicador recibido - Game ID: 11041643713, Multiplicador: 10.7x
---
[10/11/2025, 11:56:51 a. m.] Spaceman 1: Multiplicador recibido - Game ID: 11041643713, Multiplicador: 10.79x
---
[10/11/2025, 11:56:51 a. m.] Spaceman 1: Multiplicador recibido - Game ID: 11041643713, Multiplicador: 10.84x
---
[10/11/2025, 11:56:51 a. m.] Spaceman 1: Multiplicador recibido - Game ID: 11041643713, Multiplicador: 10.88x
---
[10/11/2025, 11:56:51 a. m.] Spaceman 1: Multiplicador recibido - Game ID: 11041643713, Multiplicador: 10.93x
---
[10/11/2025, 11:56:51 a. m.] Spaceman 1: Multiplicador recibido - Game ID: 11041643713, Multiplicador: 10.98x
---
[10/11/2025, 11:56:51 a. m.] Spaceman 1: Multiplicador recibido - Game ID: 11041643713, Multiplicador: 11.03x
---
[10/11/2025, 11:56:51 a. m.] Spaceman 1: Multiplicador recibido - Game ID: 11041643713, Multiplicador: 11.07x
---
[10/11/2025, 11:56:51 a. m.] Spaceman 1: Multiplicador recibido - Game ID: 11041643713, Multiplicador: 11.12x
---
[10/11/2025, 11:56:51 a. m.] Spaceman 1: Multiplicador recibido - Game ID: 11041643713, Multiplicador: 11.17x
---
[10/11/2025, 11:57:00 a. m.] Spaceman 1: Ping enviado: 1762793820080
---
[10/11/2025, 11:57:01 a. m.] Spaceman 1: Multiplicador recibido - Game ID: 11041643813, Multiplicador: 1.01x
---
[10/11/2025, 11:57:01 a. m.] Spaceman 1: Multiplicador recibido - Game ID: 11041643813, Multiplicador: 1.02x
---
[10/11/2025, 11:57:01 a. m.] Spaceman 1: Multiplicador recibido - Game ID: 11041643813, Multiplicador: 1.03x
---
[10/11/2025, 11:57:02 a. m.] Spaceman 1: Multiplicador recibido - Game ID: 11041643813, Multiplicador: 1.04x
---
[10/11/2025, 11:57:02 a. m.] Spaceman 1: Multiplicador recibido - Game ID: 11041643813, Multiplicador: 1.05x
---
[10/11/2025, 11:57:02 a. m.] Spaceman 1: Multiplicador recibido - Game ID: 11041643813, Multiplicador: 1.06x
---
[10/11/2025, 11:57:02 a. m.] Spaceman 1: Multiplicador recibido - Game ID: 11041643813, Multiplicador: 1.07x
---
[10/11/2025, 11:57:02 a. m.] Spaceman 1: Multiplicador recibido - Game ID: 11041643813, Multiplicador: 1.08x
---
[10/11/2025, 11:57:02 a. m.] Spaceman 1: Multiplicador recibido - Game ID: 11041643813, Multiplicador: 1.09x
---
[10/11/2025, 11:57:02 a. m.] Spaceman 1: Multiplicador recibido - Game ID: 11041643813, Multiplicador: 1.1x
---
[10/11/2025, 11:57:02 a. m.] Spaceman 1: Multiplicador recibido - Game ID: 11041643813, Multiplicador: 1.11x
---
[10/11/2025, 11:57:03 a. m.] Spaceman 1: Multiplicador recibido - Game ID: 11041643813, Multiplicador: 1.12x
---
[10/11/2025, 11:57:03 a. m.] Spaceman 1: Multiplicador recibido - Game ID: 11041643813, Multiplicador: 1.13x
---
[10/11/2025, 11:57:03 a. m.] Spaceman 1: Multiplicador recibido - Game ID: 11041643813, Multiplicador: 1.14x
---
[10/11/2025, 11:57:03 a. m.] Spaceman 1: Multiplicador recibido - Game ID: 11041643813, Multiplicador: 1.15x
---
[10/11/2025, 11:57:03 a. m.] Spaceman 1: Multiplicador recibido - Game ID: 11041643813, Multiplicador: 1.16x
---
[10/11/2025, 11:57:03 a. m.] Spaceman 1: Multiplicador recibido - Game ID: 11041643813, Multiplicador: 1.17x
---
[10/11/2025, 11:57:03 a. m.] Spaceman 1: Multiplicador recibido - Game ID: 11041643813, Multiplicador: 1.18x
---
[10/11/2025, 11:57:03 a. m.] Spaceman 1: Multiplicador recibido - Game ID: 11041643813, Multiplicador: 1.19x
---
[10/11/2025, 11:57:03 a. m.] Spaceman 1: Multiplicador recibido - Game ID: 11041643813, Multiplicador: 1.2x
---
[10/11/2025, 11:57:03 a. m.] Spaceman 1: Multiplicador recibido - Game ID: 11041643813, Multiplicador: 1.21x
---
[10/11/2025, 11:57:04 a. m.] Spaceman 1: Multiplicador recibido - Game ID: 11041643813, Multiplicador: 1.22x
---
[10/11/2025, 11:57:04 a. m.] Spaceman 1: Multiplicador recibido - Game ID: 11041643813, Multiplicador: 1.23x
---
[10/11/2025, 11:57:04 a. m.] Spaceman 1: Multiplicador recibido - Game ID: 11041643813, Multiplicador: 1.24x
---
[10/11/2025, 11:57:04 a. m.] Spaceman 1: Multiplicador recibido - Game ID: 11041643813, Multiplicador: 1.25x
---
[10/11/2025, 11:57:04 a. m.] Spaceman 1: Multiplicador recibido - Game ID: 11041643813, Multiplicador: 1.26x
---
[10/11/2025, 11:57:04 a. m.] Spaceman 1: Multiplicador recibido - Game ID: 11041643813, Multiplicador: 1.27x
---
[10/11/2025, 11:57:04 a. m.] Spaceman 1: Multiplicador recibido - Game ID: 11041643813, Multiplicador: 1.28x
---
[10/11/2025, 11:57:04 a. m.] Spaceman 1: Multiplicador recibido - Game ID: 11041643813, Multiplicador: 1.29x
---
[10/11/2025, 11:57:04 a. m.] Spaceman 1: Multiplicador recibido - Game ID: 11041643813, Multiplicador: 1.3x
---
[10/11/2025, 11:57:04 a. m.] Spaceman 1: Multiplicador recibido - Game ID: 11041643813, Multiplicador: 1.31x
---
[10/11/2025, 11:57:04 a. m.] Spaceman 1: Multiplicador recibido - Game ID: 11041643813, Multiplicador: 1.32x
---
[10/11/2025, 11:57:05 a. m.] Spaceman 1: Multiplicador recibido - Game ID: 11041643813, Multiplicador: 1.33x
---
[10/11/2025, 11:57:05 a. m.] Spaceman 1: Multiplicador recibido - Game ID: 11041643813, Multiplicador: 1.34x
---
[10/11/2025, 11:57:05 a. m.] Spaceman 1: Multiplicador recibido - Game ID: 11041643813, Multiplicador: 1.35x
---
[10/11/2025, 11:57:05 a. m.] Spaceman 1: Multiplicador recibido - Game ID: 11041643813, Multiplicador: 1.36x
---
[10/11/2025, 11:57:05 a. m.] Spaceman 1: Multiplicador recibido - Game ID: 11041643813, Multiplicador: 1.37x
---
[10/11/2025, 11:57:05 a. m.] Spaceman 1: Multiplicador recibido - Game ID: 11041643813, Multiplicador: 1.38x
---
[10/11/2025, 11:57:05 a. m.] Spaceman 1: Multiplicador recibido - Game ID: 11041643813, Multiplicador: 1.39x
---
[10/11/2025, 11:57:05 a. m.] Spaceman 1: Multiplicador recibido - Game ID: 11041643813, Multiplicador: 1.4x
---
[10/11/2025, 11:57:05 a. m.] Spaceman 1: Multiplicador recibido - Game ID: 11041643813, Multiplicador: 1.41x
---
[10/11/2025, 11:57:05 a. m.] Spaceman 1: Multiplicador recibido - Game ID: 11041643813, Multiplicador: 1.42x
---
[10/11/2025, 11:57:05 a. m.] Spaceman 1: Multiplicador recibido - Game ID: 11041643813, Multiplicador: 1.43x
---
[10/11/2025, 11:57:06 a. m.] Spaceman 1: Multiplicador recibido - Game ID: 11041643813, Multiplicador: 1.44x
---
[10/11/2025, 11:57:06 a. m.] Spaceman 1: Multiplicador recibido - Game ID: 11041643813, Multiplicador: 1.45x
---
[10/11/2025, 11:57:06 a. m.] Spaceman 1: Multiplicador recibido - Game ID: 11041643813, Multiplicador: 1.46x
---
[10/11/2025, 11:57:06 a. m.] Spaceman 1: Multiplicador recibido - Game ID: 11041643813, Multiplicador: 1.47x
---
[10/11/2025, 11:57:06 a. m.] Spaceman 1: Multiplicador recibido - Game ID: 11041643813, Multiplicador: 1.48x
---
[10/11/2025, 11:57:06 a. m.] Spaceman 1: Multiplicador recibido - Game ID: 11041643813, Multiplicador: 1.49x
---
[10/11/2025, 11:57:06 a. m.] Spaceman 1: Multiplicador recibido - Game ID: 11041643813, Multiplicador: 1.5x
---
[10/11/2025, 11:57:06 a. m.] Spaceman 1: Multiplicador recibido - Game ID: 11041643813, Multiplicador: 1.51x
---
[10/11/2025, 11:57:06 a. m.] Spaceman 1: Multiplicador recibido - Game ID: 11041643813, Multiplicador: 1.52x
---
[10/11/2025, 11:57:06 a. m.] Spaceman 1: Multiplicador recibido - Game ID: 11041643813, Multiplicador: 1.53x
---
[10/11/2025, 11:57:06 a. m.] Spaceman 1: Multiplicador recibido - Game ID: 11041643813, Multiplicador: 1.54x
---
[10/11/2025, 11:57:06 a. m.] Spaceman 1: Multiplicador recibido - Game ID: 11041643813, Multiplicador: 1.55x
---
[10/11/2025, 11:57:06 a. m.] Spaceman 1: Multiplicador recibido - Game ID: 11041643813, Multiplicador: 1.56x
---
[10/11/2025, 11:57:07 a. m.] Spaceman 1: Multiplicador recibido - Game ID: 11041643813, Multiplicador: 1.57x
---
[10/11/2025, 11:57:07 a. m.] Spaceman 1: Multiplicador recibido - Game ID: 11041643813, Multiplicador: 1.58x
---
[10/11/2025, 11:57:07 a. m.] Spaceman 1: Multiplicador recibido - Game ID: 11041643813, Multiplicador: 1.59x
---
[10/11/2025, 11:57:07 a. m.] Spaceman 1: Multiplicador recibido - Game ID: 11041643813, Multiplicador: 1.6x
---
[10/11/2025, 11:57:07 a. m.] Spaceman 1: Multiplicador recibido - Game ID: 11041643813, Multiplicador: 1.61x
---
[10/11/2025, 11:57:07 a. m.] Spaceman 1: Multiplicador recibido - Game ID: 11041643813, Multiplicador: 1.62x
---
[10/11/2025, 11:57:07 a. m.] Spaceman 1: Multiplicador recibido - Game ID: 11041643813, Multiplicador: 1.63x
---
[10/11/2025, 11:57:07 a. m.] Spaceman 1: Multiplicador recibido - Game ID: 11041643813, Multiplicador: 1.65x
---
[10/11/2025, 11:57:07 a. m.] Spaceman 1: Multiplicador recibido - Game ID: 11041643813, Multiplicador: 1.66x
---
[10/11/2025, 11:57:07 a. m.] Spaceman 1: Multiplicador recibido - Game ID: 11041643813, Multiplicador: 1.67x
---
[10/11/2025, 11:57:07 a. m.] Spaceman 1: Multiplicador recibido - Game ID: 11041643813, Multiplicador: 1.68x
---
[10/11/2025, 11:57:07 a. m.] Spaceman 1: Multiplicador recibido - Game ID: 11041643813, Multiplicador: 1.69x
---
[10/11/2025, 11:57:08 a. m.] Spaceman 1: Multiplicador recibido - Game ID: 11041643813, Multiplicador: 1.7x
---
[10/11/2025, 11:57:08 a. m.] Spaceman 1: Multiplicador recibido - Game ID: 11041643813, Multiplicador: 1.71x
---
[10/11/2025, 11:57:08 a. m.] Spaceman 1: Multiplicador recibido - Game ID: 11041643813, Multiplicador: 1.72x
---
[10/11/2025, 11:57:08 a. m.] Spaceman 1: Multiplicador recibido - Game ID: 11041643813, Multiplicador: 1.73x
---
[10/11/2025, 11:57:08 a. m.] Spaceman 1: Multiplicador recibido - Game ID: 11041643813, Multiplicador: 1.74x
---
[10/11/2025, 11:57:08 a. m.] Spaceman 1: Multiplicador recibido - Game ID: 11041643813, Multiplicador: 1.75x
---
[10/11/2025, 11:57:08 a. m.] Spaceman 1: Multiplicador recibido - Game ID: 11041643813, Multiplicador: 1.76x
---
[10/11/2025, 11:57:08 a. m.] Spaceman 1: Multiplicador recibido - Game ID: 11041643813, Multiplicador: 1.77x
---
[10/11/2025, 11:57:08 a. m.] Spaceman 1: Multiplicador recibido - Game ID: 11041643813, Multiplicador: 1.78x
---
[10/11/2025, 11:57:08 a. m.] Spaceman 1: Multiplicador recibido - Game ID: 11041643813, Multiplicador: 1.79x
---
[10/11/2025, 11:57:08 a. m.] Spaceman 1: Multiplicador recibido - Game ID: 11041643813, Multiplicador: 1.8x
---
[10/11/2025, 11:57:08 a. m.] Spaceman 1: Multiplicador recibido - Game ID: 11041643813, Multiplicador: 1.81x
---
[10/11/2025, 11:57:08 a. m.] Spaceman 1: Multiplicador recibido - Game ID: 11041643813, Multiplicador: 1.82x
---
[10/11/2025, 11:57:08 a. m.] Spaceman 1: Multiplicador recibido - Game ID: 11041643813, Multiplicador: 1.83x
---
[10/11/2025, 11:57:09 a. m.] Spaceman 1: Multiplicador recibido - Game ID: 11041643813, Multiplicador: 1.84x
---
[10/11/2025, 11:57:09 a. m.] Spaceman 1: Multiplicador recibido - Game ID: 11041643813, Multiplicador: 1.85x
---
[10/11/2025, 11:57:09 a. m.] Spaceman 1: Multiplicador recibido - Game ID: 11041643813, Multiplicador: 1.86x
---
[10/11/2025, 11:57:09 a. m.] Spaceman 1: Multiplicador recibido - Game ID: 11041643813, Multiplicador: 1.87x
---
[10/11/2025, 11:57:09 a. m.] Spaceman 1: Multiplicador recibido - Game ID: 11041643813, Multiplicador: 1.88x
---
[10/11/2025, 11:57:09 a. m.] Spaceman 1: Multiplicador recibido - Game ID: 11041643813, Multiplicador: 1.89x
---
[10/11/2025, 11:57:09 a. m.] Spaceman 1: Multiplicador recibido - Game ID: 11041643813, Multiplicador: 1.9x
---
[10/11/2025, 11:57:09 a. m.] Spaceman 1: Multiplicador recibido - Game ID: 11041643813, Multiplicador: 1.91x
---
[10/11/2025, 11:57:09 a. m.] Spaceman 1: Multiplicador recibido - Game ID: 11041643813, Multiplicador: 1.92x
---
[10/11/2025, 11:57:09 a. m.] Spaceman 1: Multiplicador recibido - Game ID: 11041643813, Multiplicador: 1.93x
---
[10/11/2025, 11:57:09 a. m.] Spaceman 1: Multiplicador recibido - Game ID: 11041643813, Multiplicador: 1.94x
---
[10/11/2025, 11:57:09 a. m.] Spaceman 1: Multiplicador recibido - Game ID: 11041643813, Multiplicador: 1.95x
---
[10/11/2025, 11:57:09 a. m.] Spaceman 1: Multiplicador recibido - Game ID: 11041643813, Multiplicador: 1.96x
---
[10/11/2025, 11:57:09 a. m.] Spaceman 1: Multiplicador recibido - Game ID: 11041643813, Multiplicador: 1.97x
---
[10/11/2025, 11:57:09 a. m.] Spaceman 1: Multiplicador recibido - Game ID: 11041643813, Multiplicador: 1.98x
---
[10/11/2025, 11:57:09 a. m.] Spaceman 1: Multiplicador recibido - Game ID: 11041643813, Multiplicador: 1.99x
---
[10/11/2025, 11:57:10 a. m.] Spaceman 1: Multiplicador recibido - Game ID: 11041643813, Multiplicador: 2x
---
[10/11/2025, 11:57:10 a. m.] Spaceman 1: Multiplicador recibido - Game ID: 11041643813, Multiplicador: 2.01x
---
[10/11/2025, 11:57:10 a. m.] Spaceman 1: Ping enviado: 1762793830082
---
[10/11/2025, 11:57:10 a. m.] Spaceman 1: Multiplicador recibido - Game ID: 11041643813, Multiplicador: 2.02x
---
[10/11/2025, 11:57:10 a. m.] Spaceman 1: Multiplicador recibido - Game ID: 11041643813, Multiplicador: 2.03x
---
[10/11/2025, 11:57:10 a. m.] Spaceman 1: Multiplicador recibido - Game ID: 11041643813, Multiplicador: 2.04x
---
[10/11/2025, 11:57:10 a. m.] Spaceman 1: Multiplicador recibido - Game ID: 11041643813, Multiplicador: 2.05x
---
[10/11/2025, 11:57:10 a. m.] Spaceman 1: Multiplicador recibido - Game ID: 11041643813, Multiplicador: 2.06x
---
[10/11/2025, 11:57:10 a. m.] Spaceman 1: Multiplicador recibido - Game ID: 11041643813, Multiplicador: 2.07x
---
[10/11/2025, 11:57:10 a. m.] Spaceman 1: Multiplicador recibido - Game ID: 11041643813, Multiplicador: 2.08x
---
[10/11/2025, 11:57:10 a. m.] Spaceman 1: Multiplicador recibido - Game ID: 11041643813, Multiplicador: 2.09x
---
[10/11/2025, 11:57:10 a. m.] Spaceman 1: Multiplicador recibido - Game ID: 11041643813, Multiplicador: 2.1x
---
[10/11/2025, 11:57:10 a. m.] Spaceman 1: Multiplicador recibido - Game ID: 11041643813, Multiplicador: 2.11x
---
[10/11/2025, 11:57:10 a. m.] Spaceman 1: Multiplicador recibido - Game ID: 11041643813, Multiplicador: 2.13x
---
[10/11/2025, 11:57:10 a. m.] Spaceman 1: Multiplicador recibido - Game ID: 11041643813, Multiplicador: 2.14x
---
[10/11/2025, 11:57:10 a. m.] Spaceman 1: Multiplicador recibido - Game ID: 11041643813, Multiplicador: 2.15x
---
[10/11/2025, 11:57:10 a. m.] Spaceman 1: Multiplicador recibido - Game ID: 11041643813, Multiplicador: 2.16x
---
[10/11/2025, 11:57:10 a. m.] Spaceman 1: Multiplicador recibido - Game ID: 11041643813, Multiplicador: 2.17x
---
[10/11/2025, 11:57:11 a. m.] Spaceman 1: Multiplicador recibido - Game ID: 11041643813, Multiplicador: 2.18x
---
[10/11/2025, 11:57:11 a. m.] Spaceman 1: Multiplicador recibido - Game ID: 11041643813, Multiplicador: 2.19x
---
[10/11/2025, 11:57:11 a. m.] Spaceman 1: Multiplicador recibido - Game ID: 11041643813, Multiplicador: 2.2x
---
[10/11/2025, 11:57:11 a. m.] Spaceman 1: Multiplicador recibido - Game ID: 11041643813, Multiplicador: 2.21x
---
[10/11/2025, 11:57:11 a. m.] Spaceman 1: Multiplicador recibido - Game ID: 11041643813, Multiplicador: 2.22x
---
[10/11/2025, 11:57:11 a. m.] Spaceman 1: Multiplicador recibido - Game ID: 11041643813, Multiplicador: 2.23x
---
[10/11/2025, 11:57:11 a. m.] Spaceman 1: Multiplicador recibido - Game ID: 11041643813, Multiplicador: 2.24x
---
[10/11/2025, 11:57:11 a. m.] Spaceman 1: Multiplicador recibido - Game ID: 11041643813, Multiplicador: 2.25x
---
[10/11/2025, 11:57:11 a. m.] Spaceman 1: Multiplicador recibido - Game ID: 11041643813, Multiplicador: 2.26x
---
[10/11/2025, 11:57:11 a. m.] Spaceman 1: Multiplicador recibido - Game ID: 11041643813, Multiplicador: 2.27x
---
[10/11/2025, 11:57:11 a. m.] Spaceman 1: Multiplicador recibido - Game ID: 11041643813, Multiplicador: 2.28x
---
[10/11/2025, 11:57:11 a. m.] Spaceman 1: Multiplicador recibido - Game ID: 11041643813, Multiplicador: 2.29x
---
[10/11/2025, 11:57:11 a. m.] Spaceman 1: Multiplicador recibido - Game ID: 11041643813, Multiplicador: 2.3x
---
[10/11/2025, 11:57:11 a. m.] Spaceman 1: Multiplicador recibido - Game ID: 11041643813, Multiplicador: 2.31x
---
[10/11/2025, 11:57:11 a. m.] Spaceman 1: Multiplicador recibido - Game ID: 11041643813, Multiplicador: 2.32x
---
[10/11/2025, 11:57:11 a. m.] Spaceman 1: Multiplicador recibido - Game ID: 11041643813, Multiplicador: 2.33x
---
[10/11/2025, 11:57:11 a. m.] Spaceman 1: Multiplicador recibido - Game ID: 11041643813, Multiplicador: 2.34x
---
[10/11/2025, 11:57:11 a. m.] Spaceman 1: Multiplicador recibido - Game ID: 11041643813, Multiplicador: 2.35x
---
[10/11/2025, 11:57:11 a. m.] Spaceman 1: Multiplicador recibido - Game ID: 11041643813, Multiplicador: 2.36x
---
[10/11/2025, 11:57:12 a. m.] Spaceman 1: Multiplicador recibido - Game ID: 11041643813, Multiplicador: 2.37x
---
[10/11/2025, 11:57:12 a. m.] Spaceman 1: Multiplicador recibido - Game ID: 11041643813, Multiplicador: 2.38x
---
[10/11/2025, 11:57:12 a. m.] Spaceman 1: Multiplicador recibido - Game ID: 11041643813, Multiplicador: 2.39x
---
[10/11/2025, 11:57:12 a. m.] Spaceman 1: Multiplicador recibido - Game ID: 11041643813, Multiplicador: 2.4x
---
[10/11/2025, 11:57:12 a. m.] Spaceman 1: Multiplicador recibido - Game ID: 11041643813, Multiplicador: 2.41x
---
[10/11/2025, 11:57:12 a. m.] Spaceman 1: Multiplicador recibido - Game ID: 11041643813, Multiplicador: 2.42x
---
[10/11/2025, 11:57:12 a. m.] Spaceman 1: Multiplicador recibido - Game ID: 11041643813, Multiplicador: 2.43x
---
[10/11/2025, 11:57:12 a. m.] Spaceman 1: Multiplicador recibido - Game ID: 11041643813, Multiplicador: 2.44x
---
[10/11/2025, 11:57:12 a. m.] Spaceman 1: Multiplicador recibido - Game ID: 11041643813, Multiplicador: 2.45x
---
[10/11/2025, 11:57:12 a. m.] Spaceman 1: Multiplicador recibido - Game ID: 11041643813, Multiplicador: 2.46x
---
[10/11/2025, 11:57:12 a. m.] Spaceman 1: Multiplicador recibido - Game ID: 11041643813, Multiplicador: 2.47x
---
[10/11/2025, 11:57:12 a. m.] Spaceman 1: Multiplicador recibido - Game ID: 11041643813, Multiplicador: 2.49x
---
[10/11/2025, 11:57:12 a. m.] Spaceman 1: Multiplicador recibido - Game ID: 11041643813, Multiplicador: 2.5x
---
[10/11/2025, 11:57:12 a. m.] Spaceman 1: Multiplicador recibido - Game ID: 11041643813, Multiplicador: 2.51x
---
[10/11/2025, 11:57:12 a. m.] Spaceman 1: Multiplicador recibido - Game ID: 11041643813, Multiplicador: 2.52x
---
[10/11/2025, 11:57:12 a. m.] Spaceman 1: Multiplicador recibido - Game ID: 11041643813, Multiplicador: 2.53x
---
[10/11/2025, 11:57:12 a. m.] Spaceman 1: Multiplicador recibido - Game ID: 11041643813, Multiplicador: 2.54x
---
[10/11/2025, 11:57:12 a. m.] Spaceman 1: Multiplicador recibido - Game ID: 11041643813, Multiplicador: 2.55x
---
[10/11/2025, 11:57:12 a. m.] Spaceman 1: Multiplicador recibido - Game ID: 11041643813, Multiplicador: 2.56x
---
[10/11/2025, 11:57:13 a. m.] Spaceman 1: Multiplicador recibido - Game ID: 11041643813, Multiplicador: 2.57x
---
[10/11/2025, 11:57:13 a. m.] Spaceman 1: Multiplicador recibido - Game ID: 11041643813, Multiplicador: 2.59x
---
[10/11/2025, 11:57:13 a. m.] Spaceman 1: Multiplicador recibido - Game ID: 11041643813, Multiplicador: 2.6x
---
[10/11/2025, 11:57:13 a. m.] Spaceman 1: Multiplicador recibido - Game ID: 11041643813, Multiplicador: 2.61x
---
[10/11/2025, 11:57:13 a. m.] Spaceman 1: Multiplicador recibido - Game ID: 11041643813, Multiplicador: 2.62x
---
[10/11/2025, 11:57:13 a. m.] Spaceman 1: Multiplicador recibido - Game ID: 11041643813, Multiplicador: 2.63x
---
[10/11/2025, 11:57:13 a. m.] Spaceman 1: Multiplicador recibido - Game ID: 11041643813, Multiplicador: 2.64x
---
[10/11/2025, 11:57:13 a. m.] Spaceman 1: Multiplicador recibido - Game ID: 11041643813, Multiplicador: 2.65x
---
[10/11/2025, 11:57:13 a. m.] Spaceman 1: Multiplicador recibido - Game ID: 11041643813, Multiplicador: 2.66x
---
[10/11/2025, 11:57:13 a. m.] Spaceman 1: Multiplicador recibido - Game ID: 11041643813, Multiplicador: 2.67x
---
[10/11/2025, 11:57:13 a. m.] Spaceman 1: Multiplicador recibido - Game ID: 11041643813, Multiplicador: 2.69x
---
[10/11/2025, 11:57:13 a. m.] Spaceman 1: Multiplicador recibido - Game ID: 11041643813, Multiplicador: 2.71x
---
[10/11/2025, 11:57:13 a. m.] Spaceman 1: Multiplicador recibido - Game ID: 11041643813, Multiplicador: 2.72x
---
[10/11/2025, 11:57:13 a. m.] Spaceman 1: Multiplicador recibido - Game ID: 11041643813, Multiplicador: 2.73x
---
[10/11/2025, 11:57:13 a. m.] Spaceman 1: Multiplicador recibido - Game ID: 11041643813, Multiplicador: 2.74x
---
[10/11/2025, 11:57:13 a. m.] Spaceman 1: Multiplicador recibido - Game ID: 11041643813, Multiplicador: 2.76x
---
[10/11/2025, 11:57:13 a. m.] Spaceman 1: Multiplicador recibido - Game ID: 11041643813, Multiplicador: 2.77x
---
[10/11/2025, 11:57:13 a. m.] Spaceman 1: Multiplicador recibido - Game ID: 11041643813, Multiplicador: 2.78x
---
[10/11/2025, 11:57:14 a. m.] Spaceman 1: Multiplicador recibido - Game ID: 11041643813, Multiplicador: 2.79x
---
[10/11/2025, 11:57:14 a. m.] Spaceman 1: Multiplicador recibido - Game ID: 11041643813, Multiplicador: 2.8x
---
[10/11/2025, 11:57:14 a. m.] Spaceman 1: Multiplicador recibido - Game ID: 11041643813, Multiplicador: 2.81x
---
[10/11/2025, 11:57:14 a. m.] Spaceman 1: Multiplicador recibido - Game ID: 11041643813, Multiplicador: 2.83x
---
[10/11/2025, 11:57:14 a. m.] Spaceman 1: Multiplicador recibido - Game ID: 11041643813, Multiplicador: 2.84x
---
[10/11/2025, 11:57:14 a. m.] Spaceman 1: Multiplicador recibido - Game ID: 11041643813, Multiplicador: 2.85x
---
[10/11/2025, 11:57:14 a. m.] Spaceman 1: Multiplicador recibido - Game ID: 11041643813, Multiplicador: 2.86x
---
[10/11/2025, 11:57:14 a. m.] Spaceman 1: Multiplicador recibido - Game ID: 11041643813, Multiplicador: 2.87x
---
[10/11/2025, 11:57:14 a. m.] Spaceman 1: Multiplicador recibido - Game ID: 11041643813, Multiplicador: 2.89x
---
[10/11/2025, 11:57:14 a. m.] Spaceman 1: Multiplicador recibido - Game ID: 11041643813, Multiplicador: 2.91x
---
[10/11/2025, 11:57:14 a. m.] Spaceman 1: Multiplicador recibido - Game ID: 11041643813, Multiplicador: 2.92x
---
[10/11/2025, 11:57:14 a. m.] Spaceman 1: Multiplicador recibido - Game ID: 11041643813, Multiplicador: 2.93x
---
[10/11/2025, 11:57:14 a. m.] Spaceman 1: Multiplicador recibido - Game ID: 11041643813, Multiplicador: 2.95x
---
[10/11/2025, 11:57:14 a. m.] Spaceman 1: Multiplicador recibido - Game ID: 11041643813, Multiplicador: 2.96x
---
[10/11/2025, 11:57:14 a. m.] Spaceman 1: Multiplicador recibido - Game ID: 11041643813, Multiplicador: 2.97x
---
[10/11/2025, 11:57:14 a. m.] Spaceman 1: Multiplicador recibido - Game ID: 11041643813, Multiplicador: 2.98x
---
[10/11/2025, 11:57:14 a. m.] Spaceman 1: Multiplicador recibido - Game ID: 11041643813, Multiplicador: 3x
---
[10/11/2025, 11:57:14 a. m.] Spaceman 1: Multiplicador recibido - Game ID: 11041643813, Multiplicador: 3.01x
---
[10/11/2025, 11:57:14 a. m.] Spaceman 1: Multiplicador recibido - Game ID: 11041643813, Multiplicador: 3.02x
---
[10/11/2025, 11:57:15 a. m.] Spaceman 1: Multiplicador recibido - Game ID: 11041643813, Multiplicador: 3.03x
---
[10/11/2025, 11:57:15 a. m.] Spaceman 1: Multiplicador recibido - Game ID: 11041643813, Multiplicador: 3.06x
---
[10/11/2025, 11:57:15 a. m.] Spaceman 1: Multiplicador recibido - Game ID: 11041643813, Multiplicador: 3.07x
---
[10/11/2025, 11:57:15 a. m.] Spaceman 1: Multiplicador recibido - Game ID: 11041643813, Multiplicador: 3.09x
---
[10/11/2025, 11:57:15 a. m.] Spaceman 1: Multiplicador recibido - Game ID: 11041643813, Multiplicador: 3.1x
---
[10/11/2025, 11:57:15 a. m.] Spaceman 1: Multiplicador recibido - Game ID: 11041643813, Multiplicador: 3.11x
---
[10/11/2025, 11:57:15 a. m.] Spaceman 1: Multiplicador recibido - Game ID: 11041643813, Multiplicador: 3.13x
---
[10/11/2025, 11:57:15 a. m.] Spaceman 1: Multiplicador recibido - Game ID: 11041643813, Multiplicador: 3.14x
---
[10/11/2025, 11:57:15 a. m.] Spaceman 1: Multiplicador recibido - Game ID: 11041643813, Multiplicador: 3.15x
---
[10/11/2025, 11:57:15 a. m.] Spaceman 1: Multiplicador recibido - Game ID: 11041643813, Multiplicador: 3.17x
---
[10/11/2025, 11:57:15 a. m.] Spaceman 1: Multiplicador recibido - Game ID: 11041643813, Multiplicador: 3.18x
---
[10/11/2025, 11:57:15 a. m.] Spaceman 1: Multiplicador recibido - Game ID: 11041643813, Multiplicador: 3.19x
---
[10/11/2025, 11:57:15 a. m.] Spaceman 1: Multiplicador recibido - Game ID: 11041643813, Multiplicador: 3.21x
---
[10/11/2025, 11:57:15 a. m.] Spaceman 1: Multiplicador recibido - Game ID: 11041643813, Multiplicador: 3.22x
---
[10/11/2025, 11:57:15 a. m.] Spaceman 1: Multiplicador recibido - Game ID: 11041643813, Multiplicador: 3.23x
---
[10/11/2025, 11:57:15 a. m.] Spaceman 1: Multiplicador recibido - Game ID: 11041643813, Multiplicador: 3.25x
---
[10/11/2025, 11:57:15 a. m.] Spaceman 1: Multiplicador recibido - Game ID: 11041643813, Multiplicador: 3.27x
---
[10/11/2025, 11:57:15 a. m.] Spaceman 1: Multiplicador recibido - Game ID: 11041643813, Multiplicador: 3.28x
---
[10/11/2025, 11:57:16 a. m.] Spaceman 1: Multiplicador recibido - Game ID: 11041643813, Multiplicador: 3.3x
---
[10/11/2025, 11:57:16 a. m.] Spaceman 1: Multiplicador recibido - Game ID: 11041643813, Multiplicador: 3.31x
---
[10/11/2025, 11:57:16 a. m.] Spaceman 1: Multiplicador recibido - Game ID: 11041643813, Multiplicador: 3.33x
---
[10/11/2025, 11:57:16 a. m.] Spaceman 1: Multiplicador recibido - Game ID: 11041643813, Multiplicador: 3.34x
---
[10/11/2025, 11:57:16 a. m.] Spaceman 1: Multiplicador recibido - Game ID: 11041643813, Multiplicador: 3.36x
---
[10/11/2025, 11:57:16 a. m.] Spaceman 1: Multiplicador recibido - Game ID: 11041643813, Multiplicador: 3.37x
---
[10/11/2025, 11:57:16 a. m.] Spaceman 1: Multiplicador recibido - Game ID: 11041643813, Multiplicador: 3.38x
---
[10/11/2025, 11:57:16 a. m.] Spaceman 1: Multiplicador recibido - Game ID: 11041643813, Multiplicador: 3.4x
---
[10/11/2025, 11:57:16 a. m.] Spaceman 1: Multiplicador recibido - Game ID: 11041643813, Multiplicador: 3.41x
---
[10/11/2025, 11:57:16 a. m.] Spaceman 1: Multiplicador recibido - Game ID: 11041643813, Multiplicador: 3.43x
---
[10/11/2025, 11:57:16 a. m.] Spaceman 1: Multiplicador recibido - Game ID: 11041643813, Multiplicador: 3.44x
---
[10/11/2025, 11:57:16 a. m.] Spaceman 1: Multiplicador recibido - Game ID: 11041643813, Multiplicador: 3.46x
---
[10/11/2025, 11:57:16 a. m.] Spaceman 1: Multiplicador recibido - Game ID: 11041643813, Multiplicador: 3.47x
---
[10/11/2025, 11:57:16 a. m.] Spaceman 1: Multiplicador recibido - Game ID: 11041643813, Multiplicador: 3.49x
---
[10/11/2025, 11:57:16 a. m.] Spaceman 1: Multiplicador recibido - Game ID: 11041643813, Multiplicador: 3.5x
---
[10/11/2025, 11:57:16 a. m.] Spaceman 1: Multiplicador recibido - Game ID: 11041643813, Multiplicador: 3.52x
---
[10/11/2025, 11:57:16 a. m.] Spaceman 1: Multiplicador recibido - Game ID: 11041643813, Multiplicador: 3.53x
---
[10/11/2025, 11:57:16 a. m.] Spaceman 1: Multiplicador recibido - Game ID: 11041643813, Multiplicador: 3.55x
---
[10/11/2025, 11:57:20 a. m.] Spaceman 1: Ping enviado: 1762793840096
---
[10/11/2025, 11:57:27 a. m.] Spaceman 1: Multiplicador recibido - Game ID: 11041643913, Multiplicador: 1.01x
---
[10/11/2025, 11:57:27 a. m.] Spaceman 1: Multiplicador recibido - Game ID: 11041643913, Multiplicador: 1.02x
---
[10/11/2025, 11:57:27 a. m.] Spaceman 1: Multiplicador recibido - Game ID: 11041643913, Multiplicador: 1.03x
---
[10/11/2025, 11:57:27 a. m.] Spaceman 1: Multiplicador recibido - Game ID: 11041643913, Multiplicador: 1.04x
---
[10/11/2025, 11:57:27 a. m.] Spaceman 1: Multiplicador recibido - Game ID: 11041643913, Multiplicador: 1.05x
---
[10/11/2025, 11:57:27 a. m.] Spaceman 1: Multiplicador recibido - Game ID: 11041643913, Multiplicador: 1.06x
---
[10/11/2025, 11:57:27 a. m.] Spaceman 1: Multiplicador recibido - Game ID: 11041643913, Multiplicador: 1.07x
---
[10/11/2025, 11:57:27 a. m.] Spaceman 1: Multiplicador recibido - Game ID: 11041643913, Multiplicador: 1.08x
---
[10/11/2025, 11:57:28 a. m.] Spaceman 1: Multiplicador recibido - Game ID: 11041643913, Multiplicador: 1.09x
---
[10/11/2025, 11:57:28 a. m.] Spaceman 1: Multiplicador recibido - Game ID: 11041643913, Multiplicador: 1.1x
---
[10/11/2025, 11:57:28 a. m.] Spaceman 1: Multiplicador recibido - Game ID: 11041643913, Multiplicador: 1.11x
---
[10/11/2025, 11:57:28 a. m.] Spaceman 1: Multiplicador recibido - Game ID: 11041643913, Multiplicador: 1.12x
---
[10/11/2025, 11:57:28 a. m.] Spaceman 1: Multiplicador recibido - Game ID: 11041643913, Multiplicador: 1.13x
---
[10/11/2025, 11:57:28 a. m.] Spaceman 1: Multiplicador recibido - Game ID: 11041643913, Multiplicador: 1.14x
---
[10/11/2025, 11:57:28 a. m.] Spaceman 1: Multiplicador recibido - Game ID: 11041643913, Multiplicador: 1.15x
---
[10/11/2025, 11:57:28 a. m.] Spaceman 1: Multiplicador recibido - Game ID: 11041643913, Multiplicador: 1.16x
---
[10/11/2025, 11:57:28 a. m.] Spaceman 1: Multiplicador recibido - Game ID: 11041643913, Multiplicador: 1.17x
---
[10/11/2025, 11:57:29 a. m.] Spaceman 1: Multiplicador recibido - Game ID: 11041643913, Multiplicador: 1.18x
---
[10/11/2025, 11:57:30 a. m.] Spaceman 1: Ping enviado: 1762793850099
---
[10/11/2025, 11:57:39 a. m.] Spaceman 1: Multiplicador recibido - Game ID: 11041644013, Multiplicador: 1.01x
---
[10/11/2025, 11:57:39 a. m.] Spaceman 1: Multiplicador recibido - Game ID: 11041644013, Multiplicador: 1.02x
---
[10/11/2025, 11:57:39 a. m.] Spaceman 1: Multiplicador recibido - Game ID: 11041644013, Multiplicador: 1.03x
---
[10/11/2025, 11:57:39 a. m.] Spaceman 1: Multiplicador recibido - Game ID: 11041644013, Multiplicador: 1.04x
---
[10/11/2025, 11:57:39 a. m.] Spaceman 1: Multiplicador recibido - Game ID: 11041644013, Multiplicador: 1.05x
---
[10/11/2025, 11:57:39 a. m.] Spaceman 1: Multiplicador recibido - Game ID: 11041644013, Multiplicador: 1.06x
---
[10/11/2025, 11:57:39 a. m.] Spaceman 1: Multiplicador recibido - Game ID: 11041644013, Multiplicador: 1.07x
---
[10/11/2025, 11:57:40 a. m.] Spaceman 1: Multiplicador recibido - Game ID: 11041644013, Multiplicador: 1.08x
---
[10/11/2025, 11:57:40 a. m.] Spaceman 1: Ping enviado: 1762793860108
---
[10/11/2025, 11:57:40 a. m.] Spaceman 1: Multiplicador recibido - Game ID: 11041644013, Multiplicador: 1.09x
---
[10/11/2025, 11:57:40 a. m.] Spaceman 1: Multiplicador recibido - Game ID: 11041644013, Multiplicador: 1.1x
---
[10/11/2025, 11:57:40 a. m.] Spaceman 1: Multiplicador recibido - Game ID: 11041644013, Multiplicador: 1.11x
---
[10/11/2025, 11:57:40 a. m.] Spaceman 1: Multiplicador recibido - Game ID: 11041644013, Multiplicador: 1.12x
---
[10/11/2025, 11:57:40 a. m.] Spaceman 1: Multiplicador recibido - Game ID: 11041644013, Multiplicador: 1.13x
---
[10/11/2025, 11:57:40 a. m.] Spaceman 1: Multiplicador recibido - Game ID: 11041644013, Multiplicador: 1.14x
---
[10/11/2025, 11:57:40 a. m.] Spaceman 1: Multiplicador recibido - Game ID: 11041644013, Multiplicador: 1.15x
---
[10/11/2025, 11:57:40 a. m.] Spaceman 1: Multiplicador recibido - Game ID: 11041644013, Multiplicador: 1.16x
---
[10/11/2025, 11:57:40 a. m.] Spaceman 1: Multiplicador recibido - Game ID: 11041644013, Multiplicador: 1.17x
---
[10/11/2025, 11:57:41 a. m.] Spaceman 1: Multiplicador recibido - Game ID: 11041644013, Multiplicador: 1.18x
---
[10/11/2025, 11:57:41 a. m.] Spaceman 1: Multiplicador recibido - Game ID: 11041644013, Multiplicador: 1.19x
---
[10/11/2025, 11:57:41 a. m.] Spaceman 1: Multiplicador recibido - Game ID: 11041644013, Multiplicador: 1.2x
---
[10/11/2025, 11:57:41 a. m.] Spaceman 1: Multiplicador recibido - Game ID: 11041644013, Multiplicador: 1.21x
---
[10/11/2025, 11:57:41 a. m.] Spaceman 1: Multiplicador recibido - Game ID: 11041644013, Multiplicador: 1.22x
---
[10/11/2025, 11:57:41 a. m.] Spaceman 1: Multiplicador recibido - Game ID: 11041644013, Multiplicador: 1.23x
---
[10/11/2025, 11:57:41 a. m.] Spaceman 1: Multiplicador recibido - Game ID: 11041644013, Multiplicador: 1.24x
---
[10/11/2025, 11:57:41 a. m.] Spaceman 1: Multiplicador recibido - Game ID: 11041644013, Multiplicador: 1.25x
---
[10/11/2025, 11:57:41 a. m.] Spaceman 1: Multiplicador recibido - Game ID: 11041644013, Multiplicador: 1.26x
---
[10/11/2025, 11:57:41 a. m.] Spaceman 1: Multiplicador recibido - Game ID: 11041644013, Multiplicador: 1.27x
---
[10/11/2025, 11:57:42 a. m.] Spaceman 1: Multiplicador recibido - Game ID: 11041644013, Multiplicador: 1.28x
---
[10/11/2025, 11:57:42 a. m.] Spaceman 1: Multiplicador recibido - Game ID: 11041644013, Multiplicador: 1.29x
---
[10/11/2025, 11:57:42 a. m.] Spaceman 1: Multiplicador recibido - Game ID: 11041644013, Multiplicador: 1.3x
---
[10/11/2025, 11:57:42 a. m.] Spaceman 1: Multiplicador recibido - Game ID: 11041644013, Multiplicador: 1.31x
---
[10/11/2025, 11:57:42 a. m.] Spaceman 1: Multiplicador recibido - Game ID: 11041644013, Multiplicador: 1.32x
---
[10/11/2025, 11:57:42 a. m.] Spaceman 1: Multiplicador recibido - Game ID: 11041644013, Multiplicador: 1.33x
---
[10/11/2025, 11:57:42 a. m.] Spaceman 1: Multiplicador recibido - Game ID: 11041644013, Multiplicador: 1.34x
---
[10/11/2025, 11:57:42 a. m.] Spaceman 1: Multiplicador recibido - Game ID: 11041644013, Multiplicador: 1.35x
---
[10/11/2025, 11:57:42 a. m.] Spaceman 1: Multiplicador recibido - Game ID: 11041644013, Multiplicador: 1.36x
---
[10/11/2025, 11:57:42 a. m.] Spaceman 1: Multiplicador recibido - Game ID: 11041644013, Multiplicador: 1.37x
---
[10/11/2025, 11:57:42 a. m.] Spaceman 1: Multiplicador recibido - Game ID: 11041644013, Multiplicador: 1.38x
---
[10/11/2025, 11:57:43 a. m.] Spaceman 1: Multiplicador recibido - Game ID: 11041644013, Multiplicador: 1.39x
---
[10/11/2025, 11:57:43 a. m.] Spaceman 1: Multiplicador recibido - Game ID: 11041644013, Multiplicador: 1.4x
---
[10/11/2025, 11:57:43 a. m.] Spaceman 1: Multiplicador recibido - Game ID: 11041644013, Multiplicador: 1.41x
---
[10/11/2025, 11:57:43 a. m.] Spaceman 1: Multiplicador recibido - Game ID: 11041644013, Multiplicador: 1.42x
---
[10/11/2025, 11:57:43 a. m.] Spaceman 1: Multiplicador recibido - Game ID: 11041644013, Multiplicador: 1.43x
---
[10/11/2025, 11:57:43 a. m.] Spaceman 1: Multiplicador recibido - Game ID: 11041644013, Multiplicador: 1.44x
---
[10/11/2025, 11:57:43 a. m.] Spaceman 1: Multiplicador recibido - Game ID: 11041644013, Multiplicador: 1.45x
---
[10/11/2025, 11:57:43 a. m.] Spaceman 1: Multiplicador recibido - Game ID: 11041644013, Multiplicador: 1.46x
---
[10/11/2025, 11:57:43 a. m.] Spaceman 1: Multiplicador recibido - Game ID: 11041644013, Multiplicador: 1.47x
---
[10/11/2025, 11:57:43 a. m.] Spaceman 1: Multiplicador recibido - Game ID: 11041644013, Multiplicador: 1.48x
---
[10/11/2025, 11:57:43 a. m.] Spaceman 1: Multiplicador recibido - Game ID: 11041644013, Multiplicador: 1.49x
---
[10/11/2025, 11:57:43 a. m.] Spaceman 1: Multiplicador recibido - Game ID: 11041644013, Multiplicador: 1.5x
---
[10/11/2025, 11:57:44 a. m.] Spaceman 1: Multiplicador recibido - Game ID: 11041644013, Multiplicador: 1.51x
---
[10/11/2025, 11:57:44 a. m.] Spaceman 1: Multiplicador recibido - Game ID: 11041644013, Multiplicador: 1.52x
---
[10/11/2025, 11:57:44 a. m.] Spaceman 1: Multiplicador recibido - Game ID: 11041644013, Multiplicador: 1.53x
---
[10/11/2025, 11:57:44 a. m.] Spaceman 1: Multiplicador recibido - Game ID: 11041644013, Multiplicador: 1.54x
---
[10/11/2025, 11:57:44 a. m.] Spaceman 1: Multiplicador recibido - Game ID: 11041644013, Multiplicador: 1.55x
---
[10/11/2025, 11:57:44 a. m.] Spaceman 1: Multiplicador recibido - Game ID: 11041644013, Multiplicador: 1.56x
---
[10/11/2025, 11:57:44 a. m.] Spaceman 1: Multiplicador recibido - Game ID: 11041644013, Multiplicador: 1.57x
---
[10/11/2025, 11:57:44 a. m.] Spaceman 1: Multiplicador recibido - Game ID: 11041644013, Multiplicador: 1.58x
---
[10/11/2025, 11:57:44 a. m.] Spaceman 1: Multiplicador recibido - Game ID: 11041644013, Multiplicador: 1.59x
---
[10/11/2025, 11:57:44 a. m.] Spaceman 1: Multiplicador recibido - Game ID: 11041644013, Multiplicador: 1.6x
---
[10/11/2025, 11:57:44 a. m.] Spaceman 1: Multiplicador recibido - Game ID: 11041644013, Multiplicador: 1.61x
---
[10/11/2025, 11:57:44 a. m.] Spaceman 1: Multiplicador recibido - Game ID: 11041644013, Multiplicador: 1.62x
---
[10/11/2025, 11:57:44 a. m.] Spaceman 1: Multiplicador recibido - Game ID: 11041644013, Multiplicador: 1.63x
---
[10/11/2025, 11:57:45 a. m.] Spaceman 1: Multiplicador recibido - Game ID: 11041644013, Multiplicador: 1.64x
---
[10/11/2025, 11:57:45 a. m.] Spaceman 1: Multiplicador recibido - Game ID: 11041644013, Multiplicador: 1.65x
---
[10/11/2025, 11:57:45 a. m.] Spaceman 1: Multiplicador recibido - Game ID: 11041644013, Multiplicador: 1.66x
---
[10/11/2025, 11:57:45 a. m.] Spaceman 1: Multiplicador recibido - Game ID: 11041644013, Multiplicador: 1.67x
---
[10/11/2025, 11:57:45 a. m.] Spaceman 1: Multiplicador recibido - Game ID: 11041644013, Multiplicador: 1.68x
---
[10/11/2025, 11:57:45 a. m.] Spaceman 1: Multiplicador recibido - Game ID: 11041644013, Multiplicador: 1.69x
---
[10/11/2025, 11:57:45 a. m.] Spaceman 1: Multiplicador recibido - Game ID: 11041644013, Multiplicador: 1.7x
---
[10/11/2025, 11:57:45 a. m.] Spaceman 1: Multiplicador recibido - Game ID: 11041644013, Multiplicador: 1.71x
---
[10/11/2025, 11:57:45 a. m.] Spaceman 1: Multiplicador recibido - Game ID: 11041644013, Multiplicador: 1.72x
---
[10/11/2025, 11:57:45 a. m.] Spaceman 1: Multiplicador recibido - Game ID: 11041644013, Multiplicador: 1.73x
---
[10/11/2025, 11:57:45 a. m.] Spaceman 1: Multiplicador recibido - Game ID: 11041644013, Multiplicador: 1.74x
---
[10/11/2025, 11:57:45 a. m.] Spaceman 1: Multiplicador recibido - Game ID: 11041644013, Multiplicador: 1.75x
---
[10/11/2025, 11:57:45 a. m.] Spaceman 1: Multiplicador recibido - Game ID: 11041644013, Multiplicador: 1.76x
---
[10/11/2025, 11:57:45 a. m.] Spaceman 1: Multiplicador recibido - Game ID: 11041644013, Multiplicador: 1.77x
---
[10/11/2025, 11:57:46 a. m.] Spaceman 1: Multiplicador recibido - Game ID: 11041644013, Multiplicador: 1.78x
---
[10/11/2025, 11:57:46 a. m.] Spaceman 1: Multiplicador recibido - Game ID: 11041644013, Multiplicador: 1.79x
---
[10/11/2025, 11:57:46 a. m.] Spaceman 1: Multiplicador recibido - Game ID: 11041644013, Multiplicador: 1.8x
---
[10/11/2025, 11:57:46 a. m.] Spaceman 1: Multiplicador recibido - Game ID: 11041644013, Multiplicador: 1.81x
---
[10/11/2025, 11:57:46 a. m.] Spaceman 1: Multiplicador recibido - Game ID: 11041644013, Multiplicador: 1.82x
---
[10/11/2025, 11:57:46 a. m.] Spaceman 1: Multiplicador recibido - Game ID: 11041644013, Multiplicador: 1.83x
---
[10/11/2025, 11:57:46 a. m.] Spaceman 1: Multiplicador recibido - Game ID: 11041644013, Multiplicador: 1.84x
---
[10/11/2025, 11:57:46 a. m.] Spaceman 1: Multiplicador recibido - Game ID: 11041644013, Multiplicador: 1.85x
---
[10/11/2025, 11:57:46 a. m.] Spaceman 1: Multiplicador recibido - Game ID: 11041644013, Multiplicador: 1.86x
---
[10/11/2025, 11:57:46 a. m.] Spaceman 1: Multiplicador recibido - Game ID: 11041644013, Multiplicador: 1.87x
---
[10/11/2025, 11:57:46 a. m.] Spaceman 1: Multiplicador recibido - Game ID: 11041644013, Multiplicador: 1.88x
---
[10/11/2025, 11:57:46 a. m.] Spaceman 1: Multiplicador recibido - Game ID: 11041644013, Multiplicador: 1.89x
---
[10/11/2025, 11:57:46 a. m.] Spaceman 1: Multiplicador recibido - Game ID: 11041644013, Multiplicador: 1.9x
---
[10/11/2025, 11:57:46 a. m.] Spaceman 1: Multiplicador recibido - Game ID: 11041644013, Multiplicador: 1.91x
---
[10/11/2025, 11:57:46 a. m.] Spaceman 1: Multiplicador recibido - Game ID: 11041644013, Multiplicador: 1.92x
---
[10/11/2025, 11:57:47 a. m.] Spaceman 1: Multiplicador recibido - Game ID: 11041644013, Multiplicador: 1.93x
---
[10/11/2025, 11:57:47 a. m.] Spaceman 1: Multiplicador recibido - Game ID: 11041644013, Multiplicador: 1.94x
---
[10/11/2025, 11:57:47 a. m.] Spaceman 1: Multiplicador recibido - Game ID: 11041644013, Multiplicador: 1.95x
---
[10/11/2025, 11:57:47 a. m.] Spaceman 1: Multiplicador recibido - Game ID: 11041644013, Multiplicador: 1.96x
---
[10/11/2025, 11:57:47 a. m.] Spaceman 1: Multiplicador recibido - Game ID: 11041644013, Multiplicador: 1.97x
---
[10/11/2025, 11:57:47 a. m.] Spaceman 1: Multiplicador recibido - Game ID: 11041644013, Multiplicador: 1.98x
---
[10/11/2025, 11:57:47 a. m.] Spaceman 1: Multiplicador recibido - Game ID: 11041644013, Multiplicador: 1.99x
---
[10/11/2025, 11:57:47 a. m.] Spaceman 1: Multiplicador recibido - Game ID: 11041644013, Multiplicador: 2x
---
[10/11/2025, 11:57:47 a. m.] Spaceman 1: Multiplicador recibido - Game ID: 11041644013, Multiplicador: 2.01x
---
[10/11/2025, 11:57:47 a. m.] Spaceman 1: Multiplicador recibido - Game ID: 11041644013, Multiplicador: 2.02x
---
[10/11/2025, 11:57:47 a. m.] Spaceman 1: Multiplicador recibido - Game ID: 11041644013, Multiplicador: 2.03x
---
[10/11/2025, 11:57:47 a. m.] Spaceman 1: Multiplicador recibido - Game ID: 11041644013, Multiplicador: 2.04x
---
[10/11/2025, 11:57:47 a. m.] Spaceman 1: Multiplicador recibido - Game ID: 11041644013, Multiplicador: 2.05x
---
[10/11/2025, 11:57:47 a. m.] Spaceman 1: Multiplicador recibido - Game ID: 11041644013, Multiplicador: 2.06x
---
[10/11/2025, 11:57:47 a. m.] Spaceman 1: Multiplicador recibido - Game ID: 11041644013, Multiplicador: 2.07x
---
[10/11/2025, 11:57:47 a. m.] Spaceman 1: Multiplicador recibido - Game ID: 11041644013, Multiplicador: 2.08x
---
[10/11/2025, 11:57:47 a. m.] Spaceman 1: Multiplicador recibido - Game ID: 11041644013, Multiplicador: 2.09x
---
[10/11/2025, 11:57:48 a. m.] Spaceman 1: Multiplicador recibido - Game ID: 11041644013, Multiplicador: 2.1x
---
[10/11/2025, 11:57:48 a. m.] Spaceman 1: Multiplicador recibido - Game ID: 11041644013, Multiplicador: 2.11x
---
[10/11/2025, 11:57:48 a. m.] Spaceman 1: Multiplicador recibido - Game ID: 11041644013, Multiplicador: 2.12x
---
[10/11/2025, 11:57:48 a. m.] Spaceman 1: Multiplicador recibido - Game ID: 11041644013, Multiplicador: 2.13x
---
[10/11/2025, 11:57:48 a. m.] Spaceman 1: Multiplicador recibido - Game ID: 11041644013, Multiplicador: 2.14x
---
[10/11/2025, 11:57:48 a. m.] Spaceman 1: Multiplicador recibido - Game ID: 11041644013, Multiplicador: 2.15x
---
[10/11/2025, 11:57:48 a. m.] Spaceman 1: Multiplicador recibido - Game ID: 11041644013, Multiplicador: 2.16x
---
[10/11/2025, 11:57:48 a. m.] Spaceman 1: Multiplicador recibido - Game ID: 11041644013, Multiplicador: 2.17x
---
[10/11/2025, 11:57:48 a. m.] Spaceman 1: Multiplicador recibido - Game ID: 11041644013, Multiplicador: 2.18x
---
[10/11/2025, 11:57:48 a. m.] Spaceman 1: Multiplicador recibido - Game ID: 11041644013, Multiplicador: 2.19x
---
[10/11/2025, 11:57:48 a. m.] Spaceman 1: Multiplicador recibido - Game ID: 11041644013, Multiplicador: 2.2x
---
[10/11/2025, 11:57:48 a. m.] Spaceman 1: Multiplicador recibido - Game ID: 11041644013, Multiplicador: 2.21x
---
[10/11/2025, 11:57:48 a. m.] Spaceman 1: Multiplicador recibido - Game ID: 11041644013, Multiplicador: 2.22x
---
[10/11/2025, 11:57:48 a. m.] Spaceman 1: Multiplicador recibido - Game ID: 11041644013, Multiplicador: 2.23x
---
[10/11/2025, 11:57:48 a. m.] Spaceman 1: Multiplicador recibido - Game ID: 11041644013, Multiplicador: 2.24x
---
[10/11/2025, 11:57:48 a. m.] Spaceman 1: Multiplicador recibido - Game ID: 11041644013, Multiplicador: 2.25x
---
[10/11/2025, 11:57:48 a. m.] Spaceman 1: Multiplicador recibido - Game ID: 11041644013, Multiplicador: 2.26x
---
[10/11/2025, 11:57:49 a. m.] Spaceman 1: Multiplicador recibido - Game ID: 11041644013, Multiplicador: 2.27x
---
[10/11/2025, 11:57:49 a. m.] Spaceman 1: Multiplicador recibido - Game ID: 11041644013, Multiplicador: 2.28x
---
[10/11/2025, 11:57:49 a. m.] Spaceman 1: Multiplicador recibido - Game ID: 11041644013, Multiplicador: 2.29x
---
[10/11/2025, 11:57:49 a. m.] Spaceman 1: Multiplicador recibido - Game ID: 11041644013, Multiplicador: 2.3x
---
[10/11/2025, 11:57:49 a. m.] Spaceman 1: Multiplicador recibido - Game ID: 11041644013, Multiplicador: 2.31x
---
[10/11/2025, 11:57:49 a. m.] Spaceman 1: Multiplicador recibido - Game ID: 11041644013, Multiplicador: 2.32x
---
[10/11/2025, 11:57:49 a. m.] Spaceman 1: Multiplicador recibido - Game ID: 11041644013, Multiplicador: 2.33x
---
[10/11/2025, 11:57:49 a. m.] Spaceman 1: Multiplicador recibido - Game ID: 11041644013, Multiplicador: 2.34x
---
[10/11/2025, 11:57:49 a. m.] Spaceman 1: Multiplicador recibido - Game ID: 11041644013, Multiplicador: 2.35x
---
[10/11/2025, 11:57:49 a. m.] Spaceman 1: Multiplicador recibido - Game ID: 11041644013, Multiplicador: 2.36x
---
[10/11/2025, 11:57:49 a. m.] Spaceman 1: Multiplicador recibido - Game ID: 11041644013, Multiplicador: 2.37x
---
[10/11/2025, 11:57:49 a. m.] Spaceman 1: Multiplicador recibido - Game ID: 11041644013, Multiplicador: 2.38x
---
[10/11/2025, 11:57:49 a. m.] Spaceman 1: Multiplicador recibido - Game ID: 11041644013, Multiplicador: 2.39x
---
[10/11/2025, 11:57:49 a. m.] Spaceman 1: Multiplicador recibido - Game ID: 11041644013, Multiplicador: 2.4x
---
[10/11/2025, 11:57:49 a. m.] Spaceman 1: Multiplicador recibido - Game ID: 11041644013, Multiplicador: 2.41x
---
[10/11/2025, 11:57:49 a. m.] Spaceman 1: Multiplicador recibido - Game ID: 11041644013, Multiplicador: 2.42x
---
[10/11/2025, 11:57:49 a. m.] Spaceman 1: Multiplicador recibido - Game ID: 11041644013, Multiplicador: 2.43x
---
[10/11/2025, 11:57:49 a. m.] Spaceman 1: Multiplicador recibido - Game ID: 11041644013, Multiplicador: 2.44x
---
[10/11/2025, 11:57:49 a. m.] Spaceman 1: Multiplicador recibido - Game ID: 11041644013, Multiplicador: 2.45x
---
[10/11/2025, 11:57:49 a. m.] Spaceman 1: Multiplicador recibido - Game ID: 11041644013, Multiplicador: 2.46x
---
[10/11/2025, 11:57:50 a. m.] Spaceman 1: Multiplicador recibido - Game ID: 11041644013, Multiplicador: 2.47x
---
[10/11/2025, 11:57:50 a. m.] Spaceman 1: Multiplicador recibido - Game ID: 11041644013, Multiplicador: 2.48x
---
[10/11/2025, 11:57:50 a. m.] Spaceman 1: Multiplicador recibido - Game ID: 11041644013, Multiplicador: 2.49x
---
[10/11/2025, 11:57:50 a. m.] Spaceman 1: Ping enviado: 1762793870112
---
[10/11/2025, 11:57:50 a. m.] Spaceman 1: Multiplicador recibido - Game ID: 11041644013, Multiplicador: 2.5x
---
[10/11/2025, 11:57:50 a. m.] Spaceman 1: Multiplicador recibido - Game ID: 11041644013, Multiplicador: 2.51x
---
[10/11/2025, 11:57:50 a. m.] Spaceman 1: Multiplicador recibido - Game ID: 11041644013, Multiplicador: 2.52x
---
[10/11/2025, 11:57:50 a. m.] Spaceman 1: Multiplicador recibido - Game ID: 11041644013, Multiplicador: 2.53x
---
[10/11/2025, 11:57:50 a. m.] Spaceman 1: Multiplicador recibido - Game ID: 11041644013, Multiplicador: 2.55x
---
[10/11/2025, 11:57:50 a. m.] Spaceman 1: Multiplicador recibido - Game ID: 11041644013, Multiplicador: 2.56x
---
[10/11/2025, 11:57:50 a. m.] Spaceman 1: Multiplicador recibido - Game ID: 11041644013, Multiplicador: 2.57x
---
[10/11/2025, 11:57:50 a. m.] Spaceman 1: Multiplicador recibido - Game ID: 11041644013, Multiplicador: 2.58x
---
[10/11/2025, 11:57:50 a. m.] Spaceman 1: Multiplicador recibido - Game ID: 11041644013, Multiplicador: 2.59x
---
[10/11/2025, 11:57:50 a. m.] Spaceman 1: Multiplicador recibido - Game ID: 11041644013, Multiplicador: 2.6x
---
[10/11/2025, 11:57:50 a. m.] Spaceman 1: Multiplicador recibido - Game ID: 11041644013, Multiplicador: 2.61x
---
[10/11/2025, 11:57:50 a. m.] Spaceman 1: Multiplicador recibido - Game ID: 11041644013, Multiplicador: 2.62x
---
[10/11/2025, 11:58:00 a. m.] Spaceman 1: Ping enviado: 1762793880113
---
[10/11/2025, 11:58:00 a. m.] Spaceman 1: Multiplicador recibido - Game ID: 11041644113, Multiplicador: 1.01x
---
[10/11/2025, 11:58:01 a. m.] Spaceman 1: Multiplicador recibido - Game ID: 11041644113, Multiplicador: 1.02x
---
[10/11/2025, 11:58:01 a. m.] Spaceman 1: Multiplicador recibido - Game ID: 11041644113, Multiplicador: 1.03x
---
[10/11/2025, 11:58:01 a. m.] Spaceman 1: Multiplicador recibido - Game ID: 11041644113, Multiplicador: 1.04x
---
[10/11/2025, 11:58:01 a. m.] Spaceman 1: Multiplicador recibido - Game ID: 11041644113, Multiplicador: 1.05x
---
[10/11/2025, 11:58:01 a. m.] Spaceman 1: Multiplicador recibido - Game ID: 11041644113, Multiplicador: 1.06x
---
[10/11/2025, 11:58:01 a. m.] Spaceman 1: Multiplicador recibido - Game ID: 11041644113, Multiplicador: 1.07x
---
[10/11/2025, 11:58:01 a. m.] Spaceman 1: Multiplicador recibido - Game ID: 11041644113, Multiplicador: 1.08x
---
[10/11/2025, 11:58:01 a. m.] Spaceman 1: Multiplicador recibido - Game ID: 11041644113, Multiplicador: 1.1x
---
[10/11/2025, 11:58:02 a. m.] Spaceman 1: Multiplicador recibido - Game ID: 11041644113, Multiplicador: 1.11x
---
[10/11/2025, 11:58:02 a. m.] Spaceman 1: Multiplicador recibido - Game ID: 11041644113, Multiplicador: 1.12x
---
[10/11/2025, 11:58:02 a. m.] Spaceman 1: Multiplicador recibido - Game ID: 11041644113, Multiplicador: 1.13x
---
[10/11/2025, 11:58:02 a. m.] Spaceman 1: Multiplicador recibido - Game ID: 11041644113, Multiplicador: 1.14x
---
[10/11/2025, 11:58:02 a. m.] Spaceman 1: Multiplicador recibido - Game ID: 11041644113, Multiplicador: 1.15x
---
[10/11/2025, 11:58:02 a. m.] Spaceman 1: Multiplicador recibido - Game ID: 11041644113, Multiplicador: 1.16x
---
[10/11/2025, 11:58:02 a. m.] Spaceman 1: Multiplicador recibido - Game ID: 11041644113, Multiplicador: 1.17x
---
[10/11/2025, 11:58:02 a. m.] Spaceman 1: Multiplicador recibido - Game ID: 11041644113, Multiplicador: 1.18x
---
[10/11/2025, 11:58:02 a. m.] Spaceman 1: Multiplicador recibido - Game ID: 11041644113, Multiplicador: 1.19x
---
[10/11/2025, 11:58:02 a. m.] Spaceman 1: Multiplicador recibido - Game ID: 11041644113, Multiplicador: 1.2x
---
[10/11/2025, 11:58:03 a. m.] Spaceman 1: Multiplicador recibido - Game ID: 11041644113, Multiplicador: 1.21x
---
[10/11/2025, 11:58:03 a. m.] Spaceman 1: Multiplicador recibido - Game ID: 11041644113, Multiplicador: 1.22x
---
[10/11/2025, 11:58:03 a. m.] Spaceman 1: Multiplicador recibido - Game ID: 11041644113, Multiplicador: 1.23x
---
[10/11/2025, 11:58:03 a. m.] Spaceman 1: Multiplicador recibido - Game ID: 11041644113, Multiplicador: 1.24x
---
[10/11/2025, 11:58:03 a. m.] Spaceman 1: Multiplicador recibido - Game ID: 11041644113, Multiplicador: 1.25x
---
[10/11/2025, 11:58:03 a. m.] Spaceman 1: Multiplicador recibido - Game ID: 11041644113, Multiplicador: 1.26x
---
[10/11/2025, 11:58:03 a. m.] Spaceman 1: Multiplicador recibido - Game ID: 11041644113, Multiplicador: 1.27x
---
[10/11/2025, 11:58:03 a. m.] Spaceman 1: Multiplicador recibido - Game ID: 11041644113, Multiplicador: 1.28x
---
[10/11/2025, 11:58:03 a. m.] Spaceman 1: Multiplicador recibido - Game ID: 11041644113, Multiplicador: 1.29x
---
[10/11/2025, 11:58:03 a. m.] Spaceman 1: Multiplicador recibido - Game ID: 11041644113, Multiplicador: 1.3x
---
[10/11/2025, 11:58:04 a. m.] Spaceman 1: Multiplicador recibido - Game ID: 11041644113, Multiplicador: 1.31x
---
[10/11/2025, 11:58:04 a. m.] Spaceman 1: Multiplicador recibido - Game ID: 11041644113, Multiplicador: 1.32x
---
[10/11/2025, 11:58:04 a. m.] Spaceman 1: Multiplicador recibido - Game ID: 11041644113, Multiplicador: 1.33x
---
[10/11/2025, 11:58:04 a. m.] Spaceman 1: Multiplicador recibido - Game ID: 11041644113, Multiplicador: 1.34x
---
[10/11/2025, 11:58:04 a. m.] Spaceman 1: Multiplicador recibido - Game ID: 11041644113, Multiplicador: 1.35x
---
[10/11/2025, 11:58:04 a. m.] Spaceman 1: Multiplicador recibido - Game ID: 11041644113, Multiplicador: 1.36x
---
[10/11/2025, 11:58:04 a. m.] Spaceman 1: Multiplicador recibido - Game ID: 11041644113, Multiplicador: 1.37x
---
[10/11/2025, 11:58:04 a. m.] Spaceman 1: Multiplicador recibido - Game ID: 11041644113, Multiplicador: 1.38x
---
[10/11/2025, 11:58:04 a. m.] Spaceman 1: Multiplicador recibido - Game ID: 11041644113, Multiplicador: 1.39x
---
[10/11/2025, 11:58:04 a. m.] Spaceman 1: Multiplicador recibido - Game ID: 11041644113, Multiplicador: 1.4x
---
[10/11/2025, 11:58:04 a. m.] Spaceman 1: Multiplicador recibido - Game ID: 11041644113, Multiplicador: 1.41x
---
[10/11/2025, 11:58:04 a. m.] Spaceman 1: Multiplicador recibido - Game ID: 11041644113, Multiplicador: 1.42x
---
[10/11/2025, 11:58:05 a. m.] Spaceman 1: Multiplicador recibido - Game ID: 11041644113, Multiplicador: 1.43x
---
[10/11/2025, 11:58:05 a. m.] Spaceman 1: Multiplicador recibido - Game ID: 11041644113, Multiplicador: 1.44x
---
[10/11/2025, 11:58:05 a. m.] Spaceman 1: Multiplicador recibido - Game ID: 11041644113, Multiplicador: 1.45x
---
[10/11/2025, 11:58:05 a. m.] Spaceman 1: Multiplicador recibido - Game ID: 11041644113, Multiplicador: 1.46x
---
[10/11/2025, 11:58:05 a. m.] Spaceman 1: Multiplicador recibido - Game ID: 11041644113, Multiplicador: 1.47x
---
[10/11/2025, 11:58:05 a. m.] Spaceman 1: Multiplicador recibido - Game ID: 11041644113, Multiplicador: 1.48x
---
[10/11/2025, 11:58:05 a. m.] Spaceman 1: Multiplicador recibido - Game ID: 11041644113, Multiplicador: 1.49x
---
[10/11/2025, 11:58:05 a. m.] Spaceman 1: Multiplicador recibido - Game ID: 11041644113, Multiplicador: 1.5x
---
[10/11/2025, 11:58:05 a. m.] Spaceman 1: Multiplicador recibido - Game ID: 11041644113, Multiplicador: 1.51x
---
[10/11/2025, 11:58:05 a. m.] Spaceman 1: Multiplicador recibido - Game ID: 11041644113, Multiplicador: 1.52x
---
[10/11/2025, 11:58:05 a. m.] Spaceman 1: Multiplicador recibido - Game ID: 11041644113, Multiplicador: 1.53x
---
[10/11/2025, 11:58:05 a. m.] Spaceman 1: Multiplicador recibido - Game ID: 11041644113, Multiplicador: 1.54x
---
[10/11/2025, 11:58:06 a. m.] Spaceman 1: Multiplicador recibido - Game ID: 11041644113, Multiplicador: 1.55x
---
[10/11/2025, 11:58:06 a. m.] Spaceman 1: Multiplicador recibido - Game ID: 11041644113, Multiplicador: 1.56x
---
[10/11/2025, 11:58:06 a. m.] Spaceman 1: Multiplicador recibido - Game ID: 11041644113, Multiplicador: 1.57x
---
[10/11/2025, 11:58:06 a. m.] Spaceman 1: Multiplicador recibido - Game ID: 11041644113, Multiplicador: 1.58x
---
[10/11/2025, 11:58:06 a. m.] Spaceman 1: Multiplicador recibido - Game ID: 11041644113, Multiplicador: 1.59x
---
[10/11/2025, 11:58:06 a. m.] Spaceman 1: Multiplicador recibido - Game ID: 11041644113, Multiplicador: 1.6x
---
[10/11/2025, 11:58:06 a. m.] Spaceman 1: Multiplicador recibido - Game ID: 11041644113, Multiplicador: 1.61x
---
[10/11/2025, 11:58:06 a. m.] Spaceman 1: Multiplicador recibido - Game ID: 11041644113, Multiplicador: 1.62x
---
[10/11/2025, 11:58:06 a. m.] Spaceman 1: Multiplicador recibido - Game ID: 11041644113, Multiplicador: 1.63x
---
[10/11/2025, 11:58:06 a. m.] Spaceman 1: Multiplicador recibido - Game ID: 11041644113, Multiplicador: 1.64x
---
[10/11/2025, 11:58:06 a. m.] Spaceman 1: Multiplicador recibido - Game ID: 11041644113, Multiplicador: 1.65x
---
[10/11/2025, 11:58:06 a. m.] Spaceman 1: Multiplicador recibido - Game ID: 11041644113, Multiplicador: 1.66x
---
[10/11/2025, 11:58:06 a. m.] Spaceman 1: Multiplicador recibido - Game ID: 11041644113, Multiplicador: 1.67x
---
[10/11/2025, 11:58:07 a. m.] Spaceman 1: Multiplicador recibido - Game ID: 11041644113, Multiplicador: 1.68x
---
[10/11/2025, 11:58:07 a. m.] Spaceman 1: Multiplicador recibido - Game ID: 11041644113, Multiplicador: 1.69x
---
[10/11/2025, 11:58:07 a. m.] Spaceman 1: Multiplicador recibido - Game ID: 11041644113, Multiplicador: 1.7x
---
[10/11/2025, 11:58:07 a. m.] Spaceman 1: Multiplicador recibido - Game ID: 11041644113, Multiplicador: 1.71x
---
[10/11/2025, 11:58:07 a. m.] Spaceman 1: Multiplicador recibido - Game ID: 11041644113, Multiplicador: 1.72x
---
[10/11/2025, 11:58:07 a. m.] Spaceman 1: Multiplicador recibido - Game ID: 11041644113, Multiplicador: 1.73x
---
[10/11/2025, 11:58:07 a. m.] Spaceman 1: Multiplicador recibido - Game ID: 11041644113, Multiplicador: 1.74x
---
[10/11/2025, 11:58:07 a. m.] Spaceman 1: Multiplicador recibido - Game ID: 11041644113, Multiplicador: 1.75x
---
[10/11/2025, 11:58:07 a. m.] Spaceman 1: Multiplicador recibido - Game ID: 11041644113, Multiplicador: 1.76x
---
[10/11/2025, 11:58:07 a. m.] Spaceman 1: Multiplicador recibido - Game ID: 11041644113, Multiplicador: 1.77x
---
[10/11/2025, 11:58:07 a. m.] Spaceman 1: Multiplicador recibido - Game ID: 11041644113, Multiplicador: 1.78x
---
[10/11/2025, 11:58:07 a. m.] Spaceman 1: Multiplicador recibido - Game ID: 11041644113, Multiplicador: 1.79x
---
[10/11/2025, 11:58:07 a. m.] Spaceman 1: Multiplicador recibido - Game ID: 11041644113, Multiplicador: 1.8x
---
[10/11/2025, 11:58:07 a. m.] Spaceman 1: Multiplicador recibido - Game ID: 11041644113, Multiplicador: 1.81x
---
[10/11/2025, 11:58:07 a. m.] Spaceman 1: Multiplicador recibido - Game ID: 11041644113, Multiplicador: 1.82x
---
[10/11/2025, 11:58:08 a. m.] Spaceman 1: Multiplicador recibido - Game ID: 11041644113, Multiplicador: 1.83x
---
[10/11/2025, 11:58:08 a. m.] Spaceman 1: Multiplicador recibido - Game ID: 11041644113, Multiplicador: 1.84x
---
[10/11/2025, 11:58:08 a. m.] Spaceman 1: Multiplicador recibido - Game ID: 11041644113, Multiplicador: 1.85x
---
[10/11/2025, 11:58:08 a. m.] Spaceman 1: Multiplicador recibido - Game ID: 11041644113, Multiplicador: 1.86x
---
[10/11/2025, 11:58:08 a. m.] Spaceman 1: Multiplicador recibido - Game ID: 11041644113, Multiplicador: 1.87x
---
[10/11/2025, 11:58:08 a. m.] Spaceman 1: Multiplicador recibido - Game ID: 11041644113, Multiplicador: 1.88x
---
[10/11/2025, 11:58:08 a. m.] Spaceman 1: Multiplicador recibido - Game ID: 11041644113, Multiplicador: 1.89x
---
[10/11/2025, 11:58:08 a. m.] Spaceman 1: Multiplicador recibido - Game ID: 11041644113, Multiplicador: 1.9x
---
[10/11/2025, 11:58:08 a. m.] Spaceman 1: Multiplicador recibido - Game ID: 11041644113, Multiplicador: 1.91x
---
[10/11/2025, 11:58:08 a. m.] Spaceman 1: Multiplicador recibido - Game ID: 11041644113, Multiplicador: 1.92x
---
[10/11/2025, 11:58:08 a. m.] Spaceman 1: Multiplicador recibido - Game ID: 11041644113, Multiplicador: 1.93x
---
[10/11/2025, 11:58:08 a. m.] Spaceman 1: Multiplicador recibido - Game ID: 11041644113, Multiplicador: 1.94x
---
[10/11/2025, 11:58:08 a. m.] Spaceman 1: Multiplicador recibido - Game ID: 11041644113, Multiplicador: 1.95x
---
[10/11/2025, 11:58:08 a. m.] Spaceman 1: Multiplicador recibido - Game ID: 11041644113, Multiplicador: 1.96x
---
[10/11/2025, 11:58:08 a. m.] Spaceman 1: Multiplicador recibido - Game ID: 11041644113, Multiplicador: 1.97x
---
[10/11/2025, 11:58:08 a. m.] Spaceman 1: Multiplicador recibido - Game ID: 11041644113, Multiplicador: 1.98x
---
[10/11/2025, 11:58:09 a. m.] Spaceman 1: Multiplicador recibido - Game ID: 11041644113, Multiplicador: 1.99x
---
[10/11/2025, 11:58:09 a. m.] Spaceman 1: Multiplicador recibido - Game ID: 11041644113, Multiplicador: 2x
---
[10/11/2025, 11:58:09 a. m.] Spaceman 1: Multiplicador recibido - Game ID: 11041644113, Multiplicador: 2.01x
---
[10/11/2025, 11:58:09 a. m.] Spaceman 1: Multiplicador recibido - Game ID: 11041644113, Multiplicador: 2.02x
---
[10/11/2025, 11:58:09 a. m.] Spaceman 1: Multiplicador recibido - Game ID: 11041644113, Multiplicador: 2.03x
---
[10/11/2025, 11:58:09 a. m.] Spaceman 1: Multiplicador recibido - Game ID: 11041644113, Multiplicador: 2.04x
---
[10/11/2025, 11:58:09 a. m.] Spaceman 1: Multiplicador recibido - Game ID: 11041644113, Multiplicador: 2.05x
---
[10/11/2025, 11:58:09 a. m.] Spaceman 1: Multiplicador recibido - Game ID: 11041644113, Multiplicador: 2.06x
---
[10/11/2025, 11:58:09 a. m.] Spaceman 1: Multiplicador recibido - Game ID: 11041644113, Multiplicador: 2.07x
---
[10/11/2025, 11:58:09 a. m.] Spaceman 1: Multiplicador recibido - Game ID: 11041644113, Multiplicador: 2.08x
---
[10/11/2025, 11:58:09 a. m.] Spaceman 1: Multiplicador recibido - Game ID: 11041644113, Multiplicador: 2.09x
---
[10/11/2025, 11:58:09 a. m.] Spaceman 1: Multiplicador recibido - Game ID: 11041644113, Multiplicador: 2.1x
---
[10/11/2025, 11:58:09 a. m.] Spaceman 1: Multiplicador recibido - Game ID: 11041644113, Multiplicador: 2.11x
---
[10/11/2025, 11:58:09 a. m.] Spaceman 1: Multiplicador recibido - Game ID: 11041644113, Multiplicador: 2.12x
---
[10/11/2025, 11:58:09 a. m.] Spaceman 1: Multiplicador recibido - Game ID: 11041644113, Multiplicador: 2.13x
---
[10/11/2025, 11:58:09 a. m.] Spaceman 1: Multiplicador recibido - Game ID: 11041644113, Multiplicador: 2.14x
---
[10/11/2025, 11:58:10 a. m.] Spaceman 1: Multiplicador recibido - Game ID: 11041644113, Multiplicador: 2.15x
---
[10/11/2025, 11:58:10 a. m.] Spaceman 1: Multiplicador recibido - Game ID: 11041644113, Multiplicador: 2.16x
---
[10/11/2025, 11:58:10 a. m.] Spaceman 1: Multiplicador recibido - Game ID: 11041644113, Multiplicador: 2.17x
---
[10/11/2025, 11:58:10 a. m.] Spaceman 1: Ping enviado: 1762793890119
---
[10/11/2025, 11:58:10 a. m.] Spaceman 1: Multiplicador recibido - Game ID: 11041644113, Multiplicador: 2.18x
---
[10/11/2025, 11:58:10 a. m.] Spaceman 1: Multiplicador recibido - Game ID: 11041644113, Multiplicador: 2.19x
---
[10/11/2025, 11:58:10 a. m.] Spaceman 1: Multiplicador recibido - Game ID: 11041644113, Multiplicador: 2.2x
---
[10/11/2025, 11:58:10 a. m.] Spaceman 1: Multiplicador recibido - Game ID: 11041644113, Multiplicador: 2.21x
---
[10/11/2025, 11:58:10 a. m.] Spaceman 1: Multiplicador recibido - Game ID: 11041644113, Multiplicador: 2.22x
---
[10/11/2025, 11:58:10 a. m.] Spaceman 1: Multiplicador recibido - Game ID: 11041644113, Multiplicador: 2.23x
---
[10/11/2025, 11:58:10 a. m.] Spaceman 1: Multiplicador recibido - Game ID: 11041644113, Multiplicador: 2.24x
---
[10/11/2025, 11:58:10 a. m.] Spaceman 1: Multiplicador recibido - Game ID: 11041644113, Multiplicador: 2.25x
---
[10/11/2025, 11:58:10 a. m.] Spaceman 1: Multiplicador recibido - Game ID: 11041644113, Multiplicador: 2.26x
---
[10/11/2025, 11:58:10 a. m.] Spaceman 1: Multiplicador recibido - Game ID: 11041644113, Multiplicador: 2.27x
---
[10/11/2025, 11:58:10 a. m.] Spaceman 1: Multiplicador recibido - Game ID: 11041644113, Multiplicador: 2.28x
---
[10/11/2025, 11:58:10 a. m.] Spaceman 1: Multiplicador recibido - Game ID: 11041644113, Multiplicador: 2.3x
---
[10/11/2025, 11:58:10 a. m.] Spaceman 1: Multiplicador recibido - Game ID: 11041644113, Multiplicador: 2.31x
---
[10/11/2025, 11:58:10 a. m.] Spaceman 1: Multiplicador recibido - Game ID: 11041644113, Multiplicador: 2.32x
---
[10/11/2025, 11:58:10 a. m.] Spaceman 1: Multiplicador recibido - Game ID: 11041644113, Multiplicador: 2.33x
---
[10/11/2025, 11:58:11 a. m.] Spaceman 1: Multiplicador recibido - Game ID: 11041644113, Multiplicador: 2.34x
---
[10/11/2025, 11:58:11 a. m.] Spaceman 1: Multiplicador recibido - Game ID: 11041644113, Multiplicador: 2.35x
---
[10/11/2025, 11:58:11 a. m.] Spaceman 1: Multiplicador recibido - Game ID: 11041644113, Multiplicador: 2.36x
---
[10/11/2025, 11:58:11 a. m.] Spaceman 1: Multiplicador recibido - Game ID: 11041644113, Multiplicador: 2.37x
---
[10/11/2025, 11:58:11 a. m.] Spaceman 1: Multiplicador recibido - Game ID: 11041644113, Multiplicador: 2.38x
---
[10/11/2025, 11:58:11 a. m.] Spaceman 1: Multiplicador recibido - Game ID: 11041644113, Multiplicador: 2.39x
---
[10/11/2025, 11:58:11 a. m.] Spaceman 1: Multiplicador recibido - Game ID: 11041644113, Multiplicador: 2.4x
---
[10/11/2025, 11:58:11 a. m.] Spaceman 1: Multiplicador recibido - Game ID: 11041644113, Multiplicador: 2.41x
---
[10/11/2025, 11:58:11 a. m.] Spaceman 1: Multiplicador recibido - Game ID: 11041644113, Multiplicador: 2.42x
---
[10/11/2025, 11:58:11 a. m.] Spaceman 1: Multiplicador recibido - Game ID: 11041644113, Multiplicador: 2.43x
---
[10/11/2025, 11:58:11 a. m.] Spaceman 1: Multiplicador recibido - Game ID: 11041644113, Multiplicador: 2.44x
---
[10/11/2025, 11:58:11 a. m.] Spaceman 1: Multiplicador recibido - Game ID: 11041644113, Multiplicador: 2.45x
---
[10/11/2025, 11:58:11 a. m.] Spaceman 1: Multiplicador recibido - Game ID: 11041644113, Multiplicador: 2.46x
---
[10/11/2025, 11:58:11 a. m.] Spaceman 1: Multiplicador recibido - Game ID: 11041644113, Multiplicador: 2.47x
---
[10/11/2025, 11:58:11 a. m.] Spaceman 1: Multiplicador recibido - Game ID: 11041644113, Multiplicador: 2.49x
---
[10/11/2025, 11:58:11 a. m.] Spaceman 1: Multiplicador recibido - Game ID: 11041644113, Multiplicador: 2.5x
---
[10/11/2025, 11:58:11 a. m.] Spaceman 1: Multiplicador recibido - Game ID: 11041644113, Multiplicador: 2.51x
---
[10/11/2025, 11:58:11 a. m.] Spaceman 1: Multiplicador recibido - Game ID: 11041644113, Multiplicador: 2.52x
---
[10/11/2025, 11:58:11 a. m.] Spaceman 1: Multiplicador recibido - Game ID: 11041644113, Multiplicador: 2.53x
---
[10/11/2025, 11:58:11 a. m.] Spaceman 1: Multiplicador recibido - Game ID: 11041644113, Multiplicador: 2.54x
---
[10/11/2025, 11:58:12 a. m.] Spaceman 1: Multiplicador recibido - Game ID: 11041644113, Multiplicador: 2.55x
---
[10/11/2025, 11:58:12 a. m.] Spaceman 1: Multiplicador recibido - Game ID: 11041644113, Multiplicador: 2.56x
---
[10/11/2025, 11:58:12 a. m.] Spaceman 1: Multiplicador recibido - Game ID: 11041644113, Multiplicador: 2.57x
---
[10/11/2025, 11:58:12 a. m.] Spaceman 1: Multiplicador recibido - Game ID: 11041644113, Multiplicador: 2.58x
---
[10/11/2025, 11:58:12 a. m.] Spaceman 1: Multiplicador recibido - Game ID: 11041644113, Multiplicador: 2.59x
---
[10/11/2025, 11:58:12 a. m.] Spaceman 1: Multiplicador recibido - Game ID: 11041644113, Multiplicador: 2.6x
---
[10/11/2025, 11:58:12 a. m.] Spaceman 1: Multiplicador recibido - Game ID: 11041644113, Multiplicador: 2.61x
---
[10/11/2025, 11:58:12 a. m.] Spaceman 1: Multiplicador recibido - Game ID: 11041644113, Multiplicador: 2.62x
---
[10/11/2025, 11:58:12 a. m.] Spaceman 1: Multiplicador recibido - Game ID: 11041644113, Multiplicador: 2.64x
---
[10/11/2025, 11:58:12 a. m.] Spaceman 1: Multiplicador recibido - Game ID: 11041644113, Multiplicador: 2.65x
---
[10/11/2025, 11:58:12 a. m.] Spaceman 1: Multiplicador recibido - Game ID: 11041644113, Multiplicador: 2.66x
---
[10/11/2025, 11:58:12 a. m.] Spaceman 1: Multiplicador recibido - Game ID: 11041644113, Multiplicador: 2.67x
---
[10/11/2025, 11:58:12 a. m.] Spaceman 1: Multiplicador recibido - Game ID: 11041644113, Multiplicador: 2.68x
---
[10/11/2025, 11:58:12 a. m.] Spaceman 1: Multiplicador recibido - Game ID: 11041644113, Multiplicador: 2.69x
---
[10/11/2025, 11:58:12 a. m.] Spaceman 1: Multiplicador recibido - Game ID: 11041644113, Multiplicador: 2.7x
---
[10/11/2025, 11:58:12 a. m.] Spaceman 1: Multiplicador recibido - Game ID: 11041644113, Multiplicador: 2.71x
---
[10/11/2025, 11:58:12 a. m.] Spaceman 1: Multiplicador recibido - Game ID: 11041644113, Multiplicador: 2.72x
---
[10/11/2025, 11:58:12 a. m.] Spaceman 1: Multiplicador recibido - Game ID: 11041644113, Multiplicador: 2.74x
---
[10/11/2025, 11:58:12 a. m.] Spaceman 1: Multiplicador recibido - Game ID: 11041644113, Multiplicador: 2.75x
---
[10/11/2025, 11:58:13 a. m.] Spaceman 1: Multiplicador recibido - Game ID: 11041644113, Multiplicador: 2.76x
---
[10/11/2025, 11:58:13 a. m.] Spaceman 1: Multiplicador recibido - Game ID: 11041644113, Multiplicador: 2.77x
---
[10/11/2025, 11:58:13 a. m.] Spaceman 1: Multiplicador recibido - Game ID: 11041644113, Multiplicador: 2.79x
---
[10/11/2025, 11:58:13 a. m.] Spaceman 1: Multiplicador recibido - Game ID: 11041644113, Multiplicador: 2.8x
---
[10/11/2025, 11:58:13 a. m.] Spaceman 1: Multiplicador recibido - Game ID: 11041644113, Multiplicador: 2.81x
---
[10/11/2025, 11:58:13 a. m.] Spaceman 1: Multiplicador recibido - Game ID: 11041644113, Multiplicador: 2.82x
---
[10/11/2025, 11:58:13 a. m.] Spaceman 1: Multiplicador recibido - Game ID: 11041644113, Multiplicador: 2.83x
---
[10/11/2025, 11:58:13 a. m.] Spaceman 1: Multiplicador recibido - Game ID: 11041644113, Multiplicador: 2.84x
---
[10/11/2025, 11:58:13 a. m.] Spaceman 1: Multiplicador recibido - Game ID: 11041644113, Multiplicador: 2.86x
---
[10/11/2025, 11:58:13 a. m.] Spaceman 1: Multiplicador recibido - Game ID: 11041644113, Multiplicador: 2.87x
---
[10/11/2025, 11:58:13 a. m.] Spaceman 1: Multiplicador recibido - Game ID: 11041644113, Multiplicador: 2.88x
---
[10/11/2025, 11:58:13 a. m.] Spaceman 1: Multiplicador recibido - Game ID: 11041644113, Multiplicador: 2.9x
---
[10/11/2025, 11:58:13 a. m.] Spaceman 1: Multiplicador recibido - Game ID: 11041644113, Multiplicador: 2.91x
---
[10/11/2025, 11:58:13 a. m.] Spaceman 1: Multiplicador recibido - Game ID: 11041644113, Multiplicador: 2.92x
---
[10/11/2025, 11:58:13 a. m.] Spaceman 1: Multiplicador recibido - Game ID: 11041644113, Multiplicador: 2.93x
---
[10/11/2025, 11:58:13 a. m.] Spaceman 1: Multiplicador recibido - Game ID: 11041644113, Multiplicador: 2.95x
---
[10/11/2025, 11:58:13 a. m.] Spaceman 1: Multiplicador recibido - Game ID: 11041644113, Multiplicador: 2.96x
---
[10/11/2025, 11:58:13 a. m.] Spaceman 1: Multiplicador recibido - Game ID: 11041644113, Multiplicador: 2.97x
---
[10/11/2025, 11:58:13 a. m.] Spaceman 1: Multiplicador recibido - Game ID: 11041644113, Multiplicador: 2.98x
---
[10/11/2025, 11:58:13 a. m.] Spaceman 1: Multiplicador recibido - Game ID: 11041644113, Multiplicador: 3x
---
[10/11/2025, 11:58:14 a. m.] Spaceman 1: Multiplicador recibido - Game ID: 11041644113, Multiplicador: 3.01x
---
[10/11/2025, 11:58:14 a. m.] Spaceman 1: Multiplicador recibido - Game ID: 11041644113, Multiplicador: 3.02x
---
[10/11/2025, 11:58:14 a. m.] Spaceman 1: Multiplicador recibido - Game ID: 11041644113, Multiplicador: 3.04x
---
[10/11/2025, 11:58:14 a. m.] Spaceman 1: Multiplicador recibido - Game ID: 11041644113, Multiplicador: 3.05x
---
[10/11/2025, 11:58:14 a. m.] Spaceman 1: Multiplicador recibido - Game ID: 11041644113, Multiplicador: 3.06x
---
[10/11/2025, 11:58:14 a. m.] Spaceman 1: Multiplicador recibido - Game ID: 11041644113, Multiplicador: 3.07x
---
[10/11/2025, 11:58:14 a. m.] Spaceman 1: Multiplicador recibido - Game ID: 11041644113, Multiplicador: 3.09x
---
[10/11/2025, 11:58:14 a. m.] Spaceman 1: Multiplicador recibido - Game ID: 11041644113, Multiplicador: 3.1x
---
[10/11/2025, 11:58:14 a. m.] Spaceman 1: Multiplicador recibido - Game ID: 11041644113, Multiplicador: 3.11x
---
[10/11/2025, 11:58:14 a. m.] Spaceman 1: Multiplicador recibido - Game ID: 11041644113, Multiplicador: 3.13x
---
[10/11/2025, 11:58:14 a. m.] Spaceman 1: Multiplicador recibido - Game ID: 11041644113, Multiplicador: 3.14x
---
[10/11/2025, 11:58:14 a. m.] Spaceman 1: Multiplicador recibido - Game ID: 11041644113, Multiplicador: 3.15x
---
[10/11/2025, 11:58:14 a. m.] Spaceman 1: Multiplicador recibido - Game ID: 11041644113, Multiplicador: 3.17x
---
[10/11/2025, 11:58:14 a. m.] Spaceman 1: Multiplicador recibido - Game ID: 11041644113, Multiplicador: 3.18x
---
[10/11/2025, 11:58:14 a. m.] Spaceman 1: Multiplicador recibido - Game ID: 11041644113, Multiplicador: 3.19x
---
[10/11/2025, 11:58:14 a. m.] Spaceman 1: Multiplicador recibido - Game ID: 11041644113, Multiplicador: 3.21x
---
[10/11/2025, 11:58:14 a. m.] Spaceman 1: Multiplicador recibido - Game ID: 11041644113, Multiplicador: 3.22x
---
[10/11/2025, 11:58:14 a. m.] Spaceman 1: Multiplicador recibido - Game ID: 11041644113, Multiplicador: 3.23x
---
[10/11/2025, 11:58:14 a. m.] Spaceman 1: Multiplicador recibido - Game ID: 11041644113, Multiplicador: 3.25x
---
[10/11/2025, 11:58:15 a. m.] Spaceman 1: Multiplicador recibido - Game ID: 11041644113, Multiplicador: 3.26x
---
[10/11/2025, 11:58:15 a. m.] Spaceman 1: Multiplicador recibido - Game ID: 11041644113, Multiplicador: 3.28x
---
[10/11/2025, 11:58:15 a. m.] Spaceman 1: Multiplicador recibido - Game ID: 11041644113, Multiplicador: 3.29x
---
[10/11/2025, 11:58:15 a. m.] Spaceman 1: Multiplicador recibido - Game ID: 11041644113, Multiplicador: 3.3x
---
[10/11/2025, 11:58:15 a. m.] Spaceman 1: Multiplicador recibido - Game ID: 11041644113, Multiplicador: 3.32x
---
[10/11/2025, 11:58:15 a. m.] Spaceman 1: Multiplicador recibido - Game ID: 11041644113, Multiplicador: 3.33x
---
[10/11/2025, 11:58:15 a. m.] Spaceman 1: Multiplicador recibido - Game ID: 11041644113, Multiplicador: 3.35x
---
[10/11/2025, 11:58:15 a. m.] Spaceman 1: Multiplicador recibido - Game ID: 11041644113, Multiplicador: 3.36x
---
[10/11/2025, 11:58:15 a. m.] Spaceman 1: Multiplicador recibido - Game ID: 11041644113, Multiplicador: 3.37x
---
[10/11/2025, 11:58:15 a. m.] Spaceman 1: Multiplicador recibido - Game ID: 11041644113, Multiplicador: 3.39x
---
[10/11/2025, 11:58:15 a. m.] Spaceman 1: Multiplicador recibido - Game ID: 11041644113, Multiplicador: 3.4x
---
[10/11/2025, 11:58:15 a. m.] Spaceman 1: Multiplicador recibido - Game ID: 11041644113, Multiplicador: 3.41x
---
[10/11/2025, 11:58:15 a. m.] Spaceman 1: Multiplicador recibido - Game ID: 11041644113, Multiplicador: 3.43x
---
[10/11/2025, 11:58:15 a. m.] Spaceman 1: Multiplicador recibido - Game ID: 11041644113, Multiplicador: 3.44x
---
[10/11/2025, 11:58:15 a. m.] Spaceman 1: Multiplicador recibido - Game ID: 11041644113, Multiplicador: 3.46x
---
[10/11/2025, 11:58:15 a. m.] Spaceman 1: Multiplicador recibido - Game ID: 11041644113, Multiplicador: 3.47x
---
[10/11/2025, 11:58:15 a. m.] Spaceman 1: Multiplicador recibido - Game ID: 11041644113, Multiplicador: 3.49x
---
[10/11/2025, 11:58:15 a. m.] Spaceman 1: Multiplicador recibido - Game ID: 11041644113, Multiplicador: 3.5x
---
[10/11/2025, 11:58:15 a. m.] Spaceman 1: Multiplicador recibido - Game ID: 11041644113, Multiplicador: 3.51x
---
[10/11/2025, 11:58:15 a. m.] Spaceman 1: Multiplicador recibido - Game ID: 11041644113, Multiplicador: 3.53x
---
[10/11/2025, 11:58:16 a. m.] Spaceman 1: Multiplicador recibido - Game ID: 11041644113, Multiplicador: 3.54x
---
[10/11/2025, 11:58:16 a. m.] Spaceman 1: Multiplicador recibido - Game ID: 11041644113, Multiplicador: 3.56x
---
[10/11/2025, 11:58:16 a. m.] Spaceman 1: Multiplicador recibido - Game ID: 11041644113, Multiplicador: 3.57x
---
[10/11/2025, 11:58:16 a. m.] Spaceman 1: Multiplicador recibido - Game ID: 11041644113, Multiplicador: 3.59x
---
[10/11/2025, 11:58:16 a. m.] Spaceman 1: Multiplicador recibido - Game ID: 11041644113, Multiplicador: 3.6x
---
[10/11/2025, 11:58:16 a. m.] Spaceman 1: Multiplicador recibido - Game ID: 11041644113, Multiplicador: 3.62x
---
[10/11/2025, 11:58:16 a. m.] Spaceman 1: Multiplicador recibido - Game ID: 11041644113, Multiplicador: 3.63x
---
[10/11/2025, 11:58:16 a. m.] Spaceman 1: Multiplicador recibido - Game ID: 11041644113, Multiplicador: 3.65x
---
[10/11/2025, 11:58:16 a. m.] Spaceman 1: Multiplicador recibido - Game ID: 11041644113, Multiplicador: 3.66x
---
[10/11/2025, 11:58:16 a. m.] Spaceman 1: Multiplicador recibido - Game ID: 11041644113, Multiplicador: 3.68x
---
[10/11/2025, 11:58:16 a. m.] Spaceman 1: Multiplicador recibido - Game ID: 11041644113, Multiplicador: 3.69x
---
[10/11/2025, 11:58:16 a. m.] Spaceman 1: Multiplicador recibido - Game ID: 11041644113, Multiplicador: 3.71x
---
[10/11/2025, 11:58:16 a. m.] Spaceman 1: Multiplicador recibido - Game ID: 11041644113, Multiplicador: 3.73x
---
[10/11/2025, 11:58:16 a. m.] Spaceman 1: Multiplicador recibido - Game ID: 11041644113, Multiplicador: 3.76x
---
[10/11/2025, 11:58:16 a. m.] Spaceman 1: Multiplicador recibido - Game ID: 11041644113, Multiplicador: 3.78x
---
[10/11/2025, 11:58:16 a. m.] Spaceman 1: Multiplicador recibido - Game ID: 11041644113, Multiplicador: 3.79x
---
[10/11/2025, 11:58:16 a. m.] Spaceman 1: Multiplicador recibido - Game ID: 11041644113, Multiplicador: 3.81x
---
[10/11/2025, 11:58:16 a. m.] Spaceman 1: Multiplicador recibido - Game ID: 11041644113, Multiplicador: 3.83x
---
[10/11/2025, 11:58:16 a. m.] Spaceman 1: Multiplicador recibido - Game ID: 11041644113, Multiplicador: 3.84x
---
[10/11/2025, 11:58:17 a. m.] Spaceman 1: Multiplicador recibido - Game ID: 11041644113, Multiplicador: 3.86x
---
[10/11/2025, 11:58:17 a. m.] Spaceman 1: Multiplicador recibido - Game ID: 11041644113, Multiplicador: 3.88x
---
[10/11/2025, 11:58:17 a. m.] Spaceman 1: Multiplicador recibido - Game ID: 11041644113, Multiplicador: 3.89x
---
[10/11/2025, 11:58:17 a. m.] Spaceman 1: Multiplicador recibido - Game ID: 11041644113, Multiplicador: 3.91x
---
[10/11/2025, 11:58:17 a. m.] Spaceman 1: Multiplicador recibido - Game ID: 11041644113, Multiplicador: 3.93x
---
[10/11/2025, 11:58:17 a. m.] Spaceman 1: Multiplicador recibido - Game ID: 11041644113, Multiplicador: 3.94x
---
[10/11/2025, 11:58:17 a. m.] Spaceman 1: Multiplicador recibido - Game ID: 11041644113, Multiplicador: 3.96x
---
[10/11/2025, 11:58:17 a. m.] Spaceman 1: Multiplicador recibido - Game ID: 11041644113, Multiplicador: 3.99x
---
[10/11/2025, 11:58:17 a. m.] Spaceman 1: Multiplicador recibido - Game ID: 11041644113, Multiplicador: 4x
---
[10/11/2025, 11:58:17 a. m.] Spaceman 1: Multiplicador recibido - Game ID: 11041644113, Multiplicador: 4.02x
---
[10/11/2025, 11:58:17 a. m.] Spaceman 1: Multiplicador recibido - Game ID: 11041644113, Multiplicador: 4.04x
---
[10/11/2025, 11:58:17 a. m.] Spaceman 1: Multiplicador recibido - Game ID: 11041644113, Multiplicador: 4.06x
---
[10/11/2025, 11:58:17 a. m.] Spaceman 1: Multiplicador recibido - Game ID: 11041644113, Multiplicador: 4.08x
---
[10/11/2025, 11:58:17 a. m.] Spaceman 1: Multiplicador recibido - Game ID: 11041644113, Multiplicador: 4.09x
---
[10/11/2025, 11:58:17 a. m.] Spaceman 1: Multiplicador recibido - Game ID: 11041644113, Multiplicador: 4.11x
---
[10/11/2025, 11:58:17 a. m.] Spaceman 1: Multiplicador recibido - Game ID: 11041644113, Multiplicador: 4.13x
---
[10/11/2025, 11:58:17 a. m.] Spaceman 1: Multiplicador recibido - Game ID: 11041644113, Multiplicador: 4.15x
---
[10/11/2025, 11:58:17 a. m.] Spaceman 1: Multiplicador recibido - Game ID: 11041644113, Multiplicador: 4.17x
---
[10/11/2025, 11:58:18 a. m.] Spaceman 1: Multiplicador recibido - Game ID: 11041644113, Multiplicador: 4.18x
---
[10/11/2025, 11:58:18 a. m.] Spaceman 1: Multiplicador recibido - Game ID: 11041644113, Multiplicador: 4.2x
---
[10/11/2025, 11:58:18 a. m.] Spaceman 1: Multiplicador recibido - Game ID: 11041644113, Multiplicador: 4.22x
---
[10/11/2025, 11:58:18 a. m.] Spaceman 1: Multiplicador recibido - Game ID: 11041644113, Multiplicador: 4.24x
---
[10/11/2025, 11:58:18 a. m.] Spaceman 1: Multiplicador recibido - Game ID: 11041644113, Multiplicador: 4.26x
---
[10/11/2025, 11:58:18 a. m.] Spaceman 1: Multiplicador recibido - Game ID: 11041644113, Multiplicador: 4.28x
---
[10/11/2025, 11:58:20 a. m.] Spaceman 1: Ping enviado: 1762793900129
---
[10/11/2025, 11:58:28 a. m.] Spaceman 1: Multiplicador recibido - Game ID: 11041644213, Multiplicador: 1.01x
---
[10/11/2025, 11:58:28 a. m.] Spaceman 1: Multiplicador recibido - Game ID: 11041644213, Multiplicador: 1.02x
---
[10/11/2025, 11:58:28 a. m.] Spaceman 1: Multiplicador recibido - Game ID: 11041644213, Multiplicador: 1.03x
---
[10/11/2025, 11:58:28 a. m.] Spaceman 1: Multiplicador recibido - Game ID: 11041644213, Multiplicador: 1.04x
---
[10/11/2025, 11:58:28 a. m.] Spaceman 1: Multiplicador recibido - Game ID: 11041644213, Multiplicador: 1.05x
---
[10/11/2025, 11:58:28 a. m.] Spaceman 1: Multiplicador recibido - Game ID: 11041644213, Multiplicador: 1.06x
---
[10/11/2025, 11:58:29 a. m.] Spaceman 1: Multiplicador recibido - Game ID: 11041644213, Multiplicador: 1.07x
---
[10/11/2025, 11:58:29 a. m.] Spaceman 1: Multiplicador recibido - Game ID: 11041644213, Multiplicador: 1.08x
---
[10/11/2025, 11:58:29 a. m.] Spaceman 1: Multiplicador recibido - Game ID: 11041644213, Multiplicador: 1.09x
---
[10/11/2025, 11:58:29 a. m.] Spaceman 1: Multiplicador recibido - Game ID: 11041644213, Multiplicador: 1.1x
---
[10/11/2025, 11:58:29 a. m.] Spaceman 1: Multiplicador recibido - Game ID: 11041644213, Multiplicador: 1.11x
---
[10/11/2025, 11:58:29 a. m.] Spaceman 1: Multiplicador recibido - Game ID: 11041644213, Multiplicador: 1.12x
---
[10/11/2025, 11:58:29 a. m.] Spaceman 1: Multiplicador recibido - Game ID: 11041644213, Multiplicador: 1.13x
---
[10/11/2025, 11:58:29 a. m.] Spaceman 1: Multiplicador recibido - Game ID: 11041644213, Multiplicador: 1.14x
---
[10/11/2025, 11:58:30 a. m.] Spaceman 1: Multiplicador recibido - Game ID: 11041644213, Multiplicador: 1.15x
---
[10/11/2025, 11:58:30 a. m.] Spaceman 1: Multiplicador recibido - Game ID: 11041644213, Multiplicador: 1.16x
---
[10/11/2025, 11:58:30 a. m.] Spaceman 1: Ping enviado: 1762793910130
---
[10/11/2025, 11:58:30 a. m.] Spaceman 1: Multiplicador recibido - Game ID: 11041644213, Multiplicador: 1.17x
---
[10/11/2025, 11:58:30 a. m.] Spaceman 1: Multiplicador recibido - Game ID: 11041644213, Multiplicador: 1.18x
---
[10/11/2025, 11:58:30 a. m.] Spaceman 1: Multiplicador recibido - Game ID: 11041644213, Multiplicador: 1.19x
---
[10/11/2025, 11:58:30 a. m.] Spaceman 1: Multiplicador recibido - Game ID: 11041644213, Multiplicador: 1.2x
---
[10/11/2025, 11:58:30 a. m.] Spaceman 1: Multiplicador recibido - Game ID: 11041644213, Multiplicador: 1.21x
---
[10/11/2025, 11:58:30 a. m.] Spaceman 1: Multiplicador recibido - Game ID: 11041644213, Multiplicador: 1.22x
---
[10/11/2025, 11:58:30 a. m.] Spaceman 1: Multiplicador recibido - Game ID: 11041644213, Multiplicador: 1.23x
---
[10/11/2025, 11:58:30 a. m.] Spaceman 1: Multiplicador recibido - Game ID: 11041644213, Multiplicador: 1.24x
---
[10/11/2025, 11:58:30 a. m.] Spaceman 1: Multiplicador recibido - Game ID: 11041644213, Multiplicador: 1.25x
---
[10/11/2025, 11:58:31 a. m.] Spaceman 1: Multiplicador recibido - Game ID: 11041644213, Multiplicador: 1.26x
---
[10/11/2025, 11:58:31 a. m.] Spaceman 1: Multiplicador recibido - Game ID: 11041644213, Multiplicador: 1.27x
---
[10/11/2025, 11:58:31 a. m.] Spaceman 1: Multiplicador recibido - Game ID: 11041644213, Multiplicador: 1.28x
---
[10/11/2025, 11:58:31 a. m.] Spaceman 1: Multiplicador recibido - Game ID: 11041644213, Multiplicador: 1.29x
---
[10/11/2025, 11:58:31 a. m.] Spaceman 1: Multiplicador recibido - Game ID: 11041644213, Multiplicador: 1.3x
---
[10/11/2025, 11:58:31 a. m.] Spaceman 1: Multiplicador recibido - Game ID: 11041644213, Multiplicador: 1.31x
---
[10/11/2025, 11:58:31 a. m.] Spaceman 1: Multiplicador recibido - Game ID: 11041644213, Multiplicador: 1.32x
---
[10/11/2025, 11:58:31 a. m.] Spaceman 1: Multiplicador recibido - Game ID: 11041644213, Multiplicador: 1.33x
---
[10/11/2025, 11:58:31 a. m.] Spaceman 1: Multiplicador recibido - Game ID: 11041644213, Multiplicador: 1.34x
---
[10/11/2025, 11:58:31 a. m.] Spaceman 1: Multiplicador recibido - Game ID: 11041644213, Multiplicador: 1.35x
---
[10/11/2025, 11:58:32 a. m.] Spaceman 1: Multiplicador recibido - Game ID: 11041644213, Multiplicador: 1.36x
---
[10/11/2025, 11:58:32 a. m.] Spaceman 1: Multiplicador recibido - Game ID: 11041644213, Multiplicador: 1.37x
---
[10/11/2025, 11:58:32 a. m.] Spaceman 1: Multiplicador recibido - Game ID: 11041644213, Multiplicador: 1.38x
---
[10/11/2025, 11:58:32 a. m.] Spaceman 1: Multiplicador recibido - Game ID: 11041644213, Multiplicador: 1.39x
---
[10/11/2025, 11:58:32 a. m.] Spaceman 1: Multiplicador recibido - Game ID: 11041644213, Multiplicador: 1.4x
---
[10/11/2025, 11:58:32 a. m.] Spaceman 1: Multiplicador recibido - Game ID: 11041644213, Multiplicador: 1.41x
---
[10/11/2025, 11:58:32 a. m.] Spaceman 1: Multiplicador recibido - Game ID: 11041644213, Multiplicador: 1.42x
---
[10/11/2025, 11:58:32 a. m.] Spaceman 1: Multiplicador recibido - Game ID: 11041644213, Multiplicador: 1.43x
---
[10/11/2025, 11:58:32 a. m.] Spaceman 1: Multiplicador recibido - Game ID: 11041644213, Multiplicador: 1.44x
---
[10/11/2025, 11:58:32 a. m.] Spaceman 1: Multiplicador recibido - Game ID: 11041644213, Multiplicador: 1.45x
---
[10/11/2025, 11:58:32 a. m.] Spaceman 1: Multiplicador recibido - Game ID: 11041644213, Multiplicador: 1.46x
---
[10/11/2025, 11:58:32 a. m.] Spaceman 1: Multiplicador recibido - Game ID: 11041644213, Multiplicador: 1.47x
---
[10/11/2025, 11:58:33 a. m.] Spaceman 1: Multiplicador recibido - Game ID: 11041644213, Multiplicador: 1.48x
---
[10/11/2025, 11:58:33 a. m.] Spaceman 1: Multiplicador recibido - Game ID: 11041644213, Multiplicador: 1.49x
---
[10/11/2025, 11:58:33 a. m.] Spaceman 1: Multiplicador recibido - Game ID: 11041644213, Multiplicador: 1.5x
---
[10/11/2025, 11:58:33 a. m.] Spaceman 1: Multiplicador recibido - Game ID: 11041644213, Multiplicador: 1.51x
---
[10/11/2025, 11:58:33 a. m.] Spaceman 1: Multiplicador recibido - Game ID: 11041644213, Multiplicador: 1.52x
---
[10/11/2025, 11:58:33 a. m.] Spaceman 1: Multiplicador recibido - Game ID: 11041644213, Multiplicador: 1.53x
---
[10/11/2025, 11:58:33 a. m.] Spaceman 1: Multiplicador recibido - Game ID: 11041644213, Multiplicador: 1.54x
---
[10/11/2025, 11:58:33 a. m.] Spaceman 1: Multiplicador recibido - Game ID: 11041644213, Multiplicador: 1.55x
---
[10/11/2025, 11:58:33 a. m.] Spaceman 1: Multiplicador recibido - Game ID: 11041644213, Multiplicador: 1.56x
---
[10/11/2025, 11:58:33 a. m.] Spaceman 1: Multiplicador recibido - Game ID: 11041644213, Multiplicador: 1.57x
---
[10/11/2025, 11:58:33 a. m.] Spaceman 1: Multiplicador recibido - Game ID: 11041644213, Multiplicador: 1.58x
---
[10/11/2025, 11:58:33 a. m.] Spaceman 1: Multiplicador recibido - Game ID: 11041644213, Multiplicador: 1.59x
---
[10/11/2025, 11:58:33 a. m.] Spaceman 1: Multiplicador recibido - Game ID: 11041644213, Multiplicador: 1.6x
---
[10/11/2025, 11:58:34 a. m.] Spaceman 1: Multiplicador recibido - Game ID: 11041644213, Multiplicador: 1.61x
---
[10/11/2025, 11:58:34 a. m.] Spaceman 1: Multiplicador recibido - Game ID: 11041644213, Multiplicador: 1.62x
---
[10/11/2025, 11:58:34 a. m.] Spaceman 1: Multiplicador recibido - Game ID: 11041644213, Multiplicador: 1.63x
---
[10/11/2025, 11:58:34 a. m.] Spaceman 1: Multiplicador recibido - Game ID: 11041644213, Multiplicador: 1.64x
---
[10/11/2025, 11:58:34 a. m.] Spaceman 1: Multiplicador recibido - Game ID: 11041644213, Multiplicador: 1.65x
---
[10/11/2025, 11:58:34 a. m.] Spaceman 1: Multiplicador recibido - Game ID: 11041644213, Multiplicador: 1.66x
---
[10/11/2025, 11:58:34 a. m.] Spaceman 1: Multiplicador recibido - Game ID: 11041644213, Multiplicador: 1.67x
---
[10/11/2025, 11:58:34 a. m.] Spaceman 1: Multiplicador recibido - Game ID: 11041644213, Multiplicador: 1.68x
---
[10/11/2025, 11:58:40 a. m.] Spaceman 1: Ping enviado: 1762793920142
---
[10/11/2025, 11:58:44 a. m.] Spaceman 1: Multiplicador recibido - Game ID: 11041644313, Multiplicador: 1.01x
---
[10/11/2025, 11:58:44 a. m.] Spaceman 1: Multiplicador recibido - Game ID: 11041644313, Multiplicador: 1.02x
---
[10/11/2025, 11:58:45 a. m.] Spaceman 1: Multiplicador recibido - Game ID: 11041644313, Multiplicador: 1.03x
---
[10/11/2025, 11:58:45 a. m.] Spaceman 1: Multiplicador recibido - Game ID: 11041644313, Multiplicador: 1.04x
---
[10/11/2025, 11:58:45 a. m.] Spaceman 1: Multiplicador recibido - Game ID: 11041644313, Multiplicador: 1.05x
---
[10/11/2025, 11:58:45 a. m.] Spaceman 1: Multiplicador recibido - Game ID: 11041644313, Multiplicador: 1.06x
---
[10/11/2025, 11:58:45 a. m.] Spaceman 1: Multiplicador recibido - Game ID: 11041644313, Multiplicador: 1.07x
---
[10/11/2025, 11:58:45 a. m.] Spaceman 1: Multiplicador recibido - Game ID: 11041644313, Multiplicador: 1.08x
---
[10/11/2025, 11:58:45 a. m.] Spaceman 1: Multiplicador recibido - Game ID: 11041644313, Multiplicador: 1.09x
---
[10/11/2025, 11:58:45 a. m.] Spaceman 1: Multiplicador recibido - Game ID: 11041644313, Multiplicador: 1.1x
---
[10/11/2025, 11:58:45 a. m.] Spaceman 1: Multiplicador recibido - Game ID: 11041644313, Multiplicador: 1.11x
---
[10/11/2025, 11:58:45 a. m.] Spaceman 1: Multiplicador recibido - Game ID: 11041644313, Multiplicador: 1.12x
---
[10/11/2025, 11:58:46 a. m.] Spaceman 1: Multiplicador recibido - Game ID: 11041644313, Multiplicador: 1.13x
---
[10/11/2025, 11:58:46 a. m.] Spaceman 1: Multiplicador recibido - Game ID: 11041644313, Multiplicador: 1.14x
---
[10/11/2025, 11:58:46 a. m.] Spaceman 1: Multiplicador recibido - Game ID: 11041644313, Multiplicador: 1.15x
---
[10/11/2025, 11:58:46 a. m.] Spaceman 1: Multiplicador recibido - Game ID: 11041644313, Multiplicador: 1.16x
---
[10/11/2025, 11:58:46 a. m.] Spaceman 1: Multiplicador recibido - Game ID: 11041644313, Multiplicador: 1.17x
---
[10/11/2025, 11:58:46 a. m.] Spaceman 1: Multiplicador recibido - Game ID: 11041644313, Multiplicador: 1.18x
---
[10/11/2025, 11:58:46 a. m.] Spaceman 1: Multiplicador recibido - Game ID: 11041644313, Multiplicador: 1.19x
---
[10/11/2025, 11:58:46 a. m.] Spaceman 1: Multiplicador recibido - Game ID: 11041644313, Multiplicador: 1.2x
---
[10/11/2025, 11:58:46 a. m.] Spaceman 1: Multiplicador recibido - Game ID: 11041644313, Multiplicador: 1.21x
---
[10/11/2025, 11:58:47 a. m.] Spaceman 1: Multiplicador recibido - Game ID: 11041644313, Multiplicador: 1.22x
---
[10/11/2025, 11:58:47 a. m.] Spaceman 1: Multiplicador recibido - Game ID: 11041644313, Multiplicador: 1.23x
---
[10/11/2025, 11:58:47 a. m.] Spaceman 1: Multiplicador recibido - Game ID: 11041644313, Multiplicador: 1.24x
---
[10/11/2025, 11:58:47 a. m.] Spaceman 1: Multiplicador recibido - Game ID: 11041644313, Multiplicador: 1.25x
---
[10/11/2025, 11:58:47 a. m.] Spaceman 1: Multiplicador recibido - Game ID: 11041644313, Multiplicador: 1.26x
---
[10/11/2025, 11:58:47 a. m.] Spaceman 1: Multiplicador recibido - Game ID: 11041644313, Multiplicador: 1.27x
---
[10/11/2025, 11:58:47 a. m.] Spaceman 1: Multiplicador recibido - Game ID: 11041644313, Multiplicador: 1.28x
---
[10/11/2025, 11:58:47 a. m.] Spaceman 1: Multiplicador recibido - Game ID: 11041644313, Multiplicador: 1.29x
---
[10/11/2025, 11:58:47 a. m.] Spaceman 1: Multiplicador recibido - Game ID: 11041644313, Multiplicador: 1.3x
---
[10/11/2025, 11:58:47 a. m.] Spaceman 1: Multiplicador recibido - Game ID: 11041644313, Multiplicador: 1.31x
---
[10/11/2025, 11:58:47 a. m.] Spaceman 1: Multiplicador recibido - Game ID: 11041644313, Multiplicador: 1.32x
---
[10/11/2025, 11:58:48 a. m.] Spaceman 1: Multiplicador recibido - Game ID: 11041644313, Multiplicador: 1.33x
---
[10/11/2025, 11:58:48 a. m.] Spaceman 1: Multiplicador recibido - Game ID: 11041644313, Multiplicador: 1.34x
---
[10/11/2025, 11:58:48 a. m.] Spaceman 1: Multiplicador recibido - Game ID: 11041644313, Multiplicador: 1.35x
---
[10/11/2025, 11:58:48 a. m.] Spaceman 1: Multiplicador recibido - Game ID: 11041644313, Multiplicador: 1.36x
---
[10/11/2025, 11:58:48 a. m.] Spaceman 1: Multiplicador recibido - Game ID: 11041644313, Multiplicador: 1.37x
---
[10/11/2025, 11:58:48 a. m.] Spaceman 1: Multiplicador recibido - Game ID: 11041644313, Multiplicador: 1.38x
---
[10/11/2025, 11:58:48 a. m.] Spaceman 1: Multiplicador recibido - Game ID: 11041644313, Multiplicador: 1.39x
---
[10/11/2025, 11:58:48 a. m.] Spaceman 1: Multiplicador recibido - Game ID: 11041644313, Multiplicador: 1.4x
---
[10/11/2025, 11:58:48 a. m.] Spaceman 1: Multiplicador recibido - Game ID: 11041644313, Multiplicador: 1.41x
---
[10/11/2025, 11:58:48 a. m.] Spaceman 1: Multiplicador recibido - Game ID: 11041644313, Multiplicador: 1.42x
---
[10/11/2025, 11:58:48 a. m.] Spaceman 1: Multiplicador recibido - Game ID: 11041644313, Multiplicador: 1.43x
---
[10/11/2025, 11:58:49 a. m.] Spaceman 1: Multiplicador recibido - Game ID: 11041644313, Multiplicador: 1.44x
---
[10/11/2025, 11:58:49 a. m.] Spaceman 1: Multiplicador recibido - Game ID: 11041644313, Multiplicador: 1.45x
---
[10/11/2025, 11:58:49 a. m.] Spaceman 1: Multiplicador recibido - Game ID: 11041644313, Multiplicador: 1.46x
---
[10/11/2025, 11:58:49 a. m.] Spaceman 1: Multiplicador recibido - Game ID: 11041644313, Multiplicador: 1.47x
---
[10/11/2025, 11:58:49 a. m.] Spaceman 1: Multiplicador recibido - Game ID: 11041644313, Multiplicador: 1.48x
---
[10/11/2025, 11:58:49 a. m.] Spaceman 1: Multiplicador recibido - Game ID: 11041644313, Multiplicador: 1.49x
---
[10/11/2025, 11:58:49 a. m.] Spaceman 1: Multiplicador recibido - Game ID: 11041644313, Multiplicador: 1.5x
---
[10/11/2025, 11:58:49 a. m.] Spaceman 1: Multiplicador recibido - Game ID: 11041644313, Multiplicador: 1.51x
---
[10/11/2025, 11:58:49 a. m.] Spaceman 1: Multiplicador recibido - Game ID: 11041644313, Multiplicador: 1.52x
---
[10/11/2025, 11:58:49 a. m.] Spaceman 1: Multiplicador recibido - Game ID: 11041644313, Multiplicador: 1.53x
---
[10/11/2025, 11:58:49 a. m.] Spaceman 1: Multiplicador recibido - Game ID: 11041644313, Multiplicador: 1.54x
---
[10/11/2025, 11:58:49 a. m.] Spaceman 1: Multiplicador recibido - Game ID: 11041644313, Multiplicador: 1.55x
---
[10/11/2025, 11:58:50 a. m.] Spaceman 1: Multiplicador recibido - Game ID: 11041644313, Multiplicador: 1.56x
---
[10/11/2025, 11:58:50 a. m.] Spaceman 1: Multiplicador recibido - Game ID: 11041644313, Multiplicador: 1.57x
---
[10/11/2025, 11:58:50 a. m.] Spaceman 1: Ping enviado: 1762793930145
---
[10/11/2025, 11:58:50 a. m.] Spaceman 1: Multiplicador recibido - Game ID: 11041644313, Multiplicador: 1.58x
---
[10/11/2025, 11:58:50 a. m.] Spaceman 1: Multiplicador recibido - Game ID: 11041644313, Multiplicador: 1.59x
---
[10/11/2025, 11:58:50 a. m.] Spaceman 1: Multiplicador recibido - Game ID: 11041644313, Multiplicador: 1.6x
---
[10/11/2025, 11:58:50 a. m.] Spaceman 1: Multiplicador recibido - Game ID: 11041644313, Multiplicador: 1.61x
---
[10/11/2025, 11:58:50 a. m.] Spaceman 1: Multiplicador recibido - Game ID: 11041644313, Multiplicador: 1.62x
---
[10/11/2025, 11:58:50 a. m.] Spaceman 1: Multiplicador recibido - Game ID: 11041644313, Multiplicador: 1.63x
---
[10/11/2025, 11:58:50 a. m.] Spaceman 1: Multiplicador recibido - Game ID: 11041644313, Multiplicador: 1.64x
---
[10/11/2025, 11:58:50 a. m.] Spaceman 1: Multiplicador recibido - Game ID: 11041644313, Multiplicador: 1.65x
---
[10/11/2025, 11:58:50 a. m.] Spaceman 1: Multiplicador recibido - Game ID: 11041644313, Multiplicador: 1.66x
---
[10/11/2025, 11:58:50 a. m.] Spaceman 1: Multiplicador recibido - Game ID: 11041644313, Multiplicador: 1.67x
---
[10/11/2025, 11:58:50 a. m.] Spaceman 1: Multiplicador recibido - Game ID: 11041644313, Multiplicador: 1.68x
---
[10/11/2025, 11:58:50 a. m.] Spaceman 1: Multiplicador recibido - Game ID: 11041644313, Multiplicador: 1.69x
---
[10/11/2025, 11:58:51 a. m.] Spaceman 1: Multiplicador recibido - Game ID: 11041644313, Multiplicador: 1.7x
---
[10/11/2025, 11:58:51 a. m.] Spaceman 1: Multiplicador recibido - Game ID: 11041644313, Multiplicador: 1.71x
---
[10/11/2025, 11:58:51 a. m.] Spaceman 1: Multiplicador recibido - Game ID: 11041644313, Multiplicador: 1.72x
---
[10/11/2025, 11:58:51 a. m.] Spaceman 1: Multiplicador recibido - Game ID: 11041644313, Multiplicador: 1.73x
---
[10/11/2025, 11:58:51 a. m.] Spaceman 1: Multiplicador recibido - Game ID: 11041644313, Multiplicador: 1.74x
---
[10/11/2025, 11:58:51 a. m.] Spaceman 1: Multiplicador recibido - Game ID: 11041644313, Multiplicador: 1.75x
---
[10/11/2025, 11:58:51 a. m.] Spaceman 1: Multiplicador recibido - Game ID: 11041644313, Multiplicador: 1.76x
---
[10/11/2025, 11:58:51 a. m.] Spaceman 1: Multiplicador recibido - Game ID: 11041644313, Multiplicador: 1.77x
---
[10/11/2025, 11:58:51 a. m.] Spaceman 1: Multiplicador recibido - Game ID: 11041644313, Multiplicador: 1.78x
---
[10/11/2025, 11:58:51 a. m.] Spaceman 1: Multiplicador recibido - Game ID: 11041644313, Multiplicador: 1.79x
---
[10/11/2025, 11:58:51 a. m.] Spaceman 1: Multiplicador recibido - Game ID: 11041644313, Multiplicador: 1.8x
---
[10/11/2025, 11:58:51 a. m.] Spaceman 1: Multiplicador recibido - Game ID: 11041644313, Multiplicador: 1.81x
---
[10/11/2025, 11:58:51 a. m.] Spaceman 1: Multiplicador recibido - Game ID: 11041644313, Multiplicador: 1.82x
---
[10/11/2025, 11:58:51 a. m.] Spaceman 1: Multiplicador recibido - Game ID: 11041644313, Multiplicador: 1.83x
---
[10/11/2025, 11:58:52 a. m.] Spaceman 1: Multiplicador recibido - Game ID: 11041644313, Multiplicador: 1.84x
---
[10/11/2025, 11:58:52 a. m.] Spaceman 1: Multiplicador recibido - Game ID: 11041644313, Multiplicador: 1.85x
---
[10/11/2025, 11:58:52 a. m.] Spaceman 1: Multiplicador recibido - Game ID: 11041644313, Multiplicador: 1.86x
---
[10/11/2025, 11:58:52 a. m.] Spaceman 1: Multiplicador recibido - Game ID: 11041644313, Multiplicador: 1.87x
---
[10/11/2025, 11:58:52 a. m.] Spaceman 1: Multiplicador recibido - Game ID: 11041644313, Multiplicador: 1.88x
---
[10/11/2025, 11:58:52 a. m.] Spaceman 1: Multiplicador recibido - Game ID: 11041644313, Multiplicador: 1.89x
---
[10/11/2025, 11:58:52 a. m.] Spaceman 1: Multiplicador recibido - Game ID: 11041644313, Multiplicador: 1.9x
---
[10/11/2025, 11:58:52 a. m.] Spaceman 1: Multiplicador recibido - Game ID: 11041644313, Multiplicador: 1.91x
---
[10/11/2025, 11:58:52 a. m.] Spaceman 1: Multiplicador recibido - Game ID: 11041644313, Multiplicador: 1.92x
---
[10/11/2025, 11:58:52 a. m.] Spaceman 1: Multiplicador recibido - Game ID: 11041644313, Multiplicador: 1.93x
---
[10/11/2025, 11:58:52 a. m.] Spaceman 1: Multiplicador recibido - Game ID: 11041644313, Multiplicador: 1.94x
---
[10/11/2025, 11:58:52 a. m.] Spaceman 1: Multiplicador recibido - Game ID: 11041644313, Multiplicador: 1.95x
---
[10/11/2025, 11:58:52 a. m.] Spaceman 1: Multiplicador recibido - Game ID: 11041644313, Multiplicador: 1.96x
---
[10/11/2025, 11:58:52 a. m.] Spaceman 1: Multiplicador recibido - Game ID: 11041644313, Multiplicador: 1.97x
---
[10/11/2025, 11:58:52 a. m.] Spaceman 1: Multiplicador recibido - Game ID: 11041644313, Multiplicador: 1.98x
---
[10/11/2025, 11:58:52 a. m.] Spaceman 1: Multiplicador recibido - Game ID: 11041644313, Multiplicador: 1.99x
---
[10/11/2025, 11:58:53 a. m.] Spaceman 1: Multiplicador recibido - Game ID: 11041644313, Multiplicador: 2.01x
---
[10/11/2025, 11:58:53 a. m.] Spaceman 1: Multiplicador recibido - Game ID: 11041644313, Multiplicador: 2.02x
---
[10/11/2025, 11:58:53 a. m.] Spaceman 1: Multiplicador recibido - Game ID: 11041644313, Multiplicador: 2.03x
---
[10/11/2025, 11:58:53 a. m.] Spaceman 1: Multiplicador recibido - Game ID: 11041644313, Multiplicador: 2.04x
---
[10/11/2025, 11:58:53 a. m.] Spaceman 1: Multiplicador recibido - Game ID: 11041644313, Multiplicador: 2.05x
---
[10/11/2025, 11:58:53 a. m.] Spaceman 1: Multiplicador recibido - Game ID: 11041644313, Multiplicador: 2.06x
---
[10/11/2025, 11:58:53 a. m.] Spaceman 1: Multiplicador recibido - Game ID: 11041644313, Multiplicador: 2.07x
---
[10/11/2025, 11:58:53 a. m.] Spaceman 1: Multiplicador recibido - Game ID: 11041644313, Multiplicador: 2.08x
---
[10/11/2025, 11:58:53 a. m.] Spaceman 1: Multiplicador recibido - Game ID: 11041644313, Multiplicador: 2.09x
---
[10/11/2025, 11:58:53 a. m.] Spaceman 1: Multiplicador recibido - Game ID: 11041644313, Multiplicador: 2.1x
---
[10/11/2025, 11:58:53 a. m.] Spaceman 1: Multiplicador recibido - Game ID: 11041644313, Multiplicador: 2.11x
---
[10/11/2025, 11:58:53 a. m.] Spaceman 1: Multiplicador recibido - Game ID: 11041644313, Multiplicador: 2.12x
---
[10/11/2025, 11:58:53 a. m.] Spaceman 1: Multiplicador recibido - Game ID: 11041644313, Multiplicador: 2.14x
---
[10/11/2025, 11:58:53 a. m.] Spaceman 1: Multiplicador recibido - Game ID: 11041644313, Multiplicador: 2.15x
---
[10/11/2025, 11:58:53 a. m.] Spaceman 1: Multiplicador recibido - Game ID: 11041644313, Multiplicador: 2.16x
---
[10/11/2025, 11:58:53 a. m.] Spaceman 1: Multiplicador recibido - Game ID: 11041644313, Multiplicador: 2.17x
---
[10/11/2025, 11:58:54 a. m.] Spaceman 1: Multiplicador recibido - Game ID: 11041644313, Multiplicador: 2.18x
---
[10/11/2025, 11:58:54 a. m.] Spaceman 1: Multiplicador recibido - Game ID: 11041644313, Multiplicador: 2.19x
---
[10/11/2025, 11:58:54 a. m.] Spaceman 1: Multiplicador recibido - Game ID: 11041644313, Multiplicador: 2.2x
---
[10/11/2025, 11:58:54 a. m.] Spaceman 1: Multiplicador recibido - Game ID: 11041644313, Multiplicador: 2.21x
---
[10/11/2025, 11:58:54 a. m.] Spaceman 1: Multiplicador recibido - Game ID: 11041644313, Multiplicador: 2.22x
---
[10/11/2025, 11:58:54 a. m.] Spaceman 1: Multiplicador recibido - Game ID: 11041644313, Multiplicador: 2.23x
---
[10/11/2025, 11:58:54 a. m.] Spaceman 1: Multiplicador recibido - Game ID: 11041644313, Multiplicador: 2.24x
---
[10/11/2025, 11:58:54 a. m.] Spaceman 1: Multiplicador recibido - Game ID: 11041644313, Multiplicador: 2.25x
---
[10/11/2025, 11:58:54 a. m.] Spaceman 1: Multiplicador recibido - Game ID: 11041644313, Multiplicador: 2.27x
---
[10/11/2025, 11:58:54 a. m.] Spaceman 1: Multiplicador recibido - Game ID: 11041644313, Multiplicador: 2.28x
---
[10/11/2025, 11:58:54 a. m.] Spaceman 1: Multiplicador recibido - Game ID: 11041644313, Multiplicador: 2.29x
---
[10/11/2025, 11:58:54 a. m.] Spaceman 1: Multiplicador recibido - Game ID: 11041644313, Multiplicador: 2.3x
---
[10/11/2025, 11:58:54 a. m.] Spaceman 1: Multiplicador recibido - Game ID: 11041644313, Multiplicador: 2.31x
---
[10/11/2025, 11:58:54 a. m.] Spaceman 1: Multiplicador recibido - Game ID: 11041644313, Multiplicador: 2.32x
---
[10/11/2025, 11:58:54 a. m.] Spaceman 1: Multiplicador recibido - Game ID: 11041644313, Multiplicador: 2.33x
---
[10/11/2025, 11:58:54 a. m.] Spaceman 1: Multiplicador recibido - Game ID: 11041644313, Multiplicador: 2.34x
---
[10/11/2025, 11:58:54 a. m.] Spaceman 1: Multiplicador recibido - Game ID: 11041644313, Multiplicador: 2.35x
---
[10/11/2025, 11:58:54 a. m.] Spaceman 1: Multiplicador recibido - Game ID: 11041644313, Multiplicador: 2.36x
---
[10/11/2025, 11:58:55 a. m.] Spaceman 1: Multiplicador recibido - Game ID: 11041644313, Multiplicador: 2.37x
---
[10/11/2025, 11:58:55 a. m.] Spaceman 1: Multiplicador recibido - Game ID: 11041644313, Multiplicador: 2.38x
---
[10/11/2025, 11:58:55 a. m.] Spaceman 1: Multiplicador recibido - Game ID: 11041644313, Multiplicador: 2.39x
---
[10/11/2025, 11:58:55 a. m.] Spaceman 1: Multiplicador recibido - Game ID: 11041644313, Multiplicador: 2.4x
---
[10/11/2025, 11:58:55 a. m.] Spaceman 1: Multiplicador recibido - Game ID: 11041644313, Multiplicador: 2.41x
---
[10/11/2025, 11:58:55 a. m.] Spaceman 1: Multiplicador recibido - Game ID: 11041644313, Multiplicador: 2.42x
---
[10/11/2025, 11:58:55 a. m.] Spaceman 1: Multiplicador recibido - Game ID: 11041644313, Multiplicador: 2.43x
---
[10/11/2025, 11:58:55 a. m.] Spaceman 1: Multiplicador recibido - Game ID: 11041644313, Multiplicador: 2.44x
---
[10/11/2025, 11:58:55 a. m.] Spaceman 1: Multiplicador recibido - Game ID: 11041644313, Multiplicador: 2.45x
---
[10/11/2025, 11:58:55 a. m.] Spaceman 1: Multiplicador recibido - Game ID: 11041644313, Multiplicador: 2.46x
---
[10/11/2025, 11:58:55 a. m.] Spaceman 1: Multiplicador recibido - Game ID: 11041644313, Multiplicador: 2.47x
---
[10/11/2025, 11:58:55 a. m.] Spaceman 1: Multiplicador recibido - Game ID: 11041644313, Multiplicador: 2.48x
---
[10/11/2025, 11:58:55 a. m.] Spaceman 1: Multiplicador recibido - Game ID: 11041644313, Multiplicador: 2.49x
---
[10/11/2025, 11:58:55 a. m.] Spaceman 1: Multiplicador recibido - Game ID: 11041644313, Multiplicador: 2.51x
---
[10/11/2025, 11:58:55 a. m.] Spaceman 1: Multiplicador recibido - Game ID: 11041644313, Multiplicador: 2.52x
---
[10/11/2025, 11:58:55 a. m.] Spaceman 1: Multiplicador recibido - Game ID: 11041644313, Multiplicador: 2.53x
---
[10/11/2025, 11:58:55 a. m.] Spaceman 1: Multiplicador recibido - Game ID: 11041644313, Multiplicador: 2.54x
---
[10/11/2025, 11:58:55 a. m.] Spaceman 1: Multiplicador recibido - Game ID: 11041644313, Multiplicador: 2.55x
---
[10/11/2025, 11:58:55 a. m.] Spaceman 1: Multiplicador recibido - Game ID: 11041644313, Multiplicador: 2.57x
---
[10/11/2025, 11:58:56 a. m.] Spaceman 1: Multiplicador recibido - Game ID: 11041644313, Multiplicador: 2.58x
---
[10/11/2025, 11:58:56 a. m.] Spaceman 1: Multiplicador recibido - Game ID: 11041644313, Multiplicador: 2.59x
---
[10/11/2025, 11:58:56 a. m.] Spaceman 1: Multiplicador recibido - Game ID: 11041644313, Multiplicador: 2.6x
---
[10/11/2025, 11:58:56 a. m.] Spaceman 1: Multiplicador recibido - Game ID: 11041644313, Multiplicador: 2.61x
---
[10/11/2025, 11:58:56 a. m.] Spaceman 1: Multiplicador recibido - Game ID: 11041644313, Multiplicador: 2.62x
---
[10/11/2025, 11:58:56 a. m.] Spaceman 1: Multiplicador recibido - Game ID: 11041644313, Multiplicador: 2.63x
---
[10/11/2025, 11:58:56 a. m.] Spaceman 1: Multiplicador recibido - Game ID: 11041644313, Multiplicador: 2.64x
---
[10/11/2025, 11:58:56 a. m.] Spaceman 1: Multiplicador recibido - Game ID: 11041644313, Multiplicador: 2.66x
---
[10/11/2025, 11:58:56 a. m.] Spaceman 1: Multiplicador recibido - Game ID: 11041644313, Multiplicador: 2.67x
---
[10/11/2025, 11:58:56 a. m.] Spaceman 1: Multiplicador recibido - Game ID: 11041644313, Multiplicador: 2.68x
---
[10/11/2025, 11:58:56 a. m.] Spaceman 1: Multiplicador recibido - Game ID: 11041644313, Multiplicador: 2.69x
---
[10/11/2025, 11:58:56 a. m.] Spaceman 1: Multiplicador recibido - Game ID: 11041644313, Multiplicador: 2.7x
---
[10/11/2025, 11:58:56 a. m.] Spaceman 1: Multiplicador recibido - Game ID: 11041644313, Multiplicador: 2.71x
---
[10/11/2025, 11:58:56 a. m.] Spaceman 1: Multiplicador recibido - Game ID: 11041644313, Multiplicador: 2.72x
---
[10/11/2025, 11:58:56 a. m.] Spaceman 1: Multiplicador recibido - Game ID: 11041644313, Multiplicador: 2.74x
---
[10/11/2025, 11:58:56 a. m.] Spaceman 1: Multiplicador recibido - Game ID: 11041644313, Multiplicador: 2.75x
---
[10/11/2025, 11:58:56 a. m.] Spaceman 1: Multiplicador recibido - Game ID: 11041644313, Multiplicador: 2.77x
---
[10/11/2025, 11:58:56 a. m.] Spaceman 1: Multiplicador recibido - Game ID: 11041644313, Multiplicador: 2.78x
---
[10/11/2025, 11:58:56 a. m.] Spaceman 1: Multiplicador recibido - Game ID: 11041644313, Multiplicador: 2.79x
---
[10/11/2025, 11:58:57 a. m.] Spaceman 1: Multiplicador recibido - Game ID: 11041644313, Multiplicador: 2.8x
---
[10/11/2025, 11:58:57 a. m.] Spaceman 1: Multiplicador recibido - Game ID: 11041644313, Multiplicador: 2.81x
---
[10/11/2025, 11:58:57 a. m.] Spaceman 1: Multiplicador recibido - Game ID: 11041644313, Multiplicador: 2.82x
---
[10/11/2025, 11:58:57 a. m.] Spaceman 1: Multiplicador recibido - Game ID: 11041644313, Multiplicador: 2.84x
---
[10/11/2025, 11:58:57 a. m.] Spaceman 1: Multiplicador recibido - Game ID: 11041644313, Multiplicador: 2.85x
---
[10/11/2025, 11:58:57 a. m.] Spaceman 1: Multiplicador recibido - Game ID: 11041644313, Multiplicador: 2.86x
---
[10/11/2025, 11:58:57 a. m.] Spaceman 1: Multiplicador recibido - Game ID: 11041644313, Multiplicador: 2.87x
---
[10/11/2025, 11:58:57 a. m.] Spaceman 1: Multiplicador recibido - Game ID: 11041644313, Multiplicador: 2.89x
---
[10/11/2025, 11:58:57 a. m.] Spaceman 1: Multiplicador recibido - Game ID: 11041644313, Multiplicador: 2.9x
---
[10/11/2025, 11:58:57 a. m.] Spaceman 1: Multiplicador recibido - Game ID: 11041644313, Multiplicador: 2.91x
---
[10/11/2025, 11:58:57 a. m.] Spaceman 1: Multiplicador recibido - Game ID: 11041644313, Multiplicador: 2.92x
---
[10/11/2025, 11:59:00 a. m.] Spaceman 1: Ping enviado: 1762793940152
---
[10/11/2025, 11:59:07 a. m.] Spaceman 1: Multiplicador recibido - Game ID: 11041644413, Multiplicador: 1.01x
---
[10/11/2025, 11:59:07 a. m.] Spaceman 1: Multiplicador recibido - Game ID: 11041644413, Multiplicador: 1.02x
---
[10/11/2025, 11:59:08 a. m.] Spaceman 1: Multiplicador recibido - Game ID: 11041644413, Multiplicador: 1.03x
---
[10/11/2025, 11:59:08 a. m.] Spaceman 1: Multiplicador recibido - Game ID: 11041644413, Multiplicador: 1.04x
---
[10/11/2025, 11:59:08 a. m.] Spaceman 1: Multiplicador recibido - Game ID: 11041644413, Multiplicador: 1.05x
---
[10/11/2025, 11:59:08 a. m.] Spaceman 1: Multiplicador recibido - Game ID: 11041644413, Multiplicador: 1.06x
---
[10/11/2025, 11:59:08 a. m.] Spaceman 1: Multiplicador recibido - Game ID: 11041644413, Multiplicador: 1.07x
---
[10/11/2025, 11:59:08 a. m.] Spaceman 1: Multiplicador recibido - Game ID: 11041644413, Multiplicador: 1.08x
---
[10/11/2025, 11:59:08 a. m.] Spaceman 1: Multiplicador recibido - Game ID: 11041644413, Multiplicador: 1.09x
---
[10/11/2025, 11:59:08 a. m.] Spaceman 1: Multiplicador recibido - Game ID: 11041644413, Multiplicador: 1.1x
---
[10/11/2025, 11:59:08 a. m.] Spaceman 1: Multiplicador recibido - Game ID: 11041644413, Multiplicador: 1.11x
---
[10/11/2025, 11:59:09 a. m.] Spaceman 1: Multiplicador recibido - Game ID: 11041644413, Multiplicador: 1.12x
---
[10/11/2025, 11:59:09 a. m.] Spaceman 1: Multiplicador recibido - Game ID: 11041644413, Multiplicador: 1.13x
---
[10/11/2025, 11:59:09 a. m.] Spaceman 1: Multiplicador recibido - Game ID: 11041644413, Multiplicador: 1.14x
---
[10/11/2025, 11:59:09 a. m.] Spaceman 1: Multiplicador recibido - Game ID: 11041644413, Multiplicador: 1.15x
---
[10/11/2025, 11:59:09 a. m.] Spaceman 1: Multiplicador recibido - Game ID: 11041644413, Multiplicador: 1.16x
---
[10/11/2025, 11:59:09 a. m.] Spaceman 1: Multiplicador recibido - Game ID: 11041644413, Multiplicador: 1.17x
---
[10/11/2025, 11:59:09 a. m.] Spaceman 1: Multiplicador recibido - Game ID: 11041644413, Multiplicador: 1.18x
---
[10/11/2025, 11:59:09 a. m.] Spaceman 1: Multiplicador recibido - Game ID: 11041644413, Multiplicador: 1.19x
---
[10/11/2025, 11:59:09 a. m.] Spaceman 1: Multiplicador recibido - Game ID: 11041644413, Multiplicador: 1.2x
---
[10/11/2025, 11:59:10 a. m.] Spaceman 1: Multiplicador recibido - Game ID: 11041644413, Multiplicador: 1.21x
---
[10/11/2025, 11:59:10 a. m.] Spaceman 1: Ping enviado: 1762793950160
---
[10/11/2025, 11:59:10 a. m.] Spaceman 1: Multiplicador recibido - Game ID: 11041644413, Multiplicador: 1.22x
---
[10/11/2025, 11:59:10 a. m.] Spaceman 1: Multiplicador recibido - Game ID: 11041644413, Multiplicador: 1.23x
---
[10/11/2025, 11:59:10 a. m.] Spaceman 1: Multiplicador recibido - Game ID: 11041644413, Multiplicador: 1.24x
---
[10/11/2025, 11:59:10 a. m.] Spaceman 1: Multiplicador recibido - Game ID: 11041644413, Multiplicador: 1.25x
---
[10/11/2025, 11:59:10 a. m.] Spaceman 1: Multiplicador recibido - Game ID: 11041644413, Multiplicador: 1.26x
---
[10/11/2025, 11:59:10 a. m.] Spaceman 1: Multiplicador recibido - Game ID: 11041644413, Multiplicador: 1.27x
---
[10/11/2025, 11:59:10 a. m.] Spaceman 1: Multiplicador recibido - Game ID: 11041644413, Multiplicador: 1.28x
---
[10/11/2025, 11:59:10 a. m.] Spaceman 1: Multiplicador recibido - Game ID: 11041644413, Multiplicador: 1.29x
---
[10/11/2025, 11:59:10 a. m.] Spaceman 1: Multiplicador recibido - Game ID: 11041644413, Multiplicador: 1.3x
---
[10/11/2025, 11:59:10 a. m.] Spaceman 1: Multiplicador recibido - Game ID: 11041644413, Multiplicador: 1.31x
---
[10/11/2025, 11:59:11 a. m.] Spaceman 1: Multiplicador recibido - Game ID: 11041644413, Multiplicador: 1.32x
---
[10/11/2025, 11:59:11 a. m.] Spaceman 1: Multiplicador recibido - Game ID: 11041644413, Multiplicador: 1.33x
---
[10/11/2025, 11:59:11 a. m.] Spaceman 1: Multiplicador recibido - Game ID: 11041644413, Multiplicador: 1.34x
---
[10/11/2025, 11:59:11 a. m.] Spaceman 1: Multiplicador recibido - Game ID: 11041644413, Multiplicador: 1.35x
---
[10/11/2025, 11:59:11 a. m.] Spaceman 1: Multiplicador recibido - Game ID: 11041644413, Multiplicador: 1.36x
---
[10/11/2025, 11:59:11 a. m.] Spaceman 1: Multiplicador recibido - Game ID: 11041644413, Multiplicador: 1.37x
---
[10/11/2025, 11:59:11 a. m.] Spaceman 1: Multiplicador recibido - Game ID: 11041644413, Multiplicador: 1.38x
---
[10/11/2025, 11:59:11 a. m.] Spaceman 1: Multiplicador recibido - Game ID: 11041644413, Multiplicador: 1.39x
---
[10/11/2025, 11:59:11 a. m.] Spaceman 1: Multiplicador recibido - Game ID: 11041644413, Multiplicador: 1.4x
---
[10/11/2025, 11:59:11 a. m.] Spaceman 1: Multiplicador recibido - Game ID: 11041644413, Multiplicador: 1.41x
---
[10/11/2025, 11:59:11 a. m.] Spaceman 1: Multiplicador recibido - Game ID: 11041644413, Multiplicador: 1.42x
---
[10/11/2025, 11:59:11 a. m.] Spaceman 1: Multiplicador recibido - Game ID: 11041644413, Multiplicador: 1.43x
---
[10/11/2025, 11:59:12 a. m.] Spaceman 1: Multiplicador recibido - Game ID: 11041644413, Multiplicador: 1.44x
---
[10/11/2025, 11:59:12 a. m.] Spaceman 1: Multiplicador recibido - Game ID: 11041644413, Multiplicador: 1.45x
---
[10/11/2025, 11:59:12 a. m.] Spaceman 1: Multiplicador recibido - Game ID: 11041644413, Multiplicador: 1.46x
---
[10/11/2025, 11:59:12 a. m.] Spaceman 1: Multiplicador recibido - Game ID: 11041644413, Multiplicador: 1.47x
---
[10/11/2025, 11:59:12 a. m.] Spaceman 1: Multiplicador recibido - Game ID: 11041644413, Multiplicador: 1.48x
---
[10/11/2025, 11:59:12 a. m.] Spaceman 1: Multiplicador recibido - Game ID: 11041644413, Multiplicador: 1.49x
---
[10/11/2025, 11:59:12 a. m.] Spaceman 1: Multiplicador recibido - Game ID: 11041644413, Multiplicador: 1.5x
---
[10/11/2025, 11:59:12 a. m.] Spaceman 1: Multiplicador recibido - Game ID: 11041644413, Multiplicador: 1.51x
---
[10/11/2025, 11:59:12 a. m.] Spaceman 1: Multiplicador recibido - Game ID: 11041644413, Multiplicador: 1.52x
---
[10/11/2025, 11:59:12 a. m.] Spaceman 1: Multiplicador recibido - Game ID: 11041644413, Multiplicador: 1.53x
---
[10/11/2025, 11:59:12 a. m.] Spaceman 1: Multiplicador recibido - Game ID: 11041644413, Multiplicador: 1.54x
---
[10/11/2025, 11:59:12 a. m.] Spaceman 1: Multiplicador recibido - Game ID: 11041644413, Multiplicador: 1.55x
---
[10/11/2025, 11:59:13 a. m.] Spaceman 1: Multiplicador recibido - Game ID: 11041644413, Multiplicador: 1.56x
---
[10/11/2025, 11:59:13 a. m.] Spaceman 1: Multiplicador recibido - Game ID: 11041644413, Multiplicador: 1.57x
---
[10/11/2025, 11:59:13 a. m.] Spaceman 1: Multiplicador recibido - Game ID: 11041644413, Multiplicador: 1.58x
---
[10/11/2025, 11:59:13 a. m.] Spaceman 1: Multiplicador recibido - Game ID: 11041644413, Multiplicador: 1.59x
---
[10/11/2025, 11:59:13 a. m.] Spaceman 1: Multiplicador recibido - Game ID: 11041644413, Multiplicador: 1.6x
---
[10/11/2025, 11:59:13 a. m.] Spaceman 1: Multiplicador recibido - Game ID: 11041644413, Multiplicador: 1.61x
---
[10/11/2025, 11:59:13 a. m.] Spaceman 1: Multiplicador recibido - Game ID: 11041644413, Multiplicador: 1.62x
---
[10/11/2025, 11:59:13 a. m.] Spaceman 1: Multiplicador recibido - Game ID: 11041644413, Multiplicador: 1.63x
---
[10/11/2025, 11:59:13 a. m.] Spaceman 1: Multiplicador recibido - Game ID: 11041644413, Multiplicador: 1.64x
---
[10/11/2025, 11:59:13 a. m.] Spaceman 1: Multiplicador recibido - Game ID: 11041644413, Multiplicador: 1.65x
---
[10/11/2025, 11:59:13 a. m.] Spaceman 1: Multiplicador recibido - Game ID: 11041644413, Multiplicador: 1.66x
---
[10/11/2025, 11:59:13 a. m.] Spaceman 1: Multiplicador recibido - Game ID: 11041644413, Multiplicador: 1.67x
---
[10/11/2025, 11:59:13 a. m.] Spaceman 1: Multiplicador recibido - Game ID: 11041644413, Multiplicador: 1.68x
---
[10/11/2025, 11:59:14 a. m.] Spaceman 1: Multiplicador recibido - Game ID: 11041644413, Multiplicador: 1.69x
---
[10/11/2025, 11:59:14 a. m.] Spaceman 1: Multiplicador recibido - Game ID: 11041644413, Multiplicador: 1.7x
---
[10/11/2025, 11:59:14 a. m.] Spaceman 1: Multiplicador recibido - Game ID: 11041644413, Multiplicador: 1.71x
---
[10/11/2025, 11:59:20 a. m.] Spaceman 1: Ping enviado: 1762793960172
---
[10/11/2025, 11:59:24 a. m.] Spaceman 1: Multiplicador recibido - Game ID: 11041644513, Multiplicador: 1.01x
---
[10/11/2025, 11:59:24 a. m.] Spaceman 1: Multiplicador recibido - Game ID: 11041644513, Multiplicador: 1.02x
---
[10/11/2025, 11:59:24 a. m.] Spaceman 1: Multiplicador recibido - Game ID: 11041644513, Multiplicador: 1.03x
---
[10/11/2025, 11:59:24 a. m.] Spaceman 1: Multiplicador recibido - Game ID: 11041644513, Multiplicador: 1.04x
---
[10/11/2025, 11:59:24 a. m.] Spaceman 1: Multiplicador recibido - Game ID: 11041644513, Multiplicador: 1.05x
---
[10/11/2025, 11:59:24 a. m.] Spaceman 1: Multiplicador recibido - Game ID: 11041644513, Multiplicador: 1.06x
---
[10/11/2025, 11:59:25 a. m.] Spaceman 1: Multiplicador recibido - Game ID: 11041644513, Multiplicador: 1.07x
---
[10/11/2025, 11:59:25 a. m.] Spaceman 1: Multiplicador recibido - Game ID: 11041644513, Multiplicador: 1.08x
---
[10/11/2025, 11:59:25 a. m.] Spaceman 1: Multiplicador recibido - Game ID: 11041644513, Multiplicador: 1.09x
---
[10/11/2025, 11:59:25 a. m.] Spaceman 1: Multiplicador recibido - Game ID: 11041644513, Multiplicador: 1.1x
---
[10/11/2025, 11:59:25 a. m.] Spaceman 1: Multiplicador recibido - Game ID: 11041644513, Multiplicador: 1.11x
---
[10/11/2025, 11:59:25 a. m.] Spaceman 1: Multiplicador recibido - Game ID: 11041644513, Multiplicador: 1.12x
---
[10/11/2025, 11:59:25 a. m.] Spaceman 1: Multiplicador recibido - Game ID: 11041644513, Multiplicador: 1.13x
---
[10/11/2025, 11:59:25 a. m.] Spaceman 1: Multiplicador recibido - Game ID: 11041644513, Multiplicador: 1.14x
---
[10/11/2025, 11:59:25 a. m.] Spaceman 1: Multiplicador recibido - Game ID: 11041644513, Multiplicador: 1.15x
---
[10/11/2025, 11:59:25 a. m.] Spaceman 1: Multiplicador recibido - Game ID: 11041644513, Multiplicador: 1.16x
---
[10/11/2025, 11:59:26 a. m.] Spaceman 1: Multiplicador recibido - Game ID: 11041644513, Multiplicador: 1.17x
---
[10/11/2025, 11:59:26 a. m.] Spaceman 1: Multiplicador recibido - Game ID: 11041644513, Multiplicador: 1.18x
---
[10/11/2025, 11:59:26 a. m.] Spaceman 1: Multiplicador recibido - Game ID: 11041644513, Multiplicador: 1.19x
---
[10/11/2025, 11:59:26 a. m.] Spaceman 1: Multiplicador recibido - Game ID: 11041644513, Multiplicador: 1.2x
---
[10/11/2025, 11:59:26 a. m.] Spaceman 1: Multiplicador recibido - Game ID: 11041644513, Multiplicador: 1.21x
---
[10/11/2025, 11:59:26 a. m.] Spaceman 1: Multiplicador recibido - Game ID: 11041644513, Multiplicador: 1.22x
---
[10/11/2025, 11:59:26 a. m.] Spaceman 1: Multiplicador recibido - Game ID: 11041644513, Multiplicador: 1.23x
---
[10/11/2025, 11:59:26 a. m.] Spaceman 1: Multiplicador recibido - Game ID: 11041644513, Multiplicador: 1.24x
---
[10/11/2025, 11:59:26 a. m.] Spaceman 1: Multiplicador recibido - Game ID: 11041644513, Multiplicador: 1.25x
---
[10/11/2025, 11:59:26 a. m.] Spaceman 1: Multiplicador recibido - Game ID: 11041644513, Multiplicador: 1.26x
---
[10/11/2025, 11:59:27 a. m.] Spaceman 1: Multiplicador recibido - Game ID: 11041644513, Multiplicador: 1.27x
---
[10/11/2025, 11:59:27 a. m.] Spaceman 1: Multiplicador recibido - Game ID: 11041644513, Multiplicador: 1.28x
---
[10/11/2025, 11:59:27 a. m.] Spaceman 1: Multiplicador recibido - Game ID: 11041644513, Multiplicador: 1.29x
---
[10/11/2025, 11:59:27 a. m.] Spaceman 1: Multiplicador recibido - Game ID: 11041644513, Multiplicador: 1.3x
---
[10/11/2025, 11:59:27 a. m.] Spaceman 1: Multiplicador recibido - Game ID: 11041644513, Multiplicador: 1.31x
---
[10/11/2025, 11:59:27 a. m.] Spaceman 1: Multiplicador recibido - Game ID: 11041644513, Multiplicador: 1.32x
---
[10/11/2025, 11:59:27 a. m.] Spaceman 1: Multiplicador recibido - Game ID: 11041644513, Multiplicador: 1.33x
---
[10/11/2025, 11:59:27 a. m.] Spaceman 1: Multiplicador recibido - Game ID: 11041644513, Multiplicador: 1.34x
---
[10/11/2025, 11:59:27 a. m.] Spaceman 1: Multiplicador recibido - Game ID: 11041644513, Multiplicador: 1.35x
---
[10/11/2025, 11:59:27 a. m.] Spaceman 1: Multiplicador recibido - Game ID: 11041644513, Multiplicador: 1.36x
---
[10/11/2025, 11:59:28 a. m.] Spaceman 1: Multiplicador recibido - Game ID: 11041644513, Multiplicador: 1.37x
---
[10/11/2025, 11:59:28 a. m.] Spaceman 1: Multiplicador recibido - Game ID: 11041644513, Multiplicador: 1.38x
---
[10/11/2025, 11:59:28 a. m.] Spaceman 1: Multiplicador recibido - Game ID: 11041644513, Multiplicador: 1.39x
---
[10/11/2025, 11:59:28 a. m.] Spaceman 1: Multiplicador recibido - Game ID: 11041644513, Multiplicador: 1.4x
---
[10/11/2025, 11:59:28 a. m.] Spaceman 1: Multiplicador recibido - Game ID: 11041644513, Multiplicador: 1.41x
---
[10/11/2025, 11:59:28 a. m.] Spaceman 1: Multiplicador recibido - Game ID: 11041644513, Multiplicador: 1.42x
---
[10/11/2025, 11:59:28 a. m.] Spaceman 1: Multiplicador recibido - Game ID: 11041644513, Multiplicador: 1.43x
---
[10/11/2025, 11:59:28 a. m.] Spaceman 1: Multiplicador recibido - Game ID: 11041644513, Multiplicador: 1.44x
---
[10/11/2025, 11:59:28 a. m.] Spaceman 1: Multiplicador recibido - Game ID: 11041644513, Multiplicador: 1.45x
---
[10/11/2025, 11:59:28 a. m.] Spaceman 1: Multiplicador recibido - Game ID: 11041644513, Multiplicador: 1.46x
---
[10/11/2025, 11:59:28 a. m.] Spaceman 1: Multiplicador recibido - Game ID: 11041644513, Multiplicador: 1.47x
---
[10/11/2025, 11:59:28 a. m.] Spaceman 1: Multiplicador recibido - Game ID: 11041644513, Multiplicador: 1.48x
---
[10/11/2025, 11:59:29 a. m.] Spaceman 1: Multiplicador recibido - Game ID: 11041644513, Multiplicador: 1.49x
---
[10/11/2025, 11:59:29 a. m.] Spaceman 1: Multiplicador recibido - Game ID: 11041644513, Multiplicador: 1.5x
---
[10/11/2025, 11:59:29 a. m.] Spaceman 1: Multiplicador recibido - Game ID: 11041644513, Multiplicador: 1.51x
---
[10/11/2025, 11:59:29 a. m.] Spaceman 1: Multiplicador recibido - Game ID: 11041644513, Multiplicador: 1.52x
---
[10/11/2025, 11:59:29 a. m.] Spaceman 1: Multiplicador recibido - Game ID: 11041644513, Multiplicador: 1.53x
---
[10/11/2025, 11:59:29 a. m.] Spaceman 1: Multiplicador recibido - Game ID: 11041644513, Multiplicador: 1.54x
---
[10/11/2025, 11:59:30 a. m.] Spaceman 1: Ping enviado: 1762793970247
---
[10/11/2025, 11:59:39 a. m.] Spaceman 1: Multiplicador recibido - Game ID: 11041644613, Multiplicador: 1.01x
---
[10/11/2025, 11:59:39 a. m.] Spaceman 1: Multiplicador recibido - Game ID: 11041644613, Multiplicador: 1.02x
---
[10/11/2025, 11:59:39 a. m.] Spaceman 1: Multiplicador recibido - Game ID: 11041644613, Multiplicador: 1.03x
---
[10/11/2025, 11:59:39 a. m.] Spaceman 1: Multiplicador recibido - Game ID: 11041644613, Multiplicador: 1.04x
---
[10/11/2025, 11:59:40 a. m.] Spaceman 1: Multiplicador recibido - Game ID: 11041644613, Multiplicador: 1.05x
---
[10/11/2025, 11:59:40 a. m.] Spaceman 1: Ping enviado: 1762793980258
---
[10/11/2025, 11:59:50 a. m.] Spaceman 1: Multiplicador recibido - Game ID: 11041644713, Multiplicador: 1.01x
---
[10/11/2025, 11:59:50 a. m.] Spaceman 1: Ping enviado: 1762793990266
---
[10/11/2025, 11:59:50 a. m.] Spaceman 1: Multiplicador recibido - Game ID: 11041644713, Multiplicador: 1.02x
---
[10/11/2025, 11:59:50 a. m.] Spaceman 1: Multiplicador recibido - Game ID: 11041644713, Multiplicador: 1.03x
---
[10/11/2025, 11:59:50 a. m.] Spaceman 1: Multiplicador recibido - Game ID: 11041644713, Multiplicador: 1.04x
---
[10/11/2025, 11:59:50 a. m.] Spaceman 1: Multiplicador recibido - Game ID: 11041644713, Multiplicador: 1.05x
---
[10/11/2025, 11:59:50 a. m.] Spaceman 1: Multiplicador recibido - Game ID: 11041644713, Multiplicador: 1.06x
---
[10/11/2025, 11:59:50 a. m.] Spaceman 1: Multiplicador recibido - Game ID: 11041644713, Multiplicador: 1.07x
---
[10/11/2025, 11:59:51 a. m.] Spaceman 1: Multiplicador recibido - Game ID: 11041644713, Multiplicador: 1.08x
---
[10/11/2025, 11:59:51 a. m.] Spaceman 1: Multiplicador recibido - Game ID: 11041644713, Multiplicador: 1.09x
---
[10/11/2025, 11:59:51 a. m.] Spaceman 1: Multiplicador recibido - Game ID: 11041644713, Multiplicador: 1.1x
---
[10/11/2025, 11:59:51 a. m.] Spaceman 1: Multiplicador recibido - Game ID: 11041644713, Multiplicador: 1.11x
---
[10/11/2025, 11:59:51 a. m.] Spaceman 1: Multiplicador recibido - Game ID: 11041644713, Multiplicador: 1.12x
---
[10/11/2025, 11:59:51 a. m.] Spaceman 1: Multiplicador recibido - Game ID: 11041644713, Multiplicador: 1.13x
---
[10/11/2025, 11:59:51 a. m.] Spaceman 1: Multiplicador recibido - Game ID: 11041644713, Multiplicador: 1.14x
---
[10/11/2025, 11:59:51 a. m.] Spaceman 1: Multiplicador recibido - Game ID: 11041644713, Multiplicador: 1.15x
---
[10/11/2025, 11:59:51 a. m.] Spaceman 1: Multiplicador recibido - Game ID: 11041644713, Multiplicador: 1.16x
---
[10/11/2025, 11:59:51 a. m.] Spaceman 1: Multiplicador recibido - Game ID: 11041644713, Multiplicador: 1.17x
---
[10/11/2025, 11:59:52 a. m.] Spaceman 1: Multiplicador recibido - Game ID: 11041644713, Multiplicador: 1.18x
---
[10/11/2025, 11:59:52 a. m.] Spaceman 1: Multiplicador recibido - Game ID: 11041644713, Multiplicador: 1.19x
---
[10/11/2025, 11:59:52 a. m.] Spaceman 1: Multiplicador recibido - Game ID: 11041644713, Multiplicador: 1.2x
---
[10/11/2025, 11:59:52 a. m.] Spaceman 1: Multiplicador recibido - Game ID: 11041644713, Multiplicador: 1.21x
---
[10/11/2025, 11:59:52 a. m.] Spaceman 1: Multiplicador recibido - Game ID: 11041644713, Multiplicador: 1.22x
---
[10/11/2025, 11:59:52 a. m.] Spaceman 1: Multiplicador recibido - Game ID: 11041644713, Multiplicador: 1.23x
---
[10/11/2025, 12:00:00 p. m.] Spaceman 1: Ping enviado: 1762794000268
---
[10/11/2025, 12:00:02 p. m.] Spaceman 1: Multiplicador recibido - Game ID: 11041644813, Multiplicador: 1.01x
---
[10/11/2025, 12:00:02 p. m.] Spaceman 1: Multiplicador recibido - Game ID: 11041644813, Multiplicador: 1.02x
---
[10/11/2025, 12:00:02 p. m.] Spaceman 1: Multiplicador recibido - Game ID: 11041644813, Multiplicador: 1.03x
---
[10/11/2025, 12:00:03 p. m.] Spaceman 1: Multiplicador recibido - Game ID: 11041644813, Multiplicador: 1.04x
---
[10/11/2025, 12:00:03 p. m.] Spaceman 1: Multiplicador recibido - Game ID: 11041644813, Multiplicador: 1.05x
---
[10/11/2025, 12:00:03 p. m.] Spaceman 1: Multiplicador recibido - Game ID: 11041644813, Multiplicador: 1.06x
---
[10/11/2025, 12:00:03 p. m.] Spaceman 1: Multiplicador recibido - Game ID: 11041644813, Multiplicador: 1.07x
---
[10/11/2025, 12:00:03 p. m.] Spaceman 1: Multiplicador recibido - Game ID: 11041644813, Multiplicador: 1.08x
---
[10/11/2025, 12:00:03 p. m.] Spaceman 1: Multiplicador recibido - Game ID: 11041644813, Multiplicador: 1.09x
---
[10/11/2025, 12:00:03 p. m.] Spaceman 1: Multiplicador recibido - Game ID: 11041644813, Multiplicador: 1.1x
---
[10/11/2025, 12:00:03 p. m.] Spaceman 1: Multiplicador recibido - Game ID: 11041644813, Multiplicador: 1.11x
---
[10/11/2025, 12:00:04 p. m.] Spaceman 1: Multiplicador recibido - Game ID: 11041644813, Multiplicador: 1.12x
---
[10/11/2025, 12:00:04 p. m.] Spaceman 1: Multiplicador recibido - Game ID: 11041644813, Multiplicador: 1.13x
---
[10/11/2025, 12:00:04 p. m.] Spaceman 1: Multiplicador recibido - Game ID: 11041644813, Multiplicador: 1.14x
---
[10/11/2025, 12:00:04 p. m.] Spaceman 1: Multiplicador recibido - Game ID: 11041644813, Multiplicador: 1.15x
---
[10/11/2025, 12:00:04 p. m.] Spaceman 1: Multiplicador recibido - Game ID: 11041644813, Multiplicador: 1.16x
---
[10/11/2025, 12:00:04 p. m.] Spaceman 1: Multiplicador recibido - Game ID: 11041644813, Multiplicador: 1.17x
---
[10/11/2025, 12:00:04 p. m.] Spaceman 1: Multiplicador recibido - Game ID: 11041644813, Multiplicador: 1.18x
---
[10/11/2025, 12:00:04 p. m.] Spaceman 1: Multiplicador recibido - Game ID: 11041644813, Multiplicador: 1.19x
---
[10/11/2025, 12:00:04 p. m.] Spaceman 1: Multiplicador recibido - Game ID: 11041644813, Multiplicador: 1.2x
---
[10/11/2025, 12:00:04 p. m.] Spaceman 1: Multiplicador recibido - Game ID: 11041644813, Multiplicador: 1.21x
---
[10/11/2025, 12:00:05 p. m.] Spaceman 1: Multiplicador recibido - Game ID: 11041644813, Multiplicador: 1.22x
---
[10/11/2025, 12:00:05 p. m.] Spaceman 1: Multiplicador recibido - Game ID: 11041644813, Multiplicador: 1.23x
---
[10/11/2025, 12:00:05 p. m.] Spaceman 1: Multiplicador recibido - Game ID: 11041644813, Multiplicador: 1.24x
---
[10/11/2025, 12:00:05 p. m.] Spaceman 1: Multiplicador recibido - Game ID: 11041644813, Multiplicador: 1.25x
---
[10/11/2025, 12:00:05 p. m.] Spaceman 1: Multiplicador recibido - Game ID: 11041644813, Multiplicador: 1.26x
---
[10/11/2025, 12:00:05 p. m.] Spaceman 1: Multiplicador recibido - Game ID: 11041644813, Multiplicador: 1.27x
---
[10/11/2025, 12:00:05 p. m.] Spaceman 1: Multiplicador recibido - Game ID: 11041644813, Multiplicador: 1.28x
---
[10/11/2025, 12:00:05 p. m.] Spaceman 1: Multiplicador recibido - Game ID: 11041644813, Multiplicador: 1.29x
---
[10/11/2025, 12:00:05 p. m.] Spaceman 1: Multiplicador recibido - Game ID: 11041644813, Multiplicador: 1.3x
---
[10/11/2025, 12:00:05 p. m.] Spaceman 1: Multiplicador recibido - Game ID: 11041644813, Multiplicador: 1.31x
---
[10/11/2025, 12:00:05 p. m.] Spaceman 1: Multiplicador recibido - Game ID: 11041644813, Multiplicador: 1.32x
---
[10/11/2025, 12:00:06 p. m.] Spaceman 1: Multiplicador recibido - Game ID: 11041644813, Multiplicador: 1.33x
---
[10/11/2025, 12:00:06 p. m.] Spaceman 1: Multiplicador recibido - Game ID: 11041644813, Multiplicador: 1.34x
---
[10/11/2025, 12:00:06 p. m.] Spaceman 1: Multiplicador recibido - Game ID: 11041644813, Multiplicador: 1.35x
---
[10/11/2025, 12:00:06 p. m.] Spaceman 1: Multiplicador recibido - Game ID: 11041644813, Multiplicador: 1.36x
---
[10/11/2025, 12:00:06 p. m.] Spaceman 1: Multiplicador recibido - Game ID: 11041644813, Multiplicador: 1.37x
---
[10/11/2025, 12:00:06 p. m.] Spaceman 1: Multiplicador recibido - Game ID: 11041644813, Multiplicador: 1.38x
---
[10/11/2025, 12:00:06 p. m.] Spaceman 1: Multiplicador recibido - Game ID: 11041644813, Multiplicador: 1.39x
---
[10/11/2025, 12:00:06 p. m.] Spaceman 1: Multiplicador recibido - Game ID: 11041644813, Multiplicador: 1.4x
---
[10/11/2025, 12:00:06 p. m.] Spaceman 1: Multiplicador recibido - Game ID: 11041644813, Multiplicador: 1.41x
---
[10/11/2025, 12:00:06 p. m.] Spaceman 1: Multiplicador recibido - Game ID: 11041644813, Multiplicador: 1.42x
---
[10/11/2025, 12:00:06 p. m.] Spaceman 1: Multiplicador recibido - Game ID: 11041644813, Multiplicador: 1.43x
---
[10/11/2025, 12:00:07 p. m.] Spaceman 1: Multiplicador recibido - Game ID: 11041644813, Multiplicador: 1.44x
---
[10/11/2025, 12:00:07 p. m.] Spaceman 1: Multiplicador recibido - Game ID: 11041644813, Multiplicador: 1.45x
---
[10/11/2025, 12:00:07 p. m.] Spaceman 1: Multiplicador recibido - Game ID: 11041644813, Multiplicador: 1.46x
---
[10/11/2025, 12:00:07 p. m.] Spaceman 1: Multiplicador recibido - Game ID: 11041644813, Multiplicador: 1.47x
---
[10/11/2025, 12:00:07 p. m.] Spaceman 1: Multiplicador recibido - Game ID: 11041644813, Multiplicador: 1.48x
---
[10/11/2025, 12:00:07 p. m.] Spaceman 1: Multiplicador recibido - Game ID: 11041644813, Multiplicador: 1.49x
---
[10/11/2025, 12:00:07 p. m.] Spaceman 1: Multiplicador recibido - Game ID: 11041644813, Multiplicador: 1.5x
---
[10/11/2025, 12:00:07 p. m.] Spaceman 1: Multiplicador recibido - Game ID: 11041644813, Multiplicador: 1.51x
---
[10/11/2025, 12:00:07 p. m.] Spaceman 1: Multiplicador recibido - Game ID: 11041644813, Multiplicador: 1.52x
---
[10/11/2025, 12:00:07 p. m.] Spaceman 1: Multiplicador recibido - Game ID: 11041644813, Multiplicador: 1.53x
---
[10/11/2025, 12:00:07 p. m.] Spaceman 1: Multiplicador recibido - Game ID: 11041644813, Multiplicador: 1.54x
---
[10/11/2025, 12:00:07 p. m.] Spaceman 1: Multiplicador recibido - Game ID: 11041644813, Multiplicador: 1.55x
---
[10/11/2025, 12:00:07 p. m.] Spaceman 1: Multiplicador recibido - Game ID: 11041644813, Multiplicador: 1.56x
---
[10/11/2025, 12:00:08 p. m.] Spaceman 1: Multiplicador recibido - Game ID: 11041644813, Multiplicador: 1.57x
---
[10/11/2025, 12:00:08 p. m.] Spaceman 1: Multiplicador recibido - Game ID: 11041644813, Multiplicador: 1.58x
---
[10/11/2025, 12:00:08 p. m.] Spaceman 1: Multiplicador recibido - Game ID: 11041644813, Multiplicador: 1.59x
---
[10/11/2025, 12:00:08 p. m.] Spaceman 1: Multiplicador recibido - Game ID: 11041644813, Multiplicador: 1.6x
---
[10/11/2025, 12:00:08 p. m.] Spaceman 1: Multiplicador recibido - Game ID: 11041644813, Multiplicador: 1.61x
---
[10/11/2025, 12:00:08 p. m.] Spaceman 1: Multiplicador recibido - Game ID: 11041644813, Multiplicador: 1.62x
---
[10/11/2025, 12:00:08 p. m.] Spaceman 1: Multiplicador recibido - Game ID: 11041644813, Multiplicador: 1.63x
---
[10/11/2025, 12:00:08 p. m.] Spaceman 1: Multiplicador recibido - Game ID: 11041644813, Multiplicador: 1.64x
---
[10/11/2025, 12:00:08 p. m.] Spaceman 1: Multiplicador recibido - Game ID: 11041644813, Multiplicador: 1.65x
---
[10/11/2025, 12:00:08 p. m.] Spaceman 1: Multiplicador recibido - Game ID: 11041644813, Multiplicador: 1.66x
---
[10/11/2025, 12:00:08 p. m.] Spaceman 1: Multiplicador recibido - Game ID: 11041644813, Multiplicador: 1.67x
---
[10/11/2025, 12:00:08 p. m.] Spaceman 1: Multiplicador recibido - Game ID: 11041644813, Multiplicador: 1.68x
---
[10/11/2025, 12:00:08 p. m.] Spaceman 1: Multiplicador recibido - Game ID: 11041644813, Multiplicador: 1.69x
---
[10/11/2025, 12:00:09 p. m.] Spaceman 1: Multiplicador recibido - Game ID: 11041644813, Multiplicador: 1.7x
---
[10/11/2025, 12:00:09 p. m.] Spaceman 1: Multiplicador recibido - Game ID: 11041644813, Multiplicador: 1.71x
---
[10/11/2025, 12:00:09 p. m.] Spaceman 1: Multiplicador recibido - Game ID: 11041644813, Multiplicador: 1.72x
---
[10/11/2025, 12:00:09 p. m.] Spaceman 1: Multiplicador recibido - Game ID: 11041644813, Multiplicador: 1.73x
---
[10/11/2025, 12:00:09 p. m.] Spaceman 1: Multiplicador recibido - Game ID: 11041644813, Multiplicador: 1.74x
---
[10/11/2025, 12:00:09 p. m.] Spaceman 1: Multiplicador recibido - Game ID: 11041644813, Multiplicador: 1.75x
---
[10/11/2025, 12:00:09 p. m.] Spaceman 1: Multiplicador recibido - Game ID: 11041644813, Multiplicador: 1.76x
---
[10/11/2025, 12:00:09 p. m.] Spaceman 1: Multiplicador recibido - Game ID: 11041644813, Multiplicador: 1.77x
---
[10/11/2025, 12:00:09 p. m.] Spaceman 1: Multiplicador recibido - Game ID: 11041644813, Multiplicador: 1.78x
---
[10/11/2025, 12:00:09 p. m.] Spaceman 1: Multiplicador recibido - Game ID: 11041644813, Multiplicador: 1.79x
---
[10/11/2025, 12:00:09 p. m.] Spaceman 1: Multiplicador recibido - Game ID: 11041644813, Multiplicador: 1.8x
---
[10/11/2025, 12:00:09 p. m.] Spaceman 1: Multiplicador recibido - Game ID: 11041644813, Multiplicador: 1.81x
---
[10/11/2025, 12:00:09 p. m.] Spaceman 1: Multiplicador recibido - Game ID: 11041644813, Multiplicador: 1.82x
---
[10/11/2025, 12:00:09 p. m.] Spaceman 1: Multiplicador recibido - Game ID: 11041644813, Multiplicador: 1.83x
---
[10/11/2025, 12:00:09 p. m.] Spaceman 1: Multiplicador recibido - Game ID: 11041644813, Multiplicador: 1.84x
---
[10/11/2025, 12:00:10 p. m.] Spaceman 1: Multiplicador recibido - Game ID: 11041644813, Multiplicador: 1.85x
---
[10/11/2025, 12:00:10 p. m.] Spaceman 1: Multiplicador recibido - Game ID: 11041644813, Multiplicador: 1.86x
---
[10/11/2025, 12:00:10 p. m.] Spaceman 1: Multiplicador recibido - Game ID: 11041644813, Multiplicador: 1.87x
---
[10/11/2025, 12:00:10 p. m.] Spaceman 1: Multiplicador recibido - Game ID: 11041644813, Multiplicador: 1.88x
---
[10/11/2025, 12:00:10 p. m.] Spaceman 1: Ping enviado: 1762794010273
---
[10/11/2025, 12:00:10 p. m.] Spaceman 1: Multiplicador recibido - Game ID: 11041644813, Multiplicador: 1.89x
---
[10/11/2025, 12:00:10 p. m.] Spaceman 1: Multiplicador recibido - Game ID: 11041644813, Multiplicador: 1.9x
---
[10/11/2025, 12:00:10 p. m.] Spaceman 1: Multiplicador recibido - Game ID: 11041644813, Multiplicador: 1.91x
---
[10/11/2025, 12:00:10 p. m.] Spaceman 1: Multiplicador recibido - Game ID: 11041644813, Multiplicador: 1.92x
---
[10/11/2025, 12:00:10 p. m.] Spaceman 1: Multiplicador recibido - Game ID: 11041644813, Multiplicador: 1.93x
---
[10/11/2025, 12:00:10 p. m.] Spaceman 1: Multiplicador recibido - Game ID: 11041644813, Multiplicador: 1.94x
---
[10/11/2025, 12:00:10 p. m.] Spaceman 1: Multiplicador recibido - Game ID: 11041644813, Multiplicador: 1.95x
---
[10/11/2025, 12:00:10 p. m.] Spaceman 1: Multiplicador recibido - Game ID: 11041644813, Multiplicador: 1.96x
---
[10/11/2025, 12:00:10 p. m.] Spaceman 1: Multiplicador recibido - Game ID: 11041644813, Multiplicador: 1.97x
---
[10/11/2025, 12:00:10 p. m.] Spaceman 1: Multiplicador recibido - Game ID: 11041644813, Multiplicador: 1.98x
---
[10/11/2025, 12:00:10 p. m.] Spaceman 1: Multiplicador recibido - Game ID: 11041644813, Multiplicador: 2x
---
[10/11/2025, 12:00:11 p. m.] Spaceman 1: Multiplicador recibido - Game ID: 11041644813, Multiplicador: 2.01x
---
[10/11/2025, 12:00:11 p. m.] Spaceman 1: Multiplicador recibido - Game ID: 11041644813, Multiplicador: 2.02x
---
[10/11/2025, 12:00:11 p. m.] Spaceman 1: Multiplicador recibido - Game ID: 11041644813, Multiplicador: 2.03x
---
[10/11/2025, 12:00:11 p. m.] Spaceman 1: Multiplicador recibido - Game ID: 11041644813, Multiplicador: 2.04x
---
[10/11/2025, 12:00:11 p. m.] Spaceman 1: Multiplicador recibido - Game ID: 11041644813, Multiplicador: 2.05x
---
[10/11/2025, 12:00:11 p. m.] Spaceman 1: Multiplicador recibido - Game ID: 11041644813, Multiplicador: 2.06x
---
[10/11/2025, 12:00:11 p. m.] Spaceman 1: Multiplicador recibido - Game ID: 11041644813, Multiplicador: 2.07x
---
[10/11/2025, 12:00:11 p. m.] Spaceman 1: Multiplicador recibido - Game ID: 11041644813, Multiplicador: 2.08x
---
[10/11/2025, 12:00:11 p. m.] Spaceman 1: Multiplicador recibido - Game ID: 11041644813, Multiplicador: 2.09x
---
[10/11/2025, 12:00:11 p. m.] Spaceman 1: Multiplicador recibido - Game ID: 11041644813, Multiplicador: 2.1x
---
[10/11/2025, 12:00:11 p. m.] Spaceman 1: Multiplicador recibido - Game ID: 11041644813, Multiplicador: 2.11x
---
[10/11/2025, 12:00:11 p. m.] Spaceman 1: Multiplicador recibido - Game ID: 11041644813, Multiplicador: 2.13x
---
[10/11/2025, 12:00:11 p. m.] Spaceman 1: Multiplicador recibido - Game ID: 11041644813, Multiplicador: 2.14x
---
[10/11/2025, 12:00:11 p. m.] Spaceman 1: Multiplicador recibido - Game ID: 11041644813, Multiplicador: 2.15x
---
[10/11/2025, 12:00:11 p. m.] Spaceman 1: Multiplicador recibido - Game ID: 11041644813, Multiplicador: 2.16x
---
[10/11/2025, 12:00:11 p. m.] Spaceman 1: Multiplicador recibido - Game ID: 11041644813, Multiplicador: 2.17x
---
[10/11/2025, 12:00:12 p. m.] Spaceman 1: Multiplicador recibido - Game ID: 11041644813, Multiplicador: 2.18x
---
[10/11/2025, 12:00:12 p. m.] Spaceman 1: Multiplicador recibido - Game ID: 11041644813, Multiplicador: 2.19x
---
[10/11/2025, 12:00:12 p. m.] Spaceman 1: Multiplicador recibido - Game ID: 11041644813, Multiplicador: 2.2x
---
[10/11/2025, 12:00:12 p. m.] Spaceman 1: Multiplicador recibido - Game ID: 11041644813, Multiplicador: 2.21x
---
[10/11/2025, 12:00:12 p. m.] Spaceman 1: Multiplicador recibido - Game ID: 11041644813, Multiplicador: 2.22x
---
[10/11/2025, 12:00:12 p. m.] Spaceman 1: Multiplicador recibido - Game ID: 11041644813, Multiplicador: 2.23x
---
[10/11/2025, 12:00:12 p. m.] Spaceman 1: Multiplicador recibido - Game ID: 11041644813, Multiplicador: 2.24x
---
[10/11/2025, 12:00:12 p. m.] Spaceman 1: Multiplicador recibido - Game ID: 11041644813, Multiplicador: 2.25x
---
[10/11/2025, 12:00:12 p. m.] Spaceman 1: Multiplicador recibido - Game ID: 11041644813, Multiplicador: 2.26x
---
[10/11/2025, 12:00:12 p. m.] Spaceman 1: Multiplicador recibido - Game ID: 11041644813, Multiplicador: 2.27x
---
[10/11/2025, 12:00:12 p. m.] Spaceman 1: Multiplicador recibido - Game ID: 11041644813, Multiplicador: 2.28x
---
[10/11/2025, 12:00:12 p. m.] Spaceman 1: Multiplicador recibido - Game ID: 11041644813, Multiplicador: 2.29x
---
[10/11/2025, 12:00:12 p. m.] Spaceman 1: Multiplicador recibido - Game ID: 11041644813, Multiplicador: 2.3x
---
[10/11/2025, 12:00:12 p. m.] Spaceman 1: Multiplicador recibido - Game ID: 11041644813, Multiplicador: 2.31x
---
[10/11/2025, 12:00:12 p. m.] Spaceman 1: Multiplicador recibido - Game ID: 11041644813, Multiplicador: 2.32x
---
[10/11/2025, 12:00:12 p. m.] Spaceman 1: Multiplicador recibido - Game ID: 11041644813, Multiplicador: 2.33x
---
[10/11/2025, 12:00:12 p. m.] Spaceman 1: Multiplicador recibido - Game ID: 11041644813, Multiplicador: 2.34x
---
[10/11/2025, 12:00:12 p. m.] Spaceman 1: Multiplicador recibido - Game ID: 11041644813, Multiplicador: 2.35x
---
[10/11/2025, 12:00:13 p. m.] Spaceman 1: Multiplicador recibido - Game ID: 11041644813, Multiplicador: 2.36x
---
[10/11/2025, 12:00:13 p. m.] Spaceman 1: Multiplicador recibido - Game ID: 11041644813, Multiplicador: 2.37x
---
[10/11/2025, 12:00:13 p. m.] Spaceman 1: Multiplicador recibido - Game ID: 11041644813, Multiplicador: 2.38x
---
[10/11/2025, 12:00:13 p. m.] Spaceman 1: Multiplicador recibido - Game ID: 11041644813, Multiplicador: 2.39x
---
[10/11/2025, 12:00:13 p. m.] Spaceman 1: Multiplicador recibido - Game ID: 11041644813, Multiplicador: 2.41x
---
[10/11/2025, 12:00:13 p. m.] Spaceman 1: Multiplicador recibido - Game ID: 11041644813, Multiplicador: 2.42x
---
[10/11/2025, 12:00:13 p. m.] Spaceman 1: Multiplicador recibido - Game ID: 11041644813, Multiplicador: 2.43x
---
[10/11/2025, 12:00:13 p. m.] Spaceman 1: Multiplicador recibido - Game ID: 11041644813, Multiplicador: 2.44x
---
[10/11/2025, 12:00:13 p. m.] Spaceman 1: Multiplicador recibido - Game ID: 11041644813, Multiplicador: 2.45x
---
[10/11/2025, 12:00:13 p. m.] Spaceman 1: Multiplicador recibido - Game ID: 11041644813, Multiplicador: 2.46x
---
[10/11/2025, 12:00:13 p. m.] Spaceman 1: Multiplicador recibido - Game ID: 11041644813, Multiplicador: 2.47x
---
[10/11/2025, 12:00:13 p. m.] Spaceman 1: Multiplicador recibido - Game ID: 11041644813, Multiplicador: 2.48x
---
[10/11/2025, 12:00:13 p. m.] Spaceman 1: Multiplicador recibido - Game ID: 11041644813, Multiplicador: 2.49x
---
[10/11/2025, 12:00:13 p. m.] Spaceman 1: Desconectado - Código: 4002, Razón: Auto reconnect - 5 min
---
[10/11/2025, 12:00:20 p. m.] Spaceman 1: Conexión multiplicador establecida exitosamente
---
[10/11/2025, 12:00:20 p. m.] Spaceman 1: Multiplicador recibido - Game ID: 11041644813, Multiplicador: 4.25x
---
[10/11/2025, 12:00:20 p. m.] Spaceman 1: Multiplicador recibido - Game ID: 11041644813, Multiplicador: 4.27x
---
[10/11/2025, 12:00:20 p. m.] Spaceman 1: Multiplicador recibido - Game ID: 11041644813, Multiplicador: 4.29x
---
[10/11/2025, 12:00:20 p. m.] Spaceman 1: Multiplicador recibido - Game ID: 11041644813, Multiplicador: 4.31x
---
[10/11/2025, 12:00:20 p. m.] Spaceman 1: Multiplicador recibido - Game ID: 11041644813, Multiplicador: 4.33x
---
[10/11/2025, 12:00:20 p. m.] Spaceman 1: Multiplicador recibido - Game ID: 11041644813, Multiplicador: 4.34x
---
[10/11/2025, 12:00:20 p. m.] Spaceman 1: Multiplicador recibido - Game ID: 11041644813, Multiplicador: 4.36x
---
[10/11/2025, 12:00:20 p. m.] Spaceman 1: Multiplicador recibido - Game ID: 11041644813, Multiplicador: 4.38x
---
[10/11/2025, 12:00:20 p. m.] Spaceman 1: Multiplicador recibido - Game ID: 11041644813, Multiplicador: 4.4x
---
[10/11/2025, 12:00:20 p. m.] Spaceman 1: Multiplicador recibido - Game ID: 11041644813, Multiplicador: 4.42x
---
[10/11/2025, 12:00:20 p. m.] Spaceman 1: Multiplicador recibido - Game ID: 11041644813, Multiplicador: 4.43x
---
[10/11/2025, 12:00:20 p. m.] Spaceman 1: Multiplicador recibido - Game ID: 11041644813, Multiplicador: 4.45x
---
[10/11/2025, 12:00:20 p. m.] Spaceman 1: Multiplicador recibido - Game ID: 11041644813, Multiplicador: 4.47x
---
[10/11/2025, 12:00:20 p. m.] Spaceman 1: Multiplicador recibido - Game ID: 11041644813, Multiplicador: 4.51x
---
[10/11/2025, 12:00:20 p. m.] Spaceman 1: Multiplicador recibido - Game ID: 11041644813, Multiplicador: 4.53x
---
[10/11/2025, 12:00:20 p. m.] Spaceman 1: Multiplicador recibido - Game ID: 11041644813, Multiplicador: 4.54x
---
[10/11/2025, 12:00:20 p. m.] Spaceman 1: Multiplicador recibido - Game ID: 11041644813, Multiplicador: 4.57x
---
[10/11/2025, 12:00:20 p. m.] Spaceman 1: Multiplicador recibido - Game ID: 11041644813, Multiplicador: 4.58x
---
[10/11/2025, 12:00:21 p. m.] Spaceman 1: Multiplicador recibido - Game ID: 11041644813, Multiplicador: 4.6x
---
[10/11/2025, 12:00:21 p. m.] Spaceman 1: Multiplicador recibido - Game ID: 11041644813, Multiplicador: 4.62x
---
[10/11/2025, 12:00:21 p. m.] Spaceman 1: Multiplicador recibido - Game ID: 11041644813, Multiplicador: 4.64x
---
[10/11/2025, 12:00:21 p. m.] Spaceman 1: Multiplicador recibido - Game ID: 11041644813, Multiplicador: 4.66x
---
[10/11/2025, 12:00:21 p. m.] Spaceman 1: Multiplicador recibido - Game ID: 11041644813, Multiplicador: 4.68x
---
[10/11/2025, 12:00:21 p. m.] Spaceman 1: Multiplicador recibido - Game ID: 11041644813, Multiplicador: 4.7x
---
[10/11/2025, 12:00:21 p. m.] Spaceman 1: Multiplicador recibido - Game ID: 11041644813, Multiplicador: 4.72x
---
[10/11/2025, 12:00:21 p. m.] Spaceman 1: Multiplicador recibido - Game ID: 11041644813, Multiplicador: 4.74x
---
[10/11/2025, 12:00:21 p. m.] Spaceman 1: Multiplicador recibido - Game ID: 11041644813, Multiplicador: 4.76x
---
[10/11/2025, 12:00:21 p. m.] Spaceman 1: Multiplicador recibido - Game ID: 11041644813, Multiplicador: 4.78x
---
[10/11/2025, 12:00:21 p. m.] Spaceman 1: Multiplicador recibido - Game ID: 11041644813, Multiplicador: 4.82x
---
[10/11/2025, 12:00:21 p. m.] Spaceman 1: Multiplicador recibido - Game ID: 11041644813, Multiplicador: 4.83x
---
[10/11/2025, 12:00:21 p. m.] Spaceman 1: Multiplicador recibido - Game ID: 11041644813, Multiplicador: 4.85x
---
[10/11/2025, 12:00:21 p. m.] Spaceman 1: Multiplicador recibido - Game ID: 11041644813, Multiplicador: 4.87x
---
[10/11/2025, 12:00:21 p. m.] Spaceman 1: Multiplicador recibido - Game ID: 11041644813, Multiplicador: 4.89x
---
[10/11/2025, 12:00:21 p. m.] Spaceman 1: Multiplicador recibido - Game ID: 11041644813, Multiplicador: 4.91x
---
[10/11/2025, 12:00:21 p. m.] Spaceman 1: Multiplicador recibido - Game ID: 11041644813, Multiplicador: 4.93x
---
[10/11/2025, 12:00:21 p. m.] Spaceman 1: Multiplicador recibido - Game ID: 11041644813, Multiplicador: 4.95x
---
[10/11/2025, 12:00:21 p. m.] Spaceman 1: Multiplicador recibido - Game ID: 11041644813, Multiplicador: 4.97x
---
[10/11/2025, 12:00:22 p. m.] Spaceman 1: Multiplicador recibido - Game ID: 11041644813, Multiplicador: 5x
---
[10/11/2025, 12:00:22 p. m.] Spaceman 1: Multiplicador recibido - Game ID: 11041644813, Multiplicador: 5.02x
---
[10/11/2025, 12:00:22 p. m.] Spaceman 1: Multiplicador recibido - Game ID: 11041644813, Multiplicador: 5.04x
---
[10/11/2025, 12:00:22 p. m.] Spaceman 1: Multiplicador recibido - Game ID: 11041644813, Multiplicador: 5.06x
---
[10/11/2025, 12:00:22 p. m.] Spaceman 1: Multiplicador recibido - Game ID: 11041644813, Multiplicador: 5.08x
---
[10/11/2025, 12:00:22 p. m.] Spaceman 1: Multiplicador recibido - Game ID: 11041644813, Multiplicador: 5.1x
---
[10/11/2025, 12:00:22 p. m.] Spaceman 1: Multiplicador recibido - Game ID: 11041644813, Multiplicador: 5.14x
---
[10/11/2025, 12:00:22 p. m.] Spaceman 1: Multiplicador recibido - Game ID: 11041644813, Multiplicador: 5.16x
---
[10/11/2025, 12:00:22 p. m.] Spaceman 1: Multiplicador recibido - Game ID: 11041644813, Multiplicador: 5.18x
---
[10/11/2025, 12:00:22 p. m.] Spaceman 1: Multiplicador recibido - Game ID: 11041644813, Multiplicador: 5.2x
---
[10/11/2025, 12:00:22 p. m.] Spaceman 1: Multiplicador recibido - Game ID: 11041644813, Multiplicador: 5.22x
---
[10/11/2025, 12:00:22 p. m.] Spaceman 1: Multiplicador recibido - Game ID: 11041644813, Multiplicador: 5.25x
---
[10/11/2025, 12:00:22 p. m.] Spaceman 1: Multiplicador recibido - Game ID: 11041644813, Multiplicador: 5.27x
---
[10/11/2025, 12:00:22 p. m.] Spaceman 1: Multiplicador recibido - Game ID: 11041644813, Multiplicador: 5.29x
---
[10/11/2025, 12:00:22 p. m.] Spaceman 1: Multiplicador recibido - Game ID: 11041644813, Multiplicador: 5.32x
---
[10/11/2025, 12:00:22 p. m.] Spaceman 1: Multiplicador recibido - Game ID: 11041644813, Multiplicador: 5.34x
---
[10/11/2025, 12:00:22 p. m.] Spaceman 1: Multiplicador recibido - Game ID: 11041644813, Multiplicador: 5.36x
---
[10/11/2025, 12:00:22 p. m.] Spaceman 1: Multiplicador recibido - Game ID: 11041644813, Multiplicador: 5.39x
---
[10/11/2025, 12:00:22 p. m.] Spaceman 1: Multiplicador recibido - Game ID: 11041644813, Multiplicador: 5.42x
---
[10/11/2025, 12:00:23 p. m.] Spaceman 1: Multiplicador recibido - Game ID: 11041644813, Multiplicador: 5.45x
---
[10/11/2025, 12:00:23 p. m.] Spaceman 1: Multiplicador recibido - Game ID: 11041644813, Multiplicador: 5.47x
---
[10/11/2025, 12:00:23 p. m.] Spaceman 1: Multiplicador recibido - Game ID: 11041644813, Multiplicador: 5.49x
---
[10/11/2025, 12:00:23 p. m.] Spaceman 1: Multiplicador recibido - Game ID: 11041644813, Multiplicador: 5.52x
---
[10/11/2025, 12:00:23 p. m.] Spaceman 1: Multiplicador recibido - Game ID: 11041644813, Multiplicador: 5.54x
---
[10/11/2025, 12:00:23 p. m.] Spaceman 1: Multiplicador recibido - Game ID: 11041644813, Multiplicador: 5.56x
---
[10/11/2025, 12:00:23 p. m.] Spaceman 1: Multiplicador recibido - Game ID: 11041644813, Multiplicador: 5.58x
---
[10/11/2025, 12:00:23 p. m.] Spaceman 1: Multiplicador recibido - Game ID: 11041644813, Multiplicador: 5.61x
---
[10/11/2025, 12:00:23 p. m.] Spaceman 1: Multiplicador recibido - Game ID: 11041644813, Multiplicador: 5.63x
---
[10/11/2025, 12:00:23 p. m.] Spaceman 1: Multiplicador recibido - Game ID: 11041644813, Multiplicador: 5.65x
---
[10/11/2025, 12:00:23 p. m.] Spaceman 1: Multiplicador recibido - Game ID: 11041644813, Multiplicador: 5.68x
---
[10/11/2025, 12:00:23 p. m.] Spaceman 1: Multiplicador recibido - Game ID: 11041644813, Multiplicador: 5.7x
---
[10/11/2025, 12:00:23 p. m.] Spaceman 1: Multiplicador recibido - Game ID: 11041644813, Multiplicador: 5.72x
---
[10/11/2025, 12:00:23 p. m.] Spaceman 1: Multiplicador recibido - Game ID: 11041644813, Multiplicador: 5.75x
---
[10/11/2025, 12:00:23 p. m.] Spaceman 1: Multiplicador recibido - Game ID: 11041644813, Multiplicador: 5.79x
---
[10/11/2025, 12:00:23 p. m.] Spaceman 1: Multiplicador recibido - Game ID: 11041644813, Multiplicador: 5.81x
---
[10/11/2025, 12:00:23 p. m.] Spaceman 1: Multiplicador recibido - Game ID: 11041644813, Multiplicador: 5.84x
---
[10/11/2025, 12:00:23 p. m.] Spaceman 1: Multiplicador recibido - Game ID: 11041644813, Multiplicador: 5.87x
---
[10/11/2025, 12:00:23 p. m.] Spaceman 1: Multiplicador recibido - Game ID: 11041644813, Multiplicador: 5.89x
---
[10/11/2025, 12:00:24 p. m.] Spaceman 1: Multiplicador recibido - Game ID: 11041644813, Multiplicador: 5.92x
---
[10/11/2025, 12:00:24 p. m.] Spaceman 1: Multiplicador recibido - Game ID: 11041644813, Multiplicador: 5.94x
---
[10/11/2025, 12:00:24 p. m.] Spaceman 1: Multiplicador recibido - Game ID: 11041644813, Multiplicador: 5.96x
---
[10/11/2025, 12:00:24 p. m.] Spaceman 1: Multiplicador recibido - Game ID: 11041644813, Multiplicador: 5.99x
---
[10/11/2025, 12:00:24 p. m.] Spaceman 1: Multiplicador recibido - Game ID: 11041644813, Multiplicador: 6.02x
---
[10/11/2025, 12:00:24 p. m.] Spaceman 1: Multiplicador recibido - Game ID: 11041644813, Multiplicador: 6.04x
---
[10/11/2025, 12:00:24 p. m.] Spaceman 1: Multiplicador recibido - Game ID: 11041644813, Multiplicador: 6.07x
---
[10/11/2025, 12:00:24 p. m.] Spaceman 1: Multiplicador recibido - Game ID: 11041644813, Multiplicador: 6.09x
---
[10/11/2025, 12:00:24 p. m.] Spaceman 1: Multiplicador recibido - Game ID: 11041644813, Multiplicador: 6.12x
---
[10/11/2025, 12:00:24 p. m.] Spaceman 1: Multiplicador recibido - Game ID: 11041644813, Multiplicador: 6.15x
---
[10/11/2025, 12:00:24 p. m.] Spaceman 1: Multiplicador recibido - Game ID: 11041644813, Multiplicador: 6.19x
---
[10/11/2025, 12:00:24 p. m.] Spaceman 1: Multiplicador recibido - Game ID: 11041644813, Multiplicador: 6.21x
---
[10/11/2025, 12:00:24 p. m.] Spaceman 1: Multiplicador recibido - Game ID: 11041644813, Multiplicador: 6.24x
---
[10/11/2025, 12:00:24 p. m.] Spaceman 1: Multiplicador recibido - Game ID: 11041644813, Multiplicador: 6.26x
---
[10/11/2025, 12:00:24 p. m.] Spaceman 1: Multiplicador recibido - Game ID: 11041644813, Multiplicador: 6.29x
---
[10/11/2025, 12:00:24 p. m.] Spaceman 1: Multiplicador recibido - Game ID: 11041644813, Multiplicador: 6.32x
---
[10/11/2025, 12:00:24 p. m.] Spaceman 1: Multiplicador recibido - Game ID: 11041644813, Multiplicador: 6.34x
---
[10/11/2025, 12:00:24 p. m.] Spaceman 1: Multiplicador recibido - Game ID: 11041644813, Multiplicador: 6.37x
---
[10/11/2025, 12:00:24 p. m.] Spaceman 1: Multiplicador recibido - Game ID: 11041644813, Multiplicador: 6.4x
---
[10/11/2025, 12:00:25 p. m.] Spaceman 1: Multiplicador recibido - Game ID: 11041644813, Multiplicador: 6.43x
---
[10/11/2025, 12:00:25 p. m.] Spaceman 1: Multiplicador recibido - Game ID: 11041644813, Multiplicador: 6.45x
---
[10/11/2025, 12:00:25 p. m.] Spaceman 1: Multiplicador recibido - Game ID: 11041644813, Multiplicador: 6.48x
---
[10/11/2025, 12:00:25 p. m.] Spaceman 1: Multiplicador recibido - Game ID: 11041644813, Multiplicador: 6.5x
---
[10/11/2025, 12:00:25 p. m.] Spaceman 1: Multiplicador recibido - Game ID: 11041644813, Multiplicador: 6.54x
---
[10/11/2025, 12:00:25 p. m.] Spaceman 1: Multiplicador recibido - Game ID: 11041644813, Multiplicador: 6.57x
---
[10/11/2025, 12:00:25 p. m.] Spaceman 1: Multiplicador recibido - Game ID: 11041644813, Multiplicador: 6.6x
---
[10/11/2025, 12:00:25 p. m.] Spaceman 1: Multiplicador recibido - Game ID: 11041644813, Multiplicador: 6.62x
---
[10/11/2025, 12:00:25 p. m.] Spaceman 1: Multiplicador recibido - Game ID: 11041644813, Multiplicador: 6.65x
---
[10/11/2025, 12:00:25 p. m.] Spaceman 1: Multiplicador recibido - Game ID: 11041644813, Multiplicador: 6.68x
---
[10/11/2025, 12:00:25 p. m.] Spaceman 1: Multiplicador recibido - Game ID: 11041644813, Multiplicador: 6.71x
---
[10/11/2025, 12:00:25 p. m.] Spaceman 1: Multiplicador recibido - Game ID: 11041644813, Multiplicador: 6.73x
---
[10/11/2025, 12:00:25 p. m.] Spaceman 1: Multiplicador recibido - Game ID: 11041644813, Multiplicador: 6.76x
---
[10/11/2025, 12:00:25 p. m.] Spaceman 1: Multiplicador recibido - Game ID: 11041644813, Multiplicador: 6.79x
---
[10/11/2025, 12:00:25 p. m.] Spaceman 1: Multiplicador recibido - Game ID: 11041644813, Multiplicador: 6.82x
---
[10/11/2025, 12:00:25 p. m.] Spaceman 1: Multiplicador recibido - Game ID: 11041644813, Multiplicador: 6.85x
---
[10/11/2025, 12:00:25 p. m.] Spaceman 1: Multiplicador recibido - Game ID: 11041644813, Multiplicador: 6.88x
---
[10/11/2025, 12:00:25 p. m.] Spaceman 1: Multiplicador recibido - Game ID: 11041644813, Multiplicador: 6.91x
---
[10/11/2025, 12:00:25 p. m.] Spaceman 1: Multiplicador recibido - Game ID: 11041644813, Multiplicador: 6.94x
---
[10/11/2025, 12:00:26 p. m.] Spaceman 1: Multiplicador recibido - Game ID: 11041644813, Multiplicador: 6.97x
---
[10/11/2025, 12:00:26 p. m.] Spaceman 1: Multiplicador recibido - Game ID: 11041644813, Multiplicador: 7x
---
[10/11/2025, 12:00:26 p. m.] Spaceman 1: Multiplicador recibido - Game ID: 11041644813, Multiplicador: 7.04x
---
[10/11/2025, 12:00:26 p. m.] Spaceman 1: Multiplicador recibido - Game ID: 11041644813, Multiplicador: 7.06x
---
[10/11/2025, 12:00:26 p. m.] Spaceman 1: Multiplicador recibido - Game ID: 11041644813, Multiplicador: 7.09x
---
[10/11/2025, 12:00:26 p. m.] Spaceman 1: Multiplicador recibido - Game ID: 11041644813, Multiplicador: 7.12x
---
[10/11/2025, 12:00:26 p. m.] Spaceman 1: Multiplicador recibido - Game ID: 11041644813, Multiplicador: 7.15x
---
[10/11/2025, 12:00:26 p. m.] Spaceman 1: Multiplicador recibido - Game ID: 11041644813, Multiplicador: 7.18x
---
[10/11/2025, 12:00:26 p. m.] Spaceman 1: Multiplicador recibido - Game ID: 11041644813, Multiplicador: 7.21x
---
[10/11/2025, 12:00:26 p. m.] Spaceman 1: Multiplicador recibido - Game ID: 11041644813, Multiplicador: 7.24x
---
[10/11/2025, 12:00:26 p. m.] Spaceman 1: Multiplicador recibido - Game ID: 11041644813, Multiplicador: 7.27x
---
[10/11/2025, 12:00:26 p. m.] Spaceman 1: Multiplicador recibido - Game ID: 11041644813, Multiplicador: 7.29x
---
[10/11/2025, 12:00:26 p. m.] Spaceman 1: Multiplicador recibido - Game ID: 11041644813, Multiplicador: 7.33x
---
[10/11/2025, 12:00:26 p. m.] Spaceman 1: Multiplicador recibido - Game ID: 11041644813, Multiplicador: 7.35x
---
[10/11/2025, 12:00:26 p. m.] Spaceman 1: Multiplicador recibido - Game ID: 11041644813, Multiplicador: 7.41x
---
[10/11/2025, 12:00:26 p. m.] Spaceman 1: Multiplicador recibido - Game ID: 11041644813, Multiplicador: 7.45x
---
[10/11/2025, 12:00:26 p. m.] Spaceman 1: Multiplicador recibido - Game ID: 11041644813, Multiplicador: 7.48x
---
[10/11/2025, 12:00:26 p. m.] Spaceman 1: Multiplicador recibido - Game ID: 11041644813, Multiplicador: 7.51x
---
[10/11/2025, 12:00:26 p. m.] Spaceman 1: Multiplicador recibido - Game ID: 11041644813, Multiplicador: 7.55x
---
[10/11/2025, 12:00:27 p. m.] Spaceman 1: Multiplicador recibido - Game ID: 11041644813, Multiplicador: 7.58x
---
[10/11/2025, 12:00:27 p. m.] Spaceman 1: Multiplicador recibido - Game ID: 11041644813, Multiplicador: 7.61x
---
[10/11/2025, 12:00:27 p. m.] Spaceman 1: Multiplicador recibido - Game ID: 11041644813, Multiplicador: 7.64x
---
[10/11/2025, 12:00:27 p. m.] Spaceman 1: Multiplicador recibido - Game ID: 11041644813, Multiplicador: 7.68x
---
[10/11/2025, 12:00:27 p. m.] Spaceman 1: Multiplicador recibido - Game ID: 11041644813, Multiplicador: 7.71x
---
[10/11/2025, 12:00:27 p. m.] Spaceman 1: Multiplicador recibido - Game ID: 11041644813, Multiplicador: 7.74x
---
[10/11/2025, 12:00:27 p. m.] Spaceman 1: Multiplicador recibido - Game ID: 11041644813, Multiplicador: 7.77x
---
[10/11/2025, 12:00:27 p. m.] Spaceman 1: Multiplicador recibido - Game ID: 11041644813, Multiplicador: 7.8x
---
[10/11/2025, 12:00:27 p. m.] Spaceman 1: Multiplicador recibido - Game ID: 11041644813, Multiplicador: 7.84x
---
[10/11/2025, 12:00:27 p. m.] Spaceman 1: Multiplicador recibido - Game ID: 11041644813, Multiplicador: 7.87x
---
[10/11/2025, 12:00:27 p. m.] Spaceman 1: Multiplicador recibido - Game ID: 11041644813, Multiplicador: 7.91x
---
[10/11/2025, 12:00:27 p. m.] Spaceman 1: Multiplicador recibido - Game ID: 11041644813, Multiplicador: 7.94x
---
[10/11/2025, 12:00:27 p. m.] Spaceman 1: Multiplicador recibido - Game ID: 11041644813, Multiplicador: 7.97x
---
[10/11/2025, 12:00:27 p. m.] Spaceman 1: Multiplicador recibido - Game ID: 11041644813, Multiplicador: 8x
---
[10/11/2025, 12:00:27 p. m.] Spaceman 1: Multiplicador recibido - Game ID: 11041644813, Multiplicador: 8.04x
---
[10/11/2025, 12:00:27 p. m.] Spaceman 1: Multiplicador recibido - Game ID: 11041644813, Multiplicador: 8.07x
---
[10/11/2025, 12:00:27 p. m.] Spaceman 1: Multiplicador recibido - Game ID: 11041644813, Multiplicador: 8.1x
---
[10/11/2025, 12:00:27 p. m.] Spaceman 1: Multiplicador recibido - Game ID: 11041644813, Multiplicador: 8.14x
---
[10/11/2025, 12:00:27 p. m.] Spaceman 1: Multiplicador recibido - Game ID: 11041644813, Multiplicador: 8.18x
---
[10/11/2025, 12:00:27 p. m.] Spaceman 1: Multiplicador recibido - Game ID: 11041644813, Multiplicador: 8.21x
---
[10/11/2025, 12:00:28 p. m.] Spaceman 1: Multiplicador recibido - Game ID: 11041644813, Multiplicador: 8.25x
---
[10/11/2025, 12:00:28 p. m.] Spaceman 1: Multiplicador recibido - Game ID: 11041644813, Multiplicador: 8.29x
---
[10/11/2025, 12:00:28 p. m.] Spaceman 1: Multiplicador recibido - Game ID: 11041644813, Multiplicador: 8.32x
---
[10/11/2025, 12:00:28 p. m.] Spaceman 1: Multiplicador recibido - Game ID: 11041644813, Multiplicador: 8.36x
---
[10/11/2025, 12:00:28 p. m.] Spaceman 1: Multiplicador recibido - Game ID: 11041644813, Multiplicador: 8.4x
---
[10/11/2025, 12:00:28 p. m.] Spaceman 1: Multiplicador recibido - Game ID: 11041644813, Multiplicador: 8.44x
---
[10/11/2025, 12:00:28 p. m.] Spaceman 1: Multiplicador recibido - Game ID: 11041644813, Multiplicador: 8.48x
---
[10/11/2025, 12:00:28 p. m.] Spaceman 1: Multiplicador recibido - Game ID: 11041644813, Multiplicador: 8.52x
---
[10/11/2025, 12:00:28 p. m.] Spaceman 1: Multiplicador recibido - Game ID: 11041644813, Multiplicador: 8.55x
---
[10/11/2025, 12:00:28 p. m.] Spaceman 1: Multiplicador recibido - Game ID: 11041644813, Multiplicador: 8.59x
---
[10/11/2025, 12:00:28 p. m.] Spaceman 1: Multiplicador recibido - Game ID: 11041644813, Multiplicador: 8.63x
---
[10/11/2025, 12:00:28 p. m.] Spaceman 1: Multiplicador recibido - Game ID: 11041644813, Multiplicador: 8.67x
---
[10/11/2025, 12:00:28 p. m.] Spaceman 1: Multiplicador recibido - Game ID: 11041644813, Multiplicador: 8.71x
---
[10/11/2025, 12:00:28 p. m.] Spaceman 1: Multiplicador recibido - Game ID: 11041644813, Multiplicador: 8.74x
---
[10/11/2025, 12:00:28 p. m.] Spaceman 1: Multiplicador recibido - Game ID: 11041644813, Multiplicador: 8.77x
---
[10/11/2025, 12:00:28 p. m.] Spaceman 1: Multiplicador recibido - Game ID: 11041644813, Multiplicador: 8.81x
---
[10/11/2025, 12:00:28 p. m.] Spaceman 1: Multiplicador recibido - Game ID: 11041644813, Multiplicador: 8.85x
---
[10/11/2025, 12:00:28 p. m.] Spaceman 1: Multiplicador recibido - Game ID: 11041644813, Multiplicador: 8.89x
---
[10/11/2025, 12:00:29 p. m.] Spaceman 1: Multiplicador recibido - Game ID: 11041644813, Multiplicador: 8.94x
---
[10/11/2025, 12:00:29 p. m.] Spaceman 1: Multiplicador recibido - Game ID: 11041644813, Multiplicador: 8.98x
---
[10/11/2025, 12:00:29 p. m.] Spaceman 1: Multiplicador recibido - Game ID: 11041644813, Multiplicador: 9.02x
---
[10/11/2025, 12:00:29 p. m.] Spaceman 1: Multiplicador recibido - Game ID: 11041644813, Multiplicador: 9.06x
---
[10/11/2025, 12:00:29 p. m.] Spaceman 1: Multiplicador recibido - Game ID: 11041644813, Multiplicador: 9.1x
---
[10/11/2025, 12:00:29 p. m.] Spaceman 1: Multiplicador recibido - Game ID: 11041644813, Multiplicador: 9.13x
---
[10/11/2025, 12:00:29 p. m.] Spaceman 1: Multiplicador recibido - Game ID: 11041644813, Multiplicador: 9.18x
---
[10/11/2025, 12:00:29 p. m.] Spaceman 1: Multiplicador recibido - Game ID: 11041644813, Multiplicador: 9.22x
---
[10/11/2025, 12:00:29 p. m.] Spaceman 1: Multiplicador recibido - Game ID: 11041644813, Multiplicador: 9.25x
---
[10/11/2025, 12:00:29 p. m.] Spaceman 1: Multiplicador recibido - Game ID: 11041644813, Multiplicador: 9.29x
---
[10/11/2025, 12:00:29 p. m.] Spaceman 1: Multiplicador recibido - Game ID: 11041644813, Multiplicador: 9.32x
---
[10/11/2025, 12:00:29 p. m.] Spaceman 1: Multiplicador recibido - Game ID: 11041644813, Multiplicador: 9.36x
---
[10/11/2025, 12:00:29 p. m.] Spaceman 1: Multiplicador recibido - Game ID: 11041644813, Multiplicador: 9.41x
---
[10/11/2025, 12:00:29 p. m.] Spaceman 1: Multiplicador recibido - Game ID: 11041644813, Multiplicador: 9.44x
---
[10/11/2025, 12:00:29 p. m.] Spaceman 1: Multiplicador recibido - Game ID: 11041644813, Multiplicador: 9.48x
---
[10/11/2025, 12:00:29 p. m.] Spaceman 1: Multiplicador recibido - Game ID: 11041644813, Multiplicador: 9.55x
---
[10/11/2025, 12:00:29 p. m.] Spaceman 1: Multiplicador recibido - Game ID: 11041644813, Multiplicador: 9.59x
---
[10/11/2025, 12:00:29 p. m.] Spaceman 1: Multiplicador recibido - Game ID: 11041644813, Multiplicador: 9.63x
---
[10/11/2025, 12:00:29 p. m.] Spaceman 1: Multiplicador recibido - Game ID: 11041644813, Multiplicador: 9.68x
---
[10/11/2025, 12:00:30 p. m.] Spaceman 1: Ping enviado: 1762794030008
---
[10/11/2025, 12:00:30 p. m.] Spaceman 1: Multiplicador recibido - Game ID: 11041644813, Multiplicador: 9.71x
---
[10/11/2025, 12:00:30 p. m.] Spaceman 1: Multiplicador recibido - Game ID: 11041644813, Multiplicador: 9.75x
---
[10/11/2025, 12:00:30 p. m.] Spaceman 1: Multiplicador recibido - Game ID: 11041644813, Multiplicador: 9.79x
---
[10/11/2025, 12:00:30 p. m.] Spaceman 1: Multiplicador recibido - Game ID: 11041644813, Multiplicador: 9.83x
---
[10/11/2025, 12:00:30 p. m.] Spaceman 1: Multiplicador recibido - Game ID: 11041644813, Multiplicador: 9.87x
---
[10/11/2025, 12:00:30 p. m.] Spaceman 1: Multiplicador recibido - Game ID: 11041644813, Multiplicador: 9.91x
---
[10/11/2025, 12:00:30 p. m.] Spaceman 1: Multiplicador recibido - Game ID: 11041644813, Multiplicador: 9.95x
---
[10/11/2025, 12:00:30 p. m.] Spaceman 1: Multiplicador recibido - Game ID: 11041644813, Multiplicador: 9.99x
---
[10/11/2025, 12:00:30 p. m.] Spaceman 1: Multiplicador recibido - Game ID: 11041644813, Multiplicador: 10.04x
---
[10/11/2025, 12:00:30 p. m.] Spaceman 1: Multiplicador recibido - Game ID: 11041644813, Multiplicador: 10.07x
---
[10/11/2025, 12:00:30 p. m.] Spaceman 1: Multiplicador recibido - Game ID: 11041644813, Multiplicador: 10.12x
---
[10/11/2025, 12:00:30 p. m.] Spaceman 1: Multiplicador recibido - Game ID: 11041644813, Multiplicador: 10.2x
---
[10/11/2025, 12:00:30 p. m.] Spaceman 1: Multiplicador recibido - Game ID: 11041644813, Multiplicador: 10.24x
---
[10/11/2025, 12:00:30 p. m.] Spaceman 1: Multiplicador recibido - Game ID: 11041644813, Multiplicador: 10.29x
---
[10/11/2025, 12:00:30 p. m.] Spaceman 1: Multiplicador recibido - Game ID: 11041644813, Multiplicador: 10.33x
---
[10/11/2025, 12:00:30 p. m.] Spaceman 1: Multiplicador recibido - Game ID: 11041644813, Multiplicador: 10.37x
---
[10/11/2025, 12:00:30 p. m.] Spaceman 1: Multiplicador recibido - Game ID: 11041644813, Multiplicador: 10.41x
---
[10/11/2025, 12:00:30 p. m.] Spaceman 1: Multiplicador recibido - Game ID: 11041644813, Multiplicador: 10.45x
---
[10/11/2025, 12:00:30 p. m.] Spaceman 1: Multiplicador recibido - Game ID: 11041644813, Multiplicador: 10.5x
---
[10/11/2025, 12:00:31 p. m.] Spaceman 1: Multiplicador recibido - Game ID: 11041644813, Multiplicador: 10.54x
---
[10/11/2025, 12:00:31 p. m.] Spaceman 1: Multiplicador recibido - Game ID: 11041644813, Multiplicador: 10.58x
---
[10/11/2025, 12:00:31 p. m.] Spaceman 1: Multiplicador recibido - Game ID: 11041644813, Multiplicador: 10.62x
---
[10/11/2025, 12:00:31 p. m.] Spaceman 1: Multiplicador recibido - Game ID: 11041644813, Multiplicador: 10.66x
---
[10/11/2025, 12:00:31 p. m.] Spaceman 1: Multiplicador recibido - Game ID: 11041644813, Multiplicador: 10.71x
---
[10/11/2025, 12:00:31 p. m.] Spaceman 1: Multiplicador recibido - Game ID: 11041644813, Multiplicador: 10.8x
---
[10/11/2025, 12:00:31 p. m.] Spaceman 1: Multiplicador recibido - Game ID: 11041644813, Multiplicador: 10.84x
---
[10/11/2025, 12:00:31 p. m.] Spaceman 1: Multiplicador recibido - Game ID: 11041644813, Multiplicador: 10.88x
---
[10/11/2025, 12:00:31 p. m.] Spaceman 1: Multiplicador recibido - Game ID: 11041644813, Multiplicador: 10.93x
---
[10/11/2025, 12:00:31 p. m.] Spaceman 1: Multiplicador recibido - Game ID: 11041644813, Multiplicador: 10.98x
---
[10/11/2025, 12:00:31 p. m.] Spaceman 1: Multiplicador recibido - Game ID: 11041644813, Multiplicador: 11.03x
---
[10/11/2025, 12:00:31 p. m.] Spaceman 1: Multiplicador recibido - Game ID: 11041644813, Multiplicador: 11.08x
---
[10/11/2025, 12:00:31 p. m.] Spaceman 1: Multiplicador recibido - Game ID: 11041644813, Multiplicador: 11.13x
---
[10/11/2025, 12:00:31 p. m.] Spaceman 1: Multiplicador recibido - Game ID: 11041644813, Multiplicador: 11.18x
---
[10/11/2025, 12:00:31 p. m.] Spaceman 1: Multiplicador recibido - Game ID: 11041644813, Multiplicador: 11.23x
---
[10/11/2025, 12:00:31 p. m.] Spaceman 1: Multiplicador recibido - Game ID: 11041644813, Multiplicador: 11.27x
---
[10/11/2025, 12:00:31 p. m.] Spaceman 1: Multiplicador recibido - Game ID: 11041644813, Multiplicador: 11.32x
---
[10/11/2025, 12:00:31 p. m.] Spaceman 1: Multiplicador recibido - Game ID: 11041644813, Multiplicador: 11.37x
---
[10/11/2025, 12:00:31 p. m.] Spaceman 1: Multiplicador recibido - Game ID: 11041644813, Multiplicador: 11.41x
---
[10/11/2025, 12:00:32 p. m.] Spaceman 1: Multiplicador recibido - Game ID: 11041644813, Multiplicador: 11.46x
---
[10/11/2025, 12:00:32 p. m.] Spaceman 1: Multiplicador recibido - Game ID: 11041644813, Multiplicador: 11.53x
---
[10/11/2025, 12:00:32 p. m.] Spaceman 1: Multiplicador recibido - Game ID: 11041644813, Multiplicador: 11.57x
---
[10/11/2025, 12:00:32 p. m.] Spaceman 1: Multiplicador recibido - Game ID: 11041644813, Multiplicador: 11.63x
---
[10/11/2025, 12:00:32 p. m.] Spaceman 1: Multiplicador recibido - Game ID: 11041644813, Multiplicador: 11.68x
---
[10/11/2025, 12:00:32 p. m.] Spaceman 1: Multiplicador recibido - Game ID: 11041644813, Multiplicador: 11.73x
---
[10/11/2025, 12:00:32 p. m.] Spaceman 1: Multiplicador recibido - Game ID: 11041644813, Multiplicador: 11.78x
---
[10/11/2025, 12:00:32 p. m.] Spaceman 1: Multiplicador recibido - Game ID: 11041644813, Multiplicador: 11.83x
---
[10/11/2025, 12:00:32 p. m.] Spaceman 1: Multiplicador recibido - Game ID: 11041644813, Multiplicador: 11.88x
---
[10/11/2025, 12:00:32 p. m.] Spaceman 1: Multiplicador recibido - Game ID: 11041644813, Multiplicador: 11.94x
---
[10/11/2025, 12:00:32 p. m.] Spaceman 1: Multiplicador recibido - Game ID: 11041644813, Multiplicador: 11.99x
---
[10/11/2025, 12:00:32 p. m.] Spaceman 1: Multiplicador recibido - Game ID: 11041644813, Multiplicador: 12.04x
---
[10/11/2025, 12:00:32 p. m.] Spaceman 1: Multiplicador recibido - Game ID: 11041644813, Multiplicador: 12.1x
---
[10/11/2025, 12:00:32 p. m.] Spaceman 1: Multiplicador recibido - Game ID: 11041644813, Multiplicador: 12.15x
---
[10/11/2025, 12:00:32 p. m.] Spaceman 1: Multiplicador recibido - Game ID: 11041644813, Multiplicador: 12.21x
---
[10/11/2025, 12:00:32 p. m.] Spaceman 1: Multiplicador recibido - Game ID: 11041644813, Multiplicador: 12.27x
---
[10/11/2025, 12:00:32 p. m.] Spaceman 1: Multiplicador recibido - Game ID: 11041644813, Multiplicador: 12.32x
---
[10/11/2025, 12:00:32 p. m.] Spaceman 1: Multiplicador recibido - Game ID: 11041644813, Multiplicador: 12.37x
---
[10/11/2025, 12:00:32 p. m.] Spaceman 1: Multiplicador recibido - Game ID: 11041644813, Multiplicador: 12.42x
---
[10/11/2025, 12:00:33 p. m.] Spaceman 1: Multiplicador recibido - Game ID: 11041644813, Multiplicador: 12.48x
---
[10/11/2025, 12:00:33 p. m.] Spaceman 1: Multiplicador recibido - Game ID: 11041644813, Multiplicador: 12.53x
---
[10/11/2025, 12:00:33 p. m.] Spaceman 1: Multiplicador recibido - Game ID: 11041644813, Multiplicador: 12.58x
---
[10/11/2025, 12:00:33 p. m.] Spaceman 1: Multiplicador recibido - Game ID: 11041644813, Multiplicador: 12.63x
---
[10/11/2025, 12:00:33 p. m.] Spaceman 1: Multiplicador recibido - Game ID: 11041644813, Multiplicador: 12.68x
---
[10/11/2025, 12:00:33 p. m.] Spaceman 1: Multiplicador recibido - Game ID: 11041644813, Multiplicador: 12.73x
---
[10/11/2025, 12:00:33 p. m.] Spaceman 1: Multiplicador recibido - Game ID: 11041644813, Multiplicador: 12.79x
---
[10/11/2025, 12:00:33 p. m.] Spaceman 1: Multiplicador recibido - Game ID: 11041644813, Multiplicador: 12.84x
---
[10/11/2025, 12:00:33 p. m.] Spaceman 1: Multiplicador recibido - Game ID: 11041644813, Multiplicador: 12.9x
---
[10/11/2025, 12:00:33 p. m.] Spaceman 1: Multiplicador recibido - Game ID: 11041644813, Multiplicador: 12.96x
---
[10/11/2025, 12:00:33 p. m.] Spaceman 1: Multiplicador recibido - Game ID: 11041644813, Multiplicador: 13.06x
---
[10/11/2025, 12:00:33 p. m.] Spaceman 1: Multiplicador recibido - Game ID: 11041644813, Multiplicador: 13.13x
---
[10/11/2025, 12:00:33 p. m.] Spaceman 1: Multiplicador recibido - Game ID: 11041644813, Multiplicador: 13.18x
---
[10/11/2025, 12:00:33 p. m.] Spaceman 1: Multiplicador recibido - Game ID: 11041644813, Multiplicador: 13.24x
---
[10/11/2025, 12:00:33 p. m.] Spaceman 1: Multiplicador recibido - Game ID: 11041644813, Multiplicador: 13.3x
---
[10/11/2025, 12:00:33 p. m.] Spaceman 1: Multiplicador recibido - Game ID: 11041644813, Multiplicador: 13.35x
---
[10/11/2025, 12:00:33 p. m.] Spaceman 1: Multiplicador recibido - Game ID: 11041644813, Multiplicador: 13.41x
---
[10/11/2025, 12:00:33 p. m.] Spaceman 1: Multiplicador recibido - Game ID: 11041644813, Multiplicador: 13.47x
---
[10/11/2025, 12:00:34 p. m.] Spaceman 1: Multiplicador recibido - Game ID: 11041644813, Multiplicador: 13.53x
---
[10/11/2025, 12:00:34 p. m.] Spaceman 1: Multiplicador recibido - Game ID: 11041644813, Multiplicador: 13.59x
---
[10/11/2025, 12:00:34 p. m.] Spaceman 1: Multiplicador recibido - Game ID: 11041644813, Multiplicador: 13.65x
---
[10/11/2025, 12:00:34 p. m.] Spaceman 1: Multiplicador recibido - Game ID: 11041644813, Multiplicador: 13.7x
---
[10/11/2025, 12:00:34 p. m.] Spaceman 1: Multiplicador recibido - Game ID: 11041644813, Multiplicador: 13.75x
---
[10/11/2025, 12:00:34 p. m.] Spaceman 1: Multiplicador recibido - Game ID: 11041644813, Multiplicador: 13.81x
---
[10/11/2025, 12:00:34 p. m.] Spaceman 1: Multiplicador recibido - Game ID: 11041644813, Multiplicador: 13.87x
---
[10/11/2025, 12:00:34 p. m.] Spaceman 1: Multiplicador recibido - Game ID: 11041644813, Multiplicador: 13.98x
---
[10/11/2025, 12:00:34 p. m.] Spaceman 1: Multiplicador recibido - Game ID: 11041644813, Multiplicador: 14.03x
---
[10/11/2025, 12:00:34 p. m.] Spaceman 1: Multiplicador recibido - Game ID: 11041644813, Multiplicador: 14.1x
---
[10/11/2025, 12:00:34 p. m.] Spaceman 1: Multiplicador recibido - Game ID: 11041644813, Multiplicador: 14.16x
---
[10/11/2025, 12:00:34 p. m.] Spaceman 1: Multiplicador recibido - Game ID: 11041644813, Multiplicador: 14.21x
---
[10/11/2025, 12:00:34 p. m.] Spaceman 1: Multiplicador recibido - Game ID: 11041644813, Multiplicador: 14.27x
---
[10/11/2025, 12:00:34 p. m.] Spaceman 1: Multiplicador recibido - Game ID: 11041644813, Multiplicador: 14.34x
---
[10/11/2025, 12:00:34 p. m.] Spaceman 1: Multiplicador recibido - Game ID: 11041644813, Multiplicador: 14.4x
---
[10/11/2025, 12:00:34 p. m.] Spaceman 1: Multiplicador recibido - Game ID: 11041644813, Multiplicador: 14.47x
---
[10/11/2025, 12:00:34 p. m.] Spaceman 1: Multiplicador recibido - Game ID: 11041644813, Multiplicador: 14.52x
---
[10/11/2025, 12:00:34 p. m.] Spaceman 1: Multiplicador recibido - Game ID: 11041644813, Multiplicador: 14.58x
---
[10/11/2025, 12:00:34 p. m.] Spaceman 1: Multiplicador recibido - Game ID: 11041644813, Multiplicador: 14.65x
---
[10/11/2025, 12:00:35 p. m.] Spaceman 1: Multiplicador recibido - Game ID: 11041644813, Multiplicador: 14.71x
---
[10/11/2025, 12:00:35 p. m.] Spaceman 1: Multiplicador recibido - Game ID: 11041644813, Multiplicador: 14.78x
---
[10/11/2025, 12:00:35 p. m.] Spaceman 1: Multiplicador recibido - Game ID: 11041644813, Multiplicador: 14.84x
---
[10/11/2025, 12:00:35 p. m.] Spaceman 1: Multiplicador recibido - Game ID: 11041644813, Multiplicador: 14.91x
---
[10/11/2025, 12:00:35 p. m.] Spaceman 1: Multiplicador recibido - Game ID: 11041644813, Multiplicador: 14.96x
---
[10/11/2025, 12:00:35 p. m.] Spaceman 1: Multiplicador recibido - Game ID: 11041644813, Multiplicador: 15.02x
---
[10/11/2025, 12:00:35 p. m.] Spaceman 1: Multiplicador recibido - Game ID: 11041644813, Multiplicador: 15.08x
---
[10/11/2025, 12:00:35 p. m.] Spaceman 1: Multiplicador recibido - Game ID: 11041644813, Multiplicador: 15.15x
---
[10/11/2025, 12:00:35 p. m.] Spaceman 1: Multiplicador recibido - Game ID: 11041644813, Multiplicador: 15.21x
---
[10/11/2025, 12:00:35 p. m.] Spaceman 1: Multiplicador recibido - Game ID: 11041644813, Multiplicador: 15.28x
---
[10/11/2025, 12:00:35 p. m.] Spaceman 1: Multiplicador recibido - Game ID: 11041644813, Multiplicador: 15.34x
---
[10/11/2025, 12:00:35 p. m.] Spaceman 1: Multiplicador recibido - Game ID: 11041644813, Multiplicador: 15.41x
---
[10/11/2025, 12:00:35 p. m.] Spaceman 1: Multiplicador recibido - Game ID: 11041644813, Multiplicador: 15.48x
---
[10/11/2025, 12:00:35 p. m.] Spaceman 1: Multiplicador recibido - Game ID: 11041644813, Multiplicador: 15.55x
---
[10/11/2025, 12:00:35 p. m.] Spaceman 1: Multiplicador recibido - Game ID: 11041644813, Multiplicador: 15.61x
---
[10/11/2025, 12:00:35 p. m.] Spaceman 1: Multiplicador recibido - Game ID: 11041644813, Multiplicador: 15.68x
---
[10/11/2025, 12:00:35 p. m.] Spaceman 1: Multiplicador recibido - Game ID: 11041644813, Multiplicador: 15.8x
---
[10/11/2025, 12:00:35 p. m.] Spaceman 1: Multiplicador recibido - Game ID: 11041644813, Multiplicador: 15.88x
---
[10/11/2025, 12:00:35 p. m.] Spaceman 1: Multiplicador recibido - Game ID: 11041644813, Multiplicador: 15.95x
---
[10/11/2025, 12:00:36 p. m.] Spaceman 1: Multiplicador recibido - Game ID: 11041644813, Multiplicador: 16.01x
---
[10/11/2025, 12:00:36 p. m.] Spaceman 1: Multiplicador recibido - Game ID: 11041644813, Multiplicador: 16.09x
---
[10/11/2025, 12:00:36 p. m.] Spaceman 1: Multiplicador recibido - Game ID: 11041644813, Multiplicador: 16.15x
---
[10/11/2025, 12:00:36 p. m.] Spaceman 1: Multiplicador recibido - Game ID: 11041644813, Multiplicador: 16.23x
---
[10/11/2025, 12:00:36 p. m.] Spaceman 1: Multiplicador recibido - Game ID: 11041644813, Multiplicador: 16.3x
---
[10/11/2025, 12:00:36 p. m.] Spaceman 1: Multiplicador recibido - Game ID: 11041644813, Multiplicador: 16.36x
---
[10/11/2025, 12:00:36 p. m.] Spaceman 1: Multiplicador recibido - Game ID: 11041644813, Multiplicador: 16.43x
---
[10/11/2025, 12:00:36 p. m.] Spaceman 1: Multiplicador recibido - Game ID: 11041644813, Multiplicador: 16.5x
---
[10/11/2025, 12:00:36 p. m.] Spaceman 1: Multiplicador recibido - Game ID: 11041644813, Multiplicador: 16.56x
---
[10/11/2025, 12:00:36 p. m.] Spaceman 1: Multiplicador recibido - Game ID: 11041644813, Multiplicador: 16.64x
---
[10/11/2025, 12:00:36 p. m.] Spaceman 1: Multiplicador recibido - Game ID: 11041644813, Multiplicador: 16.7x
---
[10/11/2025, 12:00:36 p. m.] Spaceman 1: Multiplicador recibido - Game ID: 11041644813, Multiplicador: 16.78x
---
[10/11/2025, 12:00:36 p. m.] Spaceman 1: Multiplicador recibido - Game ID: 11041644813, Multiplicador: 16.86x
---
[10/11/2025, 12:00:36 p. m.] Spaceman 1: Multiplicador recibido - Game ID: 11041644813, Multiplicador: 16.93x
---
[10/11/2025, 12:00:36 p. m.] Spaceman 1: Multiplicador recibido - Game ID: 11041644813, Multiplicador: 17x
---
[10/11/2025, 12:00:36 p. m.] Spaceman 1: Multiplicador recibido - Game ID: 11041644813, Multiplicador: 17.07x
---
[10/11/2025, 12:00:36 p. m.] Spaceman 1: Multiplicador recibido - Game ID: 11041644813, Multiplicador: 17.15x
---
[10/11/2025, 12:00:36 p. m.] Spaceman 1: Multiplicador recibido - Game ID: 11041644813, Multiplicador: 17.22x
---
[10/11/2025, 12:00:36 p. m.] Spaceman 1: Multiplicador recibido - Game ID: 11041644813, Multiplicador: 17.3x
---
[10/11/2025, 12:00:37 p. m.] Spaceman 1: Multiplicador recibido - Game ID: 11041644813, Multiplicador: 17.37x
---
[10/11/2025, 12:00:37 p. m.] Spaceman 1: Multiplicador recibido - Game ID: 11041644813, Multiplicador: 17.45x
---
[10/11/2025, 12:00:37 p. m.] Spaceman 1: Multiplicador recibido - Game ID: 11041644813, Multiplicador: 17.53x
---
[10/11/2025, 12:00:37 p. m.] Spaceman 1: Multiplicador recibido - Game ID: 11041644813, Multiplicador: 17.6x
---
[10/11/2025, 12:00:37 p. m.] Spaceman 1: Multiplicador recibido - Game ID: 11041644813, Multiplicador: 17.67x
---
[10/11/2025, 12:00:37 p. m.] Spaceman 1: Multiplicador recibido - Game ID: 11041644813, Multiplicador: 17.74x
---
[10/11/2025, 12:00:37 p. m.] Spaceman 1: Multiplicador recibido - Game ID: 11041644813, Multiplicador: 17.84x
---
[10/11/2025, 12:00:37 p. m.] Spaceman 1: Multiplicador recibido - Game ID: 11041644813, Multiplicador: 17.91x
---
[10/11/2025, 12:00:37 p. m.] Spaceman 1: Multiplicador recibido - Game ID: 11041644813, Multiplicador: 17.99x
---
[10/11/2025, 12:00:37 p. m.] Spaceman 1: Multiplicador recibido - Game ID: 11041644813, Multiplicador: 18.06x
---
[10/11/2025, 12:00:37 p. m.] Spaceman 1: Multiplicador recibido - Game ID: 11041644813, Multiplicador: 18.13x
---
[10/11/2025, 12:00:37 p. m.] Spaceman 1: Multiplicador recibido - Game ID: 11041644813, Multiplicador: 18.21x
---
[10/11/2025, 12:00:37 p. m.] Spaceman 1: Multiplicador recibido - Game ID: 11041644813, Multiplicador: 18.28x
---
[10/11/2025, 12:00:37 p. m.] Spaceman 1: Multiplicador recibido - Game ID: 11041644813, Multiplicador: 18.36x
---
[10/11/2025, 12:00:37 p. m.] Spaceman 1: Multiplicador recibido - Game ID: 11041644813, Multiplicador: 18.44x
---
[10/11/2025, 12:00:37 p. m.] Spaceman 1: Multiplicador recibido - Game ID: 11041644813, Multiplicador: 18.52x
---
[10/11/2025, 12:00:37 p. m.] Spaceman 1: Multiplicador recibido - Game ID: 11041644813, Multiplicador: 18.59x
---
[10/11/2025, 12:00:37 p. m.] Spaceman 1: Multiplicador recibido - Game ID: 11041644813, Multiplicador: 18.67x
---
[10/11/2025, 12:00:37 p. m.] Spaceman 1: Multiplicador recibido - Game ID: 11041644813, Multiplicador: 18.74x
---
[10/11/2025, 12:00:37 p. m.] Spaceman 1: Multiplicador recibido - Game ID: 11041644813, Multiplicador: 18.82x
---
[10/11/2025, 12:00:38 p. m.] Spaceman 1: Multiplicador recibido - Game ID: 11041644813, Multiplicador: 18.9x
---
[10/11/2025, 12:00:38 p. m.] Spaceman 1: Multiplicador recibido - Game ID: 11041644813, Multiplicador: 18.98x
---
[10/11/2025, 12:00:38 p. m.] Spaceman 1: Multiplicador recibido - Game ID: 11041644813, Multiplicador: 19.07x
---
[10/11/2025, 12:00:38 p. m.] Spaceman 1: Multiplicador recibido - Game ID: 11041644813, Multiplicador: 19.16x
---
[10/11/2025, 12:00:38 p. m.] Spaceman 1: Multiplicador recibido - Game ID: 11041644813, Multiplicador: 19.25x
---
[10/11/2025, 12:00:38 p. m.] Spaceman 1: Multiplicador recibido - Game ID: 11041644813, Multiplicador: 19.33x
---
[10/11/2025, 12:00:38 p. m.] Spaceman 1: Multiplicador recibido - Game ID: 11041644813, Multiplicador: 19.42x
---
[10/11/2025, 12:00:38 p. m.] Spaceman 1: Multiplicador recibido - Game ID: 11041644813, Multiplicador: 19.5x
---
[10/11/2025, 12:00:38 p. m.] Spaceman 1: Multiplicador recibido - Game ID: 11041644813, Multiplicador: 19.59x
---
[10/11/2025, 12:00:38 p. m.] Spaceman 1: Multiplicador recibido - Game ID: 11041644813, Multiplicador: 19.68x
---
[10/11/2025, 12:00:38 p. m.] Spaceman 1: Multiplicador recibido - Game ID: 11041644813, Multiplicador: 19.76x
---
[10/11/2025, 12:00:38 p. m.] Spaceman 1: Multiplicador recibido - Game ID: 11041644813, Multiplicador: 19.84x
---
[10/11/2025, 12:00:38 p. m.] Spaceman 1: Multiplicador recibido - Game ID: 11041644813, Multiplicador: 19.93x
---
[10/11/2025, 12:00:38 p. m.] Spaceman 1: Multiplicador recibido - Game ID: 11041644813, Multiplicador: 20.01x
---
[10/11/2025, 12:00:38 p. m.] Spaceman 1: Multiplicador recibido - Game ID: 11041644813, Multiplicador: 20.09x
---
[10/11/2025, 12:00:38 p. m.] Spaceman 1: Multiplicador recibido - Game ID: 11041644813, Multiplicador: 20.25x
---
[10/11/2025, 12:00:38 p. m.] Spaceman 1: Multiplicador recibido - Game ID: 11041644813, Multiplicador: 20.35x
---
[10/11/2025, 12:00:38 p. m.] Spaceman 1: Multiplicador recibido - Game ID: 11041644813, Multiplicador: 20.43x
---
[10/11/2025, 12:00:39 p. m.] Spaceman 1: Multiplicador recibido - Game ID: 11041644813, Multiplicador: 20.51x
---
[10/11/2025, 12:00:39 p. m.] Spaceman 1: Multiplicador recibido - Game ID: 11041644813, Multiplicador: 20.59x
---
[10/11/2025, 12:00:39 p. m.] Spaceman 1: Multiplicador recibido - Game ID: 11041644813, Multiplicador: 20.67x
---
[10/11/2025, 12:00:39 p. m.] Spaceman 1: Multiplicador recibido - Game ID: 11041644813, Multiplicador: 20.75x
---
[10/11/2025, 12:00:39 p. m.] Spaceman 1: Multiplicador recibido - Game ID: 11041644813, Multiplicador: 20.84x
---
[10/11/2025, 12:00:39 p. m.] Spaceman 1: Multiplicador recibido - Game ID: 11041644813, Multiplicador: 20.93x
---
[10/11/2025, 12:00:39 p. m.] Spaceman 1: Multiplicador recibido - Game ID: 11041644813, Multiplicador: 21.02x
---
[10/11/2025, 12:00:39 p. m.] Spaceman 1: Multiplicador recibido - Game ID: 11041644813, Multiplicador: 21.11x
---
[10/11/2025, 12:00:39 p. m.] Spaceman 1: Multiplicador recibido - Game ID: 11041644813, Multiplicador: 21.2x
---
[10/11/2025, 12:00:39 p. m.] Spaceman 1: Multiplicador recibido - Game ID: 11041644813, Multiplicador: 21.29x
---
[10/11/2025, 12:00:39 p. m.] Spaceman 1: Multiplicador recibido - Game ID: 11041644813, Multiplicador: 21.39x
---
[10/11/2025, 12:00:39 p. m.] Spaceman 1: Multiplicador recibido - Game ID: 11041644813, Multiplicador: 21.48x
---
[10/11/2025, 12:00:39 p. m.] Spaceman 1: Multiplicador recibido - Game ID: 11041644813, Multiplicador: 21.62x
---
[10/11/2025, 12:00:39 p. m.] Spaceman 1: Multiplicador recibido - Game ID: 11041644813, Multiplicador: 21.71x
---
[10/11/2025, 12:00:39 p. m.] Spaceman 1: Multiplicador recibido - Game ID: 11041644813, Multiplicador: 21.8x
---
[10/11/2025, 12:00:39 p. m.] Spaceman 1: Multiplicador recibido - Game ID: 11041644813, Multiplicador: 21.9x
---
[10/11/2025, 12:00:39 p. m.] Spaceman 1: Multiplicador recibido - Game ID: 11041644813, Multiplicador: 21.99x
---
[10/11/2025, 12:00:39 p. m.] Spaceman 1: Multiplicador recibido - Game ID: 11041644813, Multiplicador: 22.09x
---
[10/11/2025, 12:00:39 p. m.] Spaceman 1: Multiplicador recibido - Game ID: 11041644813, Multiplicador: 22.19x
---
[10/11/2025, 12:00:40 p. m.] Spaceman 1: Ping enviado: 1762794040021
---
[10/11/2025, 12:00:40 p. m.] Spaceman 1: Multiplicador recibido - Game ID: 11041644813, Multiplicador: 22.29x
---
[10/11/2025, 12:00:40 p. m.] Spaceman 1: Multiplicador recibido - Game ID: 11041644813, Multiplicador: 22.38x
---
[10/11/2025, 12:00:40 p. m.] Spaceman 1: Multiplicador recibido - Game ID: 11041644813, Multiplicador: 22.48x
---
[10/11/2025, 12:00:40 p. m.] Spaceman 1: Multiplicador recibido - Game ID: 11041644813, Multiplicador: 22.57x
---
[10/11/2025, 12:00:40 p. m.] Spaceman 1: Multiplicador recibido - Game ID: 11041644813, Multiplicador: 22.66x
---
[10/11/2025, 12:00:40 p. m.] Spaceman 1: Multiplicador recibido - Game ID: 11041644813, Multiplicador: 22.75x
---
[10/11/2025, 12:00:40 p. m.] Spaceman 1: Multiplicador recibido - Game ID: 11041644813, Multiplicador: 22.86x
---
[10/11/2025, 12:00:40 p. m.] Spaceman 1: Multiplicador recibido - Game ID: 11041644813, Multiplicador: 22.95x
---
[10/11/2025, 12:00:40 p. m.] Spaceman 1: Multiplicador recibido - Game ID: 11041644813, Multiplicador: 23.11x
---
[10/11/2025, 12:00:40 p. m.] Spaceman 1: Multiplicador recibido - Game ID: 11041644813, Multiplicador: 23.22x
---
[10/11/2025, 12:00:40 p. m.] Spaceman 1: Multiplicador recibido - Game ID: 11041644813, Multiplicador: 23.32x
---
[10/11/2025, 12:00:40 p. m.] Spaceman 1: Multiplicador recibido - Game ID: 11041644813, Multiplicador: 23.41x
---
[10/11/2025, 12:00:40 p. m.] Spaceman 1: Multiplicador recibido - Game ID: 11041644813, Multiplicador: 23.52x
---
[10/11/2025, 12:00:40 p. m.] Spaceman 1: Multiplicador recibido - Game ID: 11041644813, Multiplicador: 23.62x
---
[10/11/2025, 12:00:40 p. m.] Spaceman 1: Multiplicador recibido - Game ID: 11041644813, Multiplicador: 23.72x
---
[10/11/2025, 12:00:40 p. m.] Spaceman 1: Multiplicador recibido - Game ID: 11041644813, Multiplicador: 23.82x
---
[10/11/2025, 12:00:40 p. m.] Spaceman 1: Multiplicador recibido - Game ID: 11041644813, Multiplicador: 23.92x
---
[10/11/2025, 12:00:40 p. m.] Spaceman 1: Multiplicador recibido - Game ID: 11041644813, Multiplicador: 24.02x
---
[10/11/2025, 12:00:41 p. m.] Spaceman 1: Multiplicador recibido - Game ID: 11041644813, Multiplicador: 24.11x
---
[10/11/2025, 12:00:41 p. m.] Spaceman 1: Multiplicador recibido - Game ID: 11041644813, Multiplicador: 24.22x
---
[10/11/2025, 12:00:41 p. m.] Spaceman 1: Multiplicador recibido - Game ID: 11041644813, Multiplicador: 24.33x
---
[10/11/2025, 12:00:41 p. m.] Spaceman 1: Multiplicador recibido - Game ID: 11041644813, Multiplicador: 24.49x
---
[10/11/2025, 12:00:41 p. m.] Spaceman 1: Multiplicador recibido - Game ID: 11041644813, Multiplicador: 24.61x
---
[10/11/2025, 12:00:41 p. m.] Spaceman 1: Multiplicador recibido - Game ID: 11041644813, Multiplicador: 24.71x
---
[10/11/2025, 12:00:41 p. m.] Spaceman 1: Multiplicador recibido - Game ID: 11041644813, Multiplicador: 24.81x
---
[10/11/2025, 12:00:41 p. m.] Spaceman 1: Multiplicador recibido - Game ID: 11041644813, Multiplicador: 24.91x
---
[10/11/2025, 12:00:41 p. m.] Spaceman 1: Multiplicador recibido - Game ID: 11041644813, Multiplicador: 25.01x
---
[10/11/2025, 12:00:41 p. m.] Spaceman 1: Multiplicador recibido - Game ID: 11041644813, Multiplicador: 25.12x
---
[10/11/2025, 12:00:41 p. m.] Spaceman 1: Multiplicador recibido - Game ID: 11041644813, Multiplicador: 25.23x
---
[10/11/2025, 12:00:41 p. m.] Spaceman 1: Multiplicador recibido - Game ID: 11041644813, Multiplicador: 25.34x
---
[10/11/2025, 12:00:41 p. m.] Spaceman 1: Multiplicador recibido - Game ID: 11041644813, Multiplicador: 25.45x
---
[10/11/2025, 12:00:41 p. m.] Spaceman 1: Multiplicador recibido - Game ID: 11041644813, Multiplicador: 25.55x
---
[10/11/2025, 12:00:41 p. m.] Spaceman 1: Multiplicador recibido - Game ID: 11041644813, Multiplicador: 25.67x
---
[10/11/2025, 12:00:41 p. m.] Spaceman 1: Multiplicador recibido - Game ID: 11041644813, Multiplicador: 25.77x
---
[10/11/2025, 12:00:41 p. m.] Spaceman 1: Multiplicador recibido - Game ID: 11041644813, Multiplicador: 25.88x
---
[10/11/2025, 12:00:41 p. m.] Spaceman 1: Multiplicador recibido - Game ID: 11041644813, Multiplicador: 25.98x
---
[10/11/2025, 12:00:41 p. m.] Spaceman 1: Multiplicador recibido - Game ID: 11041644813, Multiplicador: 26.09x
---
[10/11/2025, 12:00:42 p. m.] Spaceman 1: Multiplicador recibido - Game ID: 11041644813, Multiplicador: 26.23x
---
[10/11/2025, 12:00:42 p. m.] Spaceman 1: Multiplicador recibido - Game ID: 11041644813, Multiplicador: 26.35x
---
[10/11/2025, 12:00:42 p. m.] Spaceman 1: Multiplicador recibido - Game ID: 11041644813, Multiplicador: 26.46x
---
[10/11/2025, 12:00:42 p. m.] Spaceman 1: Multiplicador recibido - Game ID: 11041644813, Multiplicador: 26.57x
---
[10/11/2025, 12:00:42 p. m.] Spaceman 1: Multiplicador recibido - Game ID: 11041644813, Multiplicador: 26.69x
---
[10/11/2025, 12:00:42 p. m.] Spaceman 1: Multiplicador recibido - Game ID: 11041644813, Multiplicador: 26.82x
---
[10/11/2025, 12:00:42 p. m.] Spaceman 1: Multiplicador recibido - Game ID: 11041644813, Multiplicador: 26.92x
---
[10/11/2025, 12:00:42 p. m.] Spaceman 1: Multiplicador recibido - Game ID: 11041644813, Multiplicador: 27.03x
---
[10/11/2025, 12:00:42 p. m.] Spaceman 1: Multiplicador recibido - Game ID: 11041644813, Multiplicador: 27.15x
---
[10/11/2025, 12:00:42 p. m.] Spaceman 1: Multiplicador recibido - Game ID: 11041644813, Multiplicador: 27.26x
---
[10/11/2025, 12:00:42 p. m.] Spaceman 1: Multiplicador recibido - Game ID: 11041644813, Multiplicador: 27.38x
---
[10/11/2025, 12:00:42 p. m.] Spaceman 1: Multiplicador recibido - Game ID: 11041644813, Multiplicador: 27.5x
---
[10/11/2025, 12:00:42 p. m.] Spaceman 1: Multiplicador recibido - Game ID: 11041644813, Multiplicador: 27.63x
---
[10/11/2025, 12:00:42 p. m.] Spaceman 1: Multiplicador recibido - Game ID: 11041644813, Multiplicador: 27.75x
---
[10/11/2025, 12:00:42 p. m.] Spaceman 1: Multiplicador recibido - Game ID: 11041644813, Multiplicador: 27.87x
---
[10/11/2025, 12:00:42 p. m.] Spaceman 1: Multiplicador recibido - Game ID: 11041644813, Multiplicador: 28.07x
---
[10/11/2025, 12:00:42 p. m.] Spaceman 1: Multiplicador recibido - Game ID: 11041644813, Multiplicador: 28.2x
---
[10/11/2025, 12:00:42 p. m.] Spaceman 1: Multiplicador recibido - Game ID: 11041644813, Multiplicador: 28.32x
---
[10/11/2025, 12:00:43 p. m.] Spaceman 1: Multiplicador recibido - Game ID: 11041644813, Multiplicador: 28.45x
---
[10/11/2025, 12:00:43 p. m.] Spaceman 1: Multiplicador recibido - Game ID: 11041644813, Multiplicador: 28.55x
---
[10/11/2025, 12:00:43 p. m.] Spaceman 1: Multiplicador recibido - Game ID: 11041644813, Multiplicador: 28.68x
---
[10/11/2025, 12:00:43 p. m.] Spaceman 1: Multiplicador recibido - Game ID: 11041644813, Multiplicador: 28.8x
---
[10/11/2025, 12:00:43 p. m.] Spaceman 1: Multiplicador recibido - Game ID: 11041644813, Multiplicador: 28.94x
---
[10/11/2025, 12:00:43 p. m.] Spaceman 1: Multiplicador recibido - Game ID: 11041644813, Multiplicador: 29.07x
---
[10/11/2025, 12:00:43 p. m.] Spaceman 1: Multiplicador recibido - Game ID: 11041644813, Multiplicador: 29.19x
---
[10/11/2025, 12:00:43 p. m.] Spaceman 1: Multiplicador recibido - Game ID: 11041644813, Multiplicador: 29.3x
---
[10/11/2025, 12:00:43 p. m.] Spaceman 1: Multiplicador recibido - Game ID: 11041644813, Multiplicador: 29.43x
---
[10/11/2025, 12:00:43 p. m.] Spaceman 1: Multiplicador recibido - Game ID: 11041644813, Multiplicador: 29.54x
---
[10/11/2025, 12:00:43 p. m.] Spaceman 1: Multiplicador recibido - Game ID: 11041644813, Multiplicador: 29.69x
---
[10/11/2025, 12:00:43 p. m.] Spaceman 1: Multiplicador recibido - Game ID: 11041644813, Multiplicador: 29.81x
---
[10/11/2025, 12:00:43 p. m.] Spaceman 1: Multiplicador recibido - Game ID: 11041644813, Multiplicador: 29.95x
---
[10/11/2025, 12:00:43 p. m.] Spaceman 1: Multiplicador recibido - Game ID: 11041644813, Multiplicador: 30.07x
---
[10/11/2025, 12:00:43 p. m.] Spaceman 1: Multiplicador recibido - Game ID: 11041644813, Multiplicador: 30.19x
---
[10/11/2025, 12:00:43 p. m.] Spaceman 1: Multiplicador recibido - Game ID: 11041644813, Multiplicador: 30.32x
---
[10/11/2025, 12:00:43 p. m.] Spaceman 1: Multiplicador recibido - Game ID: 11041644813, Multiplicador: 30.44x
---
[10/11/2025, 12:00:43 p. m.] Spaceman 1: Multiplicador recibido - Game ID: 11041644813, Multiplicador: 30.58x
---
[10/11/2025, 12:00:43 p. m.] Spaceman 1: Multiplicador recibido - Game ID: 11041644813, Multiplicador: 30.7x
---
[10/11/2025, 12:00:43 p. m.] Spaceman 1: Multiplicador recibido - Game ID: 11041644813, Multiplicador: 30.82x
---
[10/11/2025, 12:00:43 p. m.] Spaceman 1: Multiplicador recibido - Game ID: 11041644813, Multiplicador: 30.95x
---
[10/11/2025, 12:00:44 p. m.] Spaceman 1: Multiplicador recibido - Game ID: 11041644813, Multiplicador: 31.07x
---
[10/11/2025, 12:00:44 p. m.] Spaceman 1: Multiplicador recibido - Game ID: 11041644813, Multiplicador: 31.19x
---
[10/11/2025, 12:00:44 p. m.] Spaceman 1: Multiplicador recibido - Game ID: 11041644813, Multiplicador: 31.31x
---
[10/11/2025, 12:00:44 p. m.] Spaceman 1: Multiplicador recibido - Game ID: 11041644813, Multiplicador: 31.43x
---
[10/11/2025, 12:00:44 p. m.] Spaceman 1: Multiplicador recibido - Game ID: 11041644813, Multiplicador: 31.56x
---
[10/11/2025, 12:00:44 p. m.] Spaceman 1: Multiplicador recibido - Game ID: 11041644813, Multiplicador: 31.75x
---
[10/11/2025, 12:00:44 p. m.] Spaceman 1: Multiplicador recibido - Game ID: 11041644813, Multiplicador: 31.89x
---
[10/11/2025, 12:00:44 p. m.] Spaceman 1: Multiplicador recibido - Game ID: 11041644813, Multiplicador: 32.02x
---
[10/11/2025, 12:00:44 p. m.] Spaceman 1: Multiplicador recibido - Game ID: 11041644813, Multiplicador: 32.14x
---
[10/11/2025, 12:00:44 p. m.] Spaceman 1: Multiplicador recibido - Game ID: 11041644813, Multiplicador: 32.29x
---
[10/11/2025, 12:00:44 p. m.] Spaceman 1: Multiplicador recibido - Game ID: 11041644813, Multiplicador: 32.42x
---
[10/11/2025, 12:00:44 p. m.] Spaceman 1: Multiplicador recibido - Game ID: 11041644813, Multiplicador: 32.57x
---
[10/11/2025, 12:00:44 p. m.] Spaceman 1: Multiplicador recibido - Game ID: 11041644813, Multiplicador: 32.71x
---
[10/11/2025, 12:00:44 p. m.] Spaceman 1: Multiplicador recibido - Game ID: 11041644813, Multiplicador: 32.84x
---
[10/11/2025, 12:00:44 p. m.] Spaceman 1: Multiplicador recibido - Game ID: 11041644813, Multiplicador: 32.98x
---
[10/11/2025, 12:00:44 p. m.] Spaceman 1: Multiplicador recibido - Game ID: 11041644813, Multiplicador: 33.11x
---
[10/11/2025, 12:00:44 p. m.] Spaceman 1: Multiplicador recibido - Game ID: 11041644813, Multiplicador: 33.25x
---
[10/11/2025, 12:00:44 p. m.] Spaceman 1: Multiplicador recibido - Game ID: 11041644813, Multiplicador: 33.38x
---
[10/11/2025, 12:00:45 p. m.] Spaceman 1: Multiplicador recibido - Game ID: 11041644813, Multiplicador: 33.64x
---
[10/11/2025, 12:00:45 p. m.] Spaceman 1: Multiplicador recibido - Game ID: 11041644813, Multiplicador: 33.78x
---
[10/11/2025, 12:00:45 p. m.] Spaceman 1: Multiplicador recibido - Game ID: 11041644813, Multiplicador: 33.94x
---
[10/11/2025, 12:00:45 p. m.] Spaceman 1: Multiplicador recibido - Game ID: 11041644813, Multiplicador: 34.09x
---
[10/11/2025, 12:00:45 p. m.] Spaceman 1: Multiplicador recibido - Game ID: 11041644813, Multiplicador: 34.22x
---
[10/11/2025, 12:00:45 p. m.] Spaceman 1: Multiplicador recibido - Game ID: 11041644813, Multiplicador: 34.37x
---
[10/11/2025, 12:00:45 p. m.] Spaceman 1: Multiplicador recibido - Game ID: 11041644813, Multiplicador: 34.52x
---
[10/11/2025, 12:00:45 p. m.] Spaceman 1: Multiplicador recibido - Game ID: 11041644813, Multiplicador: 34.65x
---
[10/11/2025, 12:00:45 p. m.] Spaceman 1: Multiplicador recibido - Game ID: 11041644813, Multiplicador: 34.79x
---
[10/11/2025, 12:00:45 p. m.] Spaceman 1: Multiplicador recibido - Game ID: 11041644813, Multiplicador: 34.93x
---
[10/11/2025, 12:00:45 p. m.] Spaceman 1: Multiplicador recibido - Game ID: 11041644813, Multiplicador: 35.08x
---
[10/11/2025, 12:00:45 p. m.] Spaceman 1: Multiplicador recibido - Game ID: 11041644813, Multiplicador: 35.23x
---
[10/11/2025, 12:00:45 p. m.] Spaceman 1: Multiplicador recibido - Game ID: 11041644813, Multiplicador: 35.37x
---
[10/11/2025, 12:00:45 p. m.] Spaceman 1: Multiplicador recibido - Game ID: 11041644813, Multiplicador: 35.51x
---
[10/11/2025, 12:00:45 p. m.] Spaceman 1: Multiplicador recibido - Game ID: 11041644813, Multiplicador: 35.65x
---
[10/11/2025, 12:00:45 p. m.] Spaceman 1: Multiplicador recibido - Game ID: 11041644813, Multiplicador: 35.95x
---
[10/11/2025, 12:00:45 p. m.] Spaceman 1: Multiplicador recibido - Game ID: 11041644813, Multiplicador: 36.1x
---
[10/11/2025, 12:00:45 p. m.] Spaceman 1: Multiplicador recibido - Game ID: 11041644813, Multiplicador: 36.25x
---
[10/11/2025, 12:00:45 p. m.] Spaceman 1: Multiplicador recibido - Game ID: 11041644813, Multiplicador: 36.41x
---
[10/11/2025, 12:00:46 p. m.] Spaceman 1: Multiplicador recibido - Game ID: 11041644813, Multiplicador: 36.55x
---
[10/11/2025, 12:00:46 p. m.] Spaceman 1: Multiplicador recibido - Game ID: 11041644813, Multiplicador: 36.72x
---
[10/11/2025, 12:00:46 p. m.] Spaceman 1: Multiplicador recibido - Game ID: 11041644813, Multiplicador: 36.88x
---
[10/11/2025, 12:00:46 p. m.] Spaceman 1: Multiplicador recibido - Game ID: 11041644813, Multiplicador: 37.02x
---
[10/11/2025, 12:00:46 p. m.] Spaceman 1: Multiplicador recibido - Game ID: 11041644813, Multiplicador: 37.17x
---
[10/11/2025, 12:00:46 p. m.] Spaceman 1: Multiplicador recibido - Game ID: 11041644813, Multiplicador: 37.34x
---
[10/11/2025, 12:00:46 p. m.] Spaceman 1: Multiplicador recibido - Game ID: 11041644813, Multiplicador: 37.49x
---
[10/11/2025, 12:00:46 p. m.] Spaceman 1: Multiplicador recibido - Game ID: 11041644813, Multiplicador: 37.65x
---
[10/11/2025, 12:00:46 p. m.] Spaceman 1: Multiplicador recibido - Game ID: 11041644813, Multiplicador: 37.8x
---
[10/11/2025, 12:00:46 p. m.] Spaceman 1: Multiplicador recibido - Game ID: 11041644813, Multiplicador: 37.97x
---
[10/11/2025, 12:00:46 p. m.] Spaceman 1: Multiplicador recibido - Game ID: 11041644813, Multiplicador: 38.13x
---
[10/11/2025, 12:00:46 p. m.] Spaceman 1: Multiplicador recibido - Game ID: 11041644813, Multiplicador: 38.41x
---
[10/11/2025, 12:00:46 p. m.] Spaceman 1: Multiplicador recibido - Game ID: 11041644813, Multiplicador: 38.45x
---
[10/11/2025, 12:00:50 p. m.] Spaceman 1: Ping enviado: 1762794050028
---
[10/11/2025, 12:00:56 p. m.] Spaceman 1: Multiplicador recibido - Game ID: 11041644913, Multiplicador: 1.01x
---
[10/11/2025, 12:00:56 p. m.] Spaceman 1: Multiplicador recibido - Game ID: 11041644913, Multiplicador: 1.02x
---
[10/11/2025, 12:00:57 p. m.] Spaceman 1: Multiplicador recibido - Game ID: 11041644913, Multiplicador: 1.03x
---
[10/11/2025, 12:00:57 p. m.] Spaceman 1: Multiplicador recibido - Game ID: 11041644913, Multiplicador: 1.04x
---
[10/11/2025, 12:00:57 p. m.] Spaceman 1: Multiplicador recibido - Game ID: 11041644913, Multiplicador: 1.05x
---
[10/11/2025, 12:00:57 p. m.] Spaceman 1: Multiplicador recibido - Game ID: 11041644913, Multiplicador: 1.06x
---
[10/11/2025, 12:00:57 p. m.] Spaceman 1: Multiplicador recibido - Game ID: 11041644913, Multiplicador: 1.07x
---
[10/11/2025, 12:00:57 p. m.] Spaceman 1: Multiplicador recibido - Game ID: 11041644913, Multiplicador: 1.08x
---
[10/11/2025, 12:00:57 p. m.] Spaceman 1: Multiplicador recibido - Game ID: 11041644913, Multiplicador: 1.09x
---
[10/11/2025, 12:00:57 p. m.] Spaceman 1: Multiplicador recibido - Game ID: 11041644913, Multiplicador: 1.1x
---
[10/11/2025, 12:00:57 p. m.] Spaceman 1: Multiplicador recibido - Game ID: 11041644913, Multiplicador: 1.11x
---
[10/11/2025, 12:00:58 p. m.] Spaceman 1: Multiplicador recibido - Game ID: 11041644913, Multiplicador: 1.12x
---
[10/11/2025, 12:00:58 p. m.] Spaceman 1: Multiplicador recibido - Game ID: 11041644913, Multiplicador: 1.13x
---
[10/11/2025, 12:00:58 p. m.] Spaceman 1: Multiplicador recibido - Game ID: 11041644913, Multiplicador: 1.14x
---
[10/11/2025, 12:00:58 p. m.] Spaceman 1: Multiplicador recibido - Game ID: 11041644913, Multiplicador: 1.15x
---
[10/11/2025, 12:00:58 p. m.] Spaceman 1: Multiplicador recibido - Game ID: 11041644913, Multiplicador: 1.16x
---
[10/11/2025, 12:00:58 p. m.] Spaceman 1: Multiplicador recibido - Game ID: 11041644913, Multiplicador: 1.17x
---
[10/11/2025, 12:00:58 p. m.] Spaceman 1: Multiplicador recibido - Game ID: 11041644913, Multiplicador: 1.18x
---
[10/11/2025, 12:00:58 p. m.] Spaceman 1: Multiplicador recibido - Game ID: 11041644913, Multiplicador: 1.19x
---
[10/11/2025, 12:00:58 p. m.] Spaceman 1: Multiplicador recibido - Game ID: 11041644913, Multiplicador: 1.2x
---
[10/11/2025, 12:00:58 p. m.] Spaceman 1: Multiplicador recibido - Game ID: 11041644913, Multiplicador: 1.21x
---
[10/11/2025, 12:00:59 p. m.] Spaceman 1: Multiplicador recibido - Game ID: 11041644913, Multiplicador: 1.22x
---
[10/11/2025, 12:00:59 p. m.] Spaceman 1: Multiplicador recibido - Game ID: 11041644913, Multiplicador: 1.23x
---
[10/11/2025, 12:00:59 p. m.] Spaceman 1: Multiplicador recibido - Game ID: 11041644913, Multiplicador: 1.24x
---
[10/11/2025, 12:00:59 p. m.] Spaceman 1: Multiplicador recibido - Game ID: 11041644913, Multiplicador: 1.25x
---
[10/11/2025, 12:00:59 p. m.] Spaceman 1: Multiplicador recibido - Game ID: 11041644913, Multiplicador: 1.26x
---
[10/11/2025, 12:00:59 p. m.] Spaceman 1: Multiplicador recibido - Game ID: 11041644913, Multiplicador: 1.27x
---
[10/11/2025, 12:00:59 p. m.] Spaceman 1: Multiplicador recibido - Game ID: 11041644913, Multiplicador: 1.28x
---
[10/11/2025, 12:00:59 p. m.] Spaceman 1: Multiplicador recibido - Game ID: 11041644913, Multiplicador: 1.29x
---
[10/11/2025, 12:00:59 p. m.] Spaceman 1: Multiplicador recibido - Game ID: 11041644913, Multiplicador: 1.3x
---
[10/11/2025, 12:00:59 p. m.] Spaceman 1: Multiplicador recibido - Game ID: 11041644913, Multiplicador: 1.31x
---
[10/11/2025, 12:01:00 p. m.] Spaceman 1: Multiplicador recibido - Game ID: 11041644913, Multiplicador: 1.32x
---
[10/11/2025, 12:01:00 p. m.] Spaceman 1: Ping enviado: 1762794060031
---
[10/11/2025, 12:01:00 p. m.] Spaceman 1: Multiplicador recibido - Game ID: 11041644913, Multiplicador: 1.33x
---
[10/11/2025, 12:01:00 p. m.] Spaceman 1: Multiplicador recibido - Game ID: 11041644913, Multiplicador: 1.34x
---
[10/11/2025, 12:01:00 p. m.] Spaceman 1: Multiplicador recibido - Game ID: 11041644913, Multiplicador: 1.35x
---
[10/11/2025, 12:01:00 p. m.] Spaceman 1: Multiplicador recibido - Game ID: 11041644913, Multiplicador: 1.36x
---
[10/11/2025, 12:01:00 p. m.] Spaceman 1: Multiplicador recibido - Game ID: 11041644913, Multiplicador: 1.37x
---
[10/11/2025, 12:01:00 p. m.] Spaceman 1: Multiplicador recibido - Game ID: 11041644913, Multiplicador: 1.38x
---
[10/11/2025, 12:01:00 p. m.] Spaceman 1: Multiplicador recibido - Game ID: 11041644913, Multiplicador: 1.39x
---
[10/11/2025, 12:01:00 p. m.] Spaceman 1: Multiplicador recibido - Game ID: 11041644913, Multiplicador: 1.4x
---
[10/11/2025, 12:01:00 p. m.] Spaceman 1: Multiplicador recibido - Game ID: 11041644913, Multiplicador: 1.41x
---
[10/11/2025, 12:01:00 p. m.] Spaceman 1: Multiplicador recibido - Game ID: 11041644913, Multiplicador: 1.42x
---
[10/11/2025, 12:01:00 p. m.] Spaceman 1: Multiplicador recibido - Game ID: 11041644913, Multiplicador: 1.43x
---
[10/11/2025, 12:01:01 p. m.] Spaceman 1: Multiplicador recibido - Game ID: 11041644913, Multiplicador: 1.44x
---
[10/11/2025, 12:01:01 p. m.] Spaceman 1: Multiplicador recibido - Game ID: 11041644913, Multiplicador: 1.45x
---
[10/11/2025, 12:01:01 p. m.] Spaceman 1: Multiplicador recibido - Game ID: 11041644913, Multiplicador: 1.46x
---
[10/11/2025, 12:01:01 p. m.] Spaceman 1: Multiplicador recibido - Game ID: 11041644913, Multiplicador: 1.47x
---
[10/11/2025, 12:01:01 p. m.] Spaceman 1: Multiplicador recibido - Game ID: 11041644913, Multiplicador: 1.48x
---
[10/11/2025, 12:01:01 p. m.] Spaceman 1: Multiplicador recibido - Game ID: 11041644913, Multiplicador: 1.49x
---
[10/11/2025, 12:01:01 p. m.] Spaceman 1: Multiplicador recibido - Game ID: 11041644913, Multiplicador: 1.5x
---
[10/11/2025, 12:01:01 p. m.] Spaceman 1: Multiplicador recibido - Game ID: 11041644913, Multiplicador: 1.51x
---
[10/11/2025, 12:01:01 p. m.] Spaceman 1: Multiplicador recibido - Game ID: 11041644913, Multiplicador: 1.52x
---
[10/11/2025, 12:01:01 p. m.] Spaceman 1: Multiplicador recibido - Game ID: 11041644913, Multiplicador: 1.53x
---
[10/11/2025, 12:01:01 p. m.] Spaceman 1: Multiplicador recibido - Game ID: 11041644913, Multiplicador: 1.54x
---
[10/11/2025, 12:01:01 p. m.] Spaceman 1: Multiplicador recibido - Game ID: 11041644913, Multiplicador: 1.55x
---
[10/11/2025, 12:01:02 p. m.] Spaceman 1: Multiplicador recibido - Game ID: 11041644913, Multiplicador: 1.56x
---
[10/11/2025, 12:01:02 p. m.] Spaceman 1: Multiplicador recibido - Game ID: 11041644913, Multiplicador: 1.57x
---
[10/11/2025, 12:01:02 p. m.] Spaceman 1: Multiplicador recibido - Game ID: 11041644913, Multiplicador: 1.58x
---
[10/11/2025, 12:01:02 p. m.] Spaceman 1: Multiplicador recibido - Game ID: 11041644913, Multiplicador: 1.59x
---
[10/11/2025, 12:01:02 p. m.] Spaceman 1: Multiplicador recibido - Game ID: 11041644913, Multiplicador: 1.6x
---
[10/11/2025, 12:01:02 p. m.] Spaceman 1: Multiplicador recibido - Game ID: 11041644913, Multiplicador: 1.61x
---
[10/11/2025, 12:01:02 p. m.] Spaceman 1: Multiplicador recibido - Game ID: 11041644913, Multiplicador: 1.62x
---
[10/11/2025, 12:01:02 p. m.] Spaceman 1: Multiplicador recibido - Game ID: 11041644913, Multiplicador: 1.63x
---
[10/11/2025, 12:01:02 p. m.] Spaceman 1: Multiplicador recibido - Game ID: 11041644913, Multiplicador: 1.64x
---
[10/11/2025, 12:01:02 p. m.] Spaceman 1: Multiplicador recibido - Game ID: 11041644913, Multiplicador: 1.65x
---
[10/11/2025, 12:01:02 p. m.] Spaceman 1: Multiplicador recibido - Game ID: 11041644913, Multiplicador: 1.66x
---
[10/11/2025, 12:01:02 p. m.] Spaceman 1: Multiplicador recibido - Game ID: 11041644913, Multiplicador: 1.67x
---
[10/11/2025, 12:01:02 p. m.] Spaceman 1: Multiplicador recibido - Game ID: 11041644913, Multiplicador: 1.68x
---
[10/11/2025, 12:01:03 p. m.] Spaceman 1: Multiplicador recibido - Game ID: 11041644913, Multiplicador: 1.69x
---
[10/11/2025, 12:01:03 p. m.] Spaceman 1: Multiplicador recibido - Game ID: 11041644913, Multiplicador: 1.7x
---
[10/11/2025, 12:01:03 p. m.] Spaceman 1: Multiplicador recibido - Game ID: 11041644913, Multiplicador: 1.71x
---
[10/11/2025, 12:01:03 p. m.] Spaceman 1: Multiplicador recibido - Game ID: 11041644913, Multiplicador: 1.72x
---
[10/11/2025, 12:01:03 p. m.] Spaceman 1: Multiplicador recibido - Game ID: 11041644913, Multiplicador: 1.73x
---
[10/11/2025, 12:01:03 p. m.] Spaceman 1: Multiplicador recibido - Game ID: 11041644913, Multiplicador: 1.74x
---
[10/11/2025, 12:01:03 p. m.] Spaceman 1: Multiplicador recibido - Game ID: 11041644913, Multiplicador: 1.75x
---
[10/11/2025, 12:01:03 p. m.] Spaceman 1: Multiplicador recibido - Game ID: 11041644913, Multiplicador: 1.76x
---
[10/11/2025, 12:01:03 p. m.] Spaceman 1: Multiplicador recibido - Game ID: 11041644913, Multiplicador: 1.77x
---
[10/11/2025, 12:01:03 p. m.] Spaceman 1: Multiplicador recibido - Game ID: 11041644913, Multiplicador: 1.78x
---
[10/11/2025, 12:01:03 p. m.] Spaceman 1: Multiplicador recibido - Game ID: 11041644913, Multiplicador: 1.79x
---
[10/11/2025, 12:01:03 p. m.] Spaceman 1: Multiplicador recibido - Game ID: 11041644913, Multiplicador: 1.8x
---
[10/11/2025, 12:01:03 p. m.] Spaceman 1: Multiplicador recibido - Game ID: 11041644913, Multiplicador: 1.81x
---
[10/11/2025, 12:01:03 p. m.] Spaceman 1: Multiplicador recibido - Game ID: 11041644913, Multiplicador: 1.82x
---
[10/11/2025, 12:01:03 p. m.] Spaceman 1: Multiplicador recibido - Game ID: 11041644913, Multiplicador: 1.83x
---
[10/11/2025, 12:01:04 p. m.] Spaceman 1: Multiplicador recibido - Game ID: 11041644913, Multiplicador: 1.84x
---
[10/11/2025, 12:01:04 p. m.] Spaceman 1: Multiplicador recibido - Game ID: 11041644913, Multiplicador: 1.85x
---
[10/11/2025, 12:01:04 p. m.] Spaceman 1: Multiplicador recibido - Game ID: 11041644913, Multiplicador: 1.86x
---
[10/11/2025, 12:01:04 p. m.] Spaceman 1: Multiplicador recibido - Game ID: 11041644913, Multiplicador: 1.87x
---
[10/11/2025, 12:01:04 p. m.] Spaceman 1: Multiplicador recibido - Game ID: 11041644913, Multiplicador: 1.88x
---
[10/11/2025, 12:01:04 p. m.] Spaceman 1: Multiplicador recibido - Game ID: 11041644913, Multiplicador: 1.89x
---
[10/11/2025, 12:01:04 p. m.] Spaceman 1: Multiplicador recibido - Game ID: 11041644913, Multiplicador: 1.9x
---
[10/11/2025, 12:01:04 p. m.] Spaceman 1: Multiplicador recibido - Game ID: 11041644913, Multiplicador: 1.91x
---
[10/11/2025, 12:01:04 p. m.] Spaceman 1: Multiplicador recibido - Game ID: 11041644913, Multiplicador: 1.92x
---
[10/11/2025, 12:01:04 p. m.] Spaceman 1: Multiplicador recibido - Game ID: 11041644913, Multiplicador: 1.93x
---
[10/11/2025, 12:01:04 p. m.] Spaceman 1: Multiplicador recibido - Game ID: 11041644913, Multiplicador: 1.94x
---
[10/11/2025, 12:01:04 p. m.] Spaceman 1: Multiplicador recibido - Game ID: 11041644913, Multiplicador: 1.95x
---
[10/11/2025, 12:01:04 p. m.] Spaceman 1: Multiplicador recibido - Game ID: 11041644913, Multiplicador: 1.96x
---
[10/11/2025, 12:01:04 p. m.] Spaceman 1: Multiplicador recibido - Game ID: 11041644913, Multiplicador: 1.97x
---
[10/11/2025, 12:01:04 p. m.] Spaceman 1: Multiplicador recibido - Game ID: 11041644913, Multiplicador: 1.98x
---
[10/11/2025, 12:01:04 p. m.] Spaceman 1: Multiplicador recibido - Game ID: 11041644913, Multiplicador: 1.99x
---
[10/11/2025, 12:01:05 p. m.] Spaceman 1: Multiplicador recibido - Game ID: 11041644913, Multiplicador: 2x
---
[10/11/2025, 12:01:05 p. m.] Spaceman 1: Multiplicador recibido - Game ID: 11041644913, Multiplicador: 2.01x
---
[10/11/2025, 12:01:05 p. m.] Spaceman 1: Multiplicador recibido - Game ID: 11041644913, Multiplicador: 2.02x
---
[10/11/2025, 12:01:05 p. m.] Spaceman 1: Multiplicador recibido - Game ID: 11041644913, Multiplicador: 2.03x
---
[10/11/2025, 12:01:05 p. m.] Spaceman 1: Multiplicador recibido - Game ID: 11041644913, Multiplicador: 2.04x
---
[10/11/2025, 12:01:05 p. m.] Spaceman 1: Multiplicador recibido - Game ID: 11041644913, Multiplicador: 2.05x
---
[10/11/2025, 12:01:05 p. m.] Spaceman 1: Multiplicador recibido - Game ID: 11041644913, Multiplicador: 2.06x
---
[10/11/2025, 12:01:05 p. m.] Spaceman 1: Multiplicador recibido - Game ID: 11041644913, Multiplicador: 2.07x
---
[10/11/2025, 12:01:05 p. m.] Spaceman 1: Multiplicador recibido - Game ID: 11041644913, Multiplicador: 2.08x
---
[10/11/2025, 12:01:05 p. m.] Spaceman 1: Multiplicador recibido - Game ID: 11041644913, Multiplicador: 2.09x
---
[10/11/2025, 12:01:05 p. m.] Spaceman 1: Multiplicador recibido - Game ID: 11041644913, Multiplicador: 2.1x
---
[10/11/2025, 12:01:05 p. m.] Spaceman 1: Multiplicador recibido - Game ID: 11041644913, Multiplicador: 2.11x
---
[10/11/2025, 12:01:05 p. m.] Spaceman 1: Multiplicador recibido - Game ID: 11041644913, Multiplicador: 2.12x
---
[10/11/2025, 12:01:05 p. m.] Spaceman 1: Multiplicador recibido - Game ID: 11041644913, Multiplicador: 2.13x
---
[10/11/2025, 12:01:05 p. m.] Spaceman 1: Multiplicador recibido - Game ID: 11041644913, Multiplicador: 2.14x
---
[10/11/2025, 12:01:05 p. m.] Spaceman 1: Multiplicador recibido - Game ID: 11041644913, Multiplicador: 2.15x
---
[10/11/2025, 12:01:05 p. m.] Spaceman 1: Multiplicador recibido - Game ID: 11041644913, Multiplicador: 2.16x
---
[10/11/2025, 12:01:06 p. m.] Spaceman 1: Multiplicador recibido - Game ID: 11041644913, Multiplicador: 2.17x
---
[10/11/2025, 12:01:06 p. m.] Spaceman 1: Multiplicador recibido - Game ID: 11041644913, Multiplicador: 2.18x
---
[10/11/2025, 12:01:06 p. m.] Spaceman 1: Multiplicador recibido - Game ID: 11041644913, Multiplicador: 2.19x
---
[10/11/2025, 12:01:06 p. m.] Spaceman 1: Multiplicador recibido - Game ID: 11041644913, Multiplicador: 2.2x
---
[10/11/2025, 12:01:06 p. m.] Spaceman 1: Multiplicador recibido - Game ID: 11041644913, Multiplicador: 2.21x
---
[10/11/2025, 12:01:06 p. m.] Spaceman 1: Multiplicador recibido - Game ID: 11041644913, Multiplicador: 2.22x
---
[10/11/2025, 12:01:06 p. m.] Spaceman 1: Multiplicador recibido - Game ID: 11041644913, Multiplicador: 2.23x
---
[10/11/2025, 12:01:06 p. m.] Spaceman 1: Multiplicador recibido - Game ID: 11041644913, Multiplicador: 2.24x
---
[10/11/2025, 12:01:06 p. m.] Spaceman 1: Multiplicador recibido - Game ID: 11041644913, Multiplicador: 2.25x
---
[10/11/2025, 12:01:06 p. m.] Spaceman 1: Multiplicador recibido - Game ID: 11041644913, Multiplicador: 2.26x
---
[10/11/2025, 12:01:06 p. m.] Spaceman 1: Multiplicador recibido - Game ID: 11041644913, Multiplicador: 2.27x
---
[10/11/2025, 12:01:06 p. m.] Spaceman 1: Multiplicador recibido - Game ID: 11041644913, Multiplicador: 2.28x
---
[10/11/2025, 12:01:06 p. m.] Spaceman 1: Multiplicador recibido - Game ID: 11041644913, Multiplicador: 2.29x
---
[10/11/2025, 12:01:06 p. m.] Spaceman 1: Multiplicador recibido - Game ID: 11041644913, Multiplicador: 2.3x
---
[10/11/2025, 12:01:06 p. m.] Spaceman 1: Multiplicador recibido - Game ID: 11041644913, Multiplicador: 2.31x
---
[10/11/2025, 12:01:06 p. m.] Spaceman 1: Multiplicador recibido - Game ID: 11041644913, Multiplicador: 2.32x
---
[10/11/2025, 12:01:06 p. m.] Spaceman 1: Multiplicador recibido - Game ID: 11041644913, Multiplicador: 2.33x
---
[10/11/2025, 12:01:06 p. m.] Spaceman 1: Multiplicador recibido - Game ID: 11041644913, Multiplicador: 2.34x
---
[10/11/2025, 12:01:07 p. m.] Spaceman 1: Multiplicador recibido - Game ID: 11041644913, Multiplicador: 2.35x
---
[10/11/2025, 12:01:07 p. m.] Spaceman 1: Multiplicador recibido - Game ID: 11041644913, Multiplicador: 2.36x
---
[10/11/2025, 12:01:07 p. m.] Spaceman 1: Multiplicador recibido - Game ID: 11041644913, Multiplicador: 2.37x
---
[10/11/2025, 12:01:07 p. m.] Spaceman 1: Multiplicador recibido - Game ID: 11041644913, Multiplicador: 2.38x
---
[10/11/2025, 12:01:07 p. m.] Spaceman 1: Multiplicador recibido - Game ID: 11041644913, Multiplicador: 2.39x
---
[10/11/2025, 12:01:07 p. m.] Spaceman 1: Multiplicador recibido - Game ID: 11041644913, Multiplicador: 2.4x
---
[10/11/2025, 12:01:07 p. m.] Spaceman 1: Multiplicador recibido - Game ID: 11041644913, Multiplicador: 2.41x
---
[10/11/2025, 12:01:07 p. m.] Spaceman 1: Multiplicador recibido - Game ID: 11041644913, Multiplicador: 2.42x
---
[10/11/2025, 12:01:07 p. m.] Spaceman 1: Multiplicador recibido - Game ID: 11041644913, Multiplicador: 2.43x
---
[10/11/2025, 12:01:07 p. m.] Spaceman 1: Multiplicador recibido - Game ID: 11041644913, Multiplicador: 2.44x
---
[10/11/2025, 12:01:07 p. m.] Spaceman 1: Multiplicador recibido - Game ID: 11041644913, Multiplicador: 2.45x
---
[10/11/2025, 12:01:07 p. m.] Spaceman 1: Multiplicador recibido - Game ID: 11041644913, Multiplicador: 2.47x
---
[10/11/2025, 12:01:07 p. m.] Spaceman 1: Multiplicador recibido - Game ID: 11041644913, Multiplicador: 2.48x
---
[10/11/2025, 12:01:07 p. m.] Spaceman 1: Multiplicador recibido - Game ID: 11041644913, Multiplicador: 2.49x
---
[10/11/2025, 12:01:07 p. m.] Spaceman 1: Multiplicador recibido - Game ID: 11041644913, Multiplicador: 2.5x
---
[10/11/2025, 12:01:07 p. m.] Spaceman 1: Multiplicador recibido - Game ID: 11041644913, Multiplicador: 2.52x
---
[10/11/2025, 12:01:07 p. m.] Spaceman 1: Multiplicador recibido - Game ID: 11041644913, Multiplicador: 2.53x
---
[10/11/2025, 12:01:07 p. m.] Spaceman 1: Multiplicador recibido - Game ID: 11041644913, Multiplicador: 2.54x
---
[10/11/2025, 12:01:07 p. m.] Spaceman 1: Multiplicador recibido - Game ID: 11041644913, Multiplicador: 2.55x
---
[10/11/2025, 12:01:07 p. m.] Spaceman 1: Multiplicador recibido - Game ID: 11041644913, Multiplicador: 2.56x
---
[10/11/2025, 12:01:08 p. m.] Spaceman 1: Multiplicador recibido - Game ID: 11041644913, Multiplicador: 2.57x
---
[10/11/2025, 12:01:08 p. m.] Spaceman 1: Multiplicador recibido - Game ID: 11041644913, Multiplicador: 2.58x
---
[10/11/2025, 12:01:08 p. m.] Spaceman 1: Multiplicador recibido - Game ID: 11041644913, Multiplicador: 2.59x
---
[10/11/2025, 12:01:08 p. m.] Spaceman 1: Multiplicador recibido - Game ID: 11041644913, Multiplicador: 2.6x
---
[10/11/2025, 12:01:08 p. m.] Spaceman 1: Multiplicador recibido - Game ID: 11041644913, Multiplicador: 2.61x
---
[10/11/2025, 12:01:08 p. m.] Spaceman 1: Multiplicador recibido - Game ID: 11041644913, Multiplicador: 2.63x
---
[10/11/2025, 12:01:08 p. m.] Spaceman 1: Multiplicador recibido - Game ID: 11041644913, Multiplicador: 2.64x
---
[10/11/2025, 12:01:08 p. m.] Spaceman 1: Multiplicador recibido - Game ID: 11041644913, Multiplicador: 2.65x
---
[10/11/2025, 12:01:08 p. m.] Spaceman 1: Multiplicador recibido - Game ID: 11041644913, Multiplicador: 2.66x
---
[10/11/2025, 12:01:08 p. m.] Spaceman 1: Multiplicador recibido - Game ID: 11041644913, Multiplicador: 2.67x
---
[10/11/2025, 12:01:08 p. m.] Spaceman 1: Multiplicador recibido - Game ID: 11041644913, Multiplicador: 2.69x
---
[10/11/2025, 12:01:08 p. m.] Spaceman 1: Multiplicador recibido - Game ID: 11041644913, Multiplicador: 2.7x
---
[10/11/2025, 12:01:08 p. m.] Spaceman 1: Multiplicador recibido - Game ID: 11041644913, Multiplicador: 2.71x
---
[10/11/2025, 12:01:08 p. m.] Spaceman 1: Multiplicador recibido - Game ID: 11041644913, Multiplicador: 2.72x
---
[10/11/2025, 12:01:08 p. m.] Spaceman 1: Multiplicador recibido - Game ID: 11041644913, Multiplicador: 2.73x
---
[10/11/2025, 12:01:08 p. m.] Spaceman 1: Multiplicador recibido - Game ID: 11041644913, Multiplicador: 2.74x
---
[10/11/2025, 12:01:08 p. m.] Spaceman 1: Multiplicador recibido - Game ID: 11041644913, Multiplicador: 2.75x
---
[10/11/2025, 12:01:08 p. m.] Spaceman 1: Multiplicador recibido - Game ID: 11041644913, Multiplicador: 2.77x
---
[10/11/2025, 12:01:08 p. m.] Spaceman 1: Multiplicador recibido - Game ID: 11041644913, Multiplicador: 2.78x
---
[10/11/2025, 12:01:09 p. m.] Spaceman 1: Multiplicador recibido - Game ID: 11041644913, Multiplicador: 2.79x
---
[10/11/2025, 12:01:09 p. m.] Spaceman 1: Multiplicador recibido - Game ID: 11041644913, Multiplicador: 2.8x
---
[10/11/2025, 12:01:09 p. m.] Spaceman 1: Multiplicador recibido - Game ID: 11041644913, Multiplicador: 2.81x
---
[10/11/2025, 12:01:09 p. m.] Spaceman 1: Multiplicador recibido - Game ID: 11041644913, Multiplicador: 2.83x
---
[10/11/2025, 12:01:09 p. m.] Spaceman 1: Multiplicador recibido - Game ID: 11041644913, Multiplicador: 2.84x
---
[10/11/2025, 12:01:09 p. m.] Spaceman 1: Multiplicador recibido - Game ID: 11041644913, Multiplicador: 2.85x
---
[10/11/2025, 12:01:09 p. m.] Spaceman 1: Multiplicador recibido - Game ID: 11041644913, Multiplicador: 2.86x
---
[10/11/2025, 12:01:09 p. m.] Spaceman 1: Multiplicador recibido - Game ID: 11041644913, Multiplicador: 2.87x
---
[10/11/2025, 12:01:09 p. m.] Spaceman 1: Multiplicador recibido - Game ID: 11041644913, Multiplicador: 2.88x
---
[10/11/2025, 12:01:09 p. m.] Spaceman 1: Multiplicador recibido - Game ID: 11041644913, Multiplicador: 2.89x
---
[10/11/2025, 12:01:09 p. m.] Spaceman 1: Multiplicador recibido - Game ID: 11041644913, Multiplicador: 2.91x
---
[10/11/2025, 12:01:09 p. m.] Spaceman 1: Multiplicador recibido - Game ID: 11041644913, Multiplicador: 2.92x
---
[10/11/2025, 12:01:09 p. m.] Spaceman 1: Multiplicador recibido - Game ID: 11041644913, Multiplicador: 2.93x
---
[10/11/2025, 12:01:09 p. m.] Spaceman 1: Multiplicador recibido - Game ID: 11041644913, Multiplicador: 2.94x
---
[10/11/2025, 12:01:09 p. m.] Spaceman 1: Multiplicador recibido - Game ID: 11041644913, Multiplicador: 2.96x
---
[10/11/2025, 12:01:09 p. m.] Spaceman 1: Multiplicador recibido - Game ID: 11041644913, Multiplicador: 2.97x
---
[10/11/2025, 12:01:09 p. m.] Spaceman 1: Multiplicador recibido - Game ID: 11041644913, Multiplicador: 2.98x
---
[10/11/2025, 12:01:09 p. m.] Spaceman 1: Multiplicador recibido - Game ID: 11041644913, Multiplicador: 2.99x
---
[10/11/2025, 12:01:09 p. m.] Spaceman 1: Multiplicador recibido - Game ID: 11041644913, Multiplicador: 3x
---
[10/11/2025, 12:01:09 p. m.] Spaceman 1: Multiplicador recibido - Game ID: 11041644913, Multiplicador: 3.02x
---
[10/11/2025, 12:01:10 p. m.] Spaceman 1: Multiplicador recibido - Game ID: 11041644913, Multiplicador: 3.03x
---
[10/11/2025, 12:01:10 p. m.] Spaceman 1: Ping enviado: 1762794070035
---
[10/11/2025, 12:01:10 p. m.] Spaceman 1: Multiplicador recibido - Game ID: 11041644913, Multiplicador: 3.05x
---
[10/11/2025, 12:01:10 p. m.] Spaceman 1: Multiplicador recibido - Game ID: 11041644913, Multiplicador: 3.06x
---
[10/11/2025, 12:01:10 p. m.] Spaceman 1: Multiplicador recibido - Game ID: 11041644913, Multiplicador: 3.07x
---
[10/11/2025, 12:01:10 p. m.] Spaceman 1: Multiplicador recibido - Game ID: 11041644913, Multiplicador: 3.09x
---
[10/11/2025, 12:01:10 p. m.] Spaceman 1: Multiplicador recibido - Game ID: 11041644913, Multiplicador: 3.1x
---
[10/11/2025, 12:01:10 p. m.] Spaceman 1: Multiplicador recibido - Game ID: 11041644913, Multiplicador: 3.11x
---
[10/11/2025, 12:01:10 p. m.] Spaceman 1: Multiplicador recibido - Game ID: 11041644913, Multiplicador: 3.13x
---
[10/11/2025, 12:01:10 p. m.] Spaceman 1: Multiplicador recibido - Game ID: 11041644913, Multiplicador: 3.14x
---
[10/11/2025, 12:01:10 p. m.] Spaceman 1: Multiplicador recibido - Game ID: 11041644913, Multiplicador: 3.15x
---
[10/11/2025, 12:01:10 p. m.] Spaceman 1: Multiplicador recibido - Game ID: 11041644913, Multiplicador: 3.17x
---
[10/11/2025, 12:01:10 p. m.] Spaceman 1: Multiplicador recibido - Game ID: 11041644913, Multiplicador: 3.18x
---
[10/11/2025, 12:01:10 p. m.] Spaceman 1: Multiplicador recibido - Game ID: 11041644913, Multiplicador: 3.19x
---
[10/11/2025, 12:01:10 p. m.] Spaceman 1: Multiplicador recibido - Game ID: 11041644913, Multiplicador: 3.21x
---
[10/11/2025, 12:01:10 p. m.] Spaceman 1: Multiplicador recibido - Game ID: 11041644913, Multiplicador: 3.22x
---
[10/11/2025, 12:01:10 p. m.] Spaceman 1: Multiplicador recibido - Game ID: 11041644913, Multiplicador: 3.23x
---
[10/11/2025, 12:01:10 p. m.] Spaceman 1: Multiplicador recibido - Game ID: 11041644913, Multiplicador: 3.25x
---
[10/11/2025, 12:01:10 p. m.] Spaceman 1: Multiplicador recibido - Game ID: 11041644913, Multiplicador: 3.26x
---
[10/11/2025, 12:01:10 p. m.] Spaceman 1: Multiplicador recibido - Game ID: 11041644913, Multiplicador: 3.27x
---
[10/11/2025, 12:01:11 p. m.] Spaceman 1: Multiplicador recibido - Game ID: 11041644913, Multiplicador: 3.29x
---
[10/11/2025, 12:01:11 p. m.] Spaceman 1: Multiplicador recibido - Game ID: 11041644913, Multiplicador: 3.3x
---
[10/11/2025, 12:01:11 p. m.] Spaceman 1: Multiplicador recibido - Game ID: 11041644913, Multiplicador: 3.31x
---
[10/11/2025, 12:01:11 p. m.] Spaceman 1: Multiplicador recibido - Game ID: 11041644913, Multiplicador: 3.33x
---
[10/11/2025, 12:01:11 p. m.] Spaceman 1: Multiplicador recibido - Game ID: 11041644913, Multiplicador: 3.34x
---
[10/11/2025, 12:01:11 p. m.] Spaceman 1: Multiplicador recibido - Game ID: 11041644913, Multiplicador: 3.36x
---
[10/11/2025, 12:01:11 p. m.] Spaceman 1: Multiplicador recibido - Game ID: 11041644913, Multiplicador: 3.37x
---
[10/11/2025, 12:01:11 p. m.] Spaceman 1: Multiplicador recibido - Game ID: 11041644913, Multiplicador: 3.38x
---
[10/11/2025, 12:01:11 p. m.] Spaceman 1: Multiplicador recibido - Game ID: 11041644913, Multiplicador: 3.4x
---
[10/11/2025, 12:01:11 p. m.] Spaceman 1: Multiplicador recibido - Game ID: 11041644913, Multiplicador: 3.41x
---
[10/11/2025, 12:01:11 p. m.] Spaceman 1: Multiplicador recibido - Game ID: 11041644913, Multiplicador: 3.43x
---
[10/11/2025, 12:01:11 p. m.] Spaceman 1: Multiplicador recibido - Game ID: 11041644913, Multiplicador: 3.44x
---
[10/11/2025, 12:01:11 p. m.] Spaceman 1: Multiplicador recibido - Game ID: 11041644913, Multiplicador: 3.46x
---
[10/11/2025, 12:01:11 p. m.] Spaceman 1: Multiplicador recibido - Game ID: 11041644913, Multiplicador: 3.47x
---
[10/11/2025, 12:01:11 p. m.] Spaceman 1: Multiplicador recibido - Game ID: 11041644913, Multiplicador: 3.49x
---
[10/11/2025, 12:01:11 p. m.] Spaceman 1: Multiplicador recibido - Game ID: 11041644913, Multiplicador: 3.5x
---
[10/11/2025, 12:01:11 p. m.] Spaceman 1: Multiplicador recibido - Game ID: 11041644913, Multiplicador: 3.51x
---
[10/11/2025, 12:01:11 p. m.] Spaceman 1: Multiplicador recibido - Game ID: 11041644913, Multiplicador: 3.53x
---
[10/11/2025, 12:01:11 p. m.] Spaceman 1: Multiplicador recibido - Game ID: 11041644913, Multiplicador: 3.54x
---
[10/11/2025, 12:01:11 p. m.] Spaceman 1: Multiplicador recibido - Game ID: 11041644913, Multiplicador: 3.56x
---
[10/11/2025, 12:01:12 p. m.] Spaceman 1: Multiplicador recibido - Game ID: 11041644913, Multiplicador: 3.57x
---
[10/11/2025, 12:01:12 p. m.] Spaceman 1: Multiplicador recibido - Game ID: 11041644913, Multiplicador: 3.59x
---
[10/11/2025, 12:01:12 p. m.] Spaceman 1: Multiplicador recibido - Game ID: 11041644913, Multiplicador: 3.6x
---
[10/11/2025, 12:01:12 p. m.] Spaceman 1: Multiplicador recibido - Game ID: 11041644913, Multiplicador: 3.62x
---
[10/11/2025, 12:01:12 p. m.] Spaceman 1: Multiplicador recibido - Game ID: 11041644913, Multiplicador: 3.63x
---
[10/11/2025, 12:01:12 p. m.] Spaceman 1: Multiplicador recibido - Game ID: 11041644913, Multiplicador: 3.65x
---
[10/11/2025, 12:01:12 p. m.] Spaceman 1: Multiplicador recibido - Game ID: 11041644913, Multiplicador: 3.67x
---
[10/11/2025, 12:01:12 p. m.] Spaceman 1: Multiplicador recibido - Game ID: 11041644913, Multiplicador: 3.68x
---
[10/11/2025, 12:01:12 p. m.] Spaceman 1: Multiplicador recibido - Game ID: 11041644913, Multiplicador: 3.7x
---
[10/11/2025, 12:01:12 p. m.] Spaceman 1: Multiplicador recibido - Game ID: 11041644913, Multiplicador: 3.71x
---
[10/11/2025, 12:01:12 p. m.] Spaceman 1: Multiplicador recibido - Game ID: 11041644913, Multiplicador: 3.73x
---
[10/11/2025, 12:01:12 p. m.] Spaceman 1: Multiplicador recibido - Game ID: 11041644913, Multiplicador: 3.74x
---
[10/11/2025, 12:01:12 p. m.] Spaceman 1: Multiplicador recibido - Game ID: 11041644913, Multiplicador: 3.76x
---
[10/11/2025, 12:01:12 p. m.] Spaceman 1: Multiplicador recibido - Game ID: 11041644913, Multiplicador: 3.78x
---
[10/11/2025, 12:01:12 p. m.] Spaceman 1: Multiplicador recibido - Game ID: 11041644913, Multiplicador: 3.79x
---
[10/11/2025, 12:01:12 p. m.] Spaceman 1: Multiplicador recibido - Game ID: 11041644913, Multiplicador: 3.81x
---
[10/11/2025, 12:01:12 p. m.] Spaceman 1: Multiplicador recibido - Game ID: 11041644913, Multiplicador: 3.82x
---
[10/11/2025, 12:01:12 p. m.] Spaceman 1: Multiplicador recibido - Game ID: 11041644913, Multiplicador: 3.84x
---
[10/11/2025, 12:01:12 p. m.] Spaceman 1: Multiplicador recibido - Game ID: 11041644913, Multiplicador: 3.85x
---
[10/11/2025, 12:01:12 p. m.] Spaceman 1: Multiplicador recibido - Game ID: 11041644913, Multiplicador: 3.87x
---
[10/11/2025, 12:01:13 p. m.] Spaceman 1: Multiplicador recibido - Game ID: 11041644913, Multiplicador: 3.89x
---
[10/11/2025, 12:01:13 p. m.] Spaceman 1: Multiplicador recibido - Game ID: 11041644913, Multiplicador: 3.91x
---
[10/11/2025, 12:01:13 p. m.] Spaceman 1: Multiplicador recibido - Game ID: 11041644913, Multiplicador: 3.93x
---
[10/11/2025, 12:01:13 p. m.] Spaceman 1: Multiplicador recibido - Game ID: 11041644913, Multiplicador: 3.95x
---
[10/11/2025, 12:01:13 p. m.] Spaceman 1: Multiplicador recibido - Game ID: 11041644913, Multiplicador: 3.96x
---
[10/11/2025, 12:01:13 p. m.] Spaceman 1: Multiplicador recibido - Game ID: 11041644913, Multiplicador: 3.98x
---
[10/11/2025, 12:01:13 p. m.] Spaceman 1: Multiplicador recibido - Game ID: 11041644913, Multiplicador: 4x
---
[10/11/2025, 12:01:13 p. m.] Spaceman 1: Multiplicador recibido - Game ID: 11041644913, Multiplicador: 4.02x
---
[10/11/2025, 12:01:13 p. m.] Spaceman 1: Multiplicador recibido - Game ID: 11041644913, Multiplicador: 4.03x
---
[10/11/2025, 12:01:13 p. m.] Spaceman 1: Multiplicador recibido - Game ID: 11041644913, Multiplicador: 4.05x
---
[10/11/2025, 12:01:13 p. m.] Spaceman 1: Multiplicador recibido - Game ID: 11041644913, Multiplicador: 4.07x
---
[10/11/2025, 12:01:13 p. m.] Spaceman 1: Multiplicador recibido - Game ID: 11041644913, Multiplicador: 4.08x
---
[10/11/2025, 12:01:13 p. m.] Spaceman 1: Multiplicador recibido - Game ID: 11041644913, Multiplicador: 4.1x
---
[10/11/2025, 12:01:13 p. m.] Spaceman 1: Multiplicador recibido - Game ID: 11041644913, Multiplicador: 4.12x
---
[10/11/2025, 12:01:13 p. m.] Spaceman 1: Multiplicador recibido - Game ID: 11041644913, Multiplicador: 4.14x
---
[10/11/2025, 12:01:13 p. m.] Spaceman 1: Multiplicador recibido - Game ID: 11041644913, Multiplicador: 4.16x
---
[10/11/2025, 12:01:13 p. m.] Spaceman 1: Multiplicador recibido - Game ID: 11041644913, Multiplicador: 4.17x
---
[10/11/2025, 12:01:13 p. m.] Spaceman 1: Multiplicador recibido - Game ID: 11041644913, Multiplicador: 4.19x
---
[10/11/2025, 12:01:13 p. m.] Spaceman 1: Multiplicador recibido - Game ID: 11041644913, Multiplicador: 4.21x
---
[10/11/2025, 12:01:14 p. m.] Spaceman 1: Multiplicador recibido - Game ID: 11041644913, Multiplicador: 4.22x
---
[10/11/2025, 12:01:14 p. m.] Spaceman 1: Multiplicador recibido - Game ID: 11041644913, Multiplicador: 4.24x
---
[10/11/2025, 12:01:14 p. m.] Spaceman 1: Multiplicador recibido - Game ID: 11041644913, Multiplicador: 4.26x
---
[10/11/2025, 12:01:14 p. m.] Spaceman 1: Multiplicador recibido - Game ID: 11041644913, Multiplicador: 4.28x
---
[10/11/2025, 12:01:14 p. m.] Spaceman 1: Multiplicador recibido - Game ID: 11041644913, Multiplicador: 4.3x
---
[10/11/2025, 12:01:14 p. m.] Spaceman 1: Multiplicador recibido - Game ID: 11041644913, Multiplicador: 4.31x
---
[10/11/2025, 12:01:14 p. m.] Spaceman 1: Multiplicador recibido - Game ID: 11041644913, Multiplicador: 4.33x
---
[10/11/2025, 12:01:14 p. m.] Spaceman 1: Multiplicador recibido - Game ID: 11041644913, Multiplicador: 4.35x
---
[10/11/2025, 12:01:14 p. m.] Spaceman 1: Multiplicador recibido - Game ID: 11041644913, Multiplicador: 4.37x
---
[10/11/2025, 12:01:14 p. m.] Spaceman 1: Multiplicador recibido - Game ID: 11041644913, Multiplicador: 4.39x
---
[10/11/2025, 12:01:14 p. m.] Spaceman 1: Multiplicador recibido - Game ID: 11041644913, Multiplicador: 4.41x
---
[10/11/2025, 12:01:14 p. m.] Spaceman 1: Multiplicador recibido - Game ID: 11041644913, Multiplicador: 4.42x
---
[10/11/2025, 12:01:14 p. m.] Spaceman 1: Multiplicador recibido - Game ID: 11041644913, Multiplicador: 4.44x
---
[10/11/2025, 12:01:14 p. m.] Spaceman 1: Multiplicador recibido - Game ID: 11041644913, Multiplicador: 4.46x
---
[10/11/2025, 12:01:14 p. m.] Spaceman 1: Multiplicador recibido - Game ID: 11041644913, Multiplicador: 4.48x
---
[10/11/2025, 12:01:14 p. m.] Spaceman 1: Multiplicador recibido - Game ID: 11041644913, Multiplicador: 4.5x
---
[10/11/2025, 12:01:14 p. m.] Spaceman 1: Multiplicador recibido - Game ID: 11041644913, Multiplicador: 4.53x
---
[10/11/2025, 12:01:14 p. m.] Spaceman 1: Multiplicador recibido - Game ID: 11041644913, Multiplicador: 4.55x
---
[10/11/2025, 12:01:14 p. m.] Spaceman 1: Multiplicador recibido - Game ID: 11041644913, Multiplicador: 4.57x
---
[10/11/2025, 12:01:15 p. m.] Spaceman 1: Multiplicador recibido - Game ID: 11041644913, Multiplicador: 4.59x
---
[10/11/2025, 12:01:15 p. m.] Spaceman 1: Multiplicador recibido - Game ID: 11041644913, Multiplicador: 4.61x
---
[10/11/2025, 12:01:15 p. m.] Spaceman 1: Multiplicador recibido - Game ID: 11041644913, Multiplicador: 4.62x
---
[10/11/2025, 12:01:15 p. m.] Spaceman 1: Multiplicador recibido - Game ID: 11041644913, Multiplicador: 4.65x
---
[10/11/2025, 12:01:15 p. m.] Spaceman 1: Multiplicador recibido - Game ID: 11041644913, Multiplicador: 4.66x
---
[10/11/2025, 12:01:15 p. m.] Spaceman 1: Multiplicador recibido - Game ID: 11041644913, Multiplicador: 4.69x
---
[10/11/2025, 12:01:15 p. m.] Spaceman 1: Multiplicador recibido - Game ID: 11041644913, Multiplicador: 4.7x
---
[10/11/2025, 12:01:15 p. m.] Spaceman 1: Multiplicador recibido - Game ID: 11041644913, Multiplicador: 4.72x
---
[10/11/2025, 12:01:15 p. m.] Spaceman 1: Multiplicador recibido - Game ID: 11041644913, Multiplicador: 4.74x
---
[10/11/2025, 12:01:15 p. m.] Spaceman 1: Multiplicador recibido - Game ID: 11041644913, Multiplicador: 4.76x
---
[10/11/2025, 12:01:15 p. m.] Spaceman 1: Multiplicador recibido - Game ID: 11041644913, Multiplicador: 4.78x
---
[10/11/2025, 12:01:15 p. m.] Spaceman 1: Multiplicador recibido - Game ID: 11041644913, Multiplicador: 4.8x
---
[10/11/2025, 12:01:15 p. m.] Spaceman 1: Multiplicador recibido - Game ID: 11041644913, Multiplicador: 4.82x
---
[10/11/2025, 12:01:15 p. m.] Spaceman 1: Multiplicador recibido - Game ID: 11041644913, Multiplicador: 4.84x
---
[10/11/2025, 12:01:15 p. m.] Spaceman 1: Multiplicador recibido - Game ID: 11041644913, Multiplicador: 4.86x
---
[10/11/2025, 12:01:15 p. m.] Spaceman 1: Multiplicador recibido - Game ID: 11041644913, Multiplicador: 4.88x
---
[10/11/2025, 12:01:15 p. m.] Spaceman 1: Multiplicador recibido - Game ID: 11041644913, Multiplicador: 4.9x
---
[10/11/2025, 12:01:15 p. m.] Spaceman 1: Multiplicador recibido - Game ID: 11041644913, Multiplicador: 4.92x
---
[10/11/2025, 12:01:15 p. m.] Spaceman 1: Multiplicador recibido - Game ID: 11041644913, Multiplicador: 4.94x
---
[10/11/2025, 12:01:15 p. m.] Spaceman 1: Multiplicador recibido - Game ID: 11041644913, Multiplicador: 4.96x
---
[10/11/2025, 12:01:16 p. m.] Spaceman 1: Multiplicador recibido - Game ID: 11041644913, Multiplicador: 4.98x
---
[10/11/2025, 12:01:16 p. m.] Spaceman 1: Multiplicador recibido - Game ID: 11041644913, Multiplicador: 5x
---
[10/11/2025, 12:01:16 p. m.] Spaceman 1: Multiplicador recibido - Game ID: 11041644913, Multiplicador: 5.02x
---
[10/11/2025, 12:01:16 p. m.] Spaceman 1: Multiplicador recibido - Game ID: 11041644913, Multiplicador: 5.05x
---
[10/11/2025, 12:01:16 p. m.] Spaceman 1: Multiplicador recibido - Game ID: 11041644913, Multiplicador: 5.07x
---
[10/11/2025, 12:01:16 p. m.] Spaceman 1: Multiplicador recibido - Game ID: 11041644913, Multiplicador: 5.09x
---
[10/11/2025, 12:01:16 p. m.] Spaceman 1: Multiplicador recibido - Game ID: 11041644913, Multiplicador: 5.11x
---
[10/11/2025, 12:01:16 p. m.] Spaceman 1: Multiplicador recibido - Game ID: 11041644913, Multiplicador: 5.13x
---
[10/11/2025, 12:01:16 p. m.] Spaceman 1: Multiplicador recibido - Game ID: 11041644913, Multiplicador: 5.15x
---
[10/11/2025, 12:01:16 p. m.] Spaceman 1: Multiplicador recibido - Game ID: 11041644913, Multiplicador: 5.17x
---
[10/11/2025, 12:01:16 p. m.] Spaceman 1: Multiplicador recibido - Game ID: 11041644913, Multiplicador: 5.2x
---
[10/11/2025, 12:01:16 p. m.] Spaceman 1: Multiplicador recibido - Game ID: 11041644913, Multiplicador: 5.22x
---
[10/11/2025, 12:01:16 p. m.] Spaceman 1: Multiplicador recibido - Game ID: 11041644913, Multiplicador: 5.24x
---
[10/11/2025, 12:01:16 p. m.] Spaceman 1: Multiplicador recibido - Game ID: 11041644913, Multiplicador: 5.26x
---
[10/11/2025, 12:01:16 p. m.] Spaceman 1: Multiplicador recibido - Game ID: 11041644913, Multiplicador: 5.29x
---
[10/11/2025, 12:01:16 p. m.] Spaceman 1: Multiplicador recibido - Game ID: 11041644913, Multiplicador: 5.31x
---
[10/11/2025, 12:01:16 p. m.] Spaceman 1: Multiplicador recibido - Game ID: 11041644913, Multiplicador: 5.33x
---
[10/11/2025, 12:01:16 p. m.] Spaceman 1: Multiplicador recibido - Game ID: 11041644913, Multiplicador: 5.36x
---
[10/11/2025, 12:01:16 p. m.] Spaceman 1: Multiplicador recibido - Game ID: 11041644913, Multiplicador: 5.38x
---
[10/11/2025, 12:01:16 p. m.] Spaceman 1: Multiplicador recibido - Game ID: 11041644913, Multiplicador: 5.4x
---
[10/11/2025, 12:01:17 p. m.] Spaceman 1: Multiplicador recibido - Game ID: 11041644913, Multiplicador: 5.43x
---
[10/11/2025, 12:01:17 p. m.] Spaceman 1: Multiplicador recibido - Game ID: 11041644913, Multiplicador: 5.45x
---
[10/11/2025, 12:01:17 p. m.] Spaceman 1: Multiplicador recibido - Game ID: 11041644913, Multiplicador: 5.47x
---
[10/11/2025, 12:01:17 p. m.] Spaceman 1: Multiplicador recibido - Game ID: 11041644913, Multiplicador: 5.5x
---
[10/11/2025, 12:01:17 p. m.] Spaceman 1: Multiplicador recibido - Game ID: 11041644913, Multiplicador: 5.52x
---
[10/11/2025, 12:01:17 p. m.] Spaceman 1: Multiplicador recibido - Game ID: 11041644913, Multiplicador: 5.54x
---
[10/11/2025, 12:01:17 p. m.] Spaceman 1: Multiplicador recibido - Game ID: 11041644913, Multiplicador: 5.57x
---
[10/11/2025, 12:01:17 p. m.] Spaceman 1: Multiplicador recibido - Game ID: 11041644913, Multiplicador: 5.59x
---
[10/11/2025, 12:01:17 p. m.] Spaceman 1: Multiplicador recibido - Game ID: 11041644913, Multiplicador: 5.61x
---
[10/11/2025, 12:01:17 p. m.] Spaceman 1: Multiplicador recibido - Game ID: 11041644913, Multiplicador: 5.64x
---
[10/11/2025, 12:01:17 p. m.] Spaceman 1: Multiplicador recibido - Game ID: 11041644913, Multiplicador: 5.66x
---
[10/11/2025, 12:01:17 p. m.] Spaceman 1: Multiplicador recibido - Game ID: 11041644913, Multiplicador: 5.69x
---
[10/11/2025, 12:01:17 p. m.] Spaceman 1: Multiplicador recibido - Game ID: 11041644913, Multiplicador: 5.71x
---
[10/11/2025, 12:01:17 p. m.] Spaceman 1: Multiplicador recibido - Game ID: 11041644913, Multiplicador: 5.73x
---
[10/11/2025, 12:01:17 p. m.] Spaceman 1: Multiplicador recibido - Game ID: 11041644913, Multiplicador: 5.75x
---
[10/11/2025, 12:01:17 p. m.] Spaceman 1: Multiplicador recibido - Game ID: 11041644913, Multiplicador: 5.77x
---
[10/11/2025, 12:01:17 p. m.] Spaceman 1: Multiplicador recibido - Game ID: 11041644913, Multiplicador: 5.8x
---
[10/11/2025, 12:01:17 p. m.] Spaceman 1: Multiplicador recibido - Game ID: 11041644913, Multiplicador: 5.83x
---
[10/11/2025, 12:01:17 p. m.] Spaceman 1: Multiplicador recibido - Game ID: 11041644913, Multiplicador: 5.85x
---
[10/11/2025, 12:01:18 p. m.] Spaceman 1: Multiplicador recibido - Game ID: 11041644913, Multiplicador: 5.88x
---
[10/11/2025, 12:01:18 p. m.] Spaceman 1: Multiplicador recibido - Game ID: 11041644913, Multiplicador: 5.9x
---
[10/11/2025, 12:01:18 p. m.] Spaceman 1: Multiplicador recibido - Game ID: 11041644913, Multiplicador: 5.93x
---
[10/11/2025, 12:01:18 p. m.] Spaceman 1: Multiplicador recibido - Game ID: 11041644913, Multiplicador: 5.95x
---
[10/11/2025, 12:01:18 p. m.] Spaceman 1: Multiplicador recibido - Game ID: 11041644913, Multiplicador: 5.98x
---
[10/11/2025, 12:01:18 p. m.] Spaceman 1: Multiplicador recibido - Game ID: 11041644913, Multiplicador: 6x
---
[10/11/2025, 12:01:18 p. m.] Spaceman 1: Multiplicador recibido - Game ID: 11041644913, Multiplicador: 6.03x
---
[10/11/2025, 12:01:18 p. m.] Spaceman 1: Multiplicador recibido - Game ID: 11041644913, Multiplicador: 6.06x
---
[10/11/2025, 12:01:18 p. m.] Spaceman 1: Multiplicador recibido - Game ID: 11041644913, Multiplicador: 6.08x
---
[10/11/2025, 12:01:18 p. m.] Spaceman 1: Multiplicador recibido - Game ID: 11041644913, Multiplicador: 6.11x
---
[10/11/2025, 12:01:18 p. m.] Spaceman 1: Multiplicador recibido - Game ID: 11041644913, Multiplicador: 6.13x
---
[10/11/2025, 12:01:18 p. m.] Spaceman 1: Multiplicador recibido - Game ID: 11041644913, Multiplicador: 6.16x
---
[10/11/2025, 12:01:18 p. m.] Spaceman 1: Multiplicador recibido - Game ID: 11041644913, Multiplicador: 6.18x
---
[10/11/2025, 12:01:18 p. m.] Spaceman 1: Multiplicador recibido - Game ID: 11041644913, Multiplicador: 6.21x
---
[10/11/2025, 12:01:18 p. m.] Spaceman 1: Multiplicador recibido - Game ID: 11041644913, Multiplicador: 6.23x
---
[10/11/2025, 12:01:18 p. m.] Spaceman 1: Multiplicador recibido - Game ID: 11041644913, Multiplicador: 6.26x
---
[10/11/2025, 12:01:18 p. m.] Spaceman 1: Multiplicador recibido - Game ID: 11041644913, Multiplicador: 6.29x
---
[10/11/2025, 12:01:18 p. m.] Spaceman 1: Multiplicador recibido - Game ID: 11041644913, Multiplicador: 6.31x
---
[10/11/2025, 12:01:18 p. m.] Spaceman 1: Multiplicador recibido - Game ID: 11041644913, Multiplicador: 6.34x
---
[10/11/2025, 12:01:18 p. m.] Spaceman 1: Multiplicador recibido - Game ID: 11041644913, Multiplicador: 6.37x
---
[10/11/2025, 12:01:19 p. m.] Spaceman 1: Multiplicador recibido - Game ID: 11041644913, Multiplicador: 6.39x
---
[10/11/2025, 12:01:19 p. m.] Spaceman 1: Multiplicador recibido - Game ID: 11041644913, Multiplicador: 6.42x
---
[10/11/2025, 12:01:19 p. m.] Spaceman 1: Multiplicador recibido - Game ID: 11041644913, Multiplicador: 6.45x
---
[10/11/2025, 12:01:19 p. m.] Spaceman 1: Multiplicador recibido - Game ID: 11041644913, Multiplicador: 6.47x
---
[10/11/2025, 12:01:19 p. m.] Spaceman 1: Multiplicador recibido - Game ID: 11041644913, Multiplicador: 6.5x
---
[10/11/2025, 12:01:19 p. m.] Spaceman 1: Multiplicador recibido - Game ID: 11041644913, Multiplicador: 6.53x
---
[10/11/2025, 12:01:19 p. m.] Spaceman 1: Multiplicador recibido - Game ID: 11041644913, Multiplicador: 6.56x
---
[10/11/2025, 12:01:19 p. m.] Spaceman 1: Multiplicador recibido - Game ID: 11041644913, Multiplicador: 6.58x
---
[10/11/2025, 12:01:19 p. m.] Spaceman 1: Multiplicador recibido - Game ID: 11041644913, Multiplicador: 6.61x
---
[10/11/2025, 12:01:19 p. m.] Spaceman 1: Multiplicador recibido - Game ID: 11041644913, Multiplicador: 6.64x
---
[10/11/2025, 12:01:19 p. m.] Spaceman 1: Multiplicador recibido - Game ID: 11041644913, Multiplicador: 6.67x
---
[10/11/2025, 12:01:19 p. m.] Spaceman 1: Multiplicador recibido - Game ID: 11041644913, Multiplicador: 6.69x
---
[10/11/2025, 12:01:19 p. m.] Spaceman 1: Multiplicador recibido - Game ID: 11041644913, Multiplicador: 6.72x
---
[10/11/2025, 12:01:19 p. m.] Spaceman 1: Multiplicador recibido - Game ID: 11041644913, Multiplicador: 6.75x
---
[10/11/2025, 12:01:19 p. m.] Spaceman 1: Multiplicador recibido - Game ID: 11041644913, Multiplicador: 6.78x
---
[10/11/2025, 12:01:19 p. m.] Spaceman 1: Multiplicador recibido - Game ID: 11041644913, Multiplicador: 6.81x
---
[10/11/2025, 12:01:19 p. m.] Spaceman 1: Multiplicador recibido - Game ID: 11041644913, Multiplicador: 6.84x
---
[10/11/2025, 12:01:19 p. m.] Spaceman 1: Multiplicador recibido - Game ID: 11041644913, Multiplicador: 6.87x
---
[10/11/2025, 12:01:19 p. m.] Spaceman 1: Multiplicador recibido - Game ID: 11041644913, Multiplicador: 6.9x
---
[10/11/2025, 12:01:19 p. m.] Spaceman 1: Multiplicador recibido - Game ID: 11041644913, Multiplicador: 6.93x
---
[10/11/2025, 12:01:20 p. m.] Spaceman 1: Ping enviado: 1762794080038
---
[10/11/2025, 12:01:20 p. m.] Spaceman 1: Multiplicador recibido - Game ID: 11041644913, Multiplicador: 6.95x
---
[10/11/2025, 12:01:20 p. m.] Spaceman 1: Multiplicador recibido - Game ID: 11041644913, Multiplicador: 6.98x
---
[10/11/2025, 12:01:20 p. m.] Spaceman 1: Multiplicador recibido - Game ID: 11041644913, Multiplicador: 7.01x
---
[10/11/2025, 12:01:20 p. m.] Spaceman 1: Multiplicador recibido - Game ID: 11041644913, Multiplicador: 7.04x
---
[10/11/2025, 12:01:20 p. m.] Spaceman 1: Multiplicador recibido - Game ID: 11041644913, Multiplicador: 7.07x
---
[10/11/2025, 12:01:20 p. m.] Spaceman 1: Multiplicador recibido - Game ID: 11041644913, Multiplicador: 7.1x
---
[10/11/2025, 12:01:20 p. m.] Spaceman 1: Multiplicador recibido - Game ID: 11041644913, Multiplicador: 7.13x
---
[10/11/2025, 12:01:20 p. m.] Spaceman 1: Multiplicador recibido - Game ID: 11041644913, Multiplicador: 7.15x
---
[10/11/2025, 12:01:20 p. m.] Spaceman 1: Multiplicador recibido - Game ID: 11041644913, Multiplicador: 7.18x
---
[10/11/2025, 12:01:20 p. m.] Spaceman 1: Multiplicador recibido - Game ID: 11041644913, Multiplicador: 7.22x
---
[10/11/2025, 12:01:20 p. m.] Spaceman 1: Multiplicador recibido - Game ID: 11041644913, Multiplicador: 7.25x
---
[10/11/2025, 12:01:20 p. m.] Spaceman 1: Multiplicador recibido - Game ID: 11041644913, Multiplicador: 7.28x
---
[10/11/2025, 12:01:20 p. m.] Spaceman 1: Multiplicador recibido - Game ID: 11041644913, Multiplicador: 7.31x
---
[10/11/2025, 12:01:20 p. m.] Spaceman 1: Multiplicador recibido - Game ID: 11041644913, Multiplicador: 7.34x
---
[10/11/2025, 12:01:20 p. m.] Spaceman 1: Multiplicador recibido - Game ID: 11041644913, Multiplicador: 7.37x
---
[10/11/2025, 12:01:20 p. m.] Spaceman 1: Multiplicador recibido - Game ID: 11041644913, Multiplicador: 7.4x
---
[10/11/2025, 12:01:20 p. m.] Spaceman 1: Multiplicador recibido - Game ID: 11041644913, Multiplicador: 7.43x
---
[10/11/2025, 12:01:20 p. m.] Spaceman 1: Multiplicador recibido - Game ID: 11041644913, Multiplicador: 7.46x
---
[10/11/2025, 12:01:20 p. m.] Spaceman 1: Multiplicador recibido - Game ID: 11041644913, Multiplicador: 7.5x
---
[10/11/2025, 12:01:20 p. m.] Spaceman 1: Multiplicador recibido - Game ID: 11041644913, Multiplicador: 7.53x
---
[10/11/2025, 12:01:21 p. m.] Spaceman 1: Multiplicador recibido - Game ID: 11041644913, Multiplicador: 7.56x
---
[10/11/2025, 12:01:21 p. m.] Spaceman 1: Multiplicador recibido - Game ID: 11041644913, Multiplicador: 7.59x
---
[10/11/2025, 12:01:21 p. m.] Spaceman 1: Multiplicador recibido - Game ID: 11041644913, Multiplicador: 7.62x
---
[10/11/2025, 12:01:21 p. m.] Spaceman 1: Multiplicador recibido - Game ID: 11041644913, Multiplicador: 7.66x
---
[10/11/2025, 12:01:21 p. m.] Spaceman 1: Multiplicador recibido - Game ID: 11041644913, Multiplicador: 7.69x
---
[10/11/2025, 12:01:21 p. m.] Spaceman 1: Multiplicador recibido - Game ID: 11041644913, Multiplicador: 7.72x
---
[10/11/2025, 12:01:21 p. m.] Spaceman 1: Multiplicador recibido - Game ID: 11041644913, Multiplicador: 7.75x
---
[10/11/2025, 12:01:21 p. m.] Spaceman 1: Multiplicador recibido - Game ID: 11041644913, Multiplicador: 7.78x
---
[10/11/2025, 12:01:21 p. m.] Spaceman 1: Multiplicador recibido - Game ID: 11041644913, Multiplicador: 7.82x
---
[10/11/2025, 12:01:21 p. m.] Spaceman 1: Multiplicador recibido - Game ID: 11041644913, Multiplicador: 7.85x
---
[10/11/2025, 12:01:21 p. m.] Spaceman 1: Multiplicador recibido - Game ID: 11041644913, Multiplicador: 7.88x
---
[10/11/2025, 12:01:21 p. m.] Spaceman 1: Multiplicador recibido - Game ID: 11041644913, Multiplicador: 7.91x
---
[10/11/2025, 12:01:21 p. m.] Spaceman 1: Multiplicador recibido - Game ID: 11041644913, Multiplicador: 7.94x
---
[10/11/2025, 12:01:21 p. m.] Spaceman 1: Multiplicador recibido - Game ID: 11041644913, Multiplicador: 7.98x
---
[10/11/2025, 12:01:21 p. m.] Spaceman 1: Multiplicador recibido - Game ID: 11041644913, Multiplicador: 8.01x
---
[10/11/2025, 12:01:21 p. m.] Spaceman 1: Multiplicador recibido - Game ID: 11041644913, Multiplicador: 8.05x
---
[10/11/2025, 12:01:21 p. m.] Spaceman 1: Multiplicador recibido - Game ID: 11041644913, Multiplicador: 8.08x
---
[10/11/2025, 12:01:21 p. m.] Spaceman 1: Multiplicador recibido - Game ID: 11041644913, Multiplicador: 8.11x
---
[10/11/2025, 12:01:21 p. m.] Spaceman 1: Multiplicador recibido - Game ID: 11041644913, Multiplicador: 8.15x
---
[10/11/2025, 12:01:21 p. m.] Spaceman 1: Multiplicador recibido - Game ID: 11041644913, Multiplicador: 8.18x
---
[10/11/2025, 12:01:22 p. m.] Spaceman 1: Multiplicador recibido - Game ID: 11041644913, Multiplicador: 8.22x
---
[10/11/2025, 12:01:22 p. m.] Spaceman 1: Multiplicador recibido - Game ID: 11041644913, Multiplicador: 8.26x
---
[10/11/2025, 12:01:22 p. m.] Spaceman 1: Multiplicador recibido - Game ID: 11041644913, Multiplicador: 8.29x
---
[10/11/2025, 12:01:22 p. m.] Spaceman 1: Multiplicador recibido - Game ID: 11041644913, Multiplicador: 8.33x
---
[10/11/2025, 12:01:22 p. m.] Spaceman 1: Multiplicador recibido - Game ID: 11041644913, Multiplicador: 8.36x
---
[10/11/2025, 12:01:22 p. m.] Spaceman 1: Multiplicador recibido - Game ID: 11041644913, Multiplicador: 8.4x
---
[10/11/2025, 12:01:22 p. m.] Spaceman 1: Multiplicador recibido - Game ID: 11041644913, Multiplicador: 8.44x
---
[10/11/2025, 12:01:22 p. m.] Spaceman 1: Multiplicador recibido - Game ID: 11041644913, Multiplicador: 8.47x
---
[10/11/2025, 12:01:22 p. m.] Spaceman 1: Multiplicador recibido - Game ID: 11041644913, Multiplicador: 8.51x
---
[10/11/2025, 12:01:22 p. m.] Spaceman 1: Multiplicador recibido - Game ID: 11041644913, Multiplicador: 8.54x
---
[10/11/2025, 12:01:22 p. m.] Spaceman 1: Multiplicador recibido - Game ID: 11041644913, Multiplicador: 8.58x
---
[10/11/2025, 12:01:22 p. m.] Spaceman 1: Multiplicador recibido - Game ID: 11041644913, Multiplicador: 8.61x
---
[10/11/2025, 12:01:22 p. m.] Spaceman 1: Multiplicador recibido - Game ID: 11041644913, Multiplicador: 8.65x
---
[10/11/2025, 12:01:22 p. m.] Spaceman 1: Multiplicador recibido - Game ID: 11041644913, Multiplicador: 8.68x
---
[10/11/2025, 12:01:22 p. m.] Spaceman 1: Multiplicador recibido - Game ID: 11041644913, Multiplicador: 8.72x
---
[10/11/2025, 12:01:22 p. m.] Spaceman 1: Multiplicador recibido - Game ID: 11041644913, Multiplicador: 8.76x
---
[10/11/2025, 12:01:22 p. m.] Spaceman 1: Multiplicador recibido - Game ID: 11041644913, Multiplicador: 8.79x
---
[10/11/2025, 12:01:22 p. m.] Spaceman 1: Multiplicador recibido - Game ID: 11041644913, Multiplicador: 8.83x
---
[10/11/2025, 12:01:22 p. m.] Spaceman 1: Multiplicador recibido - Game ID: 11041644913, Multiplicador: 8.87x
---
[10/11/2025, 12:01:23 p. m.] Spaceman 1: Multiplicador recibido - Game ID: 11041644913, Multiplicador: 8.91x
---
[10/11/2025, 12:01:23 p. m.] Spaceman 1: Multiplicador recibido - Game ID: 11041644913, Multiplicador: 8.94x
---
[10/11/2025, 12:01:23 p. m.] Spaceman 1: Multiplicador recibido - Game ID: 11041644913, Multiplicador: 9.02x
---
[10/11/2025, 12:01:23 p. m.] Spaceman 1: Multiplicador recibido - Game ID: 11041644913, Multiplicador: 9.06x
---
[10/11/2025, 12:01:23 p. m.] Spaceman 1: Multiplicador recibido - Game ID: 11041644913, Multiplicador: 9.1x
---
[10/11/2025, 12:01:23 p. m.] Spaceman 1: Multiplicador recibido - Game ID: 11041644913, Multiplicador: 9.14x
---
[10/11/2025, 12:01:23 p. m.] Spaceman 1: Multiplicador recibido - Game ID: 11041644913, Multiplicador: 9.18x
---
[10/11/2025, 12:01:23 p. m.] Spaceman 1: Multiplicador recibido - Game ID: 11041644913, Multiplicador: 9.22x
---
[10/11/2025, 12:01:23 p. m.] Spaceman 1: Multiplicador recibido - Game ID: 11041644913, Multiplicador: 9.26x
---
[10/11/2025, 12:01:23 p. m.] Spaceman 1: Multiplicador recibido - Game ID: 11041644913, Multiplicador: 9.29x
---
[10/11/2025, 12:01:23 p. m.] Spaceman 1: Multiplicador recibido - Game ID: 11041644913, Multiplicador: 9.33x
---
[10/11/2025, 12:01:23 p. m.] Spaceman 1: Multiplicador recibido - Game ID: 11041644913, Multiplicador: 9.37x
---
[10/11/2025, 12:01:23 p. m.] Spaceman 1: Multiplicador recibido - Game ID: 11041644913, Multiplicador: 9.41x
---
[10/11/2025, 12:01:23 p. m.] Spaceman 1: Multiplicador recibido - Game ID: 11041644913, Multiplicador: 9.45x
---
[10/11/2025, 12:01:23 p. m.] Spaceman 1: Multiplicador recibido - Game ID: 11041644913, Multiplicador: 9.5x
---
[10/11/2025, 12:01:23 p. m.] Spaceman 1: Multiplicador recibido - Game ID: 11041644913, Multiplicador: 9.54x
---
[10/11/2025, 12:01:23 p. m.] Spaceman 1: Multiplicador recibido - Game ID: 11041644913, Multiplicador: 9.58x
---
[10/11/2025, 12:01:23 p. m.] Spaceman 1: Multiplicador recibido - Game ID: 11041644913, Multiplicador: 9.62x
---
[10/11/2025, 12:01:23 p. m.] Spaceman 1: Multiplicador recibido - Game ID: 11041644913, Multiplicador: 9.66x
---
[10/11/2025, 12:01:24 p. m.] Spaceman 1: Multiplicador recibido - Game ID: 11041644913, Multiplicador: 9.7x
---
[10/11/2025, 12:01:24 p. m.] Spaceman 1: Multiplicador recibido - Game ID: 11041644913, Multiplicador: 9.74x
---
[10/11/2025, 12:01:24 p. m.] Spaceman 1: Multiplicador recibido - Game ID: 11041644913, Multiplicador: 9.78x
---
[10/11/2025, 12:01:24 p. m.] Spaceman 1: Multiplicador recibido - Game ID: 11041644913, Multiplicador: 9.82x
---
[10/11/2025, 12:01:24 p. m.] Spaceman 1: Multiplicador recibido - Game ID: 11041644913, Multiplicador: 9.87x
---
[10/11/2025, 12:01:24 p. m.] Spaceman 1: Multiplicador recibido - Game ID: 11041644913, Multiplicador: 9.91x
---
[10/11/2025, 12:01:24 p. m.] Spaceman 1: Multiplicador recibido - Game ID: 11041644913, Multiplicador: 9.95x
---
[10/11/2025, 12:01:24 p. m.] Spaceman 1: Multiplicador recibido - Game ID: 11041644913, Multiplicador: 9.99x
---
[10/11/2025, 12:01:24 p. m.] Spaceman 1: Multiplicador recibido - Game ID: 11041644913, Multiplicador: 10.04x
---
[10/11/2025, 12:01:24 p. m.] Spaceman 1: Multiplicador recibido - Game ID: 11041644913, Multiplicador: 10.08x
---
[10/11/2025, 12:01:24 p. m.] Spaceman 1: Multiplicador recibido - Game ID: 11041644913, Multiplicador: 10.12x
---
[10/11/2025, 12:01:24 p. m.] Spaceman 1: Multiplicador recibido - Game ID: 11041644913, Multiplicador: 10.16x
---
[10/11/2025, 12:01:24 p. m.] Spaceman 1: Multiplicador recibido - Game ID: 11041644913, Multiplicador: 10.21x
---
[10/11/2025, 12:01:24 p. m.] Spaceman 1: Multiplicador recibido - Game ID: 11041644913, Multiplicador: 10.25x
---
[10/11/2025, 12:01:24 p. m.] Spaceman 1: Multiplicador recibido - Game ID: 11041644913, Multiplicador: 10.29x
---
[10/11/2025, 12:01:24 p. m.] Spaceman 1: Multiplicador recibido - Game ID: 11041644913, Multiplicador: 10.34x
---
[10/11/2025, 12:01:24 p. m.] Spaceman 1: Multiplicador recibido - Game ID: 11041644913, Multiplicador: 10.39x
---
[10/11/2025, 12:01:24 p. m.] Spaceman 1: Multiplicador recibido - Game ID: 11041644913, Multiplicador: 10.43x
---
[10/11/2025, 12:01:24 p. m.] Spaceman 1: Multiplicador recibido - Game ID: 11041644913, Multiplicador: 10.47x
---
[10/11/2025, 12:01:25 p. m.] Spaceman 1: Multiplicador recibido - Game ID: 11041644913, Multiplicador: 10.51x
---
[10/11/2025, 12:01:25 p. m.] Spaceman 1: Multiplicador recibido - Game ID: 11041644913, Multiplicador: 10.56x
---
[10/11/2025, 12:01:25 p. m.] Spaceman 1: Multiplicador recibido - Game ID: 11041644913, Multiplicador: 10.6x
---
[10/11/2025, 12:01:25 p. m.] Spaceman 1: Multiplicador recibido - Game ID: 11041644913, Multiplicador: 10.64x
---
[10/11/2025, 12:01:25 p. m.] Spaceman 1: Multiplicador recibido - Game ID: 11041644913, Multiplicador: 10.69x
---
[10/11/2025, 12:01:25 p. m.] Spaceman 1: Multiplicador recibido - Game ID: 11041644913, Multiplicador: 10.73x
---
[10/11/2025, 12:01:25 p. m.] Spaceman 1: Multiplicador recibido - Game ID: 11041644913, Multiplicador: 10.77x
---
[10/11/2025, 12:01:25 p. m.] Spaceman 1: Multiplicador recibido - Game ID: 11041644913, Multiplicador: 10.81x
---
[10/11/2025, 12:01:25 p. m.] Spaceman 1: Multiplicador recibido - Game ID: 11041644913, Multiplicador: 10.86x
---
[10/11/2025, 12:01:25 p. m.] Spaceman 1: Multiplicador recibido - Game ID: 11041644913, Multiplicador: 10.9x
---
[10/11/2025, 12:01:25 p. m.] Spaceman 1: Multiplicador recibido - Game ID: 11041644913, Multiplicador: 10.95x
---
[10/11/2025, 12:01:25 p. m.] Spaceman 1: Multiplicador recibido - Game ID: 11041644913, Multiplicador: 10.99x
---
[10/11/2025, 12:01:25 p. m.] Spaceman 1: Multiplicador recibido - Game ID: 11041644913, Multiplicador: 11.04x
---
[10/11/2025, 12:01:25 p. m.] Spaceman 1: Multiplicador recibido - Game ID: 11041644913, Multiplicador: 11.09x
---
[10/11/2025, 12:01:25 p. m.] Spaceman 1: Multiplicador recibido - Game ID: 11041644913, Multiplicador: 11.14x
---
[10/11/2025, 12:01:25 p. m.] Spaceman 1: Multiplicador recibido - Game ID: 11041644913, Multiplicador: 11.18x
---
[10/11/2025, 12:01:25 p. m.] Spaceman 1: Multiplicador recibido - Game ID: 11041644913, Multiplicador: 11.23x
---
[10/11/2025, 12:01:25 p. m.] Spaceman 1: Multiplicador recibido - Game ID: 11041644913, Multiplicador: 11.28x
---
[10/11/2025, 12:01:25 p. m.] Spaceman 1: Multiplicador recibido - Game ID: 11041644913, Multiplicador: 11.33x
---
[10/11/2025, 12:01:25 p. m.] Spaceman 1: Multiplicador recibido - Game ID: 11041644913, Multiplicador: 11.37x
---
[10/11/2025, 12:01:25 p. m.] Spaceman 1: Multiplicador recibido - Game ID: 11041644913, Multiplicador: 11.42x
---
[10/11/2025, 12:01:26 p. m.] Spaceman 1: Multiplicador recibido - Game ID: 11041644913, Multiplicador: 11.47x
---
[10/11/2025, 12:01:26 p. m.] Spaceman 1: Multiplicador recibido - Game ID: 11041644913, Multiplicador: 11.51x
---
[10/11/2025, 12:01:26 p. m.] Spaceman 1: Multiplicador recibido - Game ID: 11041644913, Multiplicador: 11.56x
---
[10/11/2025, 12:01:26 p. m.] Spaceman 1: Multiplicador recibido - Game ID: 11041644913, Multiplicador: 11.61x
---
[10/11/2025, 12:01:26 p. m.] Spaceman 1: Multiplicador recibido - Game ID: 11041644913, Multiplicador: 11.66x
---
[10/11/2025, 12:01:26 p. m.] Spaceman 1: Multiplicador recibido - Game ID: 11041644913, Multiplicador: 11.71x
---
[10/11/2025, 12:01:26 p. m.] Spaceman 1: Multiplicador recibido - Game ID: 11041644913, Multiplicador: 11.75x
---
[10/11/2025, 12:01:26 p. m.] Spaceman 1: Multiplicador recibido - Game ID: 11041644913, Multiplicador: 11.81x
---
[10/11/2025, 12:01:26 p. m.] Spaceman 1: Multiplicador recibido - Game ID: 11041644913, Multiplicador: 11.85x
---
[10/11/2025, 12:01:26 p. m.] Spaceman 1: Multiplicador recibido - Game ID: 11041644913, Multiplicador: 11.9x
---
[10/11/2025, 12:01:26 p. m.] Spaceman 1: Multiplicador recibido - Game ID: 11041644913, Multiplicador: 11.96x
---
[10/11/2025, 12:01:26 p. m.] Spaceman 1: Multiplicador recibido - Game ID: 11041644913, Multiplicador: 12.01x
---
[10/11/2025, 12:01:26 p. m.] Spaceman 1: Multiplicador recibido - Game ID: 11041644913, Multiplicador: 12.06x
---
[10/11/2025, 12:01:26 p. m.] Spaceman 1: Multiplicador recibido - Game ID: 11041644913, Multiplicador: 12.12x
---
[10/11/2025, 12:01:26 p. m.] Spaceman 1: Multiplicador recibido - Game ID: 11041644913, Multiplicador: 12.17x
---
[10/11/2025, 12:01:26 p. m.] Spaceman 1: Multiplicador recibido - Game ID: 11041644913, Multiplicador: 12.22x
---
[10/11/2025, 12:01:26 p. m.] Spaceman 1: Multiplicador recibido - Game ID: 11041644913, Multiplicador: 12.27x
---
[10/11/2025, 12:01:26 p. m.] Spaceman 1: Multiplicador recibido - Game ID: 11041644913, Multiplicador: 12.32x
---
[10/11/2025, 12:01:26 p. m.] Spaceman 1: Multiplicador recibido - Game ID: 11041644913, Multiplicador: 12.37x
---
[10/11/2025, 12:01:27 p. m.] Spaceman 1: Multiplicador recibido - Game ID: 11041644913, Multiplicador: 12.42x
---
[10/11/2025, 12:01:27 p. m.] Spaceman 1: Multiplicador recibido - Game ID: 11041644913, Multiplicador: 12.48x
---
[10/11/2025, 12:01:27 p. m.] Spaceman 1: Multiplicador recibido - Game ID: 11041644913, Multiplicador: 12.53x
---
[10/11/2025, 12:01:27 p. m.] Spaceman 1: Multiplicador recibido - Game ID: 11041644913, Multiplicador: 12.58x
---
[10/11/2025, 12:01:27 p. m.] Spaceman 1: Multiplicador recibido - Game ID: 11041644913, Multiplicador: 12.63x
---
[10/11/2025, 12:01:27 p. m.] Spaceman 1: Multiplicador recibido - Game ID: 11041644913, Multiplicador: 12.69x
---
[10/11/2025, 12:01:27 p. m.] Spaceman 1: Multiplicador recibido - Game ID: 11041644913, Multiplicador: 12.74x
---
[10/11/2025, 12:01:27 p. m.] Spaceman 1: Multiplicador recibido - Game ID: 11041644913, Multiplicador: 12.8x
---
[10/11/2025, 12:01:27 p. m.] Spaceman 1: Multiplicador recibido - Game ID: 11041644913, Multiplicador: 12.86x
---
[10/11/2025, 12:01:27 p. m.] Spaceman 1: Multiplicador recibido - Game ID: 11041644913, Multiplicador: 12.91x
---
[10/11/2025, 12:01:27 p. m.] Spaceman 1: Multiplicador recibido - Game ID: 11041644913, Multiplicador: 12.97x
---
[10/11/2025, 12:01:27 p. m.] Spaceman 1: Multiplicador recibido - Game ID: 11041644913, Multiplicador: 13.02x
---
[10/11/2025, 12:01:27 p. m.] Spaceman 1: Multiplicador recibido - Game ID: 11041644913, Multiplicador: 13.08x
---
[10/11/2025, 12:01:27 p. m.] Spaceman 1: Multiplicador recibido - Game ID: 11041644913, Multiplicador: 13.14x
---
[10/11/2025, 12:01:27 p. m.] Spaceman 1: Multiplicador recibido - Game ID: 11041644913, Multiplicador: 13.19x
---
[10/11/2025, 12:01:27 p. m.] Spaceman 1: Multiplicador recibido - Game ID: 11041644913, Multiplicador: 13.25x
---
[10/11/2025, 12:01:27 p. m.] Spaceman 1: Multiplicador recibido - Game ID: 11041644913, Multiplicador: 13.31x
---
[10/11/2025, 12:01:27 p. m.] Spaceman 1: Multiplicador recibido - Game ID: 11041644913, Multiplicador: 13.36x
---
[10/11/2025, 12:01:27 p. m.] Spaceman 1: Multiplicador recibido - Game ID: 11041644913, Multiplicador: 13.42x
---
[10/11/2025, 12:01:28 p. m.] Spaceman 1: Multiplicador recibido - Game ID: 11041644913, Multiplicador: 13.48x
---
[10/11/2025, 12:01:28 p. m.] Spaceman 1: Multiplicador recibido - Game ID: 11041644913, Multiplicador: 13.54x
---
[10/11/2025, 12:01:28 p. m.] Spaceman 1: Multiplicador recibido - Game ID: 11041644913, Multiplicador: 13.6x
---
[10/11/2025, 12:01:28 p. m.] Spaceman 1: Multiplicador recibido - Game ID: 11041644913, Multiplicador: 13.66x
---
[10/11/2025, 12:01:28 p. m.] Spaceman 1: Multiplicador recibido - Game ID: 11041644913, Multiplicador: 13.71x
---
[10/11/2025, 12:01:28 p. m.] Spaceman 1: Multiplicador recibido - Game ID: 11041644913, Multiplicador: 13.77x
---
[10/11/2025, 12:01:28 p. m.] Spaceman 1: Multiplicador recibido - Game ID: 11041644913, Multiplicador: 13.83x
---
[10/11/2025, 12:01:28 p. m.] Spaceman 1: Multiplicador recibido - Game ID: 11041644913, Multiplicador: 13.88x
---
[10/11/2025, 12:01:28 p. m.] Spaceman 1: Multiplicador recibido - Game ID: 11041644913, Multiplicador: 13.95x
---
[10/11/2025, 12:01:28 p. m.] Spaceman 1: Multiplicador recibido - Game ID: 11041644913, Multiplicador: 14.01x
---
[10/11/2025, 12:01:28 p. m.] Spaceman 1: Multiplicador recibido - Game ID: 11041644913, Multiplicador: 14.06x
---
[10/11/2025, 12:01:28 p. m.] Spaceman 1: Multiplicador recibido - Game ID: 11041644913, Multiplicador: 14.12x
---
[10/11/2025, 12:01:28 p. m.] Spaceman 1: Multiplicador recibido - Game ID: 11041644913, Multiplicador: 14.18x
---
[10/11/2025, 12:01:28 p. m.] Spaceman 1: Multiplicador recibido - Game ID: 11041644913, Multiplicador: 14.24x
---
[10/11/2025, 12:01:28 p. m.] Spaceman 1: Multiplicador recibido - Game ID: 11041644913, Multiplicador: 14.3x
---
[10/11/2025, 12:01:28 p. m.] Spaceman 1: Multiplicador recibido - Game ID: 11041644913, Multiplicador: 14.36x
---
[10/11/2025, 12:01:28 p. m.] Spaceman 1: Multiplicador recibido - Game ID: 11041644913, Multiplicador: 14.42x
---
[10/11/2025, 12:01:28 p. m.] Spaceman 1: Multiplicador recibido - Game ID: 11041644913, Multiplicador: 14.48x
---
[10/11/2025, 12:01:28 p. m.] Spaceman 1: Multiplicador recibido - Game ID: 11041644913, Multiplicador: 14.54x
---
[10/11/2025, 12:01:28 p. m.] Spaceman 1: Multiplicador recibido - Game ID: 11041644913, Multiplicador: 14.59x
---
[10/11/2025, 12:01:29 p. m.] Spaceman 1: Multiplicador recibido - Game ID: 11041644913, Multiplicador: 14.65x
---
[10/11/2025, 12:01:29 p. m.] Spaceman 1: Multiplicador recibido - Game ID: 11041644913, Multiplicador: 14.71x
---
[10/11/2025, 12:01:29 p. m.] Spaceman 1: Multiplicador recibido - Game ID: 11041644913, Multiplicador: 14.78x
---
[10/11/2025, 12:01:29 p. m.] Spaceman 1: Multiplicador recibido - Game ID: 11041644913, Multiplicador: 14.83x
---
[10/11/2025, 12:01:29 p. m.] Spaceman 1: Multiplicador recibido - Game ID: 11041644913, Multiplicador: 14.89x
---
[10/11/2025, 12:01:29 p. m.] Spaceman 1: Multiplicador recibido - Game ID: 11041644913, Multiplicador: 14.96x
---
[10/11/2025, 12:01:29 p. m.] Spaceman 1: Multiplicador recibido - Game ID: 11041644913, Multiplicador: 15.02x
---
[10/11/2025, 12:01:29 p. m.] Spaceman 1: Multiplicador recibido - Game ID: 11041644913, Multiplicador: 15.09x
---
[10/11/2025, 12:01:29 p. m.] Spaceman 1: Multiplicador recibido - Game ID: 11041644913, Multiplicador: 15.15x
---
[10/11/2025, 12:01:29 p. m.] Spaceman 1: Multiplicador recibido - Game ID: 11041644913, Multiplicador: 15.22x
---
[10/11/2025, 12:01:29 p. m.] Spaceman 1: Multiplicador recibido - Game ID: 11041644913, Multiplicador: 15.28x
---
[10/11/2025, 12:01:29 p. m.] Spaceman 1: Multiplicador recibido - Game ID: 11041644913, Multiplicador: 15.34x
---
[10/11/2025, 12:01:29 p. m.] Spaceman 1: Multiplicador recibido - Game ID: 11041644913, Multiplicador: 15.4x
---
[10/11/2025, 12:01:29 p. m.] Spaceman 1: Multiplicador recibido - Game ID: 11041644913, Multiplicador: 15.46x
---
[10/11/2025, 12:01:29 p. m.] Spaceman 1: Multiplicador recibido - Game ID: 11041644913, Multiplicador: 15.53x
---
[10/11/2025, 12:01:29 p. m.] Spaceman 1: Multiplicador recibido - Game ID: 11041644913, Multiplicador: 15.61x
---
[10/11/2025, 12:01:29 p. m.] Spaceman 1: Multiplicador recibido - Game ID: 11041644913, Multiplicador: 15.68x
---
[10/11/2025, 12:01:29 p. m.] Spaceman 1: Multiplicador recibido - Game ID: 11041644913, Multiplicador: 15.75x
---
[10/11/2025, 12:01:29 p. m.] Spaceman 1: Multiplicador recibido - Game ID: 11041644913, Multiplicador: 15.82x
---
[10/11/2025, 12:01:29 p. m.] Spaceman 1: Multiplicador recibido - Game ID: 11041644913, Multiplicador: 15.88x
---
[10/11/2025, 12:01:30 p. m.] Spaceman 1: Multiplicador recibido - Game ID: 11041644913, Multiplicador: 15.94x
---
[10/11/2025, 12:01:30 p. m.] Spaceman 1: Ping enviado: 1762794090053
---
[10/11/2025, 12:01:30 p. m.] Spaceman 1: Multiplicador recibido - Game ID: 11041644913, Multiplicador: 16.01x
---
[10/11/2025, 12:01:30 p. m.] Spaceman 1: Multiplicador recibido - Game ID: 11041644913, Multiplicador: 16.09x
---
[10/11/2025, 12:01:30 p. m.] Spaceman 1: Multiplicador recibido - Game ID: 11041644913, Multiplicador: 16.15x
---
[10/11/2025, 12:01:30 p. m.] Spaceman 1: Multiplicador recibido - Game ID: 11041644913, Multiplicador: 16.22x
---
[10/11/2025, 12:01:30 p. m.] Spaceman 1: Multiplicador recibido - Game ID: 11041644913, Multiplicador: 16.28x
---
[10/11/2025, 12:01:30 p. m.] Spaceman 1: Multiplicador recibido - Game ID: 11041644913, Multiplicador: 16.36x
---
[10/11/2025, 12:01:30 p. m.] Spaceman 1: Multiplicador recibido - Game ID: 11041644913, Multiplicador: 16.42x
---
[10/11/2025, 12:01:30 p. m.] Spaceman 1: Multiplicador recibido - Game ID: 11041644913, Multiplicador: 16.49x
---
[10/11/2025, 12:01:30 p. m.] Spaceman 1: Multiplicador recibido - Game ID: 11041644913, Multiplicador: 16.55x
---
[10/11/2025, 12:01:30 p. m.] Spaceman 1: Multiplicador recibido - Game ID: 11041644913, Multiplicador: 16.62x
---
[10/11/2025, 12:01:30 p. m.] Spaceman 1: Multiplicador recibido - Game ID: 11041644913, Multiplicador: 16.69x
---
[10/11/2025, 12:01:30 p. m.] Spaceman 1: Multiplicador recibido - Game ID: 11041644913, Multiplicador: 16.76x
---
[10/11/2025, 12:01:30 p. m.] Spaceman 1: Multiplicador recibido - Game ID: 11041644913, Multiplicador: 16.83x
---
[10/11/2025, 12:01:30 p. m.] Spaceman 1: Multiplicador recibido - Game ID: 11041644913, Multiplicador: 16.9x
---
[10/11/2025, 12:01:30 p. m.] Spaceman 1: Multiplicador recibido - Game ID: 11041644913, Multiplicador: 16.96x
---
[10/11/2025, 12:01:30 p. m.] Spaceman 1: Multiplicador recibido - Game ID: 11041644913, Multiplicador: 17.03x
---
[10/11/2025, 12:01:30 p. m.] Spaceman 1: Multiplicador recibido - Game ID: 11041644913, Multiplicador: 17.11x
---
[10/11/2025, 12:01:30 p. m.] Spaceman 1: Multiplicador recibido - Game ID: 11041644913, Multiplicador: 17.19x
---
[10/11/2025, 12:01:31 p. m.] Spaceman 1: Multiplicador recibido - Game ID: 11041644913, Multiplicador: 17.26x
---
[10/11/2025, 12:01:31 p. m.] Spaceman 1: Multiplicador recibido - Game ID: 11041644913, Multiplicador: 17.33x
---
[10/11/2025, 12:01:31 p. m.] Spaceman 1: Multiplicador recibido - Game ID: 11041644913, Multiplicador: 17.41x
---
[10/11/2025, 12:01:31 p. m.] Spaceman 1: Multiplicador recibido - Game ID: 11041644913, Multiplicador: 17.48x
---
[10/11/2025, 12:01:31 p. m.] Spaceman 1: Multiplicador recibido - Game ID: 11041644913, Multiplicador: 17.55x
---
[10/11/2025, 12:01:31 p. m.] Spaceman 1: Multiplicador recibido - Game ID: 11041644913, Multiplicador: 17.63x
---
[10/11/2025, 12:01:31 p. m.] Spaceman 1: Multiplicador recibido - Game ID: 11041644913, Multiplicador: 17.7x
---
[10/11/2025, 12:01:31 p. m.] Spaceman 1: Multiplicador recibido - Game ID: 11041644913, Multiplicador: 17.77x
---
[10/11/2025, 12:01:31 p. m.] Spaceman 1: Multiplicador recibido - Game ID: 11041644913, Multiplicador: 17.85x
---
[10/11/2025, 12:01:31 p. m.] Spaceman 1: Multiplicador recibido - Game ID: 11041644913, Multiplicador: 17.92x
---
[10/11/2025, 12:01:31 p. m.] Spaceman 1: Multiplicador recibido - Game ID: 11041644913, Multiplicador: 18x
---
[10/11/2025, 12:01:31 p. m.] Spaceman 1: Multiplicador recibido - Game ID: 11041644913, Multiplicador: 18.07x
---
[10/11/2025, 12:01:31 p. m.] Spaceman 1: Multiplicador recibido - Game ID: 11041644913, Multiplicador: 18.15x
---
[10/11/2025, 12:01:31 p. m.] Spaceman 1: Multiplicador recibido - Game ID: 11041644913, Multiplicador: 18.24x
---
[10/11/2025, 12:01:31 p. m.] Spaceman 1: Multiplicador recibido - Game ID: 11041644913, Multiplicador: 18.31x
---
[10/11/2025, 12:01:31 p. m.] Spaceman 1: Multiplicador recibido - Game ID: 11041644913, Multiplicador: 18.38x
---
[10/11/2025, 12:01:31 p. m.] Spaceman 1: Multiplicador recibido - Game ID: 11041644913, Multiplicador: 18.45x
---
[10/11/2025, 12:01:31 p. m.] Spaceman 1: Multiplicador recibido - Game ID: 11041644913, Multiplicador: 18.54x
---
[10/11/2025, 12:01:31 p. m.] Spaceman 1: Multiplicador recibido - Game ID: 11041644913, Multiplicador: 18.62x
---
[10/11/2025, 12:01:31 p. m.] Spaceman 1: Multiplicador recibido - Game ID: 11041644913, Multiplicador: 18.69x
---
[10/11/2025, 12:01:31 p. m.] Spaceman 1: Multiplicador recibido - Game ID: 11041644913, Multiplicador: 18.77x
---
[10/11/2025, 12:01:32 p. m.] Spaceman 1: Multiplicador recibido - Game ID: 11041644913, Multiplicador: 18.84x
---
[10/11/2025, 12:01:32 p. m.] Spaceman 1: Multiplicador recibido - Game ID: 11041644913, Multiplicador: 18.93x
---
[10/11/2025, 12:01:32 p. m.] Spaceman 1: Multiplicador recibido - Game ID: 11041644913, Multiplicador: 19x
---
[10/11/2025, 12:01:32 p. m.] Spaceman 1: Multiplicador recibido - Game ID: 11041644913, Multiplicador: 19.08x
---
[10/11/2025, 12:01:32 p. m.] Spaceman 1: Multiplicador recibido - Game ID: 11041644913, Multiplicador: 19.16x
---
[10/11/2025, 12:01:32 p. m.] Spaceman 1: Multiplicador recibido - Game ID: 11041644913, Multiplicador: 19.23x
---
[10/11/2025, 12:01:32 p. m.] Spaceman 1: Multiplicador recibido - Game ID: 11041644913, Multiplicador: 19.32x
---
[10/11/2025, 12:01:32 p. m.] Spaceman 1: Multiplicador recibido - Game ID: 11041644913, Multiplicador: 19.4x
---
[10/11/2025, 12:01:32 p. m.] Spaceman 1: Multiplicador recibido - Game ID: 11041644913, Multiplicador: 19.49x
---
[10/11/2025, 12:01:32 p. m.] Spaceman 1: Multiplicador recibido - Game ID: 11041644913, Multiplicador: 19.58x
---
[10/11/2025, 12:01:32 p. m.] Spaceman 1: Multiplicador recibido - Game ID: 11041644913, Multiplicador: 19.66x
---
[10/11/2025, 12:01:32 p. m.] Spaceman 1: Multiplicador recibido - Game ID: 11041644913, Multiplicador: 19.75x
---
[10/11/2025, 12:01:32 p. m.] Spaceman 1: Multiplicador recibido - Game ID: 11041644913, Multiplicador: 19.83x
---
[10/11/2025, 12:01:32 p. m.] Spaceman 1: Multiplicador recibido - Game ID: 11041644913, Multiplicador: 19.91x
---
[10/11/2025, 12:01:32 p. m.] Spaceman 1: Multiplicador recibido - Game ID: 11041644913, Multiplicador: 20.02x
---
[10/11/2025, 12:01:32 p. m.] Spaceman 1: Multiplicador recibido - Game ID: 11041644913, Multiplicador: 20.1x
---
[10/11/2025, 12:01:32 p. m.] Spaceman 1: Multiplicador recibido - Game ID: 11041644913, Multiplicador: 20.18x
---
[10/11/2025, 12:01:32 p. m.] Spaceman 1: Multiplicador recibido - Game ID: 11041644913, Multiplicador: 20.26x
---
[10/11/2025, 12:01:32 p. m.] Spaceman 1: Multiplicador recibido - Game ID: 11041644913, Multiplicador: 20.35x
---
[10/11/2025, 12:01:33 p. m.] Spaceman 1: Multiplicador recibido - Game ID: 11041644913, Multiplicador: 20.43x
---
[10/11/2025, 12:01:33 p. m.] Spaceman 1: Multiplicador recibido - Game ID: 11041644913, Multiplicador: 20.53x
---
[10/11/2025, 12:01:33 p. m.] Spaceman 1: Multiplicador recibido - Game ID: 11041644913, Multiplicador: 20.62x
---
[10/11/2025, 12:01:33 p. m.] Spaceman 1: Multiplicador recibido - Game ID: 11041644913, Multiplicador: 20.8x
---
[10/11/2025, 12:01:33 p. m.] Spaceman 1: Multiplicador recibido - Game ID: 11041644913, Multiplicador: 20.89x
---
[10/11/2025, 12:01:33 p. m.] Spaceman 1: Multiplicador recibido - Game ID: 11041644913, Multiplicador: 20.97x
---
[10/11/2025, 12:01:33 p. m.] Spaceman 1: Multiplicador recibido - Game ID: 11041644913, Multiplicador: 21.04x
---
[10/11/2025, 12:01:33 p. m.] Spaceman 1: Multiplicador recibido - Game ID: 11041644913, Multiplicador: 21.14x
---
[10/11/2025, 12:01:33 p. m.] Spaceman 1: Multiplicador recibido - Game ID: 11041644913, Multiplicador: 21.23x
---
[10/11/2025, 12:01:33 p. m.] Spaceman 1: Multiplicador recibido - Game ID: 11041644913, Multiplicador: 21.32x
---
[10/11/2025, 12:01:33 p. m.] Spaceman 1: Multiplicador recibido - Game ID: 11041644913, Multiplicador: 21.4x
---
[10/11/2025, 12:01:33 p. m.] Spaceman 1: Multiplicador recibido - Game ID: 11041644913, Multiplicador: 21.49x
---
[10/11/2025, 12:01:33 p. m.] Spaceman 1: Multiplicador recibido - Game ID: 11041644913, Multiplicador: 21.59x
---
[10/11/2025, 12:01:33 p. m.] Spaceman 1: Multiplicador recibido - Game ID: 11041644913, Multiplicador: 21.68x
---
[10/11/2025, 12:01:33 p. m.] Spaceman 1: Multiplicador recibido - Game ID: 11041644913, Multiplicador: 21.77x
---
[10/11/2025, 12:01:33 p. m.] Spaceman 1: Multiplicador recibido - Game ID: 11041644913, Multiplicador: 21.87x
---
[10/11/2025, 12:01:33 p. m.] Spaceman 1: Multiplicador recibido - Game ID: 11041644913, Multiplicador: 21.97x
---
[10/11/2025, 12:01:33 p. m.] Spaceman 1: Multiplicador recibido - Game ID: 11041644913, Multiplicador: 22.06x
---
[10/11/2025, 12:01:33 p. m.] Spaceman 1: Multiplicador recibido - Game ID: 11041644913, Multiplicador: 22.16x
---
[10/11/2025, 12:01:34 p. m.] Spaceman 1: Multiplicador recibido - Game ID: 11041644913, Multiplicador: 22.25x
---
[10/11/2025, 12:01:34 p. m.] Spaceman 1: Multiplicador recibido - Game ID: 11041644913, Multiplicador: 22.35x
---
[10/11/2025, 12:01:34 p. m.] Spaceman 1: Multiplicador recibido - Game ID: 11041644913, Multiplicador: 22.45x
---
[10/11/2025, 12:01:34 p. m.] Spaceman 1: Multiplicador recibido - Game ID: 11041644913, Multiplicador: 22.54x
---
[10/11/2025, 12:01:34 p. m.] Spaceman 1: Multiplicador recibido - Game ID: 11041644913, Multiplicador: 22.63x
---
[10/11/2025, 12:01:34 p. m.] Spaceman 1: Multiplicador recibido - Game ID: 11041644913, Multiplicador: 22.72x
---
[10/11/2025, 12:01:34 p. m.] Spaceman 1: Multiplicador recibido - Game ID: 11041644913, Multiplicador: 22.82x
---
[10/11/2025, 12:01:34 p. m.] Spaceman 1: Multiplicador recibido - Game ID: 11041644913, Multiplicador: 22.92x
---
[10/11/2025, 12:01:34 p. m.] Spaceman 1: Multiplicador recibido - Game ID: 11041644913, Multiplicador: 23.01x
---
[10/11/2025, 12:01:34 p. m.] Spaceman 1: Multiplicador recibido - Game ID: 11041644913, Multiplicador: 23.1x
---
[10/11/2025, 12:01:34 p. m.] Spaceman 1: Multiplicador recibido - Game ID: 11041644913, Multiplicador: 23.21x
---
[10/11/2025, 12:01:34 p. m.] Spaceman 1: Multiplicador recibido - Game ID: 11041644913, Multiplicador: 23.3x
---
[10/11/2025, 12:01:34 p. m.] Spaceman 1: Multiplicador recibido - Game ID: 11041644913, Multiplicador: 23.41x
---
[10/11/2025, 12:01:34 p. m.] Spaceman 1: Multiplicador recibido - Game ID: 11041644913, Multiplicador: 23.51x
---
[10/11/2025, 12:01:34 p. m.] Spaceman 1: Multiplicador recibido - Game ID: 11041644913, Multiplicador: 23.61x
---
[10/11/2025, 12:01:34 p. m.] Spaceman 1: Multiplicador recibido - Game ID: 11041644913, Multiplicador: 23.7x
---
[10/11/2025, 12:01:34 p. m.] Spaceman 1: Multiplicador recibido - Game ID: 11041644913, Multiplicador: 23.8x
---
[10/11/2025, 12:01:34 p. m.] Spaceman 1: Multiplicador recibido - Game ID: 11041644913, Multiplicador: 23.9x
---
[10/11/2025, 12:01:34 p. m.] Spaceman 1: Multiplicador recibido - Game ID: 11041644913, Multiplicador: 24.01x
---
[10/11/2025, 12:01:35 p. m.] Spaceman 1: Multiplicador recibido - Game ID: 11041644913, Multiplicador: 24.11x
---
[10/11/2025, 12:01:35 p. m.] Spaceman 1: Multiplicador recibido - Game ID: 11041644913, Multiplicador: 24.23x
---
[10/11/2025, 12:01:35 p. m.] Spaceman 1: Multiplicador recibido - Game ID: 11041644913, Multiplicador: 24.32x
---
[10/11/2025, 12:01:35 p. m.] Spaceman 1: Multiplicador recibido - Game ID: 11041644913, Multiplicador: 24.41x
---
[10/11/2025, 12:01:35 p. m.] Spaceman 1: Multiplicador recibido - Game ID: 11041644913, Multiplicador: 24.52x
---
[10/11/2025, 12:01:35 p. m.] Spaceman 1: Multiplicador recibido - Game ID: 11041644913, Multiplicador: 24.61x
---
[10/11/2025, 12:01:35 p. m.] Spaceman 1: Multiplicador recibido - Game ID: 11041644913, Multiplicador: 24.72x
---
[10/11/2025, 12:01:35 p. m.] Spaceman 1: Multiplicador recibido - Game ID: 11041644913, Multiplicador: 24.81x
---
[10/11/2025, 12:01:35 p. m.] Spaceman 1: Multiplicador recibido - Game ID: 11041644913, Multiplicador: 24.92x
---
[10/11/2025, 12:01:35 p. m.] Spaceman 1: Multiplicador recibido - Game ID: 11041644913, Multiplicador: 25.02x
---
[10/11/2025, 12:01:35 p. m.] Spaceman 1: Multiplicador recibido - Game ID: 11041644913, Multiplicador: 25.14x
---
[10/11/2025, 12:01:35 p. m.] Spaceman 1: Multiplicador recibido - Game ID: 11041644913, Multiplicador: 25.25x
---
[10/11/2025, 12:01:35 p. m.] Spaceman 1: Multiplicador recibido - Game ID: 11041644913, Multiplicador: 25.36x
---
[10/11/2025, 12:01:35 p. m.] Spaceman 1: Multiplicador recibido - Game ID: 11041644913, Multiplicador: 25.46x
---
[10/11/2025, 12:01:35 p. m.] Spaceman 1: Multiplicador recibido - Game ID: 11041644913, Multiplicador: 25.57x
---
[10/11/2025, 12:01:35 p. m.] Spaceman 1: Multiplicador recibido - Game ID: 11041644913, Multiplicador: 25.69x
---
[10/11/2025, 12:01:35 p. m.] Spaceman 1: Multiplicador recibido - Game ID: 11041644913, Multiplicador: 25.8x
---
[10/11/2025, 12:01:35 p. m.] Spaceman 1: Multiplicador recibido - Game ID: 11041644913, Multiplicador: 25.91x
---
[10/11/2025, 12:01:35 p. m.] Spaceman 1: Multiplicador recibido - Game ID: 11041644913, Multiplicador: 26.02x
---
[10/11/2025, 12:01:35 p. m.] Spaceman 1: Multiplicador recibido - Game ID: 11041644913, Multiplicador: 26.12x
---
[10/11/2025, 12:01:36 p. m.] Spaceman 1: Multiplicador recibido - Game ID: 11041644913, Multiplicador: 26.24x
---
[10/11/2025, 12:01:36 p. m.] Spaceman 1: Multiplicador recibido - Game ID: 11041644913, Multiplicador: 26.35x
---
[10/11/2025, 12:01:36 p. m.] Spaceman 1: Multiplicador recibido - Game ID: 11041644913, Multiplicador: 26.47x
---
[10/11/2025, 12:01:36 p. m.] Spaceman 1: Multiplicador recibido - Game ID: 11041644913, Multiplicador: 26.57x
---
[10/11/2025, 12:01:36 p. m.] Spaceman 1: Multiplicador recibido - Game ID: 11041644913, Multiplicador: 26.68x
---
[10/11/2025, 12:01:36 p. m.] Spaceman 1: Multiplicador recibido - Game ID: 11041644913, Multiplicador: 26.8x
---
[10/11/2025, 12:01:36 p. m.] Spaceman 1: Multiplicador recibido - Game ID: 11041644913, Multiplicador: 26.92x
---
[10/11/2025, 12:01:36 p. m.] Spaceman 1: Multiplicador recibido - Game ID: 11041644913, Multiplicador: 27.04x
---
[10/11/2025, 12:01:36 p. m.] Spaceman 1: Multiplicador recibido - Game ID: 11041644913, Multiplicador: 27.16x
---
[10/11/2025, 12:01:36 p. m.] Spaceman 1: Multiplicador recibido - Game ID: 11041644913, Multiplicador: 27.28x
---
[10/11/2025, 12:01:36 p. m.] Spaceman 1: Multiplicador recibido - Game ID: 11041644913, Multiplicador: 27.39x
---
[10/11/2025, 12:01:36 p. m.] Spaceman 1: Multiplicador recibido - Game ID: 11041644913, Multiplicador: 27.5x
---
[10/11/2025, 12:01:36 p. m.] Spaceman 1: Multiplicador recibido - Game ID: 11041644913, Multiplicador: 27.62x
---
[10/11/2025, 12:01:36 p. m.] Spaceman 1: Multiplicador recibido - Game ID: 11041644913, Multiplicador: 27.72x
---
[10/11/2025, 12:01:36 p. m.] Spaceman 1: Multiplicador recibido - Game ID: 11041644913, Multiplicador: 27.84x
---
[10/11/2025, 12:01:36 p. m.] Spaceman 1: Multiplicador recibido - Game ID: 11041644913, Multiplicador: 27.94x
---
[10/11/2025, 12:01:36 p. m.] Spaceman 1: Multiplicador recibido - Game ID: 11041644913, Multiplicador: 28.06x
---
[10/11/2025, 12:01:36 p. m.] Spaceman 1: Multiplicador recibido - Game ID: 11041644913, Multiplicador: 28.19x
---
[10/11/2025, 12:01:36 p. m.] Spaceman 1: Multiplicador recibido - Game ID: 11041644913, Multiplicador: 28.31x
---
[10/11/2025, 12:01:37 p. m.] Spaceman 1: Multiplicador recibido - Game ID: 11041644913, Multiplicador: 28.41x
---
[10/11/2025, 12:01:37 p. m.] Spaceman 1: Multiplicador recibido - Game ID: 11041644913, Multiplicador: 28.54x
---
[10/11/2025, 12:01:37 p. m.] Spaceman 1: Multiplicador recibido - Game ID: 11041644913, Multiplicador: 28.66x
---
[10/11/2025, 12:01:37 p. m.] Spaceman 1: Multiplicador recibido - Game ID: 11041644913, Multiplicador: 28.78x
---
[10/11/2025, 12:01:37 p. m.] Spaceman 1: Multiplicador recibido - Game ID: 11041644913, Multiplicador: 28.91x
---
[10/11/2025, 12:01:37 p. m.] Spaceman 1: Multiplicador recibido - Game ID: 11041644913, Multiplicador: 29.03x
---
[10/11/2025, 12:01:37 p. m.] Spaceman 1: Multiplicador recibido - Game ID: 11041644913, Multiplicador: 29.15x
---
[10/11/2025, 12:01:37 p. m.] Spaceman 1: Multiplicador recibido - Game ID: 11041644913, Multiplicador: 29.28x
---
[10/11/2025, 12:01:37 p. m.] Spaceman 1: Multiplicador recibido - Game ID: 11041644913, Multiplicador: 29.4x
---
[10/11/2025, 12:01:37 p. m.] Spaceman 1: Multiplicador recibido - Game ID: 11041644913, Multiplicador: 29.52x
---
[10/11/2025, 12:01:37 p. m.] Spaceman 1: Multiplicador recibido - Game ID: 11041644913, Multiplicador: 29.65x
---
[10/11/2025, 12:01:37 p. m.] Spaceman 1: Multiplicador recibido - Game ID: 11041644913, Multiplicador: 29.77x
---
[10/11/2025, 12:01:37 p. m.] Spaceman 1: Multiplicador recibido - Game ID: 11041644913, Multiplicador: 29.89x
---
[10/11/2025, 12:01:37 p. m.] Spaceman 1: Multiplicador recibido - Game ID: 11041644913, Multiplicador: 30.02x
---
[10/11/2025, 12:01:37 p. m.] Spaceman 1: Multiplicador recibido - Game ID: 11041644913, Multiplicador: 30.15x
---
[10/11/2025, 12:01:37 p. m.] Spaceman 1: Multiplicador recibido - Game ID: 11041644913, Multiplicador: 30.28x
---
[10/11/2025, 12:01:37 p. m.] Spaceman 1: Multiplicador recibido - Game ID: 11041644913, Multiplicador: 30.39x
---
[10/11/2025, 12:01:37 p. m.] Spaceman 1: Multiplicador recibido - Game ID: 11041644913, Multiplicador: 30.53x
---
[10/11/2025, 12:01:37 p. m.] Spaceman 1: Multiplicador recibido - Game ID: 11041644913, Multiplicador: 30.66x
---
[10/11/2025, 12:01:37 p. m.] Spaceman 1: Multiplicador recibido - Game ID: 11041644913, Multiplicador: 30.78x
---
[10/11/2025, 12:01:38 p. m.] Spaceman 1: Multiplicador recibido - Game ID: 11041644913, Multiplicador: 30.92x
---
[10/11/2025, 12:01:38 p. m.] Spaceman 1: Multiplicador recibido - Game ID: 11041644913, Multiplicador: 31.05x
---
[10/11/2025, 12:01:38 p. m.] Spaceman 1: Multiplicador recibido - Game ID: 11041644913, Multiplicador: 31.18x
---
[10/11/2025, 12:01:38 p. m.] Spaceman 1: Multiplicador recibido - Game ID: 11041644913, Multiplicador: 31.32x
---
[10/11/2025, 12:01:38 p. m.] Spaceman 1: Multiplicador recibido - Game ID: 11041644913, Multiplicador: 31.44x
---
[10/11/2025, 12:01:38 p. m.] Spaceman 1: Multiplicador recibido - Game ID: 11041644913, Multiplicador: 31.58x
---
[10/11/2025, 12:01:38 p. m.] Spaceman 1: Multiplicador recibido - Game ID: 11041644913, Multiplicador: 31.71x
---
[10/11/2025, 12:01:38 p. m.] Spaceman 1: Multiplicador recibido - Game ID: 11041644913, Multiplicador: 31.85x
---
[10/11/2025, 12:01:38 p. m.] Spaceman 1: Multiplicador recibido - Game ID: 11041644913, Multiplicador: 31.99x
---
[10/11/2025, 12:01:38 p. m.] Spaceman 1: Multiplicador recibido - Game ID: 11041644913, Multiplicador: 32.13x
---
[10/11/2025, 12:01:38 p. m.] Spaceman 1: Multiplicador recibido - Game ID: 11041644913, Multiplicador: 32.27x
---
[10/11/2025, 12:01:38 p. m.] Spaceman 1: Multiplicador recibido - Game ID: 11041644913, Multiplicador: 32.4x
---
[10/11/2025, 12:01:38 p. m.] Spaceman 1: Multiplicador recibido - Game ID: 11041644913, Multiplicador: 32.54x
---
[10/11/2025, 12:01:38 p. m.] Spaceman 1: Multiplicador recibido - Game ID: 11041644913, Multiplicador: 32.69x
---
[10/11/2025, 12:01:38 p. m.] Spaceman 1: Multiplicador recibido - Game ID: 11041644913, Multiplicador: 32.82x
---
[10/11/2025, 12:01:38 p. m.] Spaceman 1: Multiplicador recibido - Game ID: 11041644913, Multiplicador: 32.95x
---
[10/11/2025, 12:01:38 p. m.] Spaceman 1: Multiplicador recibido - Game ID: 11041644913, Multiplicador: 33.1x
---
[10/11/2025, 12:01:38 p. m.] Spaceman 1: Multiplicador recibido - Game ID: 11041644913, Multiplicador: 33.23x
---
[10/11/2025, 12:01:38 p. m.] Spaceman 1: Multiplicador recibido - Game ID: 11041644913, Multiplicador: 33.36x
---
[10/11/2025, 12:01:38 p. m.] Spaceman 1: Multiplicador recibido - Game ID: 11041644913, Multiplicador: 33.52x
---
[10/11/2025, 12:01:39 p. m.] Spaceman 1: Multiplicador recibido - Game ID: 11041644913, Multiplicador: 33.65x
---
[10/11/2025, 12:01:39 p. m.] Spaceman 1: Multiplicador recibido - Game ID: 11041644913, Multiplicador: 33.77x
---
[10/11/2025, 12:01:39 p. m.] Spaceman 1: Multiplicador recibido - Game ID: 11041644913, Multiplicador: 33.9x
---
[10/11/2025, 12:01:39 p. m.] Spaceman 1: Multiplicador recibido - Game ID: 11041644913, Multiplicador: 34.06x
---
[10/11/2025, 12:01:39 p. m.] Spaceman 1: Multiplicador recibido - Game ID: 11041644913, Multiplicador: 34.21x
---
[10/11/2025, 12:01:39 p. m.] Spaceman 1: Multiplicador recibido - Game ID: 11041644913, Multiplicador: 34.35x
---
[10/11/2025, 12:01:39 p. m.] Spaceman 1: Multiplicador recibido - Game ID: 11041644913, Multiplicador: 34.49x
---
[10/11/2025, 12:01:39 p. m.] Spaceman 1: Multiplicador recibido - Game ID: 11041644913, Multiplicador: 34.65x
---
[10/11/2025, 12:01:39 p. m.] Spaceman 1: Multiplicador recibido - Game ID: 11041644913, Multiplicador: 34.79x
---
[10/11/2025, 12:01:39 p. m.] Spaceman 1: Multiplicador recibido - Game ID: 11041644913, Multiplicador: 34.95x
---
[10/11/2025, 12:01:39 p. m.] Spaceman 1: Multiplicador recibido - Game ID: 11041644913, Multiplicador: 35.08x
---
[10/11/2025, 12:01:39 p. m.] Spaceman 1: Multiplicador recibido - Game ID: 11041644913, Multiplicador: 35.24x
---
[10/11/2025, 12:01:39 p. m.] Spaceman 1: Multiplicador recibido - Game ID: 11041644913, Multiplicador: 35.39x
---
[10/11/2025, 12:01:39 p. m.] Spaceman 1: Multiplicador recibido - Game ID: 11041644913, Multiplicador: 35.53x
---
[10/11/2025, 12:01:39 p. m.] Spaceman 1: Multiplicador recibido - Game ID: 11041644913, Multiplicador: 35.67x
---
[10/11/2025, 12:01:39 p. m.] Spaceman 1: Multiplicador recibido - Game ID: 11041644913, Multiplicador: 35.82x
---
[10/11/2025, 12:01:39 p. m.] Spaceman 1: Multiplicador recibido - Game ID: 11041644913, Multiplicador: 35.96x
---
[10/11/2025, 12:01:39 p. m.] Spaceman 1: Multiplicador recibido - Game ID: 11041644913, Multiplicador: 36.12x
---
[10/11/2025, 12:01:39 p. m.] Spaceman 1: Multiplicador recibido - Game ID: 11041644913, Multiplicador: 36.29x
---
[10/11/2025, 12:01:39 p. m.] Spaceman 1: Multiplicador recibido - Game ID: 11041644913, Multiplicador: 36.45x
---
[10/11/2025, 12:01:40 p. m.] Spaceman 1: Multiplicador recibido - Game ID: 11041644913, Multiplicador: 36.6x
---
[10/11/2025, 12:01:40 p. m.] Spaceman 1: Ping enviado: 1762794100058
---
[10/11/2025, 12:01:40 p. m.] Spaceman 1: Multiplicador recibido - Game ID: 11041644913, Multiplicador: 36.77x
---
[10/11/2025, 12:01:40 p. m.] Spaceman 1: Multiplicador recibido - Game ID: 11041644913, Multiplicador: 36.92x
---
[10/11/2025, 12:01:40 p. m.] Spaceman 1: Multiplicador recibido - Game ID: 11041644913, Multiplicador: 37.08x
---
[10/11/2025, 12:01:40 p. m.] Spaceman 1: Multiplicador recibido - Game ID: 11041644913, Multiplicador: 37.25x
---
[10/11/2025, 12:01:40 p. m.] Spaceman 1: Multiplicador recibido - Game ID: 11041644913, Multiplicador: 37.41x
---
[10/11/2025, 12:01:40 p. m.] Spaceman 1: Multiplicador recibido - Game ID: 11041644913, Multiplicador: 37.56x
---
[10/11/2025, 12:01:40 p. m.] Spaceman 1: Multiplicador recibido - Game ID: 11041644913, Multiplicador: 37.73x
---
[10/11/2025, 12:01:40 p. m.] Spaceman 1: Multiplicador recibido - Game ID: 11041644913, Multiplicador: 37.87x
---
[10/11/2025, 12:01:40 p. m.] Spaceman 1: Multiplicador recibido - Game ID: 11041644913, Multiplicador: 38.05x
---
[10/11/2025, 12:01:40 p. m.] Spaceman 1: Multiplicador recibido - Game ID: 11041644913, Multiplicador: 38.2x
---
[10/11/2025, 12:01:40 p. m.] Spaceman 1: Multiplicador recibido - Game ID: 11041644913, Multiplicador: 38.35x
---
[10/11/2025, 12:01:40 p. m.] Spaceman 1: Multiplicador recibido - Game ID: 11041644913, Multiplicador: 38.51x
---
[10/11/2025, 12:01:40 p. m.] Spaceman 1: Multiplicador recibido - Game ID: 11041644913, Multiplicador: 38.68x
---
[10/11/2025, 12:01:40 p. m.] Spaceman 1: Multiplicador recibido - Game ID: 11041644913, Multiplicador: 38.86x
---
[10/11/2025, 12:01:40 p. m.] Spaceman 1: Multiplicador recibido - Game ID: 11041644913, Multiplicador: 39.03x
---
[10/11/2025, 12:01:40 p. m.] Spaceman 1: Multiplicador recibido - Game ID: 11041644913, Multiplicador: 39.19x
---
[10/11/2025, 12:01:40 p. m.] Spaceman 1: Multiplicador recibido - Game ID: 11041644913, Multiplicador: 39.35x
---
[10/11/2025, 12:01:40 p. m.] Spaceman 1: Multiplicador recibido - Game ID: 11041644913, Multiplicador: 39.51x
---
[10/11/2025, 12:01:41 p. m.] Spaceman 1: Multiplicador recibido - Game ID: 11041644913, Multiplicador: 39.67x
---
[10/11/2025, 12:01:41 p. m.] Spaceman 1: Multiplicador recibido - Game ID: 11041644913, Multiplicador: 39.83x
---
[10/11/2025, 12:01:41 p. m.] Spaceman 1: Multiplicador recibido - Game ID: 11041644913, Multiplicador: 40.01x
---
[10/11/2025, 12:01:41 p. m.] Spaceman 1: Multiplicador recibido - Game ID: 11041644913, Multiplicador: 40.18x
---
[10/11/2025, 12:01:41 p. m.] Spaceman 1: Multiplicador recibido - Game ID: 11041644913, Multiplicador: 40.35x
---
[10/11/2025, 12:01:41 p. m.] Spaceman 1: Multiplicador recibido - Game ID: 11041644913, Multiplicador: 40.52x
---
[10/11/2025, 12:01:41 p. m.] Spaceman 1: Multiplicador recibido - Game ID: 11041644913, Multiplicador: 40.71x
---
[10/11/2025, 12:01:41 p. m.] Spaceman 1: Multiplicador recibido - Game ID: 11041644913, Multiplicador: 40.93x
---
[10/11/2025, 12:01:41 p. m.] Spaceman 1: Multiplicador recibido - Game ID: 11041644913, Multiplicador: 41.09x
---
[10/11/2025, 12:01:41 p. m.] Spaceman 1: Multiplicador recibido - Game ID: 11041644913, Multiplicador: 41.25x
---
[10/11/2025, 12:01:41 p. m.] Spaceman 1: Multiplicador recibido - Game ID: 11041644913, Multiplicador: 41.42x
---
[10/11/2025, 12:01:41 p. m.] Spaceman 1: Multiplicador recibido - Game ID: 11041644913, Multiplicador: 41.59x
---
[10/11/2025, 12:01:41 p. m.] Spaceman 1: Multiplicador recibido - Game ID: 11041644913, Multiplicador: 41.76x
---
[10/11/2025, 12:01:41 p. m.] Spaceman 1: Multiplicador recibido - Game ID: 11041644913, Multiplicador: 41.93x
---
[10/11/2025, 12:01:41 p. m.] Spaceman 1: Multiplicador recibido - Game ID: 11041644913, Multiplicador: 42.1x
---
[10/11/2025, 12:01:41 p. m.] Spaceman 1: Multiplicador recibido - Game ID: 11041644913, Multiplicador: 42.29x
---
[10/11/2025, 12:01:41 p. m.] Spaceman 1: Multiplicador recibido - Game ID: 11041644913, Multiplicador: 42.49x
---
[10/11/2025, 12:01:41 p. m.] Spaceman 1: Multiplicador recibido - Game ID: 11041644913, Multiplicador: 42.68x
---
[10/11/2025, 12:01:41 p. m.] Spaceman 1: Multiplicador recibido - Game ID: 11041644913, Multiplicador: 42.85x
---
[10/11/2025, 12:01:41 p. m.] Spaceman 1: Multiplicador recibido - Game ID: 11041644913, Multiplicador: 43.01x
---
[10/11/2025, 12:01:42 p. m.] Spaceman 1: Multiplicador recibido - Game ID: 11041644913, Multiplicador: 43.18x
---
[10/11/2025, 12:01:42 p. m.] Spaceman 1: Multiplicador recibido - Game ID: 11041644913, Multiplicador: 43.35x
---
[10/11/2025, 12:01:42 p. m.] Spaceman 1: Multiplicador recibido - Game ID: 11041644913, Multiplicador: 43.51x
---
[10/11/2025, 12:01:42 p. m.] Spaceman 1: Multiplicador recibido - Game ID: 11041644913, Multiplicador: 43.72x
---
[10/11/2025, 12:01:42 p. m.] Spaceman 1: Multiplicador recibido - Game ID: 11041644913, Multiplicador: 43.89x
---
[10/11/2025, 12:01:42 p. m.] Spaceman 1: Multiplicador recibido - Game ID: 11041644913, Multiplicador: 44.06x
---
[10/11/2025, 12:01:42 p. m.] Spaceman 1: Multiplicador recibido - Game ID: 11041644913, Multiplicador: 44.26x
---
[10/11/2025, 12:01:42 p. m.] Spaceman 1: Multiplicador recibido - Game ID: 11041644913, Multiplicador: 44.46x
---
[10/11/2025, 12:01:42 p. m.] Spaceman 1: Multiplicador recibido - Game ID: 11041644913, Multiplicador: 44.66x
---
[10/11/2025, 12:01:42 p. m.] Spaceman 1: Multiplicador recibido - Game ID: 11041644913, Multiplicador: 44.84x
---
[10/11/2025, 12:01:42 p. m.] Spaceman 1: Multiplicador recibido - Game ID: 11041644913, Multiplicador: 45.02x
---
[10/11/2025, 12:01:42 p. m.] Spaceman 1: Multiplicador recibido - Game ID: 11041644913, Multiplicador: 45.22x
---
[10/11/2025, 12:01:42 p. m.] Spaceman 1: Multiplicador recibido - Game ID: 11041644913, Multiplicador: 45.42x
---
[10/11/2025, 12:01:42 p. m.] Spaceman 1: Multiplicador recibido - Game ID: 11041644913, Multiplicador: 45.61x
---
[10/11/2025, 12:01:42 p. m.] Spaceman 1: Multiplicador recibido - Game ID: 11041644913, Multiplicador: 45.81x
---
[10/11/2025, 12:01:42 p. m.] Spaceman 1: Multiplicador recibido - Game ID: 11041644913, Multiplicador: 46.01x
---
[10/11/2025, 12:01:42 p. m.] Spaceman 1: Multiplicador recibido - Game ID: 11041644913, Multiplicador: 46.21x
---
[10/11/2025, 12:01:42 p. m.] Spaceman 1: Multiplicador recibido - Game ID: 11041644913, Multiplicador: 46.4x
---
[10/11/2025, 12:01:42 p. m.] Spaceman 1: Multiplicador recibido - Game ID: 11041644913, Multiplicador: 46.59x
---
[10/11/2025, 12:01:43 p. m.] Spaceman 1: Multiplicador recibido - Game ID: 11041644913, Multiplicador: 46.81x
---
[10/11/2025, 12:01:43 p. m.] Spaceman 1: Multiplicador recibido - Game ID: 11041644913, Multiplicador: 47.03x
---
[10/11/2025, 12:01:43 p. m.] Spaceman 1: Multiplicador recibido - Game ID: 11041644913, Multiplicador: 47.21x
---
[10/11/2025, 12:01:43 p. m.] Spaceman 1: Multiplicador recibido - Game ID: 11041644913, Multiplicador: 47.43x
---
[10/11/2025, 12:01:43 p. m.] Spaceman 1: Multiplicador recibido - Game ID: 11041644913, Multiplicador: 47.64x
---
[10/11/2025, 12:01:43 p. m.] Spaceman 1: Multiplicador recibido - Game ID: 11041644913, Multiplicador: 47.86x
---
[10/11/2025, 12:01:43 p. m.] Spaceman 1: Multiplicador recibido - Game ID: 11041644913, Multiplicador: 48.06x
---
[10/11/2025, 12:01:43 p. m.] Spaceman 1: Multiplicador recibido - Game ID: 11041644913, Multiplicador: 48.27x
---
[10/11/2025, 12:01:43 p. m.] Spaceman 1: Multiplicador recibido - Game ID: 11041644913, Multiplicador: 48.49x
---
[10/11/2025, 12:01:43 p. m.] Spaceman 1: Multiplicador recibido - Game ID: 11041644913, Multiplicador: 48.69x
---
[10/11/2025, 12:01:43 p. m.] Spaceman 1: Multiplicador recibido - Game ID: 11041644913, Multiplicador: 48.89x
---
[10/11/2025, 12:01:43 p. m.] Spaceman 1: Multiplicador recibido - Game ID: 11041644913, Multiplicador: 49.09x
---
[10/11/2025, 12:01:43 p. m.] Spaceman 1: Multiplicador recibido - Game ID: 11041644913, Multiplicador: 49.3x
---
[10/11/2025, 12:01:43 p. m.] Spaceman 1: Multiplicador recibido - Game ID: 11041644913, Multiplicador: 49.5x
---
[10/11/2025, 12:01:43 p. m.] Spaceman 1: Multiplicador recibido - Game ID: 11041644913, Multiplicador: 49.71x
---
[10/11/2025, 12:01:43 p. m.] Spaceman 1: Multiplicador recibido - Game ID: 11041644913, Multiplicador: 49.92x
---
[10/11/2025, 12:01:43 p. m.] Spaceman 1: Multiplicador recibido - Game ID: 11041644913, Multiplicador: 50.13x
---
[10/11/2025, 12:01:43 p. m.] Spaceman 1: Multiplicador recibido - Game ID: 11041644913, Multiplicador: 50.35x
---
[10/11/2025, 12:01:43 p. m.] Spaceman 1: Multiplicador recibido - Game ID: 11041644913, Multiplicador: 50.55x
---
[10/11/2025, 12:01:44 p. m.] Spaceman 1: Multiplicador recibido - Game ID: 11041644913, Multiplicador: 50.79x
---
[10/11/2025, 12:01:44 p. m.] Spaceman 1: Multiplicador recibido - Game ID: 11041644913, Multiplicador: 50.99x
---
[10/11/2025, 12:01:44 p. m.] Spaceman 1: Multiplicador recibido - Game ID: 11041644913, Multiplicador: 51.21x
---
[10/11/2025, 12:01:44 p. m.] Spaceman 1: Multiplicador recibido - Game ID: 11041644913, Multiplicador: 51.43x
---
[10/11/2025, 12:01:44 p. m.] Spaceman 1: Multiplicador recibido - Game ID: 11041644913, Multiplicador: 51.72x
---
[10/11/2025, 12:01:44 p. m.] Spaceman 1: Multiplicador recibido - Game ID: 11041644913, Multiplicador: 51.92x
---
[10/11/2025, 12:01:44 p. m.] Spaceman 1: Multiplicador recibido - Game ID: 11041644913, Multiplicador: 52.13x
---
[10/11/2025, 12:01:44 p. m.] Spaceman 1: Multiplicador recibido - Game ID: 11041644913, Multiplicador: 52.34x
---
[10/11/2025, 12:01:44 p. m.] Spaceman 1: Multiplicador recibido - Game ID: 11041644913, Multiplicador: 52.56x
---
[10/11/2025, 12:01:44 p. m.] Spaceman 1: Multiplicador recibido - Game ID: 11041644913, Multiplicador: 52.78x
---
[10/11/2025, 12:01:44 p. m.] Spaceman 1: Multiplicador recibido - Game ID: 11041644913, Multiplicador: 52.98x
---
[10/11/2025, 12:01:44 p. m.] Spaceman 1: Multiplicador recibido - Game ID: 11041644913, Multiplicador: 53.2x
---
[10/11/2025, 12:01:44 p. m.] Spaceman 1: Multiplicador recibido - Game ID: 11041644913, Multiplicador: 53.4x
---
[10/11/2025, 12:01:44 p. m.] Spaceman 1: Multiplicador recibido - Game ID: 11041644913, Multiplicador: 53.64x
---
[10/11/2025, 12:01:44 p. m.] Spaceman 1: Multiplicador recibido - Game ID: 11041644913, Multiplicador: 53.88x
---
[10/11/2025, 12:01:44 p. m.] Spaceman 1: Multiplicador recibido - Game ID: 11041644913, Multiplicador: 54.09x
---
[10/11/2025, 12:01:44 p. m.] Spaceman 1: Multiplicador recibido - Game ID: 11041644913, Multiplicador: 54.3x
---
[10/11/2025, 12:01:44 p. m.] Spaceman 1: Multiplicador recibido - Game ID: 11041644913, Multiplicador: 54.54x
---
[10/11/2025, 12:01:44 p. m.] Spaceman 1: Multiplicador recibido - Game ID: 11041644913, Multiplicador: 54.79x
---
[10/11/2025, 12:01:44 p. m.] Spaceman 1: Multiplicador recibido - Game ID: 11041644913, Multiplicador: 55.02x
---
[10/11/2025, 12:01:45 p. m.] Spaceman 1: Multiplicador recibido - Game ID: 11041644913, Multiplicador: 55.26x
---
[10/11/2025, 12:01:45 p. m.] Spaceman 1: Multiplicador recibido - Game ID: 11041644913, Multiplicador: 55.49x
---
[10/11/2025, 12:01:45 p. m.] Spaceman 1: Multiplicador recibido - Game ID: 11041644913, Multiplicador: 55.72x
---
[10/11/2025, 12:01:45 p. m.] Spaceman 1: Multiplicador recibido - Game ID: 11041644913, Multiplicador: 55.94x
---
[10/11/2025, 12:01:45 p. m.] Spaceman 1: Multiplicador recibido - Game ID: 11041644913, Multiplicador: 56.19x
---
[10/11/2025, 12:01:45 p. m.] Spaceman 1: Multiplicador recibido - Game ID: 11041644913, Multiplicador: 56.42x
---
[10/11/2025, 12:01:45 p. m.] Spaceman 1: Multiplicador recibido - Game ID: 11041644913, Multiplicador: 56.64x
---
[10/11/2025, 12:01:45 p. m.] Spaceman 1: Multiplicador recibido - Game ID: 11041644913, Multiplicador: 56.86x
---
[10/11/2025, 12:01:45 p. m.] Spaceman 1: Multiplicador recibido - Game ID: 11041644913, Multiplicador: 57.1x
---
[10/11/2025, 12:01:45 p. m.] Spaceman 1: Multiplicador recibido - Game ID: 11041644913, Multiplicador: 57.36x
---
[10/11/2025, 12:01:45 p. m.] Spaceman 1: Multiplicador recibido - Game ID: 11041644913, Multiplicador: 57.59x
---
[10/11/2025, 12:01:45 p. m.] Spaceman 1: Multiplicador recibido - Game ID: 11041644913, Multiplicador: 57.84x
---
[10/11/2025, 12:01:45 p. m.] Spaceman 1: Multiplicador recibido - Game ID: 11041644913, Multiplicador: 58.1x
---
[10/11/2025, 12:01:45 p. m.] Spaceman 1: Multiplicador recibido - Game ID: 11041644913, Multiplicador: 58.35x
---
[10/11/2025, 12:01:45 p. m.] Spaceman 1: Multiplicador recibido - Game ID: 11041644913, Multiplicador: 58.6x
---
[10/11/2025, 12:01:45 p. m.] Spaceman 1: Multiplicador recibido - Game ID: 11041644913, Multiplicador: 58.83x
---
[10/11/2025, 12:01:45 p. m.] Spaceman 1: Multiplicador recibido - Game ID: 11041644913, Multiplicador: 59.1x
---
[10/11/2025, 12:01:45 p. m.] Spaceman 1: Multiplicador recibido - Game ID: 11041644913, Multiplicador: 59.36x
---
[10/11/2025, 12:01:45 p. m.] Spaceman 1: Multiplicador recibido - Game ID: 11041644913, Multiplicador: 59.6x
---
[10/11/2025, 12:01:45 p. m.] Spaceman 1: Multiplicador recibido - Game ID: 11041644913, Multiplicador: 59.86x
---
[10/11/2025, 12:01:46 p. m.] Spaceman 1: Multiplicador recibido - Game ID: 11041644913, Multiplicador: 60.11x
---
[10/11/2025, 12:01:46 p. m.] Spaceman 1: Multiplicador recibido - Game ID: 11041644913, Multiplicador: 60.36x
---
[10/11/2025, 12:01:46 p. m.] Spaceman 1: Multiplicador recibido - Game ID: 11041644913, Multiplicador: 60.64x
---
[10/11/2025, 12:01:46 p. m.] Spaceman 1: Multiplicador recibido - Game ID: 11041644913, Multiplicador: 60.9x
---
[10/11/2025, 12:01:46 p. m.] Spaceman 1: Multiplicador recibido - Game ID: 11041644913, Multiplicador: 61.17x
---
[10/11/2025, 12:01:46 p. m.] Spaceman 1: Multiplicador recibido - Game ID: 11041644913, Multiplicador: 61.42x
---
[10/11/2025, 12:01:46 p. m.] Spaceman 1: Multiplicador recibido - Game ID: 11041644913, Multiplicador: 61.68x
---
[10/11/2025, 12:01:46 p. m.] Spaceman 1: Multiplicador recibido - Game ID: 11041644913, Multiplicador: 61.97x
---
[10/11/2025, 12:01:46 p. m.] Spaceman 1: Multiplicador recibido - Game ID: 11041644913, Multiplicador: 62.24x
---
[10/11/2025, 12:01:46 p. m.] Spaceman 1: Multiplicador recibido - Game ID: 11041644913, Multiplicador: 62.53x
---
[10/11/2025, 12:01:46 p. m.] Spaceman 1: Multiplicador recibido - Game ID: 11041644913, Multiplicador: 62.82x
---
[10/11/2025, 12:01:46 p. m.] Spaceman 1: Multiplicador recibido - Game ID: 11041644913, Multiplicador: 63.08x
---
[10/11/2025, 12:01:46 p. m.] Spaceman 1: Multiplicador recibido - Game ID: 11041644913, Multiplicador: 63.35x
---
[10/11/2025, 12:01:46 p. m.] Spaceman 1: Multiplicador recibido - Game ID: 11041644913, Multiplicador: 63.63x
---
[10/11/2025, 12:01:46 p. m.] Spaceman 1: Multiplicador recibido - Game ID: 11041644913, Multiplicador: 63.92x
---
[10/11/2025, 12:01:46 p. m.] Spaceman 1: Multiplicador recibido - Game ID: 11041644913, Multiplicador: 64.17x
---
[10/11/2025, 12:01:46 p. m.] Spaceman 1: Multiplicador recibido - Game ID: 11041644913, Multiplicador: 64.46x
---
[10/11/2025, 12:01:46 p. m.] Spaceman 1: Multiplicador recibido - Game ID: 11041644913, Multiplicador: 64.72x
---
[10/11/2025, 12:01:46 p. m.] Spaceman 1: Multiplicador recibido - Game ID: 11041644913, Multiplicador: 65.01x
---
[10/11/2025, 12:01:47 p. m.] Spaceman 1: Multiplicador recibido - Game ID: 11041644913, Multiplicador: 65.31x
---
[10/11/2025, 12:01:47 p. m.] Spaceman 1: Multiplicador recibido - Game ID: 11041644913, Multiplicador: 65.6x
---
[10/11/2025, 12:01:47 p. m.] Spaceman 1: Multiplicador recibido - Game ID: 11041644913, Multiplicador: 65.88x
---
[10/11/2025, 12:01:47 p. m.] Spaceman 1: Multiplicador recibido - Game ID: 11041644913, Multiplicador: 66.16x
---
[10/11/2025, 12:01:47 p. m.] Spaceman 1: Multiplicador recibido - Game ID: 11041644913, Multiplicador: 66.44x
---
[10/11/2025, 12:01:47 p. m.] Spaceman 1: Multiplicador recibido - Game ID: 11041644913, Multiplicador: 66.69x
---
[10/11/2025, 12:01:47 p. m.] Spaceman 1: Multiplicador recibido - Game ID: 11041644913, Multiplicador: 66.95x
---
[10/11/2025, 12:01:47 p. m.] Spaceman 1: Multiplicador recibido - Game ID: 11041644913, Multiplicador: 67.22x
---
[10/11/2025, 12:01:47 p. m.] Spaceman 1: Multiplicador recibido - Game ID: 11041644913, Multiplicador: 67.51x
---
[10/11/2025, 12:01:47 p. m.] Spaceman 1: Multiplicador recibido - Game ID: 11041644913, Multiplicador: 67.8x
---
[10/11/2025, 12:01:47 p. m.] Spaceman 1: Multiplicador recibido - Game ID: 11041644913, Multiplicador: 68.09x
---
[10/11/2025, 12:01:47 p. m.] Spaceman 1: Multiplicador recibido - Game ID: 11041644913, Multiplicador: 68.36x
---
[10/11/2025, 12:01:47 p. m.] Spaceman 1: Multiplicador recibido - Game ID: 11041644913, Multiplicador: 68.62x
---
[10/11/2025, 12:01:47 p. m.] Spaceman 1: Multiplicador recibido - Game ID: 11041644913, Multiplicador: 68.92x
---
[10/11/2025, 12:01:47 p. m.] Spaceman 1: Multiplicador recibido - Game ID: 11041644913, Multiplicador: 69.19x
---
[10/11/2025, 12:01:47 p. m.] Spaceman 1: Multiplicador recibido - Game ID: 11041644913, Multiplicador: 69.71x
---
[10/11/2025, 12:01:47 p. m.] Spaceman 1: Multiplicador recibido - Game ID: 11041644913, Multiplicador: 70.01x
---
[10/11/2025, 12:01:47 p. m.] Spaceman 1: Multiplicador recibido - Game ID: 11041644913, Multiplicador: 70.32x
---
[10/11/2025, 12:01:47 p. m.] Spaceman 1: Multiplicador recibido - Game ID: 11041644913, Multiplicador: 70.63x
---
[10/11/2025, 12:01:48 p. m.] Spaceman 1: Multiplicador recibido - Game ID: 11041644913, Multiplicador: 70.9x
---
[10/11/2025, 12:01:48 p. m.] Spaceman 1: Multiplicador recibido - Game ID: 11041644913, Multiplicador: 71.19x
---
[10/11/2025, 12:01:48 p. m.] Spaceman 1: Multiplicador recibido - Game ID: 11041644913, Multiplicador: 71.51x
---
[10/11/2025, 12:01:48 p. m.] Spaceman 1: Multiplicador recibido - Game ID: 11041644913, Multiplicador: 71.79x
---
[10/11/2025, 12:01:48 p. m.] Spaceman 1: Multiplicador recibido - Game ID: 11041644913, Multiplicador: 72.1x
---
[10/11/2025, 12:01:48 p. m.] Spaceman 1: Multiplicador recibido - Game ID: 11041644913, Multiplicador: 72.43x
---
[10/11/2025, 12:01:48 p. m.] Spaceman 1: Multiplicador recibido - Game ID: 11041644913, Multiplicador: 72.73x
---
[10/11/2025, 12:01:48 p. m.] Spaceman 1: Multiplicador recibido - Game ID: 11041644913, Multiplicador: 73.12x
---
[10/11/2025, 12:01:48 p. m.] Spaceman 1: Multiplicador recibido - Game ID: 11041644913, Multiplicador: 73.43x
---
[10/11/2025, 12:01:48 p. m.] Spaceman 1: Multiplicador recibido - Game ID: 11041644913, Multiplicador: 73.72x
---
[10/11/2025, 12:01:48 p. m.] Spaceman 1: Multiplicador recibido - Game ID: 11041644913, Multiplicador: 74.03x
---
[10/11/2025, 12:01:48 p. m.] Spaceman 1: Multiplicador recibido - Game ID: 11041644913, Multiplicador: 74.35x
---
[10/11/2025, 12:01:48 p. m.] Spaceman 1: Multiplicador recibido - Game ID: 11041644913, Multiplicador: 74.7x
---
[10/11/2025, 12:01:48 p. m.] Spaceman 1: Multiplicador recibido - Game ID: 11041644913, Multiplicador: 75.05x
---
[10/11/2025, 12:01:48 p. m.] Spaceman 1: Multiplicador recibido - Game ID: 11041644913, Multiplicador: 75.36x
---
[10/11/2025, 12:01:48 p. m.] Spaceman 1: Multiplicador recibido - Game ID: 11041644913, Multiplicador: 75.7x
---
[10/11/2025, 12:01:48 p. m.] Spaceman 1: Multiplicador recibido - Game ID: 11041644913, Multiplicador: 76.05x
---
[10/11/2025, 12:01:48 p. m.] Spaceman 1: Multiplicador recibido - Game ID: 11041644913, Multiplicador: 76.36x
---
[10/11/2025, 12:01:48 p. m.] Spaceman 1: Multiplicador recibido - Game ID: 11041644913, Multiplicador: 76.7x
---
[10/11/2025, 12:01:49 p. m.] Spaceman 1: Multiplicador recibido - Game ID: 11041644913, Multiplicador: 77.03x
---
[10/11/2025, 12:01:49 p. m.] Spaceman 1: Multiplicador recibido - Game ID: 11041644913, Multiplicador: 77.33x
---
[10/11/2025, 12:01:49 p. m.] Spaceman 1: Multiplicador recibido - Game ID: 11041644913, Multiplicador: 77.98x
---
[10/11/2025, 12:01:49 p. m.] Spaceman 1: Multiplicador recibido - Game ID: 11041644913, Multiplicador: 78.34x
---
[10/11/2025, 12:01:49 p. m.] Spaceman 1: Multiplicador recibido - Game ID: 11041644913, Multiplicador: 78.66x
---
[10/11/2025, 12:01:49 p. m.] Spaceman 1: Multiplicador recibido - Game ID: 11041644913, Multiplicador: 79.01x
---
[10/11/2025, 12:01:49 p. m.] Spaceman 1: Multiplicador recibido - Game ID: 11041644913, Multiplicador: 79.34x
---
[10/11/2025, 12:01:49 p. m.] Spaceman 1: Multiplicador recibido - Game ID: 11041644913, Multiplicador: 79.67x
---
[10/11/2025, 12:01:49 p. m.] Spaceman 1: Multiplicador recibido - Game ID: 11041644913, Multiplicador: 79.99x
---
[10/11/2025, 12:01:49 p. m.] Spaceman 1: Multiplicador recibido - Game ID: 11041644913, Multiplicador: 80.32x
---
[10/11/2025, 12:01:49 p. m.] Spaceman 1: Multiplicador recibido - Game ID: 11041644913, Multiplicador: 80.66x
---
[10/11/2025, 12:01:49 p. m.] Spaceman 1: Multiplicador recibido - Game ID: 11041644913, Multiplicador: 81.01x
---
[10/11/2025, 12:01:49 p. m.] Spaceman 1: Multiplicador recibido - Game ID: 11041644913, Multiplicador: 81.32x
---
[10/11/2025, 12:01:49 p. m.] Spaceman 1: Multiplicador recibido - Game ID: 11041644913, Multiplicador: 81.69x
---
[10/11/2025, 12:01:49 p. m.] Spaceman 1: Multiplicador recibido - Game ID: 11041644913, Multiplicador: 82.26x
---
[10/11/2025, 12:01:49 p. m.] Spaceman 1: Multiplicador recibido - Game ID: 11041644913, Multiplicador: 82.62x
---
[10/11/2025, 12:01:49 p. m.] Spaceman 1: Multiplicador recibido - Game ID: 11041644913, Multiplicador: 82.96x
---
[10/11/2025, 12:01:49 p. m.] Spaceman 1: Multiplicador recibido - Game ID: 11041644913, Multiplicador: 83.3x
---
[10/11/2025, 12:01:49 p. m.] Spaceman 1: Multiplicador recibido - Game ID: 11041644913, Multiplicador: 83.61x
---
[10/11/2025, 12:01:50 p. m.] Spaceman 1: Multiplicador recibido - Game ID: 11041644913, Multiplicador: 83.98x
---
[10/11/2025, 12:01:50 p. m.] Spaceman 1: Ping enviado: 1762794110067
---
[10/11/2025, 12:01:50 p. m.] Spaceman 1: Multiplicador recibido - Game ID: 11041644913, Multiplicador: 84.35x
---
[10/11/2025, 12:01:50 p. m.] Spaceman 1: Multiplicador recibido - Game ID: 11041644913, Multiplicador: 84.7x
---
[10/11/2025, 12:01:50 p. m.] Spaceman 1: Multiplicador recibido - Game ID: 11041644913, Multiplicador: 85.05x
---
[10/11/2025, 12:01:50 p. m.] Spaceman 1: Multiplicador recibido - Game ID: 11041644913, Multiplicador: 85.4x
---
[10/11/2025, 12:01:50 p. m.] Spaceman 1: Multiplicador recibido - Game ID: 11041644913, Multiplicador: 85.79x
---
[10/11/2025, 12:01:50 p. m.] Spaceman 1: Multiplicador recibido - Game ID: 11041644913, Multiplicador: 86.19x
---
[10/11/2025, 12:01:50 p. m.] Spaceman 1: Multiplicador recibido - Game ID: 11041644913, Multiplicador: 86.58x
---
[10/11/2025, 12:01:50 p. m.] Spaceman 1: Multiplicador recibido - Game ID: 11041644913, Multiplicador: 86.92x
---
[10/11/2025, 12:01:50 p. m.] Spaceman 1: Multiplicador recibido - Game ID: 11041644913, Multiplicador: 87.26x
---
[10/11/2025, 12:01:50 p. m.] Spaceman 1: Multiplicador recibido - Game ID: 11041644913, Multiplicador: 87.75x
---
[10/11/2025, 12:01:50 p. m.] Spaceman 1: Multiplicador recibido - Game ID: 11041644913, Multiplicador: 88.09x
---
[10/11/2025, 12:01:50 p. m.] Spaceman 1: Multiplicador recibido - Game ID: 11041644913, Multiplicador: 88.45x
---
[10/11/2025, 12:01:50 p. m.] Spaceman 1: Multiplicador recibido - Game ID: 11041644913, Multiplicador: 88.85x
---
[10/11/2025, 12:01:50 p. m.] Spaceman 1: Multiplicador recibido - Game ID: 11041644913, Multiplicador: 89.21x
---
[10/11/2025, 12:01:50 p. m.] Spaceman 1: Multiplicador recibido - Game ID: 11041644913, Multiplicador: 89.63x
---
[10/11/2025, 12:01:50 p. m.] Spaceman 1: Multiplicador recibido - Game ID: 11041644913, Multiplicador: 89.97x
---
[10/11/2025, 12:01:50 p. m.] Spaceman 1: Multiplicador recibido - Game ID: 11041644913, Multiplicador: 90.31x
---
[10/11/2025, 12:01:50 p. m.] Spaceman 1: Multiplicador recibido - Game ID: 11041644913, Multiplicador: 90.71x
---
[10/11/2025, 12:01:51 p. m.] Spaceman 1: Multiplicador recibido - Game ID: 11041644913, Multiplicador: 91.12x
---
[10/11/2025, 12:01:51 p. m.] Spaceman 1: Multiplicador recibido - Game ID: 11041644913, Multiplicador: 91.49x
---
[10/11/2025, 12:01:51 p. m.] Spaceman 1: Multiplicador recibido - Game ID: 11041644913, Multiplicador: 91.87x
---
[10/11/2025, 12:01:51 p. m.] Spaceman 1: Multiplicador recibido - Game ID: 11041644913, Multiplicador: 92.22x
---
[10/11/2025, 12:01:51 p. m.] Spaceman 1: Multiplicador recibido - Game ID: 11041644913, Multiplicador: 92.58x
---
[10/11/2025, 12:01:51 p. m.] Spaceman 1: Multiplicador recibido - Game ID: 11041644913, Multiplicador: 93.01x
---
[10/11/2025, 12:01:51 p. m.] Spaceman 1: Multiplicador recibido - Game ID: 11041644913, Multiplicador: 93.65x
---
[10/11/2025, 12:01:51 p. m.] Spaceman 1: Multiplicador recibido - Game ID: 11041644913, Multiplicador: 94.02x
---
[10/11/2025, 12:01:51 p. m.] Spaceman 1: Multiplicador recibido - Game ID: 11041644913, Multiplicador: 94.42x
---
[10/11/2025, 12:01:51 p. m.] Spaceman 1: Multiplicador recibido - Game ID: 11041644913, Multiplicador: 94.8x
---
[10/11/2025, 12:01:51 p. m.] Spaceman 1: Multiplicador recibido - Game ID: 11041644913, Multiplicador: 95.21x
---
[10/11/2025, 12:01:51 p. m.] Spaceman 1: Multiplicador recibido - Game ID: 11041644913, Multiplicador: 95.62x
---
[10/11/2025, 12:01:51 p. m.] Spaceman 1: Multiplicador recibido - Game ID: 11041644913, Multiplicador: 96.06x
---
[10/11/2025, 12:01:51 p. m.] Spaceman 1: Multiplicador recibido - Game ID: 11041644913, Multiplicador: 96.43x
---
[10/11/2025, 12:01:51 p. m.] Spaceman 1: Multiplicador recibido - Game ID: 11041644913, Multiplicador: 96.87x
---
[10/11/2025, 12:01:51 p. m.] Spaceman 1: Multiplicador recibido - Game ID: 11041644913, Multiplicador: 97.27x
---
[10/11/2025, 12:01:51 p. m.] Spaceman 1: Multiplicador recibido - Game ID: 11041644913, Multiplicador: 97.67x
---
[10/11/2025, 12:01:51 p. m.] Spaceman 1: Multiplicador recibido - Game ID: 11041644913, Multiplicador: 98.09x
---
[10/11/2025, 12:01:52 p. m.] Spaceman 1: Multiplicador recibido - Game ID: 11041644913, Multiplicador: 98.86x
---
[10/11/2025, 12:01:52 p. m.] Spaceman 1: Multiplicador recibido - Game ID: 11041644913, Multiplicador: 99.25x
---
[10/11/2025, 12:01:52 p. m.] Spaceman 1: Multiplicador recibido - Game ID: 11041644913, Multiplicador: 99.63x
---
[10/11/2025, 12:01:52 p. m.] Spaceman 1: Multiplicador recibido - Game ID: 11041644913, Multiplicador: 100.09x
---
[10/11/2025, 12:01:52 p. m.] Spaceman 1: Multiplicador recibido - Game ID: 11041644913, Multiplicador: 100.53x
---
[10/11/2025, 12:01:52 p. m.] Spaceman 1: Multiplicador recibido - Game ID: 11041644913, Multiplicador: 100.91x
---
[10/11/2025, 12:01:52 p. m.] Spaceman 1: Multiplicador recibido - Game ID: 11041644913, Multiplicador: 101.3x
---
[10/11/2025, 12:01:52 p. m.] Spaceman 1: Multiplicador recibido - Game ID: 11041644913, Multiplicador: 101.7x
---
[10/11/2025, 12:01:52 p. m.] Spaceman 1: Multiplicador recibido - Game ID: 11041644913, Multiplicador: 102.11x
---
[10/11/2025, 12:01:52 p. m.] Spaceman 1: Multiplicador recibido - Game ID: 11041644913, Multiplicador: 102.51x
---
[10/11/2025, 12:01:52 p. m.] Spaceman 1: Multiplicador recibido - Game ID: 11041644913, Multiplicador: 102.91x
---
[10/11/2025, 12:01:52 p. m.] Spaceman 1: Multiplicador recibido - Game ID: 11041644913, Multiplicador: 103.31x
---
[10/11/2025, 12:01:52 p. m.] Spaceman 1: Multiplicador recibido - Game ID: 11041644913, Multiplicador: 103.76x
---
[10/11/2025, 12:01:52 p. m.] Spaceman 1: Multiplicador recibido - Game ID: 11041644913, Multiplicador: 104.22x
---
[10/11/2025, 12:01:52 p. m.] Spaceman 1: Multiplicador recibido - Game ID: 11041644913, Multiplicador: 104.67x
---
[10/11/2025, 12:01:52 p. m.] Spaceman 1: Multiplicador recibido - Game ID: 11041644913, Multiplicador: 105.09x
---
[10/11/2025, 12:01:52 p. m.] Spaceman 1: Multiplicador recibido - Game ID: 11041644913, Multiplicador: 105.67x
---
[10/11/2025, 12:01:52 p. m.] Spaceman 1: Multiplicador recibido - Game ID: 11041644913, Multiplicador: 106.16x
---
[10/11/2025, 12:01:52 p. m.] Spaceman 1: Multiplicador recibido - Game ID: 11041644913, Multiplicador: 106.64x
---
[10/11/2025, 12:01:52 p. m.] Spaceman 1: Multiplicador recibido - Game ID: 11041644913, Multiplicador: 107.15x
---
[10/11/2025, 12:01:53 p. m.] Spaceman 1: Multiplicador recibido - Game ID: 11041644913, Multiplicador: 107.64x
---
[10/11/2025, 12:01:53 p. m.] Spaceman 1: Multiplicador recibido - Game ID: 11041644913, Multiplicador: 108.07x
---
[10/11/2025, 12:01:53 p. m.] Spaceman 1: Multiplicador recibido - Game ID: 11041644913, Multiplicador: 108.47x
---
[10/11/2025, 12:01:53 p. m.] Spaceman 1: Multiplicador recibido - Game ID: 11041644913, Multiplicador: 108.95x
---
[10/11/2025, 12:01:53 p. m.] Spaceman 1: Multiplicador recibido - Game ID: 11041644913, Multiplicador: 109.4x
---
[10/11/2025, 12:01:53 p. m.] Spaceman 1: Multiplicador recibido - Game ID: 11041644913, Multiplicador: 109.9x
---
[10/11/2025, 12:01:53 p. m.] Spaceman 1: Multiplicador recibido - Game ID: 11041644913, Multiplicador: 110.37x
---
[10/11/2025, 12:01:53 p. m.] Spaceman 1: Multiplicador recibido - Game ID: 11041644913, Multiplicador: 110.8x
---
[10/11/2025, 12:01:53 p. m.] Spaceman 1: Multiplicador recibido - Game ID: 11041644913, Multiplicador: 111.74x
---
[10/11/2025, 12:01:53 p. m.] Spaceman 1: Multiplicador recibido - Game ID: 11041644913, Multiplicador: 112.18x
---
[10/11/2025, 12:01:53 p. m.] Spaceman 1: Multiplicador recibido - Game ID: 11041644913, Multiplicador: 112.61x
---
[10/11/2025, 12:01:53 p. m.] Spaceman 1: Multiplicador recibido - Game ID: 11041644913, Multiplicador: 113.04x
---
[10/11/2025, 12:01:53 p. m.] Spaceman 1: Multiplicador recibido - Game ID: 11041644913, Multiplicador: 113.48x
---
[10/11/2025, 12:01:53 p. m.] Spaceman 1: Multiplicador recibido - Game ID: 11041644913, Multiplicador: 114x
---
[10/11/2025, 12:01:53 p. m.] Spaceman 1: Multiplicador recibido - Game ID: 11041644913, Multiplicador: 114.48x
---
[10/11/2025, 12:01:53 p. m.] Spaceman 1: Multiplicador recibido - Game ID: 11041644913, Multiplicador: 115x
---
[10/11/2025, 12:01:53 p. m.] Spaceman 1: Multiplicador recibido - Game ID: 11041644913, Multiplicador: 115.52x
---
[10/11/2025, 12:01:53 p. m.] Spaceman 1: Multiplicador recibido - Game ID: 11041644913, Multiplicador: 116.01x
---
[10/11/2025, 12:01:53 p. m.] Spaceman 1: Multiplicador recibido - Game ID: 11041644913, Multiplicador: 116.46x
---
[10/11/2025, 12:01:54 p. m.] Spaceman 1: Multiplicador recibido - Game ID: 11041644913, Multiplicador: 116.95x
---
[10/11/2025, 12:01:54 p. m.] Spaceman 1: Multiplicador recibido - Game ID: 11041644913, Multiplicador: 117.49x
---
[10/11/2025, 12:01:54 p. m.] Spaceman 1: Multiplicador recibido - Game ID: 11041644913, Multiplicador: 117.98x
---
[10/11/2025, 12:01:54 p. m.] Spaceman 1: Multiplicador recibido - Game ID: 11041644913, Multiplicador: 118.49x
---
[10/11/2025, 12:01:54 p. m.] Spaceman 1: Multiplicador recibido - Game ID: 11041644913, Multiplicador: 119.35x
---
[10/11/2025, 12:01:54 p. m.] Spaceman 1: Multiplicador recibido - Game ID: 11041644913, Multiplicador: 119.89x
---
[10/11/2025, 12:01:54 p. m.] Spaceman 1: Multiplicador recibido - Game ID: 11041644913, Multiplicador: 120.37x
---
[10/11/2025, 12:01:54 p. m.] Spaceman 1: Multiplicador recibido - Game ID: 11041644913, Multiplicador: 120.86x
---
[10/11/2025, 12:01:54 p. m.] Spaceman 1: Multiplicador recibido - Game ID: 11041644913, Multiplicador: 121.39x
---
[10/11/2025, 12:01:54 p. m.] Spaceman 1: Multiplicador recibido - Game ID: 11041644913, Multiplicador: 121.87x
---
[10/11/2025, 12:01:54 p. m.] Spaceman 1: Multiplicador recibido - Game ID: 11041644913, Multiplicador: 122.36x
---
[10/11/2025, 12:01:54 p. m.] Spaceman 1: Multiplicador recibido - Game ID: 11041644913, Multiplicador: 122.9x
---
[10/11/2025, 12:01:54 p. m.] Spaceman 1: Multiplicador recibido - Game ID: 11041644913, Multiplicador: 123.38x
---
[10/11/2025, 12:01:54 p. m.] Spaceman 1: Multiplicador recibido - Game ID: 11041644913, Multiplicador: 123.86x
---
[10/11/2025, 12:01:54 p. m.] Spaceman 1: Multiplicador recibido - Game ID: 11041644913, Multiplicador: 124.43x
---
[10/11/2025, 12:01:54 p. m.] Spaceman 1: Multiplicador recibido - Game ID: 11041644913, Multiplicador: 124.99x
---
[10/11/2025, 12:01:54 p. m.] Spaceman 1: Multiplicador recibido - Game ID: 11041644913, Multiplicador: 125.53x
---
[10/11/2025, 12:01:54 p. m.] Spaceman 1: Multiplicador recibido - Game ID: 11041644913, Multiplicador: 126.04x
---
[10/11/2025, 12:01:54 p. m.] Spaceman 1: Multiplicador recibido - Game ID: 11041644913, Multiplicador: 126.63x
---
[10/11/2025, 12:01:55 p. m.] Spaceman 1: Multiplicador recibido - Game ID: 11041644913, Multiplicador: 127.68x
---
[10/11/2025, 12:01:55 p. m.] Spaceman 1: Multiplicador recibido - Game ID: 11041644913, Multiplicador: 128.25x
---
[10/11/2025, 12:01:55 p. m.] Spaceman 1: Multiplicador recibido - Game ID: 11041644913, Multiplicador: 128.75x
---
[10/11/2025, 12:01:55 p. m.] Spaceman 1: Multiplicador recibido - Game ID: 11041644913, Multiplicador: 129.3x
---
[10/11/2025, 12:01:55 p. m.] Spaceman 1: Multiplicador recibido - Game ID: 11041644913, Multiplicador: 129.88x
---
[10/11/2025, 12:01:55 p. m.] Spaceman 1: Multiplicador recibido - Game ID: 11041644913, Multiplicador: 130.48x
---
[10/11/2025, 12:01:55 p. m.] Spaceman 1: Multiplicador recibido - Game ID: 11041644913, Multiplicador: 131.08x
---
[10/11/2025, 12:01:55 p. m.] Spaceman 1: Multiplicador recibido - Game ID: 11041644913, Multiplicador: 131.69x
---
[10/11/2025, 12:01:55 p. m.] Spaceman 1: Multiplicador recibido - Game ID: 11041644913, Multiplicador: 132.24x
---
[10/11/2025, 12:01:55 p. m.] Spaceman 1: Multiplicador recibido - Game ID: 11041644913, Multiplicador: 132.82x
---
[10/11/2025, 12:01:55 p. m.] Spaceman 1: Multiplicador recibido - Game ID: 11041644913, Multiplicador: 133.39x
---
[10/11/2025, 12:01:55 p. m.] Spaceman 1: Multiplicador recibido - Game ID: 11041644913, Multiplicador: 134.01x
---
[10/11/2025, 12:01:55 p. m.] Spaceman 1: Multiplicador recibido - Game ID: 11041644913, Multiplicador: 134.98x
---
[10/11/2025, 12:01:55 p. m.] Spaceman 1: Multiplicador recibido - Game ID: 11041644913, Multiplicador: 135.51x
---
[10/11/2025, 12:01:55 p. m.] Spaceman 1: Multiplicador recibido - Game ID: 11041644913, Multiplicador: 136.07x
---
[10/11/2025, 12:01:55 p. m.] Spaceman 1: Multiplicador recibido - Game ID: 11041644913, Multiplicador: 136.66x
---
[10/11/2025, 12:01:55 p. m.] Spaceman 1: Multiplicador recibido - Game ID: 11041644913, Multiplicador: 137.18x
---
[10/11/2025, 12:01:56 p. m.] Spaceman 1: Multiplicador recibido - Game ID: 11041644913, Multiplicador: 137.8x
---
[10/11/2025, 12:01:56 p. m.] Spaceman 1: Multiplicador recibido - Game ID: 11041644913, Multiplicador: 138.35x
---
[10/11/2025, 12:01:56 p. m.] Spaceman 1: Multiplicador recibido - Game ID: 11041644913, Multiplicador: 138.9x
---
[10/11/2025, 12:01:56 p. m.] Spaceman 1: Multiplicador recibido - Game ID: 11041644913, Multiplicador: 139.43x
---
[10/11/2025, 12:01:56 p. m.] Spaceman 1: Multiplicador recibido - Game ID: 11041644913, Multiplicador: 140.01x
---
[10/11/2025, 12:01:56 p. m.] Spaceman 1: Multiplicador recibido - Game ID: 11041644913, Multiplicador: 140.57x
---
[10/11/2025, 12:01:56 p. m.] Spaceman 1: Multiplicador recibido - Game ID: 11041644913, Multiplicador: 141.23x
---
[10/11/2025, 12:01:56 p. m.] Spaceman 1: Multiplicador recibido - Game ID: 11041644913, Multiplicador: 141.88x
---
[10/11/2025, 12:01:56 p. m.] Spaceman 1: Multiplicador recibido - Game ID: 11041644913, Multiplicador: 142.44x
---
[10/11/2025, 12:01:56 p. m.] Spaceman 1: Multiplicador recibido - Game ID: 11041644913, Multiplicador: 143.08x
---
[10/11/2025, 12:01:56 p. m.] Spaceman 1: Multiplicador recibido - Game ID: 11041644913, Multiplicador: 144.31x
---
[10/11/2025, 12:01:56 p. m.] Spaceman 1: Multiplicador recibido - Game ID: 11041644913, Multiplicador: 144.98x
---
[10/11/2025, 12:01:56 p. m.] Spaceman 1: Multiplicador recibido - Game ID: 11041644913, Multiplicador: 145.57x
---
[10/11/2025, 12:01:56 p. m.] Spaceman 1: Multiplicador recibido - Game ID: 11041644913, Multiplicador: 146.2x
---
[10/11/2025, 12:01:56 p. m.] Spaceman 1: Multiplicador recibido - Game ID: 11041644913, Multiplicador: 146.81x
---
[10/11/2025, 12:01:56 p. m.] Spaceman 1: Multiplicador recibido - Game ID: 11041644913, Multiplicador: 147.39x
---
[10/11/2025, 12:01:56 p. m.] Spaceman 1: Multiplicador recibido - Game ID: 11041644913, Multiplicador: 148.09x
---
[10/11/2025, 12:01:56 p. m.] Spaceman 1: Multiplicador recibido - Game ID: 11041644913, Multiplicador: 148.77x
---
[10/11/2025, 12:01:56 p. m.] Spaceman 1: Multiplicador recibido - Game ID: 11041644913, Multiplicador: 149.36x
---
[10/11/2025, 12:01:57 p. m.] Spaceman 1: Multiplicador recibido - Game ID: 11041644913, Multiplicador: 150.02x
---
[10/11/2025, 12:01:57 p. m.] Spaceman 1: Multiplicador recibido - Game ID: 11041644913, Multiplicador: 150.68x
---
[10/11/2025, 12:01:57 p. m.] Spaceman 1: Multiplicador recibido - Game ID: 11041644913, Multiplicador: 151.28x
---
[10/11/2025, 12:01:57 p. m.] Spaceman 1: Multiplicador recibido - Game ID: 11041644913, Multiplicador: 151.97x
---
[10/11/2025, 12:01:57 p. m.] Spaceman 1: Multiplicador recibido - Game ID: 11041644913, Multiplicador: 152.66x
---
[10/11/2025, 12:01:57 p. m.] Spaceman 1: Multiplicador recibido - Game ID: 11041644913, Multiplicador: 153.33x
---
[10/11/2025, 12:01:57 p. m.] Spaceman 1: Multiplicador recibido - Game ID: 11041644913, Multiplicador: 153.97x
---
[10/11/2025, 12:01:57 p. m.] Spaceman 1: Multiplicador recibido - Game ID: 11041644913, Multiplicador: 154.84x
---
[10/11/2025, 12:01:57 p. m.] Spaceman 1: Multiplicador recibido - Game ID: 11041644913, Multiplicador: 155.44x
---
[10/11/2025, 12:01:57 p. m.] Spaceman 1: Multiplicador recibido - Game ID: 11041644913, Multiplicador: 156.15x
---
[10/11/2025, 12:01:57 p. m.] Spaceman 1: Multiplicador recibido - Game ID: 11041644913, Multiplicador: 156.88x
---
[10/11/2025, 12:01:57 p. m.] Spaceman 1: Multiplicador recibido - Game ID: 11041644913, Multiplicador: 157.6x
---
[10/11/2025, 12:01:57 p. m.] Spaceman 1: Multiplicador recibido - Game ID: 11041644913, Multiplicador: 158.28x
---
[10/11/2025, 12:01:57 p. m.] Spaceman 1: Multiplicador recibido - Game ID: 11041644913, Multiplicador: 158.94x
---
[10/11/2025, 12:01:57 p. m.] Spaceman 1: Multiplicador recibido - Game ID: 11041644913, Multiplicador: 159.64x
---
[10/11/2025, 12:01:57 p. m.] Spaceman 1: Multiplicador recibido - Game ID: 11041644913, Multiplicador: 160.3x
---
[10/11/2025, 12:01:57 p. m.] Spaceman 1: Multiplicador recibido - Game ID: 11041644913, Multiplicador: 160.96x
---
[10/11/2025, 12:01:57 p. m.] Spaceman 1: Multiplicador recibido - Game ID: 11041644913, Multiplicador: 161.59x
---
[10/11/2025, 12:01:57 p. m.] Spaceman 1: Multiplicador recibido - Game ID: 11041644913, Multiplicador: 162.23x
---
[10/11/2025, 12:01:58 p. m.] Spaceman 1: Multiplicador recibido - Game ID: 11041644913, Multiplicador: 163.68x
---
[10/11/2025, 12:01:58 p. m.] Spaceman 1: Multiplicador recibido - Game ID: 11041644913, Multiplicador: 164.44x
---
[10/11/2025, 12:01:58 p. m.] Spaceman 1: Multiplicador recibido - Game ID: 11041644913, Multiplicador: 165.14x
---
[10/11/2025, 12:01:58 p. m.] Spaceman 1: Multiplicador recibido - Game ID: 11041644913, Multiplicador: 165.81x
---
[10/11/2025, 12:01:58 p. m.] Spaceman 1: Multiplicador recibido - Game ID: 11041644913, Multiplicador: 166.58x
---
[10/11/2025, 12:01:58 p. m.] Spaceman 1: Multiplicador recibido - Game ID: 11041644913, Multiplicador: 167.3x
---
[10/11/2025, 12:01:58 p. m.] Spaceman 1: Multiplicador recibido - Game ID: 11041644913, Multiplicador: 168.04x
---
[10/11/2025, 12:01:58 p. m.] Spaceman 1: Multiplicador recibido - Game ID: 11041644913, Multiplicador: 168.82x
---
[10/11/2025, 12:01:58 p. m.] Spaceman 1: Multiplicador recibido - Game ID: 11041644913, Multiplicador: 169.59x
---
[10/11/2025, 12:01:58 p. m.] Spaceman 1: Multiplicador recibido - Game ID: 11041644913, Multiplicador: 170.24x
---
[10/11/2025, 12:01:58 p. m.] Spaceman 1: Multiplicador recibido - Game ID: 11041644913, Multiplicador: 170.99x
---
[10/11/2025, 12:01:58 p. m.] Spaceman 1: Multiplicador recibido - Game ID: 11041644913, Multiplicador: 171.66x
---
[10/11/2025, 12:01:58 p. m.] Spaceman 1: Multiplicador recibido - Game ID: 11041644913, Multiplicador: 172.36x
---
[10/11/2025, 12:01:58 p. m.] Spaceman 1: Multiplicador recibido - Game ID: 11041644913, Multiplicador: 173.11x
---
[10/11/2025, 12:01:58 p. m.] Spaceman 1: Multiplicador recibido - Game ID: 11041644913, Multiplicador: 173.78x
---
[10/11/2025, 12:01:58 p. m.] Spaceman 1: Multiplicador recibido - Game ID: 11041644913, Multiplicador: 175.23x
---
[10/11/2025, 12:01:58 p. m.] Spaceman 1: Multiplicador recibido - Game ID: 11041644913, Multiplicador: 175.96x
---
[10/11/2025, 12:01:59 p. m.] Spaceman 1: Multiplicador recibido - Game ID: 11041644913, Multiplicador: 176.73x
---
[10/11/2025, 12:01:59 p. m.] Spaceman 1: Multiplicador recibido - Game ID: 11041644913, Multiplicador: 177.5x
---
[10/11/2025, 12:01:59 p. m.] Spaceman 1: Multiplicador recibido - Game ID: 11041644913, Multiplicador: 178.3x
---
[10/11/2025, 12:01:59 p. m.] Spaceman 1: Multiplicador recibido - Game ID: 11041644913, Multiplicador: 179.07x
---
[10/11/2025, 12:01:59 p. m.] Spaceman 1: Multiplicador recibido - Game ID: 11041644913, Multiplicador: 179.9x
---
[10/11/2025, 12:01:59 p. m.] Spaceman 1: Multiplicador recibido - Game ID: 11041644913, Multiplicador: 180.66x
---
[10/11/2025, 12:01:59 p. m.] Spaceman 1: Multiplicador recibido - Game ID: 11041644913, Multiplicador: 181.38x
---
[10/11/2025, 12:01:59 p. m.] Spaceman 1: Multiplicador recibido - Game ID: 11041644913, Multiplicador: 182.21x
---
[10/11/2025, 12:01:59 p. m.] Spaceman 1: Multiplicador recibido - Game ID: 11041644913, Multiplicador: 182.97x
---
[10/11/2025, 12:01:59 p. m.] Spaceman 1: Multiplicador recibido - Game ID: 11041644913, Multiplicador: 183.75x
---
[10/11/2025, 12:01:59 p. m.] Spaceman 1: Multiplicador recibido - Game ID: 11041644913, Multiplicador: 184.48x
---
[10/11/2025, 12:01:59 p. m.] Spaceman 1: Multiplicador recibido - Game ID: 11041644913, Multiplicador: 186.11x
---
[10/11/2025, 12:01:59 p. m.] Spaceman 1: Multiplicador recibido - Game ID: 11041644913, Multiplicador: 186.84x
---
[10/11/2025, 12:01:59 p. m.] Spaceman 1: Multiplicador recibido - Game ID: 11041644913, Multiplicador: 187.57x
---
[10/11/2025, 12:01:59 p. m.] Spaceman 1: Multiplicador recibido - Game ID: 11041644913, Multiplicador: 188.28x
---
[10/11/2025, 12:01:59 p. m.] Spaceman 1: Multiplicador recibido - Game ID: 11041644913, Multiplicador: 189.07x
---
[10/11/2025, 12:01:59 p. m.] Spaceman 1: Multiplicador recibido - Game ID: 11041644913, Multiplicador: 189.82x
---
[10/11/2025, 12:01:59 p. m.] Spaceman 1: Multiplicador recibido - Game ID: 11041644913, Multiplicador: 190.59x
---
[10/11/2025, 12:01:59 p. m.] Spaceman 1: Multiplicador recibido - Game ID: 11041644913, Multiplicador: 191.42x
---
[10/11/2025, 12:02:00 p. m.] Spaceman 1: Multiplicador recibido - Game ID: 11041644913, Multiplicador: 192.2x
---
[10/11/2025, 12:02:00 p. m.] Spaceman 1: Ping enviado: 1762794120074
---
[10/11/2025, 12:02:00 p. m.] Spaceman 1: Multiplicador recibido - Game ID: 11041644913, Multiplicador: 193.08x
---
[10/11/2025, 12:02:00 p. m.] Spaceman 1: Multiplicador recibido - Game ID: 11041644913, Multiplicador: 193.82x
---
[10/11/2025, 12:02:00 p. m.] Spaceman 1: Multiplicador recibido - Game ID: 11041644913, Multiplicador: 194.64x
---
[10/11/2025, 12:02:00 p. m.] Spaceman 1: Multiplicador recibido - Game ID: 11041644913, Multiplicador: 195.38x
---
[10/11/2025, 12:02:00 p. m.] Spaceman 1: Multiplicador recibido - Game ID: 11041644913, Multiplicador: 196.24x
---
[10/11/2025, 12:02:00 p. m.] Spaceman 1: Multiplicador recibido - Game ID: 11041644913, Multiplicador: 197.09x
---
[10/11/2025, 12:02:00 p. m.] Spaceman 1: Multiplicador recibido - Game ID: 11041644913, Multiplicador: 198.16x
---
[10/11/2025, 12:02:00 p. m.] Spaceman 1: Multiplicador recibido - Game ID: 11041644913, Multiplicador: 198.97x
---
[10/11/2025, 12:02:00 p. m.] Spaceman 1: Multiplicador recibido - Game ID: 11041644913, Multiplicador: 199.73x
---
[10/11/2025, 12:02:00 p. m.] Spaceman 1: Multiplicador recibido - Game ID: 11041644913, Multiplicador: 200.56x
---
[10/11/2025, 12:02:00 p. m.] Spaceman 1: Multiplicador recibido - Game ID: 11041644913, Multiplicador: 201.37x
---
[10/11/2025, 12:02:00 p. m.] Spaceman 1: Multiplicador recibido - Game ID: 11041644913, Multiplicador: 202.19x
---
[10/11/2025, 12:02:00 p. m.] Spaceman 1: Multiplicador recibido - Game ID: 11041644913, Multiplicador: 203.1x
---
[10/11/2025, 12:02:00 p. m.] Spaceman 1: Multiplicador recibido - Game ID: 11041644913, Multiplicador: 204.01x
---
[10/11/2025, 12:02:00 p. m.] Spaceman 1: Multiplicador recibido - Game ID: 11041644913, Multiplicador: 204.9x
---
[10/11/2025, 12:02:00 p. m.] Spaceman 1: Multiplicador recibido - Game ID: 11041644913, Multiplicador: 205.7x
---
[10/11/2025, 12:02:00 p. m.] Spaceman 1: Multiplicador recibido - Game ID: 11041644913, Multiplicador: 206.48x
---
[10/11/2025, 12:02:00 p. m.] Spaceman 1: Multiplicador recibido - Game ID: 11041644913, Multiplicador: 207.34x
---
[10/11/2025, 12:02:01 p. m.] Spaceman 1: Multiplicador recibido - Game ID: 11041644913, Multiplicador: 208.31x
---
[10/11/2025, 12:02:01 p. m.] Spaceman 1: Multiplicador recibido - Game ID: 11041644913, Multiplicador: 209.21x
---
[10/11/2025, 12:02:01 p. m.] Spaceman 1: Multiplicador recibido - Game ID: 11041644913, Multiplicador: 210.18x
---
[10/11/2025, 12:02:01 p. m.] Spaceman 1: Multiplicador recibido - Game ID: 11041644913, Multiplicador: 211.49x
---
[10/11/2025, 12:02:01 p. m.] Spaceman 1: Multiplicador recibido - Game ID: 11041644913, Multiplicador: 212.34x
---
[10/11/2025, 12:02:01 p. m.] Spaceman 1: Multiplicador recibido - Game ID: 11041644913, Multiplicador: 213.33x
---
[10/11/2025, 12:02:01 p. m.] Spaceman 1: Multiplicador recibido - Game ID: 11041644913, Multiplicador: 214.3x
---
[10/11/2025, 12:02:01 p. m.] Spaceman 1: Multiplicador recibido - Game ID: 11041644913, Multiplicador: 215.19x
---
[10/11/2025, 12:02:01 p. m.] Spaceman 1: Multiplicador recibido - Game ID: 11041644913, Multiplicador: 216.03x
---
[10/11/2025, 12:02:01 p. m.] Spaceman 1: Multiplicador recibido - Game ID: 11041644913, Multiplicador: 217x
---
[10/11/2025, 12:02:01 p. m.] Spaceman 1: Multiplicador recibido - Game ID: 11041644913, Multiplicador: 217.96x
---
[10/11/2025, 12:02:01 p. m.] Spaceman 1: Multiplicador recibido - Game ID: 11041644913, Multiplicador: 218.89x
---
[10/11/2025, 12:02:01 p. m.] Spaceman 1: Multiplicador recibido - Game ID: 11041644913, Multiplicador: 219.72x
---
[10/11/2025, 12:02:01 p. m.] Spaceman 1: Multiplicador recibido - Game ID: 11041644913, Multiplicador: 220.71x
---
[10/11/2025, 12:02:01 p. m.] Spaceman 1: Multiplicador recibido - Game ID: 11041644913, Multiplicador: 221.68x
---
[10/11/2025, 12:02:01 p. m.] Spaceman 1: Multiplicador recibido - Game ID: 11041644913, Multiplicador: 223.51x
---
[10/11/2025, 12:02:01 p. m.] Spaceman 1: Multiplicador recibido - Game ID: 11041644913, Multiplicador: 225.3x
---
[10/11/2025, 12:02:01 p. m.] Spaceman 1: Multiplicador recibido - Game ID: 11041644913, Multiplicador: 226.22x
---
[10/11/2025, 12:02:02 p. m.] Spaceman 1: Multiplicador recibido - Game ID: 11041644913, Multiplicador: 227.16x
---
[10/11/2025, 12:02:02 p. m.] Spaceman 1: Multiplicador recibido - Game ID: 11041644913, Multiplicador: 228.37x
---
[10/11/2025, 12:02:02 p. m.] Spaceman 1: Multiplicador recibido - Game ID: 11041644913, Multiplicador: 229.24x
---
[10/11/2025, 12:02:02 p. m.] Spaceman 1: Multiplicador recibido - Game ID: 11041644913, Multiplicador: 230.17x
---
[10/11/2025, 12:02:02 p. m.] Spaceman 1: Multiplicador recibido - Game ID: 11041644913, Multiplicador: 231.05x
---
[10/11/2025, 12:02:02 p. m.] Spaceman 1: Multiplicador recibido - Game ID: 11041644913, Multiplicador: 231.98x
---
[10/11/2025, 12:02:02 p. m.] Spaceman 1: Multiplicador recibido - Game ID: 11041644913, Multiplicador: 232.92x
---
[10/11/2025, 12:02:02 p. m.] Spaceman 1: Multiplicador recibido - Game ID: 11041644913, Multiplicador: 233.93x
---
[10/11/2025, 12:02:02 p. m.] Spaceman 1: Multiplicador recibido - Game ID: 11041644913, Multiplicador: 234.88x
---
[10/11/2025, 12:02:02 p. m.] Spaceman 1: Multiplicador recibido - Game ID: 11041644913, Multiplicador: 235.92x
---
[10/11/2025, 12:02:02 p. m.] Spaceman 1: Multiplicador recibido - Game ID: 11041644913, Multiplicador: 237.01x
---
[10/11/2025, 12:02:02 p. m.] Spaceman 1: Multiplicador recibido - Game ID: 11041644913, Multiplicador: 238.02x
---
[10/11/2025, 12:02:02 p. m.] Spaceman 1: Multiplicador recibido - Game ID: 11041644913, Multiplicador: 239.9x
---
[10/11/2025, 12:02:02 p. m.] Spaceman 1: Multiplicador recibido - Game ID: 11041644913, Multiplicador: 240.86x
---
[10/11/2025, 12:02:02 p. m.] Spaceman 1: Multiplicador recibido - Game ID: 11041644913, Multiplicador: 241.78x
---
[10/11/2025, 12:02:02 p. m.] Spaceman 1: Multiplicador recibido - Game ID: 11041644913, Multiplicador: 242.87x
---
[10/11/2025, 12:02:02 p. m.] Spaceman 1: Multiplicador recibido - Game ID: 11041644913, Multiplicador: 243.98x
---
[10/11/2025, 12:02:02 p. m.] Spaceman 1: Multiplicador recibido - Game ID: 11041644913, Multiplicador: 245.05x
---
[10/11/2025, 12:02:03 p. m.] Spaceman 1: Multiplicador recibido - Game ID: 11041644913, Multiplicador: 246.11x
---
[10/11/2025, 12:02:03 p. m.] Spaceman 1: Multiplicador recibido - Game ID: 11041644913, Multiplicador: 247.24x
---
[10/11/2025, 12:02:03 p. m.] Spaceman 1: Multiplicador recibido - Game ID: 11041644913, Multiplicador: 248.33x
---
[10/11/2025, 12:02:03 p. m.] Spaceman 1: Multiplicador recibido - Game ID: 11041644913, Multiplicador: 249.28x
---
[10/11/2025, 12:02:03 p. m.] Spaceman 1: Multiplicador recibido - Game ID: 11041644913, Multiplicador: 250.36x
---
[10/11/2025, 12:02:03 p. m.] Spaceman 1: Multiplicador recibido - Game ID: 11041644913, Multiplicador: 251.4x
---
[10/11/2025, 12:02:03 p. m.] Spaceman 1: Multiplicador recibido - Game ID: 11041644913, Multiplicador: 252.57x
---
[10/11/2025, 12:02:03 p. m.] Spaceman 1: Multiplicador recibido - Game ID: 11041644913, Multiplicador: 253.53x
---
[10/11/2025, 12:02:03 p. m.] Spaceman 1: Multiplicador recibido - Game ID: 11041644913, Multiplicador: 254.59x
---
[10/11/2025, 12:02:03 p. m.] Spaceman 1: Multiplicador recibido - Game ID: 11041644913, Multiplicador: 256.6x
---
[10/11/2025, 12:02:03 p. m.] Spaceman 1: Multiplicador recibido - Game ID: 11041644913, Multiplicador: 257.8x
---
[10/11/2025, 12:02:03 p. m.] Spaceman 1: Multiplicador recibido - Game ID: 11041644913, Multiplicador: 258.87x
---
[10/11/2025, 12:02:03 p. m.] Spaceman 1: Multiplicador recibido - Game ID: 11041644913, Multiplicador: 260.03x
---
[10/11/2025, 12:02:03 p. m.] Spaceman 1: Multiplicador recibido - Game ID: 11041644913, Multiplicador: 261.13x
---
[10/11/2025, 12:02:03 p. m.] Spaceman 1: Multiplicador recibido - Game ID: 11041644913, Multiplicador: 262.28x
---
[10/11/2025, 12:02:03 p. m.] Spaceman 1: Multiplicador recibido - Game ID: 11041644913, Multiplicador: 263.48x
---
[10/11/2025, 12:02:03 p. m.] Spaceman 1: Multiplicador recibido - Game ID: 11041644913, Multiplicador: 264.54x
---
[10/11/2025, 12:02:03 p. m.] Spaceman 1: Multiplicador recibido - Game ID: 11041644913, Multiplicador: 265.55x
---
[10/11/2025, 12:02:03 p. m.] Spaceman 1: Multiplicador recibido - Game ID: 11041644913, Multiplicador: 266.7x
---
[10/11/2025, 12:02:04 p. m.] Spaceman 1: Multiplicador recibido - Game ID: 11041644913, Multiplicador: 267.87x
---
[10/11/2025, 12:02:04 p. m.] Spaceman 1: Multiplicador recibido - Game ID: 11041644913, Multiplicador: 269.01x
---
[10/11/2025, 12:02:04 p. m.] Spaceman 1: Multiplicador recibido - Game ID: 11041644913, Multiplicador: 270.08x
---
[10/11/2025, 12:02:04 p. m.] Spaceman 1: Multiplicador recibido - Game ID: 11041644913, Multiplicador: 271.83x
---
[10/11/2025, 12:02:04 p. m.] Spaceman 1: Multiplicador recibido - Game ID: 11041644913, Multiplicador: 273.03x
---
[10/11/2025, 12:02:04 p. m.] Spaceman 1: Multiplicador recibido - Game ID: 11041644913, Multiplicador: 274.19x
---
[10/11/2025, 12:02:04 p. m.] Spaceman 1: Multiplicador recibido - Game ID: 11041644913, Multiplicador: 275.4x
---
[10/11/2025, 12:02:04 p. m.] Spaceman 1: Multiplicador recibido - Game ID: 11041644913, Multiplicador: 276.54x
---
[10/11/2025, 12:02:04 p. m.] Spaceman 1: Multiplicador recibido - Game ID: 11041644913, Multiplicador: 277.69x
---
[10/11/2025, 12:02:04 p. m.] Spaceman 1: Multiplicador recibido - Game ID: 11041644913, Multiplicador: 278.78x
---
[10/11/2025, 12:02:04 p. m.] Spaceman 1: Multiplicador recibido - Game ID: 11041644913, Multiplicador: 280.03x
---
[10/11/2025, 12:02:04 p. m.] Spaceman 1: Multiplicador recibido - Game ID: 11041644913, Multiplicador: 281.17x
---
[10/11/2025, 12:02:04 p. m.] Spaceman 1: Multiplicador recibido - Game ID: 11041644913, Multiplicador: 282.46x
---
[10/11/2025, 12:02:04 p. m.] Spaceman 1: Multiplicador recibido - Game ID: 11041644913, Multiplicador: 283.77x
---
[10/11/2025, 12:02:04 p. m.] Spaceman 1: Multiplicador recibido - Game ID: 11041644913, Multiplicador: 284.93x
---
[10/11/2025, 12:02:04 p. m.] Spaceman 1: Multiplicador recibido - Game ID: 11041644913, Multiplicador: 286.04x
---
[10/11/2025, 12:02:04 p. m.] Spaceman 1: Multiplicador recibido - Game ID: 11041644913, Multiplicador: 287.35x
---
[10/11/2025, 12:02:04 p. m.] Spaceman 1: Multiplicador recibido - Game ID: 11041644913, Multiplicador: 288.66x
---
[10/11/2025, 12:02:04 p. m.] Spaceman 1: Multiplicador recibido - Game ID: 11041644913, Multiplicador: 290.37x
---
[10/11/2025, 12:02:05 p. m.] Spaceman 1: Multiplicador recibido - Game ID: 11041644913, Multiplicador: 291.5x
---
[10/11/2025, 12:02:05 p. m.] Spaceman 1: Multiplicador recibido - Game ID: 11041644913, Multiplicador: 292.74x
---
[10/11/2025, 12:02:05 p. m.] Spaceman 1: Multiplicador recibido - Game ID: 11041644913, Multiplicador: 293.93x
---
[10/11/2025, 12:02:05 p. m.] Spaceman 1: Multiplicador recibido - Game ID: 11041644913, Multiplicador: 295.18x
---
[10/11/2025, 12:02:05 p. m.] Spaceman 1: Multiplicador recibido - Game ID: 11041644913, Multiplicador: 296.41x
---
[10/11/2025, 12:02:05 p. m.] Spaceman 1: Multiplicador recibido - Game ID: 11041644913, Multiplicador: 297.79x
---
[10/11/2025, 12:02:05 p. m.] Spaceman 1: Multiplicador recibido - Game ID: 11041644913, Multiplicador: 299.12x
---
[10/11/2025, 12:02:05 p. m.] Spaceman 1: Multiplicador recibido - Game ID: 11041644913, Multiplicador: 300.27x
---
[10/11/2025, 12:02:05 p. m.] Spaceman 1: Multiplicador recibido - Game ID: 11041644913, Multiplicador: 301.49x
---
[10/11/2025, 12:02:05 p. m.] Spaceman 1: Multiplicador recibido - Game ID: 11041644913, Multiplicador: 302.64x
---
[10/11/2025, 12:02:05 p. m.] Spaceman 1: Multiplicador recibido - Game ID: 11041644913, Multiplicador: 303.8x
---
[10/11/2025, 12:02:05 p. m.] Spaceman 1: Multiplicador recibido - Game ID: 11041644913, Multiplicador: 305.11x
---
[10/11/2025, 12:02:05 p. m.] Spaceman 1: Multiplicador recibido - Game ID: 11041644913, Multiplicador: 306.99x
---
[10/11/2025, 12:02:05 p. m.] Spaceman 1: Multiplicador recibido - Game ID: 11041644913, Multiplicador: 308.37x
---
[10/11/2025, 12:02:05 p. m.] Spaceman 1: Multiplicador recibido - Game ID: 11041644913, Multiplicador: 309.6x
---
[10/11/2025, 12:02:05 p. m.] Spaceman 1: Multiplicador recibido - Game ID: 11041644913, Multiplicador: 311.02x
---
[10/11/2025, 12:02:05 p. m.] Spaceman 1: Multiplicador recibido - Game ID: 11041644913, Multiplicador: 312.36x
---
[10/11/2025, 12:02:05 p. m.] Spaceman 1: Multiplicador recibido - Game ID: 11041644913, Multiplicador: 313.56x
---
[10/11/2025, 12:02:05 p. m.] Spaceman 1: Multiplicador recibido - Game ID: 11041644913, Multiplicador: 314.86x
---
[10/11/2025, 12:02:06 p. m.] Spaceman 1: Multiplicador recibido - Game ID: 11041644913, Multiplicador: 316.17x
---
[10/11/2025, 12:02:06 p. m.] Spaceman 1: Multiplicador recibido - Game ID: 11041644913, Multiplicador: 317.41x
---
[10/11/2025, 12:02:06 p. m.] Spaceman 1: Multiplicador recibido - Game ID: 11041644913, Multiplicador: 318.62x
---
[10/11/2025, 12:02:06 p. m.] Spaceman 1: Multiplicador recibido - Game ID: 11041644913, Multiplicador: 319.84x
---
[10/11/2025, 12:02:06 p. m.] Spaceman 1: Multiplicador recibido - Game ID: 11041644913, Multiplicador: 321.25x
---
[10/11/2025, 12:02:06 p. m.] Spaceman 1: Multiplicador recibido - Game ID: 11041644913, Multiplicador: 322.74x
---
[10/11/2025, 12:02:06 p. m.] Spaceman 1: Multiplicador recibido - Game ID: 11041644913, Multiplicador: 324.22x
---
[10/11/2025, 12:02:06 p. m.] Spaceman 1: Multiplicador recibido - Game ID: 11041644913, Multiplicador: 325.68x
---
[10/11/2025, 12:02:06 p. m.] Spaceman 1: Multiplicador recibido - Game ID: 11041644913, Multiplicador: 327.17x
---
[10/11/2025, 12:02:06 p. m.] Spaceman 1: Multiplicador recibido - Game ID: 11041644913, Multiplicador: 329.89x
---
[10/11/2025, 12:02:06 p. m.] Spaceman 1: Multiplicador recibido - Game ID: 11041644913, Multiplicador: 331.15x
---
[10/11/2025, 12:02:06 p. m.] Spaceman 1: Multiplicador recibido - Game ID: 11041644913, Multiplicador: 332.5x
---
[10/11/2025, 12:02:06 p. m.] Spaceman 1: Multiplicador recibido - Game ID: 11041644913, Multiplicador: 333.8x
---
[10/11/2025, 12:02:06 p. m.] Spaceman 1: Multiplicador recibido - Game ID: 11041644913, Multiplicador: 335.27x
---
[10/11/2025, 12:02:06 p. m.] Spaceman 1: Multiplicador recibido - Game ID: 11041644913, Multiplicador: 336.75x
---
[10/11/2025, 12:02:06 p. m.] Spaceman 1: Multiplicador recibido - Game ID: 11041644913, Multiplicador: 338.18x
---
[10/11/2025, 12:02:06 p. m.] Spaceman 1: Multiplicador recibido - Game ID: 11041644913, Multiplicador: 339.5x
---
[10/11/2025, 12:02:06 p. m.] Spaceman 1: Multiplicador recibido - Game ID: 11041644913, Multiplicador: 340.85x
---
[10/11/2025, 12:02:06 p. m.] Spaceman 1: Multiplicador recibido - Game ID: 11041644913, Multiplicador: 342.36x
---
[10/11/2025, 12:02:07 p. m.] Spaceman 1: Multiplicador recibido - Game ID: 11041644913, Multiplicador: 343.92x
---
[10/11/2025, 12:02:07 p. m.] Spaceman 1: Multiplicador recibido - Game ID: 11041644913, Multiplicador: 345.24x
---
[10/11/2025, 12:02:07 p. m.] Spaceman 1: Multiplicador recibido - Game ID: 11041644913, Multiplicador: 346.85x
---
[10/11/2025, 12:02:07 p. m.] Spaceman 1: Multiplicador recibido - Game ID: 11041644913, Multiplicador: 348.46x
---
[10/11/2025, 12:02:07 p. m.] Spaceman 1: Multiplicador recibido - Game ID: 11041644913, Multiplicador: 351.51x
---
[10/11/2025, 12:02:07 p. m.] Spaceman 1: Multiplicador recibido - Game ID: 11041644913, Multiplicador: 352.88x
---
[10/11/2025, 12:02:07 p. m.] Spaceman 1: Multiplicador recibido - Game ID: 11041644913, Multiplicador: 354.35x
---
[10/11/2025, 12:02:07 p. m.] Spaceman 1: Multiplicador recibido - Game ID: 11041644913, Multiplicador: 355.71x
---
[10/11/2025, 12:02:07 p. m.] Spaceman 1: Multiplicador recibido - Game ID: 11041644913, Multiplicador: 357.27x
---
[10/11/2025, 12:02:07 p. m.] Spaceman 1: Multiplicador recibido - Game ID: 11041644913, Multiplicador: 358.67x
---
[10/11/2025, 12:02:07 p. m.] Spaceman 1: Multiplicador recibido - Game ID: 11041644913, Multiplicador: 360.31x
---
[10/11/2025, 12:02:07 p. m.] Spaceman 1: Multiplicador recibido - Game ID: 11041644913, Multiplicador: 361.99x
---
[10/11/2025, 12:02:07 p. m.] Spaceman 1: Multiplicador recibido - Game ID: 11041644913, Multiplicador: 363.4x
---
[10/11/2025, 12:02:07 p. m.] Spaceman 1: Multiplicador recibido - Game ID: 11041644913, Multiplicador: 364.88x
---
[10/11/2025, 12:02:07 p. m.] Spaceman 1: Multiplicador recibido - Game ID: 11041644913, Multiplicador: 366.49x
---
[10/11/2025, 12:02:07 p. m.] Spaceman 1: Multiplicador recibido - Game ID: 11041644913, Multiplicador: 368.23x
---
[10/11/2025, 12:02:07 p. m.] Spaceman 1: Multiplicador recibido - Game ID: 11041644913, Multiplicador: 369.7x
---
[10/11/2025, 12:02:07 p. m.] Spaceman 1: Multiplicador recibido - Game ID: 11041644913, Multiplicador: 371.7x
---
[10/11/2025, 12:02:08 p. m.] Spaceman 1: Multiplicador recibido - Game ID: 11041644913, Multiplicador: 373.27x
---
[10/11/2025, 12:02:08 p. m.] Spaceman 1: Multiplicador recibido - Game ID: 11041644913, Multiplicador: 374.73x
---
[10/11/2025, 12:02:08 p. m.] Spaceman 1: Multiplicador recibido - Game ID: 11041644913, Multiplicador: 376.29x
---
[10/11/2025, 12:02:08 p. m.] Spaceman 1: Multiplicador recibido - Game ID: 11041644913, Multiplicador: 377.79x
---
[10/11/2025, 12:02:08 p. m.] Spaceman 1: Multiplicador recibido - Game ID: 11041644913, Multiplicador: 379.55x
---
[10/11/2025, 12:02:08 p. m.] Spaceman 1: Multiplicador recibido - Game ID: 11041644913, Multiplicador: 381.29x
---
[10/11/2025, 12:02:08 p. m.] Spaceman 1: Multiplicador recibido - Game ID: 11041644913, Multiplicador: 382.78x
---
[10/11/2025, 12:02:08 p. m.] Spaceman 1: Multiplicador recibido - Game ID: 11041644913, Multiplicador: 384.4x
---
[10/11/2025, 12:02:08 p. m.] Spaceman 1: Multiplicador recibido - Game ID: 11041644913, Multiplicador: 385.87x
---
[10/11/2025, 12:02:08 p. m.] Spaceman 1: Multiplicador recibido - Game ID: 11041644913, Multiplicador: 387.47x
---
[10/11/2025, 12:02:08 p. m.] Spaceman 1: Multiplicador recibido - Game ID: 11041644913, Multiplicador: 388.96x
---
[10/11/2025, 12:02:08 p. m.] Spaceman 1: Multiplicador recibido - Game ID: 11041644913, Multiplicador: 390.64x
---
[10/11/2025, 12:02:08 p. m.] Spaceman 1: Multiplicador recibido - Game ID: 11041644913, Multiplicador: 392.36x
---
[10/11/2025, 12:02:08 p. m.] Spaceman 1: Multiplicador recibido - Game ID: 11041644913, Multiplicador: 393.89x
---
[10/11/2025, 12:02:08 p. m.] Spaceman 1: Multiplicador recibido - Game ID: 11041644913, Multiplicador: 395.43x
---
[10/11/2025, 12:02:08 p. m.] Spaceman 1: Multiplicador recibido - Game ID: 11041644913, Multiplicador: 397.9x
---
[10/11/2025, 12:02:08 p. m.] Spaceman 1: Multiplicador recibido - Game ID: 11041644913, Multiplicador: 399.72x
---
[10/11/2025, 12:02:08 p. m.] Spaceman 1: Multiplicador recibido - Game ID: 11041644913, Multiplicador: 401.35x
---
[10/11/2025, 12:02:08 p. m.] Spaceman 1: Multiplicador recibido - Game ID: 11041644913, Multiplicador: 402.98x
---
[10/11/2025, 12:02:09 p. m.] Spaceman 1: Multiplicador recibido - Game ID: 11041644913, Multiplicador: 404.79x
---
[10/11/2025, 12:02:09 p. m.] Spaceman 1: Multiplicador recibido - Game ID: 11041644913, Multiplicador: 406.64x
---
[10/11/2025, 12:02:09 p. m.] Spaceman 1: Multiplicador recibido - Game ID: 11041644913, Multiplicador: 408.23x
---
[10/11/2025, 12:02:09 p. m.] Spaceman 1: Multiplicador recibido - Game ID: 11041644913, Multiplicador: 409.86x
---
[10/11/2025, 12:02:09 p. m.] Spaceman 1: Multiplicador recibido - Game ID: 11041644913, Multiplicador: 411.63x
---
[10/11/2025, 12:02:09 p. m.] Spaceman 1: Multiplicador recibido - Game ID: 11041644913, Multiplicador: 413.24x
---
[10/11/2025, 12:02:09 p. m.] Spaceman 1: Multiplicador recibido - Game ID: 11041644913, Multiplicador: 415.1x
---
[10/11/2025, 12:02:09 p. m.] Spaceman 1: Multiplicador recibido - Game ID: 11041644913, Multiplicador: 416.75x
---
[10/11/2025, 12:02:09 p. m.] Spaceman 1: Multiplicador recibido - Game ID: 11041644913, Multiplicador: 418.38x
---
[10/11/2025, 12:02:09 p. m.] Spaceman 1: Multiplicador recibido - Game ID: 11041644913, Multiplicador: 420.02x
---
[10/11/2025, 12:02:09 p. m.] Spaceman 1: Multiplicador recibido - Game ID: 11041644913, Multiplicador: 421.76x
---
[10/11/2025, 12:02:09 p. m.] Spaceman 1: Multiplicador recibido - Game ID: 11041644913, Multiplicador: 423.48x
---
[10/11/2025, 12:02:09 p. m.] Spaceman 1: Multiplicador recibido - Game ID: 11041644913, Multiplicador: 426.27x
---
[10/11/2025, 12:02:09 p. m.] Spaceman 1: Multiplicador recibido - Game ID: 11041644913, Multiplicador: 428.11x
---
[10/11/2025, 12:02:09 p. m.] Spaceman 1: Multiplicador recibido - Game ID: 11041644913, Multiplicador: 430.07x
---
[10/11/2025, 12:02:09 p. m.] Spaceman 1: Multiplicador recibido - Game ID: 11041644913, Multiplicador: 431.93x
---
[10/11/2025, 12:02:09 p. m.] Spaceman 1: Multiplicador recibido - Game ID: 11041644913, Multiplicador: 433.76x
---
[10/11/2025, 12:02:09 p. m.] Spaceman 1: Multiplicador recibido - Game ID: 11041644913, Multiplicador: 435.71x
---
[10/11/2025, 12:02:09 p. m.] Spaceman 1: Multiplicador recibido - Game ID: 11041644913, Multiplicador: 437.45x
---
[10/11/2025, 12:02:09 p. m.] Spaceman 1: Multiplicador recibido - Game ID: 11041644913, Multiplicador: 439.23x
---
[10/11/2025, 12:02:10 p. m.] Spaceman 1: Multiplicador recibido - Game ID: 11041644913, Multiplicador: 441.24x
---
[10/11/2025, 12:02:10 p. m.] Spaceman 1: Ping enviado: 1762794130079
---
[10/11/2025, 12:02:10 p. m.] Spaceman 1: Multiplicador recibido - Game ID: 11041644913, Multiplicador: 443.15x
---
[10/11/2025, 12:02:10 p. m.] Spaceman 1: Multiplicador recibido - Game ID: 11041644913, Multiplicador: 445.14x
---
[10/11/2025, 12:02:10 p. m.] Spaceman 1: Multiplicador recibido - Game ID: 11041644913, Multiplicador: 446.91x
---
[10/11/2025, 12:02:10 p. m.] Spaceman 1: Multiplicador recibido - Game ID: 11041644913, Multiplicador: 448.84x
---
[10/11/2025, 12:02:10 p. m.] Spaceman 1: Multiplicador recibido - Game ID: 11041644913, Multiplicador: 450.75x
---
[10/11/2025, 12:02:10 p. m.] Spaceman 1: Multiplicador recibido - Game ID: 11041644913, Multiplicador: 452.51x
---
[10/11/2025, 12:02:10 p. m.] Spaceman 1: Multiplicador recibido - Game ID: 11041644913, Multiplicador: 454.58x
---
[10/11/2025, 12:02:10 p. m.] Spaceman 1: Multiplicador recibido - Game ID: 11041644913, Multiplicador: 456.39x
---
[10/11/2025, 12:02:10 p. m.] Spaceman 1: Multiplicador recibido - Game ID: 11041644913, Multiplicador: 458.4x
---
[10/11/2025, 12:02:10 p. m.] Spaceman 1: Multiplicador recibido - Game ID: 11041644913, Multiplicador: 460.35x
---
[10/11/2025, 12:02:10 p. m.] Spaceman 1: Multiplicador recibido - Game ID: 11041644913, Multiplicador: 462.41x
---
[10/11/2025, 12:02:10 p. m.] Spaceman 1: Multiplicador recibido - Game ID: 11041644913, Multiplicador: 464.18x
---
[10/11/2025, 12:02:10 p. m.] Spaceman 1: Multiplicador recibido - Game ID: 11041644913, Multiplicador: 466.34x
---
[10/11/2025, 12:02:10 p. m.] Spaceman 1: Multiplicador recibido - Game ID: 11041644913, Multiplicador: 468.52x
---
[10/11/2025, 12:02:10 p. m.] Spaceman 1: Multiplicador recibido - Game ID: 11041644913, Multiplicador: 470.54x
---
[10/11/2025, 12:02:10 p. m.] Spaceman 1: Multiplicador recibido - Game ID: 11041644913, Multiplicador: 472.66x
---
[10/11/2025, 12:02:10 p. m.] Spaceman 1: Multiplicador recibido - Game ID: 11041644913, Multiplicador: 474.86x
---
[10/11/2025, 12:02:10 p. m.] Spaceman 1: Multiplicador recibido - Game ID: 11041644913, Multiplicador: 477.07x
---
[10/11/2025, 12:02:11 p. m.] Spaceman 1: Multiplicador recibido - Game ID: 11041644913, Multiplicador: 479.17x
---
[10/11/2025, 12:02:11 p. m.] Spaceman 1: Multiplicador recibido - Game ID: 11041644913, Multiplicador: 481.84x
---
[10/11/2025, 12:02:11 p. m.] Spaceman 1: Multiplicador recibido - Game ID: 11041644913, Multiplicador: 483.68x
---
[10/11/2025, 12:02:11 p. m.] Spaceman 1: Multiplicador recibido - Game ID: 11041644913, Multiplicador: 485.98x
---
[10/11/2025, 12:02:11 p. m.] Spaceman 1: Multiplicador recibido - Game ID: 11041644913, Multiplicador: 488x
---
[10/11/2025, 12:02:11 p. m.] Spaceman 1: Multiplicador recibido - Game ID: 11041644913, Multiplicador: 490.27x
---
[10/11/2025, 12:02:11 p. m.] Spaceman 1: Multiplicador recibido - Game ID: 11041644913, Multiplicador: 492.39x
---
[10/11/2025, 12:02:11 p. m.] Spaceman 1: Multiplicador recibido - Game ID: 11041644913, Multiplicador: 494.36x
---
[10/11/2025, 12:02:11 p. m.] Spaceman 1: Multiplicador recibido - Game ID: 11041644913, Multiplicador: 496.45x
---
[10/11/2025, 12:02:11 p. m.] Spaceman 1: Multiplicador recibido - Game ID: 11041644913, Multiplicador: 498.68x
---
[10/11/2025, 12:02:11 p. m.] Spaceman 1: Multiplicador recibido - Game ID: 11041644913, Multiplicador: 500.92x
---
[10/11/2025, 12:02:11 p. m.] Spaceman 1: Multiplicador recibido - Game ID: 11041644913, Multiplicador: 502.96x
---
[10/11/2025, 12:02:11 p. m.] Spaceman 1: Multiplicador recibido - Game ID: 11041644913, Multiplicador: 504.97x
---
[10/11/2025, 12:02:11 p. m.] Spaceman 1: Multiplicador recibido - Game ID: 11041644913, Multiplicador: 509.09x
---
[10/11/2025, 12:02:11 p. m.] Spaceman 1: Multiplicador recibido - Game ID: 11041644913, Multiplicador: 511.8x
---
[10/11/2025, 12:02:11 p. m.] Spaceman 1: Multiplicador recibido - Game ID: 11041644913, Multiplicador: 513.89x
---
[10/11/2025, 12:02:11 p. m.] Spaceman 1: Multiplicador recibido - Game ID: 11041644913, Multiplicador: 516.24x
---
[10/11/2025, 12:02:11 p. m.] Spaceman 1: Multiplicador recibido - Game ID: 11041644913, Multiplicador: 518.21x
---
[10/11/2025, 12:02:12 p. m.] Spaceman 1: Multiplicador recibido - Game ID: 11041644913, Multiplicador: 520.32x
---
[10/11/2025, 12:02:12 p. m.] Spaceman 1: Multiplicador recibido - Game ID: 11041644913, Multiplicador: 522.75x
---
[10/11/2025, 12:02:12 p. m.] Spaceman 1: Multiplicador recibido - Game ID: 11041644913, Multiplicador: 524.87x
---
[10/11/2025, 12:02:12 p. m.] Spaceman 1: Multiplicador recibido - Game ID: 11041644913, Multiplicador: 527.01x
---
[10/11/2025, 12:02:12 p. m.] Spaceman 1: Multiplicador recibido - Game ID: 11041644913, Multiplicador: 529.03x
---
[10/11/2025, 12:02:12 p. m.] Spaceman 1: Multiplicador recibido - Game ID: 11041644913, Multiplicador: 531.14x
---
[10/11/2025, 12:02:20 p. m.] Spaceman 1: Ping enviado: 1762794140084
---
[10/11/2025, 12:02:22 p. m.] Spaceman 1: Multiplicador recibido - Game ID: 11041645013, Multiplicador: 1.01x
---
[10/11/2025, 12:02:22 p. m.] Spaceman 1: Multiplicador recibido - Game ID: 11041645013, Multiplicador: 1.02x
---
[10/11/2025, 12:02:22 p. m.] Spaceman 1: Multiplicador recibido - Game ID: 11041645013, Multiplicador: 1.03x
---
[10/11/2025, 12:02:22 p. m.] Spaceman 1: Multiplicador recibido - Game ID: 11041645013, Multiplicador: 1.04x
---
[10/11/2025, 12:02:22 p. m.] Spaceman 1: Multiplicador recibido - Game ID: 11041645013, Multiplicador: 1.05x
---
[10/11/2025, 12:02:23 p. m.] Spaceman 1: Multiplicador recibido - Game ID: 11041645013, Multiplicador: 1.06x
---
[10/11/2025, 12:02:23 p. m.] Spaceman 1: Multiplicador recibido - Game ID: 11041645013, Multiplicador: 1.07x
---
[10/11/2025, 12:02:23 p. m.] Spaceman 1: Multiplicador recibido - Game ID: 11041645013, Multiplicador: 1.08x
---
[10/11/2025, 12:02:23 p. m.] Spaceman 1: Multiplicador recibido - Game ID: 11041645013, Multiplicador: 1.09x
---
[10/11/2025, 12:02:23 p. m.] Spaceman 1: Multiplicador recibido - Game ID: 11041645013, Multiplicador: 1.1x
---
[10/11/2025, 12:02:23 p. m.] Spaceman 1: Multiplicador recibido - Game ID: 11041645013, Multiplicador: 1.11x
---
[10/11/2025, 12:02:23 p. m.] Spaceman 1: Multiplicador recibido - Game ID: 11041645013, Multiplicador: 1.12x
---
[10/11/2025, 12:02:23 p. m.] Spaceman 1: Multiplicador recibido - Game ID: 11041645013, Multiplicador: 1.13x
---
[10/11/2025, 12:02:23 p. m.] Spaceman 1: Multiplicador recibido - Game ID: 11041645013, Multiplicador: 1.14x
---
[10/11/2025, 12:02:23 p. m.] Spaceman 1: Multiplicador recibido - Game ID: 11041645013, Multiplicador: 1.15x
---
[10/11/2025, 12:02:24 p. m.] Spaceman 1: Multiplicador recibido - Game ID: 11041645013, Multiplicador: 1.16x
---
[10/11/2025, 12:02:24 p. m.] Spaceman 1: Multiplicador recibido - Game ID: 11041645013, Multiplicador: 1.17x
---
[10/11/2025, 12:02:24 p. m.] Spaceman 1: Multiplicador recibido - Game ID: 11041645013, Multiplicador: 1.18x
---
[10/11/2025, 12:02:24 p. m.] Spaceman 1: Multiplicador recibido - Game ID: 11041645013, Multiplicador: 1.19x
---
[10/11/2025, 12:02:24 p. m.] Spaceman 1: Multiplicador recibido - Game ID: 11041645013, Multiplicador: 1.2x
---
[10/11/2025, 12:02:24 p. m.] Spaceman 1: Multiplicador recibido - Game ID: 11041645013, Multiplicador: 1.21x
---
[10/11/2025, 12:02:24 p. m.] Spaceman 1: Multiplicador recibido - Game ID: 11041645013, Multiplicador: 1.22x
---
[10/11/2025, 12:02:24 p. m.] Spaceman 1: Multiplicador recibido - Game ID: 11041645013, Multiplicador: 1.23x
---
[10/11/2025, 12:02:24 p. m.] Spaceman 1: Multiplicador recibido - Game ID: 11041645013, Multiplicador: 1.24x
---
[10/11/2025, 12:02:25 p. m.] Spaceman 1: Multiplicador recibido - Game ID: 11041645013, Multiplicador: 1.25x
---
[10/11/2025, 12:02:25 p. m.] Spaceman 1: Multiplicador recibido - Game ID: 11041645013, Multiplicador: 1.26x
---
[10/11/2025, 12:02:25 p. m.] Spaceman 1: Multiplicador recibido - Game ID: 11041645013, Multiplicador: 1.27x
---
[10/11/2025, 12:02:25 p. m.] Spaceman 1: Multiplicador recibido - Game ID: 11041645013, Multiplicador: 1.28x
---
[10/11/2025, 12:02:25 p. m.] Spaceman 1: Multiplicador recibido - Game ID: 11041645013, Multiplicador: 1.29x
---
[10/11/2025, 12:02:25 p. m.] Spaceman 1: Multiplicador recibido - Game ID: 11041645013, Multiplicador: 1.3x
---
[10/11/2025, 12:02:25 p. m.] Spaceman 1: Multiplicador recibido - Game ID: 11041645013, Multiplicador: 1.31x
---
[10/11/2025, 12:02:25 p. m.] Spaceman 1: Multiplicador recibido - Game ID: 11041645013, Multiplicador: 1.32x
---
[10/11/2025, 12:02:25 p. m.] Spaceman 1: Multiplicador recibido - Game ID: 11041645013, Multiplicador: 1.33x
---
[10/11/2025, 12:02:25 p. m.] Spaceman 1: Multiplicador recibido - Game ID: 11041645013, Multiplicador: 1.34x
---
[10/11/2025, 12:02:25 p. m.] Spaceman 1: Multiplicador recibido - Game ID: 11041645013, Multiplicador: 1.35x
---
[10/11/2025, 12:02:26 p. m.] Spaceman 1: Multiplicador recibido - Game ID: 11041645013, Multiplicador: 1.36x
---
[10/11/2025, 12:02:26 p. m.] Spaceman 1: Multiplicador recibido - Game ID: 11041645013, Multiplicador: 1.37x
---
[10/11/2025, 12:02:26 p. m.] Spaceman 1: Multiplicador recibido - Game ID: 11041645013, Multiplicador: 1.38x
---
[10/11/2025, 12:02:26 p. m.] Spaceman 1: Multiplicador recibido - Game ID: 11041645013, Multiplicador: 1.39x
---
[10/11/2025, 12:02:26 p. m.] Spaceman 1: Multiplicador recibido - Game ID: 11041645013, Multiplicador: 1.4x
---
[10/11/2025, 12:02:26 p. m.] Spaceman 1: Multiplicador recibido - Game ID: 11041645013, Multiplicador: 1.41x
---
[10/11/2025, 12:02:26 p. m.] Spaceman 1: Multiplicador recibido - Game ID: 11041645013, Multiplicador: 1.42x
---
[10/11/2025, 12:02:26 p. m.] Spaceman 1: Multiplicador recibido - Game ID: 11041645013, Multiplicador: 1.43x
---
[10/11/2025, 12:02:26 p. m.] Spaceman 1: Multiplicador recibido - Game ID: 11041645013, Multiplicador: 1.44x
---
[10/11/2025, 12:02:26 p. m.] Spaceman 1: Multiplicador recibido - Game ID: 11041645013, Multiplicador: 1.45x
---
[10/11/2025, 12:02:26 p. m.] Spaceman 1: Multiplicador recibido - Game ID: 11041645013, Multiplicador: 1.46x
---
[10/11/2025, 12:02:26 p. m.] Spaceman 1: Multiplicador recibido - Game ID: 11041645013, Multiplicador: 1.47x
---
[10/11/2025, 12:02:27 p. m.] Spaceman 1: Multiplicador recibido - Game ID: 11041645013, Multiplicador: 1.48x
---
[10/11/2025, 12:02:27 p. m.] Spaceman 1: Multiplicador recibido - Game ID: 11041645013, Multiplicador: 1.49x
---
[10/11/2025, 12:02:27 p. m.] Spaceman 1: Multiplicador recibido - Game ID: 11041645013, Multiplicador: 1.5x
---
[10/11/2025, 12:02:27 p. m.] Spaceman 1: Multiplicador recibido - Game ID: 11041645013, Multiplicador: 1.51x
---
[10/11/2025, 12:02:27 p. m.] Spaceman 1: Multiplicador recibido - Game ID: 11041645013, Multiplicador: 1.52x
---
[10/11/2025, 12:02:27 p. m.] Spaceman 1: Multiplicador recibido - Game ID: 11041645013, Multiplicador: 1.53x
---
[10/11/2025, 12:02:27 p. m.] Spaceman 1: Multiplicador recibido - Game ID: 11041645013, Multiplicador: 1.54x
---
[10/11/2025, 12:02:27 p. m.] Spaceman 1: Multiplicador recibido - Game ID: 11041645013, Multiplicador: 1.55x
---
[10/11/2025, 12:02:27 p. m.] Spaceman 1: Multiplicador recibido - Game ID: 11041645013, Multiplicador: 1.56x
---
[10/11/2025, 12:02:27 p. m.] Spaceman 1: Multiplicador recibido - Game ID: 11041645013, Multiplicador: 1.57x
---
[10/11/2025, 12:02:27 p. m.] Spaceman 1: Multiplicador recibido - Game ID: 11041645013, Multiplicador: 1.58x
---
[10/11/2025, 12:02:27 p. m.] Spaceman 1: Multiplicador recibido - Game ID: 11041645013, Multiplicador: 1.59x
---
[10/11/2025, 12:02:28 p. m.] Spaceman 1: Multiplicador recibido - Game ID: 11041645013, Multiplicador: 1.6x
---
[10/11/2025, 12:02:28 p. m.] Spaceman 1: Multiplicador recibido - Game ID: 11041645013, Multiplicador: 1.61x
---
[10/11/2025, 12:02:28 p. m.] Spaceman 1: Multiplicador recibido - Game ID: 11041645013, Multiplicador: 1.62x
---
[10/11/2025, 12:02:28 p. m.] Spaceman 1: Multiplicador recibido - Game ID: 11041645013, Multiplicador: 1.63x
---
[10/11/2025, 12:02:28 p. m.] Spaceman 1: Multiplicador recibido - Game ID: 11041645013, Multiplicador: 1.64x
---
[10/11/2025, 12:02:28 p. m.] Spaceman 1: Multiplicador recibido - Game ID: 11041645013, Multiplicador: 1.65x
---
[10/11/2025, 12:02:28 p. m.] Spaceman 1: Multiplicador recibido - Game ID: 11041645013, Multiplicador: 1.66x
---
[10/11/2025, 12:02:28 p. m.] Spaceman 1: Multiplicador recibido - Game ID: 11041645013, Multiplicador: 1.67x
---
[10/11/2025, 12:02:28 p. m.] Spaceman 1: Multiplicador recibido - Game ID: 11041645013, Multiplicador: 1.68x
---
[10/11/2025, 12:02:28 p. m.] Spaceman 1: Multiplicador recibido - Game ID: 11041645013, Multiplicador: 1.69x
---
[10/11/2025, 12:02:28 p. m.] Spaceman 1: Multiplicador recibido - Game ID: 11041645013, Multiplicador: 1.7x
---
[10/11/2025, 12:02:28 p. m.] Spaceman 1: Multiplicador recibido - Game ID: 11041645013, Multiplicador: 1.71x
---
[10/11/2025, 12:02:28 p. m.] Spaceman 1: Multiplicador recibido - Game ID: 11041645013, Multiplicador: 1.72x
---
[10/11/2025, 12:02:28 p. m.] Spaceman 1: Multiplicador recibido - Game ID: 11041645013, Multiplicador: 1.73x
---
[10/11/2025, 12:02:28 p. m.] Spaceman 1: Multiplicador recibido - Game ID: 11041645013, Multiplicador: 1.74x
---
[10/11/2025, 12:02:29 p. m.] Spaceman 1: Multiplicador recibido - Game ID: 11041645013, Multiplicador: 1.75x
---
[10/11/2025, 12:02:29 p. m.] Spaceman 1: Multiplicador recibido - Game ID: 11041645013, Multiplicador: 1.76x
---
[10/11/2025, 12:02:29 p. m.] Spaceman 1: Multiplicador recibido - Game ID: 11041645013, Multiplicador: 1.77x
---
[10/11/2025, 12:02:29 p. m.] Spaceman 1: Multiplicador recibido - Game ID: 11041645013, Multiplicador: 1.78x
---
[10/11/2025, 12:02:29 p. m.] Spaceman 1: Multiplicador recibido - Game ID: 11041645013, Multiplicador: 1.79x
---
[10/11/2025, 12:02:29 p. m.] Spaceman 1: Multiplicador recibido - Game ID: 11041645013, Multiplicador: 1.8x
---
[10/11/2025, 12:02:29 p. m.] Spaceman 1: Multiplicador recibido - Game ID: 11041645013, Multiplicador: 1.81x
---
[10/11/2025, 12:02:29 p. m.] Spaceman 1: Multiplicador recibido - Game ID: 11041645013, Multiplicador: 1.82x
---
[10/11/2025, 12:02:29 p. m.] Spaceman 1: Multiplicador recibido - Game ID: 11041645013, Multiplicador: 1.83x
---
[10/11/2025, 12:02:29 p. m.] Spaceman 1: Multiplicador recibido - Game ID: 11041645013, Multiplicador: 1.84x
---
[10/11/2025, 12:02:29 p. m.] Spaceman 1: Multiplicador recibido - Game ID: 11041645013, Multiplicador: 1.86x
---
[10/11/2025, 12:02:29 p. m.] Spaceman 1: Multiplicador recibido - Game ID: 11041645013, Multiplicador: 1.87x
---
[10/11/2025, 12:02:29 p. m.] Spaceman 1: Multiplicador recibido - Game ID: 11041645013, Multiplicador: 1.88x
---
[10/11/2025, 12:02:29 p. m.] Spaceman 1: Multiplicador recibido - Game ID: 11041645013, Multiplicador: 1.89x
---
[10/11/2025, 12:02:30 p. m.] Spaceman 1: Multiplicador recibido - Game ID: 11041645013, Multiplicador: 1.9x
---
[10/11/2025, 12:02:30 p. m.] Spaceman 1: Ping enviado: 1762794150086
---
[10/11/2025, 12:02:30 p. m.] Spaceman 1: Multiplicador recibido - Game ID: 11041645013, Multiplicador: 1.91x
---
[10/11/2025, 12:02:30 p. m.] Spaceman 1: Multiplicador recibido - Game ID: 11041645013, Multiplicador: 1.92x
---
[10/11/2025, 12:02:30 p. m.] Spaceman 1: Multiplicador recibido - Game ID: 11041645013, Multiplicador: 1.93x
---
[10/11/2025, 12:02:30 p. m.] Spaceman 1: Multiplicador recibido - Game ID: 11041645013, Multiplicador: 1.94x
---
[10/11/2025, 12:02:30 p. m.] Spaceman 1: Multiplicador recibido - Game ID: 11041645013, Multiplicador: 1.95x
---
[10/11/2025, 12:02:30 p. m.] Spaceman 1: Multiplicador recibido - Game ID: 11041645013, Multiplicador: 1.96x
---
[10/11/2025, 12:02:30 p. m.] Spaceman 1: Multiplicador recibido - Game ID: 11041645013, Multiplicador: 1.97x
---
[10/11/2025, 12:02:30 p. m.] Spaceman 1: Multiplicador recibido - Game ID: 11041645013, Multiplicador: 1.98x
---
[10/11/2025, 12:02:30 p. m.] Spaceman 1: Multiplicador recibido - Game ID: 11041645013, Multiplicador: 1.99x
---
[10/11/2025, 12:02:30 p. m.] Spaceman 1: Multiplicador recibido - Game ID: 11041645013, Multiplicador: 2x
---
[10/11/2025, 12:02:30 p. m.] Spaceman 1: Multiplicador recibido - Game ID: 11041645013, Multiplicador: 2.01x
---
[10/11/2025, 12:02:30 p. m.] Spaceman 1: Multiplicador recibido - Game ID: 11041645013, Multiplicador: 2.02x
---
[10/11/2025, 12:02:30 p. m.] Spaceman 1: Multiplicador recibido - Game ID: 11041645013, Multiplicador: 2.03x
---
[10/11/2025, 12:02:30 p. m.] Spaceman 1: Multiplicador recibido - Game ID: 11041645013, Multiplicador: 2.04x
---
[10/11/2025, 12:02:30 p. m.] Spaceman 1: Multiplicador recibido - Game ID: 11041645013, Multiplicador: 2.05x
---
[10/11/2025, 12:02:31 p. m.] Spaceman 1: Multiplicador recibido - Game ID: 11041645013, Multiplicador: 2.06x
---
[10/11/2025, 12:02:31 p. m.] Spaceman 1: Multiplicador recibido - Game ID: 11041645013, Multiplicador: 2.07x
---
[10/11/2025, 12:02:31 p. m.] Spaceman 1: Multiplicador recibido - Game ID: 11041645013, Multiplicador: 2.08x
---
[10/11/2025, 12:02:31 p. m.] Spaceman 1: Multiplicador recibido - Game ID: 11041645013, Multiplicador: 2.09x
---
[10/11/2025, 12:02:31 p. m.] Spaceman 1: Multiplicador recibido - Game ID: 11041645013, Multiplicador: 2.1x
---
[10/11/2025, 12:02:31 p. m.] Spaceman 1: Multiplicador recibido - Game ID: 11041645013, Multiplicador: 2.11x
---
[10/11/2025, 12:02:31 p. m.] Spaceman 1: Multiplicador recibido - Game ID: 11041645013, Multiplicador: 2.12x
---
[10/11/2025, 12:02:31 p. m.] Spaceman 1: Multiplicador recibido - Game ID: 11041645013, Multiplicador: 2.13x
---
[10/11/2025, 12:02:31 p. m.] Spaceman 1: Multiplicador recibido - Game ID: 11041645013, Multiplicador: 2.14x
---
[10/11/2025, 12:02:31 p. m.] Spaceman 1: Multiplicador recibido - Game ID: 11041645013, Multiplicador: 2.15x
---
[10/11/2025, 12:02:31 p. m.] Spaceman 1: Multiplicador recibido - Game ID: 11041645013, Multiplicador: 2.16x
---
[10/11/2025, 12:02:31 p. m.] Spaceman 1: Multiplicador recibido - Game ID: 11041645013, Multiplicador: 2.17x
---
[10/11/2025, 12:02:31 p. m.] Spaceman 1: Multiplicador recibido - Game ID: 11041645013, Multiplicador: 2.18x
---
[10/11/2025, 12:02:31 p. m.] Spaceman 1: Multiplicador recibido - Game ID: 11041645013, Multiplicador: 2.19x
---
[10/11/2025, 12:02:31 p. m.] Spaceman 1: Multiplicador recibido - Game ID: 11041645013, Multiplicador: 2.2x
---
[10/11/2025, 12:02:31 p. m.] Spaceman 1: Multiplicador recibido - Game ID: 11041645013, Multiplicador: 2.21x
---
[10/11/2025, 12:02:31 p. m.] Spaceman 1: Multiplicador recibido - Game ID: 11041645013, Multiplicador: 2.22x
---
[10/11/2025, 12:02:32 p. m.] Spaceman 1: Multiplicador recibido - Game ID: 11041645013, Multiplicador: 2.23x
---
[10/11/2025, 12:02:32 p. m.] Spaceman 1: Multiplicador recibido - Game ID: 11041645013, Multiplicador: 2.24x
---
[10/11/2025, 12:02:32 p. m.] Spaceman 1: Multiplicador recibido - Game ID: 11041645013, Multiplicador: 2.25x
---
[10/11/2025, 12:02:32 p. m.] Spaceman 1: Multiplicador recibido - Game ID: 11041645013, Multiplicador: 2.26x
---
[10/11/2025, 12:02:32 p. m.] Spaceman 1: Multiplicador recibido - Game ID: 11041645013, Multiplicador: 2.27x
---
[10/11/2025, 12:02:32 p. m.] Spaceman 1: Multiplicador recibido - Game ID: 11041645013, Multiplicador: 2.28x
---
[10/11/2025, 12:02:32 p. m.] Spaceman 1: Multiplicador recibido - Game ID: 11041645013, Multiplicador: 2.29x
---
[10/11/2025, 12:02:32 p. m.] Spaceman 1: Multiplicador recibido - Game ID: 11041645013, Multiplicador: 2.3x
---
[10/11/2025, 12:02:32 p. m.] Spaceman 1: Multiplicador recibido - Game ID: 11041645013, Multiplicador: 2.31x
---
[10/11/2025, 12:02:32 p. m.] Spaceman 1: Multiplicador recibido - Game ID: 11041645013, Multiplicador: 2.32x
---
[10/11/2025, 12:02:32 p. m.] Spaceman 1: Multiplicador recibido - Game ID: 11041645013, Multiplicador: 2.33x
---
[10/11/2025, 12:02:32 p. m.] Spaceman 1: Multiplicador recibido - Game ID: 11041645013, Multiplicador: 2.34x
---
[10/11/2025, 12:02:32 p. m.] Spaceman 1: Multiplicador recibido - Game ID: 11041645013, Multiplicador: 2.35x
---
[10/11/2025, 12:02:32 p. m.] Spaceman 1: Multiplicador recibido - Game ID: 11041645013, Multiplicador: 2.36x
---
[10/11/2025, 12:02:32 p. m.] Spaceman 1: Multiplicador recibido - Game ID: 11041645013, Multiplicador: 2.37x
---
[10/11/2025, 12:02:32 p. m.] Spaceman 1: Multiplicador recibido - Game ID: 11041645013, Multiplicador: 2.38x
---
[10/11/2025, 12:02:32 p. m.] Spaceman 1: Multiplicador recibido - Game ID: 11041645013, Multiplicador: 2.39x
---
[10/11/2025, 12:02:32 p. m.] Spaceman 1: Multiplicador recibido - Game ID: 11041645013, Multiplicador: 2.4x
---
[10/11/2025, 12:02:32 p. m.] Spaceman 1: Multiplicador recibido - Game ID: 11041645013, Multiplicador: 2.41x
---
[10/11/2025, 12:02:32 p. m.] Spaceman 1: Multiplicador recibido - Game ID: 11041645013, Multiplicador: 2.42x
---
[10/11/2025, 12:02:33 p. m.] Spaceman 1: Multiplicador recibido - Game ID: 11041645013, Multiplicador: 2.43x
---
[10/11/2025, 12:02:33 p. m.] Spaceman 1: Multiplicador recibido - Game ID: 11041645013, Multiplicador: 2.44x
---
[10/11/2025, 12:02:33 p. m.] Spaceman 1: Multiplicador recibido - Game ID: 11041645013, Multiplicador: 2.45x
---
[10/11/2025, 12:02:33 p. m.] Spaceman 1: Multiplicador recibido - Game ID: 11041645013, Multiplicador: 2.46x
---
[10/11/2025, 12:02:33 p. m.] Spaceman 1: Multiplicador recibido - Game ID: 11041645013, Multiplicador: 2.47x
---
[10/11/2025, 12:02:33 p. m.] Spaceman 1: Multiplicador recibido - Game ID: 11041645013, Multiplicador: 2.48x
---
[10/11/2025, 12:02:33 p. m.] Spaceman 1: Multiplicador recibido - Game ID: 11041645013, Multiplicador: 2.49x
---
[10/11/2025, 12:02:33 p. m.] Spaceman 1: Multiplicador recibido - Game ID: 11041645013, Multiplicador: 2.5x
---
[10/11/2025, 12:02:33 p. m.] Spaceman 1: Multiplicador recibido - Game ID: 11041645013, Multiplicador: 2.51x
---
[10/11/2025, 12:02:33 p. m.] Spaceman 1: Multiplicador recibido - Game ID: 11041645013, Multiplicador: 2.52x
---
[10/11/2025, 12:02:33 p. m.] Spaceman 1: Multiplicador recibido - Game ID: 11041645013, Multiplicador: 2.53x
---
[10/11/2025, 12:02:33 p. m.] Spaceman 1: Multiplicador recibido - Game ID: 11041645013, Multiplicador: 2.54x
---
[10/11/2025, 12:02:33 p. m.] Spaceman 1: Multiplicador recibido - Game ID: 11041645013, Multiplicador: 2.55x
---
[10/11/2025, 12:02:33 p. m.] Spaceman 1: Multiplicador recibido - Game ID: 11041645013, Multiplicador: 2.56x
---
[10/11/2025, 12:02:33 p. m.] Spaceman 1: Multiplicador recibido - Game ID: 11041645013, Multiplicador: 2.57x
---
[10/11/2025, 12:02:33 p. m.] Spaceman 1: Multiplicador recibido - Game ID: 11041645013, Multiplicador: 2.58x
---
[10/11/2025, 12:02:33 p. m.] Spaceman 1: Multiplicador recibido - Game ID: 11041645013, Multiplicador: 2.6x
---
[10/11/2025, 12:02:33 p. m.] Spaceman 1: Multiplicador recibido - Game ID: 11041645013, Multiplicador: 2.61x
---
[10/11/2025, 12:02:33 p. m.] Spaceman 1: Multiplicador recibido - Game ID: 11041645013, Multiplicador: 2.62x
---
[10/11/2025, 12:02:33 p. m.] Spaceman 1: Multiplicador recibido - Game ID: 11041645013, Multiplicador: 2.63x
---
[10/11/2025, 12:02:34 p. m.] Spaceman 1: Multiplicador recibido - Game ID: 11041645013, Multiplicador: 2.64x
---
[10/11/2025, 12:02:34 p. m.] Spaceman 1: Multiplicador recibido - Game ID: 11041645013, Multiplicador: 2.65x
---
[10/11/2025, 12:02:34 p. m.] Spaceman 1: Multiplicador recibido - Game ID: 11041645013, Multiplicador: 2.66x
---
[10/11/2025, 12:02:34 p. m.] Spaceman 1: Multiplicador recibido - Game ID: 11041645013, Multiplicador: 2.67x
---
[10/11/2025, 12:02:34 p. m.] Spaceman 1: Multiplicador recibido - Game ID: 11041645013, Multiplicador: 2.68x
---
[10/11/2025, 12:02:34 p. m.] Spaceman 1: Multiplicador recibido - Game ID: 11041645013, Multiplicador: 2.7x
---
[10/11/2025, 12:02:34 p. m.] Spaceman 1: Multiplicador recibido - Game ID: 11041645013, Multiplicador: 2.71x
---
[10/11/2025, 12:02:34 p. m.] Spaceman 1: Multiplicador recibido - Game ID: 11041645013, Multiplicador: 2.72x
---
[10/11/2025, 12:02:34 p. m.] Spaceman 1: Multiplicador recibido - Game ID: 11041645013, Multiplicador: 2.73x
---
[10/11/2025, 12:02:34 p. m.] Spaceman 1: Multiplicador recibido - Game ID: 11041645013, Multiplicador: 2.74x
---
[10/11/2025, 12:02:34 p. m.] Spaceman 1: Multiplicador recibido - Game ID: 11041645013, Multiplicador: 2.76x
---
[10/11/2025, 12:02:34 p. m.] Spaceman 1: Multiplicador recibido - Game ID: 11041645013, Multiplicador: 2.77x
---
[10/11/2025, 12:02:34 p. m.] Spaceman 1: Multiplicador recibido - Game ID: 11041645013, Multiplicador: 2.78x
---
[10/11/2025, 12:02:34 p. m.] Spaceman 1: Multiplicador recibido - Game ID: 11041645013, Multiplicador: 2.79x
---
[10/11/2025, 12:02:34 p. m.] Spaceman 1: Multiplicador recibido - Game ID: 11041645013, Multiplicador: 2.8x
---
[10/11/2025, 12:02:34 p. m.] Spaceman 1: Multiplicador recibido - Game ID: 11041645013, Multiplicador: 2.81x
---
[10/11/2025, 12:02:34 p. m.] Spaceman 1: Multiplicador recibido - Game ID: 11041645013, Multiplicador: 2.82x
---
[10/11/2025, 12:02:34 p. m.] Spaceman 1: Multiplicador recibido - Game ID: 11041645013, Multiplicador: 2.84x
---
[10/11/2025, 12:02:34 p. m.] Spaceman 1: Multiplicador recibido - Game ID: 11041645013, Multiplicador: 2.85x
---
[10/11/2025, 12:02:34 p. m.] Spaceman 1: Multiplicador recibido - Game ID: 11041645013, Multiplicador: 2.86x
---
[10/11/2025, 12:02:35 p. m.] Spaceman 1: Multiplicador recibido - Game ID: 11041645013, Multiplicador: 2.87x
---
[10/11/2025, 12:02:35 p. m.] Spaceman 1: Multiplicador recibido - Game ID: 11041645013, Multiplicador: 2.88x
---
[10/11/2025, 12:02:35 p. m.] Spaceman 1: Multiplicador recibido - Game ID: 11041645013, Multiplicador: 2.9x
---
[10/11/2025, 12:02:35 p. m.] Spaceman 1: Multiplicador recibido - Game ID: 11041645013, Multiplicador: 2.91x
---
[10/11/2025, 12:02:35 p. m.] Spaceman 1: Multiplicador recibido - Game ID: 11041645013, Multiplicador: 2.92x
---
[10/11/2025, 12:02:35 p. m.] Spaceman 1: Multiplicador recibido - Game ID: 11041645013, Multiplicador: 2.93x
---
[10/11/2025, 12:02:35 p. m.] Spaceman 1: Multiplicador recibido - Game ID: 11041645013, Multiplicador: 2.95x
---
[10/11/2025, 12:02:35 p. m.] Spaceman 1: Multiplicador recibido - Game ID: 11041645013, Multiplicador: 2.96x
---
[10/11/2025, 12:02:35 p. m.] Spaceman 1: Multiplicador recibido - Game ID: 11041645013, Multiplicador: 2.97x
---
[10/11/2025, 12:02:35 p. m.] Spaceman 1: Multiplicador recibido - Game ID: 11041645013, Multiplicador: 2.98x
---
[10/11/2025, 12:02:35 p. m.] Spaceman 1: Multiplicador recibido - Game ID: 11041645013, Multiplicador: 3x
---
[10/11/2025, 12:02:35 p. m.] Spaceman 1: Multiplicador recibido - Game ID: 11041645013, Multiplicador: 3.01x
---
[10/11/2025, 12:02:35 p. m.] Spaceman 1: Multiplicador recibido - Game ID: 11041645013, Multiplicador: 3.02x
---
[10/11/2025, 12:02:35 p. m.] Spaceman 1: Multiplicador recibido - Game ID: 11041645013, Multiplicador: 3.04x
---
[10/11/2025, 12:02:35 p. m.] Spaceman 1: Multiplicador recibido - Game ID: 11041645013, Multiplicador: 3.05x
---
[10/11/2025, 12:02:35 p. m.] Spaceman 1: Multiplicador recibido - Game ID: 11041645013, Multiplicador: 3.06x
---
[10/11/2025, 12:02:35 p. m.] Spaceman 1: Multiplicador recibido - Game ID: 11041645013, Multiplicador: 3.08x
---
[10/11/2025, 12:02:35 p. m.] Spaceman 1: Multiplicador recibido - Game ID: 11041645013, Multiplicador: 3.09x
---
[10/11/2025, 12:02:35 p. m.] Spaceman 1: Multiplicador recibido - Game ID: 11041645013, Multiplicador: 3.1x
---
[10/11/2025, 12:02:36 p. m.] Spaceman 1: Multiplicador recibido - Game ID: 11041645013, Multiplicador: 3.11x
---
[10/11/2025, 12:02:36 p. m.] Spaceman 1: Multiplicador recibido - Game ID: 11041645013, Multiplicador: 3.12x
---
[10/11/2025, 12:02:36 p. m.] Spaceman 1: Multiplicador recibido - Game ID: 11041645013, Multiplicador: 3.14x
---
[10/11/2025, 12:02:36 p. m.] Spaceman 1: Multiplicador recibido - Game ID: 11041645013, Multiplicador: 3.15x
---
[10/11/2025, 12:02:36 p. m.] Spaceman 1: Multiplicador recibido - Game ID: 11041645013, Multiplicador: 3.16x
---
[10/11/2025, 12:02:36 p. m.] Spaceman 1: Multiplicador recibido - Game ID: 11041645013, Multiplicador: 3.18x
---
[10/11/2025, 12:02:36 p. m.] Spaceman 1: Multiplicador recibido - Game ID: 11041645013, Multiplicador: 3.19x
---
[10/11/2025, 12:02:36 p. m.] Spaceman 1: Multiplicador recibido - Game ID: 11041645013, Multiplicador: 3.2x
---
[10/11/2025, 12:02:36 p. m.] Spaceman 1: Multiplicador recibido - Game ID: 11041645013, Multiplicador: 3.22x
---
[10/11/2025, 12:02:36 p. m.] Spaceman 1: Multiplicador recibido - Game ID: 11041645013, Multiplicador: 3.23x
---
[10/11/2025, 12:02:36 p. m.] Spaceman 1: Multiplicador recibido - Game ID: 11041645013, Multiplicador: 3.24x
---
[10/11/2025, 12:02:36 p. m.] Spaceman 1: Multiplicador recibido - Game ID: 11041645013, Multiplicador: 3.26x
---
[10/11/2025, 12:02:36 p. m.] Spaceman 1: Multiplicador recibido - Game ID: 11041645013, Multiplicador: 3.27x
---
[10/11/2025, 12:02:36 p. m.] Spaceman 1: Multiplicador recibido - Game ID: 11041645013, Multiplicador: 3.29x
---
[10/11/2025, 12:02:36 p. m.] Spaceman 1: Multiplicador recibido - Game ID: 11041645013, Multiplicador: 3.3x
---
[10/11/2025, 12:02:36 p. m.] Spaceman 1: Multiplicador recibido - Game ID: 11041645013, Multiplicador: 3.31x
---
[10/11/2025, 12:02:36 p. m.] Spaceman 1: Multiplicador recibido - Game ID: 11041645013, Multiplicador: 3.33x
---
[10/11/2025, 12:02:36 p. m.] Spaceman 1: Multiplicador recibido - Game ID: 11041645013, Multiplicador: 3.34x
---
[10/11/2025, 12:02:36 p. m.] Spaceman 1: Multiplicador recibido - Game ID: 11041645013, Multiplicador: 3.36x
---
[10/11/2025, 12:02:36 p. m.] Spaceman 1: Multiplicador recibido - Game ID: 11041645013, Multiplicador: 3.37x
---
[10/11/2025, 12:02:37 p. m.] Spaceman 1: Multiplicador recibido - Game ID: 11041645013, Multiplicador: 3.39x
---
[10/11/2025, 12:02:37 p. m.] Spaceman 1: Multiplicador recibido - Game ID: 11041645013, Multiplicador: 3.4x
---
[10/11/2025, 12:02:37 p. m.] Spaceman 1: Multiplicador recibido - Game ID: 11041645013, Multiplicador: 3.41x
---
[10/11/2025, 12:02:37 p. m.] Spaceman 1: Multiplicador recibido - Game ID: 11041645013, Multiplicador: 3.43x
---
[10/11/2025, 12:02:37 p. m.] Spaceman 1: Multiplicador recibido - Game ID: 11041645013, Multiplicador: 3.44x
---
[10/11/2025, 12:02:37 p. m.] Spaceman 1: Multiplicador recibido - Game ID: 11041645013, Multiplicador: 3.46x
---
[10/11/2025, 12:02:37 p. m.] Spaceman 1: Multiplicador recibido - Game ID: 11041645013, Multiplicador: 3.47x
---
[10/11/2025, 12:02:37 p. m.] Spaceman 1: Multiplicador recibido - Game ID: 11041645013, Multiplicador: 3.48x
---
[10/11/2025, 12:02:37 p. m.] Spaceman 1: Multiplicador recibido - Game ID: 11041645013, Multiplicador: 3.5x
---
[10/11/2025, 12:02:37 p. m.] Spaceman 1: Multiplicador recibido - Game ID: 11041645013, Multiplicador: 3.51x
---
[10/11/2025, 12:02:37 p. m.] Spaceman 1: Multiplicador recibido - Game ID: 11041645013, Multiplicador: 3.53x
---
[10/11/2025, 12:02:37 p. m.] Spaceman 1: Multiplicador recibido - Game ID: 11041645013, Multiplicador: 3.54x
---
[10/11/2025, 12:02:37 p. m.] Spaceman 1: Multiplicador recibido - Game ID: 11041645013, Multiplicador: 3.56x
---
[10/11/2025, 12:02:37 p. m.] Spaceman 1: Multiplicador recibido - Game ID: 11041645013, Multiplicador: 3.57x
---
[10/11/2025, 12:02:37 p. m.] Spaceman 1: Multiplicador recibido - Game ID: 11041645013, Multiplicador: 3.59x
---
[10/11/2025, 12:02:37 p. m.] Spaceman 1: Multiplicador recibido - Game ID: 11041645013, Multiplicador: 3.6x
---
[10/11/2025, 12:02:37 p. m.] Spaceman 1: Multiplicador recibido - Game ID: 11041645013, Multiplicador: 3.62x
---
[10/11/2025, 12:02:37 p. m.] Spaceman 1: Multiplicador recibido - Game ID: 11041645013, Multiplicador: 3.63x
---
[10/11/2025, 12:02:37 p. m.] Spaceman 1: Multiplicador recibido - Game ID: 11041645013, Multiplicador: 3.65x
---
[10/11/2025, 12:02:37 p. m.] Spaceman 1: Multiplicador recibido - Game ID: 11041645013, Multiplicador: 3.66x
---
[10/11/2025, 12:02:38 p. m.] Spaceman 1: Multiplicador recibido - Game ID: 11041645013, Multiplicador: 3.68x
---
[10/11/2025, 12:02:38 p. m.] Spaceman 1: Multiplicador recibido - Game ID: 11041645013, Multiplicador: 3.69x
---
[10/11/2025, 12:02:38 p. m.] Spaceman 1: Multiplicador recibido - Game ID: 11041645013, Multiplicador: 3.71x
---
[10/11/2025, 12:02:38 p. m.] Spaceman 1: Multiplicador recibido - Game ID: 11041645013, Multiplicador: 3.72x
---
[10/11/2025, 12:02:38 p. m.] Spaceman 1: Multiplicador recibido - Game ID: 11041645013, Multiplicador: 3.74x
---
[10/11/2025, 12:02:38 p. m.] Spaceman 1: Multiplicador recibido - Game ID: 11041645013, Multiplicador: 3.76x
---
[10/11/2025, 12:02:38 p. m.] Spaceman 1: Multiplicador recibido - Game ID: 11041645013, Multiplicador: 3.77x
---
[10/11/2025, 12:02:38 p. m.] Spaceman 1: Multiplicador recibido - Game ID: 11041645013, Multiplicador: 3.79x
---
[10/11/2025, 12:02:38 p. m.] Spaceman 1: Multiplicador recibido - Game ID: 11041645013, Multiplicador: 3.8x
---
[10/11/2025, 12:02:38 p. m.] Spaceman 1: Multiplicador recibido - Game ID: 11041645013, Multiplicador: 3.82x
---
[10/11/2025, 12:02:38 p. m.] Spaceman 1: Multiplicador recibido - Game ID: 11041645013, Multiplicador: 3.83x
---
[10/11/2025, 12:02:38 p. m.] Spaceman 1: Multiplicador recibido - Game ID: 11041645013, Multiplicador: 3.84x
---
[10/11/2025, 12:02:40 p. m.] Spaceman 1: Ping enviado: 1762794160095
---
[10/11/2025, 12:02:48 p. m.] Spaceman 1: Multiplicador recibido - Game ID: 11041645113, Multiplicador: 1.01x
---
[10/11/2025, 12:02:48 p. m.] Spaceman 1: Multiplicador recibido - Game ID: 11041645113, Multiplicador: 1.02x
---
[10/11/2025, 12:02:48 p. m.] Spaceman 1: Multiplicador recibido - Game ID: 11041645113, Multiplicador: 1.03x
---
[10/11/2025, 12:02:49 p. m.] Spaceman 1: Multiplicador recibido - Game ID: 11041645113, Multiplicador: 1.04x
---
[10/11/2025, 12:02:49 p. m.] Spaceman 1: Multiplicador recibido - Game ID: 11041645113, Multiplicador: 1.05x
---
[10/11/2025, 12:02:49 p. m.] Spaceman 1: Multiplicador recibido - Game ID: 11041645113, Multiplicador: 1.06x
---
[10/11/2025, 12:02:49 p. m.] Spaceman 1: Multiplicador recibido - Game ID: 11041645113, Multiplicador: 1.07x
---
[10/11/2025, 12:02:49 p. m.] Spaceman 1: Multiplicador recibido - Game ID: 11041645113, Multiplicador: 1.08x
---
[10/11/2025, 12:02:49 p. m.] Spaceman 1: Multiplicador recibido - Game ID: 11041645113, Multiplicador: 1.09x
---
[10/11/2025, 12:02:49 p. m.] Spaceman 1: Multiplicador recibido - Game ID: 11041645113, Multiplicador: 1.1x
---
[10/11/2025, 12:02:49 p. m.] Spaceman 1: Multiplicador recibido - Game ID: 11041645113, Multiplicador: 1.11x
---
[10/11/2025, 12:02:49 p. m.] Spaceman 1: Multiplicador recibido - Game ID: 11041645113, Multiplicador: 1.12x
---
[10/11/2025, 12:02:50 p. m.] Spaceman 1: Ping enviado: 1762794170105
---
[10/11/2025, 12:02:50 p. m.] Spaceman 1: Multiplicador recibido - Game ID: 11041645113, Multiplicador: 1.13x
---
[10/11/2025, 12:02:50 p. m.] Spaceman 1: Multiplicador recibido - Game ID: 11041645113, Multiplicador: 1.14x
---
[10/11/2025, 12:02:50 p. m.] Spaceman 1: Multiplicador recibido - Game ID: 11041645113, Multiplicador: 1.15x
---
[10/11/2025, 12:02:50 p. m.] Spaceman 1: Multiplicador recibido - Game ID: 11041645113, Multiplicador: 1.16x
---
[10/11/2025, 12:02:50 p. m.] Spaceman 1: Multiplicador recibido - Game ID: 11041645113, Multiplicador: 1.17x
---
[10/11/2025, 12:02:50 p. m.] Spaceman 1: Multiplicador recibido - Game ID: 11041645113, Multiplicador: 1.18x
---
[10/11/2025, 12:02:50 p. m.] Spaceman 1: Multiplicador recibido - Game ID: 11041645113, Multiplicador: 1.19x
---
[10/11/2025, 12:02:50 p. m.] Spaceman 1: Multiplicador recibido - Game ID: 11041645113, Multiplicador: 1.2x
---
[10/11/2025, 12:02:50 p. m.] Spaceman 1: Multiplicador recibido - Game ID: 11041645113, Multiplicador: 1.21x
---
[10/11/2025, 12:02:51 p. m.] Spaceman 1: Multiplicador recibido - Game ID: 11041645113, Multiplicador: 1.22x
---
[10/11/2025, 12:02:51 p. m.] Spaceman 1: Multiplicador recibido - Game ID: 11041645113, Multiplicador: 1.23x
---
[10/11/2025, 12:02:51 p. m.] Spaceman 1: Multiplicador recibido - Game ID: 11041645113, Multiplicador: 1.24x
---
[10/11/2025, 12:02:51 p. m.] Spaceman 1: Multiplicador recibido - Game ID: 11041645113, Multiplicador: 1.25x
---
[10/11/2025, 12:02:51 p. m.] Spaceman 1: Multiplicador recibido - Game ID: 11041645113, Multiplicador: 1.26x
---
[10/11/2025, 12:02:51 p. m.] Spaceman 1: Multiplicador recibido - Game ID: 11041645113, Multiplicador: 1.27x
---
[10/11/2025, 12:02:51 p. m.] Spaceman 1: Multiplicador recibido - Game ID: 11041645113, Multiplicador: 1.28x
---
[10/11/2025, 12:02:51 p. m.] Spaceman 1: Multiplicador recibido - Game ID: 11041645113, Multiplicador: 1.29x
---
[10/11/2025, 12:02:51 p. m.] Spaceman 1: Multiplicador recibido - Game ID: 11041645113, Multiplicador: 1.3x
---
[10/11/2025, 12:02:51 p. m.] Spaceman 1: Multiplicador recibido - Game ID: 11041645113, Multiplicador: 1.31x
---
[10/11/2025, 12:02:51 p. m.] Spaceman 1: Multiplicador recibido - Game ID: 11041645113, Multiplicador: 1.32x
---
[10/11/2025, 12:02:52 p. m.] Spaceman 1: Multiplicador recibido - Game ID: 11041645113, Multiplicador: 1.33x
---
[10/11/2025, 12:02:52 p. m.] Spaceman 1: Multiplicador recibido - Game ID: 11041645113, Multiplicador: 1.34x
---
[10/11/2025, 12:02:52 p. m.] Spaceman 1: Multiplicador recibido - Game ID: 11041645113, Multiplicador: 1.35x
---
[10/11/2025, 12:02:52 p. m.] Spaceman 1: Multiplicador recibido - Game ID: 11041645113, Multiplicador: 1.36x
---
[10/11/2025, 12:02:52 p. m.] Spaceman 1: Multiplicador recibido - Game ID: 11041645113, Multiplicador: 1.37x
---
[10/11/2025, 12:02:52 p. m.] Spaceman 1: Multiplicador recibido - Game ID: 11041645113, Multiplicador: 1.38x
---
[10/11/2025, 12:02:52 p. m.] Spaceman 1: Multiplicador recibido - Game ID: 11041645113, Multiplicador: 1.39x
---
[10/11/2025, 12:02:52 p. m.] Spaceman 1: Multiplicador recibido - Game ID: 11041645113, Multiplicador: 1.4x
---
[10/11/2025, 12:02:52 p. m.] Spaceman 1: Multiplicador recibido - Game ID: 11041645113, Multiplicador: 1.41x
---
[10/11/2025, 12:02:52 p. m.] Spaceman 1: Multiplicador recibido - Game ID: 11041645113, Multiplicador: 1.42x
---
[10/11/2025, 12:02:52 p. m.] Spaceman 1: Multiplicador recibido - Game ID: 11041645113, Multiplicador: 1.43x
---
[10/11/2025, 12:02:53 p. m.] Spaceman 1: Multiplicador recibido - Game ID: 11041645113, Multiplicador: 1.44x
---
[10/11/2025, 12:02:53 p. m.] Spaceman 1: Multiplicador recibido - Game ID: 11041645113, Multiplicador: 1.45x
---
[10/11/2025, 12:02:53 p. m.] Spaceman 1: Multiplicador recibido - Game ID: 11041645113, Multiplicador: 1.46x
---
[10/11/2025, 12:02:53 p. m.] Spaceman 1: Multiplicador recibido - Game ID: 11041645113, Multiplicador: 1.47x
---
[10/11/2025, 12:02:53 p. m.] Spaceman 1: Multiplicador recibido - Game ID: 11041645113, Multiplicador: 1.48x
---
[10/11/2025, 12:02:53 p. m.] Spaceman 1: Multiplicador recibido - Game ID: 11041645113, Multiplicador: 1.49x
---
[10/11/2025, 12:02:53 p. m.] Spaceman 1: Multiplicador recibido - Game ID: 11041645113, Multiplicador: 1.5x
---
[10/11/2025, 12:02:53 p. m.] Spaceman 1: Multiplicador recibido - Game ID: 11041645113, Multiplicador: 1.51x
---
[10/11/2025, 12:02:53 p. m.] Spaceman 1: Multiplicador recibido - Game ID: 11041645113, Multiplicador: 1.52x
---
[10/11/2025, 12:02:53 p. m.] Spaceman 1: Multiplicador recibido - Game ID: 11041645113, Multiplicador: 1.53x
---
[10/11/2025, 12:02:53 p. m.] Spaceman 1: Multiplicador recibido - Game ID: 11041645113, Multiplicador: 1.54x
---
[10/11/2025, 12:02:53 p. m.] Spaceman 1: Multiplicador recibido - Game ID: 11041645113, Multiplicador: 1.55x
---
[10/11/2025, 12:02:54 p. m.] Spaceman 1: Multiplicador recibido - Game ID: 11041645113, Multiplicador: 1.56x
---
[10/11/2025, 12:02:54 p. m.] Spaceman 1: Multiplicador recibido - Game ID: 11041645113, Multiplicador: 1.57x
---
[10/11/2025, 12:02:54 p. m.] Spaceman 1: Multiplicador recibido - Game ID: 11041645113, Multiplicador: 1.58x
---
[10/11/2025, 12:02:54 p. m.] Spaceman 1: Multiplicador recibido - Game ID: 11041645113, Multiplicador: 1.59x
---
[10/11/2025, 12:02:54 p. m.] Spaceman 1: Multiplicador recibido - Game ID: 11041645113, Multiplicador: 1.6x
---
[10/11/2025, 12:02:54 p. m.] Spaceman 1: Multiplicador recibido - Game ID: 11041645113, Multiplicador: 1.61x
---
[10/11/2025, 12:02:54 p. m.] Spaceman 1: Multiplicador recibido - Game ID: 11041645113, Multiplicador: 1.62x
---
[10/11/2025, 12:02:54 p. m.] Spaceman 1: Multiplicador recibido - Game ID: 11041645113, Multiplicador: 1.63x
---
[10/11/2025, 12:02:54 p. m.] Spaceman 1: Multiplicador recibido - Game ID: 11041645113, Multiplicador: 1.64x
---
[10/11/2025, 12:02:54 p. m.] Spaceman 1: Multiplicador recibido - Game ID: 11041645113, Multiplicador: 1.65x
---
[10/11/2025, 12:02:54 p. m.] Spaceman 1: Multiplicador recibido - Game ID: 11041645113, Multiplicador: 1.66x
---
[10/11/2025, 12:02:54 p. m.] Spaceman 1: Multiplicador recibido - Game ID: 11041645113, Multiplicador: 1.67x
---
[10/11/2025, 12:02:54 p. m.] Spaceman 1: Multiplicador recibido - Game ID: 11041645113, Multiplicador: 1.68x
---
[10/11/2025, 12:02:54 p. m.] Spaceman 1: Multiplicador recibido - Game ID: 11041645113, Multiplicador: 1.69x
---
[10/11/2025, 12:02:55 p. m.] Spaceman 1: Multiplicador recibido - Game ID: 11041645113, Multiplicador: 1.7x
---
[10/11/2025, 12:02:55 p. m.] Spaceman 1: Multiplicador recibido - Game ID: 11041645113, Multiplicador: 1.71x
---
[10/11/2025, 12:02:55 p. m.] Spaceman 1: Multiplicador recibido - Game ID: 11041645113, Multiplicador: 1.72x
---
[10/11/2025, 12:02:55 p. m.] Spaceman 1: Multiplicador recibido - Game ID: 11041645113, Multiplicador: 1.73x
---
[10/11/2025, 12:02:55 p. m.] Spaceman 1: Multiplicador recibido - Game ID: 11041645113, Multiplicador: 1.74x
---
[10/11/2025, 12:02:55 p. m.] Spaceman 1: Multiplicador recibido - Game ID: 11041645113, Multiplicador: 1.75x
---
[10/11/2025, 12:02:55 p. m.] Spaceman 1: Multiplicador recibido - Game ID: 11041645113, Multiplicador: 1.76x
---
[10/11/2025, 12:02:55 p. m.] Spaceman 1: Multiplicador recibido - Game ID: 11041645113, Multiplicador: 1.77x
---
[10/11/2025, 12:02:55 p. m.] Spaceman 1: Multiplicador recibido - Game ID: 11041645113, Multiplicador: 1.78x
---
[10/11/2025, 12:02:55 p. m.] Spaceman 1: Multiplicador recibido - Game ID: 11041645113, Multiplicador: 1.79x
---
[10/11/2025, 12:02:55 p. m.] Spaceman 1: Multiplicador recibido - Game ID: 11041645113, Multiplicador: 1.8x
---
[10/11/2025, 12:02:55 p. m.] Spaceman 1: Multiplicador recibido - Game ID: 11041645113, Multiplicador: 1.81x
---
[10/11/2025, 12:02:55 p. m.] Spaceman 1: Multiplicador recibido - Game ID: 11041645113, Multiplicador: 1.82x
---
[10/11/2025, 12:02:55 p. m.] Spaceman 1: Multiplicador recibido - Game ID: 11041645113, Multiplicador: 1.83x
---
[10/11/2025, 12:02:55 p. m.] Spaceman 1: Multiplicador recibido - Game ID: 11041645113, Multiplicador: 1.84x
---
[10/11/2025, 12:02:56 p. m.] Spaceman 1: Multiplicador recibido - Game ID: 11041645113, Multiplicador: 1.85x
---
[10/11/2025, 12:02:56 p. m.] Spaceman 1: Multiplicador recibido - Game ID: 11041645113, Multiplicador: 1.86x
---
[10/11/2025, 12:02:56 p. m.] Spaceman 1: Multiplicador recibido - Game ID: 11041645113, Multiplicador: 1.87x
---
[10/11/2025, 12:02:56 p. m.] Spaceman 1: Multiplicador recibido - Game ID: 11041645113, Multiplicador: 1.88x
---
[10/11/2025, 12:02:56 p. m.] Spaceman 1: Multiplicador recibido - Game ID: 11041645113, Multiplicador: 1.89x
---
[10/11/2025, 12:02:56 p. m.] Spaceman 1: Multiplicador recibido - Game ID: 11041645113, Multiplicador: 1.9x
---
[10/11/2025, 12:02:56 p. m.] Spaceman 1: Multiplicador recibido - Game ID: 11041645113, Multiplicador: 1.91x
---
[10/11/2025, 12:02:56 p. m.] Spaceman 1: Multiplicador recibido - Game ID: 11041645113, Multiplicador: 1.92x
---
[10/11/2025, 12:02:56 p. m.] Spaceman 1: Multiplicador recibido - Game ID: 11041645113, Multiplicador: 1.93x
---
[10/11/2025, 12:02:56 p. m.] Spaceman 1: Multiplicador recibido - Game ID: 11041645113, Multiplicador: 1.94x
---
[10/11/2025, 12:02:56 p. m.] Spaceman 1: Multiplicador recibido - Game ID: 11041645113, Multiplicador: 1.95x
---
[10/11/2025, 12:02:56 p. m.] Spaceman 1: Multiplicador recibido - Game ID: 11041645113, Multiplicador: 1.96x
---
[10/11/2025, 12:02:56 p. m.] Spaceman 1: Multiplicador recibido - Game ID: 11041645113, Multiplicador: 1.97x
---
[10/11/2025, 12:02:56 p. m.] Spaceman 1: Multiplicador recibido - Game ID: 11041645113, Multiplicador: 1.98x
---
[10/11/2025, 12:02:56 p. m.] Spaceman 1: Multiplicador recibido - Game ID: 11041645113, Multiplicador: 1.99x
---
[10/11/2025, 12:02:56 p. m.] Spaceman 1: Multiplicador recibido - Game ID: 11041645113, Multiplicador: 2x
---
[10/11/2025, 12:02:57 p. m.] Spaceman 1: Multiplicador recibido - Game ID: 11041645113, Multiplicador: 2.01x
---
[10/11/2025, 12:02:57 p. m.] Spaceman 1: Multiplicador recibido - Game ID: 11041645113, Multiplicador: 2.02x
---
[10/11/2025, 12:02:57 p. m.] Spaceman 1: Multiplicador recibido - Game ID: 11041645113, Multiplicador: 2.03x
---
[10/11/2025, 12:02:57 p. m.] Spaceman 1: Multiplicador recibido - Game ID: 11041645113, Multiplicador: 2.04x
---
[10/11/2025, 12:02:57 p. m.] Spaceman 1: Multiplicador recibido - Game ID: 11041645113, Multiplicador: 2.05x
---
[10/11/2025, 12:02:57 p. m.] Spaceman 1: Multiplicador recibido - Game ID: 11041645113, Multiplicador: 2.06x
---
[10/11/2025, 12:02:57 p. m.] Spaceman 1: Multiplicador recibido - Game ID: 11041645113, Multiplicador: 2.07x
---
[10/11/2025, 12:02:57 p. m.] Spaceman 1: Multiplicador recibido - Game ID: 11041645113, Multiplicador: 2.08x
---
[10/11/2025, 12:02:57 p. m.] Spaceman 1: Multiplicador recibido - Game ID: 11041645113, Multiplicador: 2.09x
---
[10/11/2025, 12:02:57 p. m.] Spaceman 1: Multiplicador recibido - Game ID: 11041645113, Multiplicador: 2.1x
---
[10/11/2025, 12:02:57 p. m.] Spaceman 1: Multiplicador recibido - Game ID: 11041645113, Multiplicador: 2.11x
---
[10/11/2025, 12:02:57 p. m.] Spaceman 1: Multiplicador recibido - Game ID: 11041645113, Multiplicador: 2.12x
---
[10/11/2025, 12:02:57 p. m.] Spaceman 1: Multiplicador recibido - Game ID: 11041645113, Multiplicador: 2.13x
---
[10/11/2025, 12:02:57 p. m.] Spaceman 1: Multiplicador recibido - Game ID: 11041645113, Multiplicador: 2.14x
---
[10/11/2025, 12:02:57 p. m.] Spaceman 1: Multiplicador recibido - Game ID: 11041645113, Multiplicador: 2.15x
---
[10/11/2025, 12:02:57 p. m.] Spaceman 1: Multiplicador recibido - Game ID: 11041645113, Multiplicador: 2.16x
---
[10/11/2025, 12:02:57 p. m.] Spaceman 1: Multiplicador recibido - Game ID: 11041645113, Multiplicador: 2.17x
---
[10/11/2025, 12:02:58 p. m.] Spaceman 1: Multiplicador recibido - Game ID: 11041645113, Multiplicador: 2.18x
---
[10/11/2025, 12:02:58 p. m.] Spaceman 1: Multiplicador recibido - Game ID: 11041645113, Multiplicador: 2.19x
---
[10/11/2025, 12:02:58 p. m.] Spaceman 1: Multiplicador recibido - Game ID: 11041645113, Multiplicador: 2.2x
---
[10/11/2025, 12:02:58 p. m.] Spaceman 1: Multiplicador recibido - Game ID: 11041645113, Multiplicador: 2.22x
---
[10/11/2025, 12:02:58 p. m.] Spaceman 1: Multiplicador recibido - Game ID: 11041645113, Multiplicador: 2.23x
---
[10/11/2025, 12:02:58 p. m.] Spaceman 1: Multiplicador recibido - Game ID: 11041645113, Multiplicador: 2.24x
---
[10/11/2025, 12:02:58 p. m.] Spaceman 1: Multiplicador recibido - Game ID: 11041645113, Multiplicador: 2.25x
---
[10/11/2025, 12:02:58 p. m.] Spaceman 1: Multiplicador recibido - Game ID: 11041645113, Multiplicador: 2.26x
---
[10/11/2025, 12:02:58 p. m.] Spaceman 1: Multiplicador recibido - Game ID: 11041645113, Multiplicador: 2.27x
---
[10/11/2025, 12:02:58 p. m.] Spaceman 1: Multiplicador recibido - Game ID: 11041645113, Multiplicador: 2.28x
---
[10/11/2025, 12:02:58 p. m.] Spaceman 1: Multiplicador recibido - Game ID: 11041645113, Multiplicador: 2.29x
---
[10/11/2025, 12:02:58 p. m.] Spaceman 1: Multiplicador recibido - Game ID: 11041645113, Multiplicador: 2.3x
---
[10/11/2025, 12:02:58 p. m.] Spaceman 1: Multiplicador recibido - Game ID: 11041645113, Multiplicador: 2.31x
---
[10/11/2025, 12:02:58 p. m.] Spaceman 1: Multiplicador recibido - Game ID: 11041645113, Multiplicador: 2.32x
---
[10/11/2025, 12:02:58 p. m.] Spaceman 1: Multiplicador recibido - Game ID: 11041645113, Multiplicador: 2.33x
---
[10/11/2025, 12:02:58 p. m.] Spaceman 1: Multiplicador recibido - Game ID: 11041645113, Multiplicador: 2.35x
---
[10/11/2025, 12:02:59 p. m.] Spaceman 1: Multiplicador recibido - Game ID: 11041645113, Multiplicador: 2.36x
---
[10/11/2025, 12:02:59 p. m.] Spaceman 1: Multiplicador recibido - Game ID: 11041645113, Multiplicador: 2.38x
---
[10/11/2025, 12:02:59 p. m.] Spaceman 1: Multiplicador recibido - Game ID: 11041645113, Multiplicador: 2.39x
---
[10/11/2025, 12:02:59 p. m.] Spaceman 1: Multiplicador recibido - Game ID: 11041645113, Multiplicador: 2.4x
---
[10/11/2025, 12:02:59 p. m.] Spaceman 1: Multiplicador recibido - Game ID: 11041645113, Multiplicador: 2.41x
---
[10/11/2025, 12:02:59 p. m.] Spaceman 1: Multiplicador recibido - Game ID: 11041645113, Multiplicador: 2.42x
---
[10/11/2025, 12:02:59 p. m.] Spaceman 1: Multiplicador recibido - Game ID: 11041645113, Multiplicador: 2.43x
---
[10/11/2025, 12:02:59 p. m.] Spaceman 1: Multiplicador recibido - Game ID: 11041645113, Multiplicador: 2.44x
---
[10/11/2025, 12:02:59 p. m.] Spaceman 1: Multiplicador recibido - Game ID: 11041645113, Multiplicador: 2.45x
---
[10/11/2025, 12:02:59 p. m.] Spaceman 1: Multiplicador recibido - Game ID: 11041645113, Multiplicador: 2.46x
---
[10/11/2025, 12:02:59 p. m.] Spaceman 1: Multiplicador recibido - Game ID: 11041645113, Multiplicador: 2.47x
---
[10/11/2025, 12:02:59 p. m.] Spaceman 1: Multiplicador recibido - Game ID: 11041645113, Multiplicador: 2.48x
---
[10/11/2025, 12:02:59 p. m.] Spaceman 1: Multiplicador recibido - Game ID: 11041645113, Multiplicador: 2.49x
---
[10/11/2025, 12:02:59 p. m.] Spaceman 1: Multiplicador recibido - Game ID: 11041645113, Multiplicador: 2.5x
---
[10/11/2025, 12:02:59 p. m.] Spaceman 1: Multiplicador recibido - Game ID: 11041645113, Multiplicador: 2.51x
---
[10/11/2025, 12:02:59 p. m.] Spaceman 1: Multiplicador recibido - Game ID: 11041645113, Multiplicador: 2.52x
---
[10/11/2025, 12:02:59 p. m.] Spaceman 1: Multiplicador recibido - Game ID: 11041645113, Multiplicador: 2.53x
---
[10/11/2025, 12:02:59 p. m.] Spaceman 1: Multiplicador recibido - Game ID: 11041645113, Multiplicador: 2.54x
---
[10/11/2025, 12:02:59 p. m.] Spaceman 1: Multiplicador recibido - Game ID: 11041645113, Multiplicador: 2.55x
---
[10/11/2025, 12:02:59 p. m.] Spaceman 1: Multiplicador recibido - Game ID: 11041645113, Multiplicador: 2.56x
---
[10/11/2025, 12:03:00 p. m.] Spaceman 1: Multiplicador recibido - Game ID: 11041645113, Multiplicador: 2.58x
---
[10/11/2025, 12:03:00 p. m.] Spaceman 1: Multiplicador recibido - Game ID: 11041645113, Multiplicador: 2.59x
---
[10/11/2025, 12:03:00 p. m.] Spaceman 1: Ping enviado: 1762794180117
---
[10/11/2025, 12:03:00 p. m.] Spaceman 1: Multiplicador recibido - Game ID: 11041645113, Multiplicador: 2.6x
---
[10/11/2025, 12:03:00 p. m.] Spaceman 1: Multiplicador recibido - Game ID: 11041645113, Multiplicador: 2.61x
---
[10/11/2025, 12:03:00 p. m.] Spaceman 1: Multiplicador recibido - Game ID: 11041645113, Multiplicador: 2.62x
---
[10/11/2025, 12:03:00 p. m.] Spaceman 1: Multiplicador recibido - Game ID: 11041645113, Multiplicador: 2.63x
---
[10/11/2025, 12:03:00 p. m.] Spaceman 1: Multiplicador recibido - Game ID: 11041645113, Multiplicador: 2.64x
---
[10/11/2025, 12:03:00 p. m.] Spaceman 1: Multiplicador recibido - Game ID: 11041645113, Multiplicador: 2.65x
---
[10/11/2025, 12:03:00 p. m.] Spaceman 1: Multiplicador recibido - Game ID: 11041645113, Multiplicador: 2.66x
---
[10/11/2025, 12:03:00 p. m.] Spaceman 1: Multiplicador recibido - Game ID: 11041645113, Multiplicador: 2.67x
---
[10/11/2025, 12:03:00 p. m.] Spaceman 1: Multiplicador recibido - Game ID: 11041645113, Multiplicador: 2.69x
---
[10/11/2025, 12:03:00 p. m.] Spaceman 1: Multiplicador recibido - Game ID: 11041645113, Multiplicador: 2.7x
---
[10/11/2025, 12:03:00 p. m.] Spaceman 1: Multiplicador recibido - Game ID: 11041645113, Multiplicador: 2.71x
---
[10/11/2025, 12:03:00 p. m.] Spaceman 1: Multiplicador recibido - Game ID: 11041645113, Multiplicador: 2.72x
---
[10/11/2025, 12:03:00 p. m.] Spaceman 1: Multiplicador recibido - Game ID: 11041645113, Multiplicador: 2.73x
---
[10/11/2025, 12:03:00 p. m.] Spaceman 1: Multiplicador recibido - Game ID: 11041645113, Multiplicador: 2.74x
---
[10/11/2025, 12:03:00 p. m.] Spaceman 1: Multiplicador recibido - Game ID: 11041645113, Multiplicador: 2.75x
---
[10/11/2025, 12:03:00 p. m.] Spaceman 1: Multiplicador recibido - Game ID: 11041645113, Multiplicador: 2.77x
---
[10/11/2025, 12:03:00 p. m.] Spaceman 1: Multiplicador recibido - Game ID: 11041645113, Multiplicador: 2.78x
---
[10/11/2025, 12:03:01 p. m.] Spaceman 1: Multiplicador recibido - Game ID: 11041645113, Multiplicador: 2.79x
---
[10/11/2025, 12:03:01 p. m.] Spaceman 1: Multiplicador recibido - Game ID: 11041645113, Multiplicador: 2.8x
---
[10/11/2025, 12:03:01 p. m.] Spaceman 1: Multiplicador recibido - Game ID: 11041645113, Multiplicador: 2.82x
---
[10/11/2025, 12:03:01 p. m.] Spaceman 1: Multiplicador recibido - Game ID: 11041645113, Multiplicador: 2.83x
---
[10/11/2025, 12:03:01 p. m.] Spaceman 1: Multiplicador recibido - Game ID: 11041645113, Multiplicador: 2.84x
---
[10/11/2025, 12:03:01 p. m.] Spaceman 1: Multiplicador recibido - Game ID: 11041645113, Multiplicador: 2.85x
---
[10/11/2025, 12:03:01 p. m.] Spaceman 1: Multiplicador recibido - Game ID: 11041645113, Multiplicador: 2.87x
---
[10/11/2025, 12:03:01 p. m.] Spaceman 1: Multiplicador recibido - Game ID: 11041645113, Multiplicador: 2.88x
---
[10/11/2025, 12:03:01 p. m.] Spaceman 1: Multiplicador recibido - Game ID: 11041645113, Multiplicador: 2.89x
---
[10/11/2025, 12:03:01 p. m.] Spaceman 1: Multiplicador recibido - Game ID: 11041645113, Multiplicador: 2.9x
---
[10/11/2025, 12:03:01 p. m.] Spaceman 1: Multiplicador recibido - Game ID: 11041645113, Multiplicador: 2.91x
---
[10/11/2025, 12:03:01 p. m.] Spaceman 1: Multiplicador recibido - Game ID: 11041645113, Multiplicador: 2.93x
---
[10/11/2025, 12:03:01 p. m.] Spaceman 1: Multiplicador recibido - Game ID: 11041645113, Multiplicador: 2.94x
---
[10/11/2025, 12:03:01 p. m.] Spaceman 1: Multiplicador recibido - Game ID: 11041645113, Multiplicador: 2.95x
---
[10/11/2025, 12:03:01 p. m.] Spaceman 1: Multiplicador recibido - Game ID: 11041645113, Multiplicador: 2.96x
---
[10/11/2025, 12:03:01 p. m.] Spaceman 1: Multiplicador recibido - Game ID: 11041645113, Multiplicador: 2.98x
---
[10/11/2025, 12:03:01 p. m.] Spaceman 1: Multiplicador recibido - Game ID: 11041645113, Multiplicador: 2.99x
---
[10/11/2025, 12:03:01 p. m.] Spaceman 1: Multiplicador recibido - Game ID: 11041645113, Multiplicador: 3x
---
[10/11/2025, 12:03:01 p. m.] Spaceman 1: Multiplicador recibido - Game ID: 11041645113, Multiplicador: 3.01x
---
[10/11/2025, 12:03:02 p. m.] Spaceman 1: Multiplicador recibido - Game ID: 11041645113, Multiplicador: 3.03x
---
[10/11/2025, 12:03:02 p. m.] Spaceman 1: Multiplicador recibido - Game ID: 11041645113, Multiplicador: 3.05x
---
[10/11/2025, 12:03:02 p. m.] Spaceman 1: Multiplicador recibido - Game ID: 11041645113, Multiplicador: 3.07x
---
[10/11/2025, 12:03:02 p. m.] Spaceman 1: Multiplicador recibido - Game ID: 11041645113, Multiplicador: 3.08x
---
[10/11/2025, 12:03:02 p. m.] Spaceman 1: Multiplicador recibido - Game ID: 11041645113, Multiplicador: 3.09x
---
[10/11/2025, 12:03:02 p. m.] Spaceman 1: Multiplicador recibido - Game ID: 11041645113, Multiplicador: 3.11x
---
[10/11/2025, 12:03:02 p. m.] Spaceman 1: Multiplicador recibido - Game ID: 11041645113, Multiplicador: 3.12x
---
[10/11/2025, 12:03:02 p. m.] Spaceman 1: Multiplicador recibido - Game ID: 11041645113, Multiplicador: 3.13x
---
[10/11/2025, 12:03:02 p. m.] Spaceman 1: Multiplicador recibido - Game ID: 11041645113, Multiplicador: 3.14x
---
[10/11/2025, 12:03:02 p. m.] Spaceman 1: Multiplicador recibido - Game ID: 11041645113, Multiplicador: 3.16x
---
[10/11/2025, 12:03:02 p. m.] Spaceman 1: Multiplicador recibido - Game ID: 11041645113, Multiplicador: 3.17x
---
[10/11/2025, 12:03:02 p. m.] Spaceman 1: Multiplicador recibido - Game ID: 11041645113, Multiplicador: 3.19x
---
[10/11/2025, 12:03:02 p. m.] Spaceman 1: Multiplicador recibido - Game ID: 11041645113, Multiplicador: 3.2x
---
[10/11/2025, 12:03:02 p. m.] Spaceman 1: Multiplicador recibido - Game ID: 11041645113, Multiplicador: 3.21x
---
[10/11/2025, 12:03:02 p. m.] Spaceman 1: Multiplicador recibido - Game ID: 11041645113, Multiplicador: 3.22x
---
[10/11/2025, 12:03:02 p. m.] Spaceman 1: Multiplicador recibido - Game ID: 11041645113, Multiplicador: 3.24x
---
[10/11/2025, 12:03:02 p. m.] Spaceman 1: Multiplicador recibido - Game ID: 11041645113, Multiplicador: 3.25x
---
[10/11/2025, 12:03:02 p. m.] Spaceman 1: Multiplicador recibido - Game ID: 11041645113, Multiplicador: 3.26x
---
[10/11/2025, 12:03:02 p. m.] Spaceman 1: Multiplicador recibido - Game ID: 11041645113, Multiplicador: 3.28x
---
[10/11/2025, 12:03:02 p. m.] Spaceman 1: Multiplicador recibido - Game ID: 11041645113, Multiplicador: 3.29x
---
[10/11/2025, 12:03:03 p. m.] Spaceman 1: Multiplicador recibido - Game ID: 11041645113, Multiplicador: 3.3x
---
[10/11/2025, 12:03:03 p. m.] Spaceman 1: Multiplicador recibido - Game ID: 11041645113, Multiplicador: 3.32x
---
[10/11/2025, 12:03:03 p. m.] Spaceman 1: Multiplicador recibido - Game ID: 11041645113, Multiplicador: 3.33x
---
[10/11/2025, 12:03:03 p. m.] Spaceman 1: Multiplicador recibido - Game ID: 11041645113, Multiplicador: 3.35x
---
[10/11/2025, 12:03:03 p. m.] Spaceman 1: Multiplicador recibido - Game ID: 11041645113, Multiplicador: 3.36x
---
[10/11/2025, 12:03:03 p. m.] Spaceman 1: Multiplicador recibido - Game ID: 11041645113, Multiplicador: 3.37x
---
[10/11/2025, 12:03:10 p. m.] Spaceman 1: Ping enviado: 1762794190131
---
[10/11/2025, 12:03:13 p. m.] Spaceman 1: Multiplicador recibido - Game ID: 11041645213, Multiplicador: 1.01x
---
[10/11/2025, 12:03:13 p. m.] Spaceman 1: Multiplicador recibido - Game ID: 11041645213, Multiplicador: 1.02x
---
[10/11/2025, 12:03:13 p. m.] Spaceman 1: Multiplicador recibido - Game ID: 11041645213, Multiplicador: 1.03x
---
[10/11/2025, 12:03:13 p. m.] Spaceman 1: Multiplicador recibido - Game ID: 11041645213, Multiplicador: 1.04x
---
[10/11/2025, 12:03:13 p. m.] Spaceman 1: Multiplicador recibido - Game ID: 11041645213, Multiplicador: 1.05x
---
[10/11/2025, 12:03:14 p. m.] Spaceman 1: Multiplicador recibido - Game ID: 11041645213, Multiplicador: 1.06x
---
[10/11/2025, 12:03:14 p. m.] Spaceman 1: Multiplicador recibido - Game ID: 11041645213, Multiplicador: 1.07x
---
[10/11/2025, 12:03:14 p. m.] Spaceman 1: Multiplicador recibido - Game ID: 11041645213, Multiplicador: 1.08x
---
[10/11/2025, 12:03:14 p. m.] Spaceman 1: Multiplicador recibido - Game ID: 11041645213, Multiplicador: 1.09x
---
[10/11/2025, 12:03:14 p. m.] Spaceman 1: Multiplicador recibido - Game ID: 11041645213, Multiplicador: 1.1x
---
[10/11/2025, 12:03:14 p. m.] Spaceman 1: Multiplicador recibido - Game ID: 11041645213, Multiplicador: 1.11x
---
[10/11/2025, 12:03:14 p. m.] Spaceman 1: Multiplicador recibido - Game ID: 11041645213, Multiplicador: 1.12x
---
[10/11/2025, 12:03:14 p. m.] Spaceman 1: Multiplicador recibido - Game ID: 11041645213, Multiplicador: 1.13x
---
[10/11/2025, 12:03:14 p. m.] Spaceman 1: Multiplicador recibido - Game ID: 11041645213, Multiplicador: 1.14x
---
[10/11/2025, 12:03:15 p. m.] Spaceman 1: Multiplicador recibido - Game ID: 11041645213, Multiplicador: 1.15x
---
[10/11/2025, 12:03:15 p. m.] Spaceman 1: Multiplicador recibido - Game ID: 11041645213, Multiplicador: 1.16x
---
[10/11/2025, 12:03:15 p. m.] Spaceman 1: Multiplicador recibido - Game ID: 11041645213, Multiplicador: 1.17x
---
[10/11/2025, 12:03:15 p. m.] Spaceman 1: Multiplicador recibido - Game ID: 11041645213, Multiplicador: 1.18x
---
[10/11/2025, 12:03:15 p. m.] Spaceman 1: Multiplicador recibido - Game ID: 11041645213, Multiplicador: 1.19x
---
[10/11/2025, 12:03:15 p. m.] Spaceman 1: Multiplicador recibido - Game ID: 11041645213, Multiplicador: 1.2x
---
[10/11/2025, 12:03:15 p. m.] Spaceman 1: Multiplicador recibido - Game ID: 11041645213, Multiplicador: 1.21x
---
[10/11/2025, 12:03:15 p. m.] Spaceman 1: Multiplicador recibido - Game ID: 11041645213, Multiplicador: 1.22x
---
[10/11/2025, 12:03:15 p. m.] Spaceman 1: Multiplicador recibido - Game ID: 11041645213, Multiplicador: 1.23x
---
[10/11/2025, 12:03:15 p. m.] Spaceman 1: Multiplicador recibido - Game ID: 11041645213, Multiplicador: 1.24x
---
[10/11/2025, 12:03:16 p. m.] Spaceman 1: Multiplicador recibido - Game ID: 11041645213, Multiplicador: 1.25x
---
[10/11/2025, 12:03:16 p. m.] Spaceman 1: Multiplicador recibido - Game ID: 11041645213, Multiplicador: 1.26x
---
[10/11/2025, 12:03:16 p. m.] Spaceman 1: Multiplicador recibido - Game ID: 11041645213, Multiplicador: 1.27x
---
[10/11/2025, 12:03:16 p. m.] Spaceman 1: Multiplicador recibido - Game ID: 11041645213, Multiplicador: 1.28x
---
[10/11/2025, 12:03:16 p. m.] Spaceman 1: Multiplicador recibido - Game ID: 11041645213, Multiplicador: 1.29x
---
[10/11/2025, 12:03:16 p. m.] Spaceman 1: Multiplicador recibido - Game ID: 11041645213, Multiplicador: 1.3x
---
[10/11/2025, 12:03:16 p. m.] Spaceman 1: Multiplicador recibido - Game ID: 11041645213, Multiplicador: 1.31x
---
[10/11/2025, 12:03:16 p. m.] Spaceman 1: Multiplicador recibido - Game ID: 11041645213, Multiplicador: 1.32x
---
[10/11/2025, 12:03:16 p. m.] Spaceman 1: Multiplicador recibido - Game ID: 11041645213, Multiplicador: 1.33x
---
[10/11/2025, 12:03:16 p. m.] Spaceman 1: Multiplicador recibido - Game ID: 11041645213, Multiplicador: 1.34x
---
[10/11/2025, 12:03:16 p. m.] Spaceman 1: Multiplicador recibido - Game ID: 11041645213, Multiplicador: 1.35x
---
[10/11/2025, 12:03:17 p. m.] Spaceman 1: Multiplicador recibido - Game ID: 11041645213, Multiplicador: 1.36x
---
[10/11/2025, 12:03:17 p. m.] Spaceman 1: Multiplicador recibido - Game ID: 11041645213, Multiplicador: 1.37x
---
[10/11/2025, 12:03:17 p. m.] Spaceman 1: Multiplicador recibido - Game ID: 11041645213, Multiplicador: 1.38x
---
[10/11/2025, 12:03:17 p. m.] Spaceman 1: Multiplicador recibido - Game ID: 11041645213, Multiplicador: 1.39x
---
[10/11/2025, 12:03:17 p. m.] Spaceman 1: Multiplicador recibido - Game ID: 11041645213, Multiplicador: 1.4x
---
[10/11/2025, 12:03:17 p. m.] Spaceman 1: Multiplicador recibido - Game ID: 11041645213, Multiplicador: 1.41x
---
[10/11/2025, 12:03:17 p. m.] Spaceman 1: Multiplicador recibido - Game ID: 11041645213, Multiplicador: 1.42x
---
[10/11/2025, 12:03:17 p. m.] Spaceman 1: Multiplicador recibido - Game ID: 11041645213, Multiplicador: 1.43x
---
[10/11/2025, 12:03:17 p. m.] Spaceman 1: Multiplicador recibido - Game ID: 11041645213, Multiplicador: 1.44x
---
[10/11/2025, 12:03:17 p. m.] Spaceman 1: Multiplicador recibido - Game ID: 11041645213, Multiplicador: 1.45x
---
[10/11/2025, 12:03:17 p. m.] Spaceman 1: Multiplicador recibido - Game ID: 11041645213, Multiplicador: 1.46x
---
[10/11/2025, 12:03:18 p. m.] Spaceman 1: Multiplicador recibido - Game ID: 11041645213, Multiplicador: 1.47x
---
[10/11/2025, 12:03:18 p. m.] Spaceman 1: Multiplicador recibido - Game ID: 11041645213, Multiplicador: 1.48x
---
[10/11/2025, 12:03:18 p. m.] Spaceman 1: Multiplicador recibido - Game ID: 11041645213, Multiplicador: 1.49x
---
[10/11/2025, 12:03:18 p. m.] Spaceman 1: Multiplicador recibido - Game ID: 11041645213, Multiplicador: 1.5x
---
[10/11/2025, 12:03:18 p. m.] Spaceman 1: Multiplicador recibido - Game ID: 11041645213, Multiplicador: 1.51x
---
[10/11/2025, 12:03:18 p. m.] Spaceman 1: Multiplicador recibido - Game ID: 11041645213, Multiplicador: 1.52x
---
[10/11/2025, 12:03:18 p. m.] Spaceman 1: Multiplicador recibido - Game ID: 11041645213, Multiplicador: 1.53x
---
[10/11/2025, 12:03:18 p. m.] Spaceman 1: Multiplicador recibido - Game ID: 11041645213, Multiplicador: 1.54x
---
[10/11/2025, 12:03:18 p. m.] Spaceman 1: Multiplicador recibido - Game ID: 11041645213, Multiplicador: 1.55x
---
[10/11/2025, 12:03:18 p. m.] Spaceman 1: Multiplicador recibido - Game ID: 11041645213, Multiplicador: 1.56x
---
[10/11/2025, 12:03:18 p. m.] Spaceman 1: Multiplicador recibido - Game ID: 11041645213, Multiplicador: 1.57x
---
[10/11/2025, 12:03:18 p. m.] Spaceman 1: Multiplicador recibido - Game ID: 11041645213, Multiplicador: 1.58x
---
[10/11/2025, 12:03:20 p. m.] Spaceman 1: Ping enviado: 1762794200139
---
[10/11/2025, 12:03:29 p. m.] Spaceman 1: Multiplicador recibido - Game ID: 11041645313, Multiplicador: 1.01x
---
[10/11/2025, 12:03:29 p. m.] Spaceman 1: Multiplicador recibido - Game ID: 11041645313, Multiplicador: 1.02x
---
[10/11/2025, 12:03:29 p. m.] Spaceman 1: Multiplicador recibido - Game ID: 11041645313, Multiplicador: 1.03x
---
[10/11/2025, 12:03:29 p. m.] Spaceman 1: Multiplicador recibido - Game ID: 11041645313, Multiplicador: 1.04x
---
[10/11/2025, 12:03:29 p. m.] Spaceman 1: Multiplicador recibido - Game ID: 11041645313, Multiplicador: 1.05x
---
[10/11/2025, 12:03:29 p. m.] Spaceman 1: Multiplicador recibido - Game ID: 11041645313, Multiplicador: 1.06x
---
[10/11/2025, 12:03:29 p. m.] Spaceman 1: Multiplicador recibido - Game ID: 11041645313, Multiplicador: 1.07x
---
[10/11/2025, 12:03:29 p. m.] Spaceman 1: Multiplicador recibido - Game ID: 11041645313, Multiplicador: 1.08x
---
[10/11/2025, 12:03:29 p. m.] Spaceman 1: Multiplicador recibido - Game ID: 11041645313, Multiplicador: 1.09x
---
[10/11/2025, 12:03:30 p. m.] Spaceman 1: Multiplicador recibido - Game ID: 11041645313, Multiplicador: 1.1x
---
[10/11/2025, 12:03:30 p. m.] Spaceman 1: Ping enviado: 1762794210145
---
[10/11/2025, 12:03:30 p. m.] Spaceman 1: Multiplicador recibido - Game ID: 11041645313, Multiplicador: 1.11x
---
[10/11/2025, 12:03:30 p. m.] Spaceman 1: Multiplicador recibido - Game ID: 11041645313, Multiplicador: 1.12x
---
[10/11/2025, 12:03:30 p. m.] Spaceman 1: Multiplicador recibido - Game ID: 11041645313, Multiplicador: 1.13x
---
[10/11/2025, 12:03:30 p. m.] Spaceman 1: Multiplicador recibido - Game ID: 11041645313, Multiplicador: 1.14x
---
[10/11/2025, 12:03:30 p. m.] Spaceman 1: Multiplicador recibido - Game ID: 11041645313, Multiplicador: 1.15x
---
[10/11/2025, 12:03:30 p. m.] Spaceman 1: Multiplicador recibido - Game ID: 11041645313, Multiplicador: 1.16x
---
[10/11/2025, 12:03:30 p. m.] Spaceman 1: Multiplicador recibido - Game ID: 11041645313, Multiplicador: 1.17x
---
[10/11/2025, 12:03:30 p. m.] Spaceman 1: Multiplicador recibido - Game ID: 11041645313, Multiplicador: 1.18x
---
[10/11/2025, 12:03:31 p. m.] Spaceman 1: Multiplicador recibido - Game ID: 11041645313, Multiplicador: 1.19x
---
[10/11/2025, 12:03:31 p. m.] Spaceman 1: Multiplicador recibido - Game ID: 11041645313, Multiplicador: 1.2x
---
[10/11/2025, 12:03:31 p. m.] Spaceman 1: Multiplicador recibido - Game ID: 11041645313, Multiplicador: 1.21x
---
[10/11/2025, 12:03:31 p. m.] Spaceman 1: Multiplicador recibido - Game ID: 11041645313, Multiplicador: 1.22x
---
[10/11/2025, 12:03:31 p. m.] Spaceman 1: Multiplicador recibido - Game ID: 11041645313, Multiplicador: 1.23x
---
[10/11/2025, 12:03:31 p. m.] Spaceman 1: Multiplicador recibido - Game ID: 11041645313, Multiplicador: 1.24x
---
[10/11/2025, 12:03:31 p. m.] Spaceman 1: Multiplicador recibido - Game ID: 11041645313, Multiplicador: 1.25x
---
[10/11/2025, 12:03:31 p. m.] Spaceman 1: Multiplicador recibido - Game ID: 11041645313, Multiplicador: 1.26x
---
[10/11/2025, 12:03:31 p. m.] Spaceman 1: Multiplicador recibido - Game ID: 11041645313, Multiplicador: 1.27x
---
[10/11/2025, 12:03:31 p. m.] Spaceman 1: Multiplicador recibido - Game ID: 11041645313, Multiplicador: 1.28x
---
[10/11/2025, 12:03:32 p. m.] Spaceman 1: Multiplicador recibido - Game ID: 11041645313, Multiplicador: 1.29x
---
[10/11/2025, 12:03:32 p. m.] Spaceman 1: Multiplicador recibido - Game ID: 11041645313, Multiplicador: 1.3x
---
[10/11/2025, 12:03:32 p. m.] Spaceman 1: Multiplicador recibido - Game ID: 11041645313, Multiplicador: 1.31x
---
[10/11/2025, 12:03:32 p. m.] Spaceman 1: Multiplicador recibido - Game ID: 11041645313, Multiplicador: 1.32x
---
[10/11/2025, 12:03:32 p. m.] Spaceman 1: Multiplicador recibido - Game ID: 11041645313, Multiplicador: 1.33x
---
[10/11/2025, 12:03:32 p. m.] Spaceman 1: Multiplicador recibido - Game ID: 11041645313, Multiplicador: 1.34x
---
[10/11/2025, 12:03:32 p. m.] Spaceman 1: Multiplicador recibido - Game ID: 11041645313, Multiplicador: 1.35x
---
[10/11/2025, 12:03:32 p. m.] Spaceman 1: Multiplicador recibido - Game ID: 11041645313, Multiplicador: 1.36x
---
[10/11/2025, 12:03:32 p. m.] Spaceman 1: Multiplicador recibido - Game ID: 11041645313, Multiplicador: 1.37x
---
[10/11/2025, 12:03:32 p. m.] Spaceman 1: Multiplicador recibido - Game ID: 11041645313, Multiplicador: 1.38x
---
[10/11/2025, 12:03:32 p. m.] Spaceman 1: Multiplicador recibido - Game ID: 11041645313, Multiplicador: 1.39x
---
[10/11/2025, 12:03:33 p. m.] Spaceman 1: Multiplicador recibido - Game ID: 11041645313, Multiplicador: 1.4x
---
[10/11/2025, 12:03:33 p. m.] Spaceman 1: Multiplicador recibido - Game ID: 11041645313, Multiplicador: 1.41x
---
[10/11/2025, 12:03:33 p. m.] Spaceman 1: Multiplicador recibido - Game ID: 11041645313, Multiplicador: 1.42x
---
[10/11/2025, 12:03:33 p. m.] Spaceman 1: Multiplicador recibido - Game ID: 11041645313, Multiplicador: 1.43x
---
[10/11/2025, 12:03:33 p. m.] Spaceman 1: Multiplicador recibido - Game ID: 11041645313, Multiplicador: 1.44x
---
[10/11/2025, 12:03:33 p. m.] Spaceman 1: Multiplicador recibido - Game ID: 11041645313, Multiplicador: 1.45x
---
[10/11/2025, 12:03:33 p. m.] Spaceman 1: Multiplicador recibido - Game ID: 11041645313, Multiplicador: 1.46x
---
[10/11/2025, 12:03:33 p. m.] Spaceman 1: Multiplicador recibido - Game ID: 11041645313, Multiplicador: 1.47x
---
[10/11/2025, 12:03:33 p. m.] Spaceman 1: Multiplicador recibido - Game ID: 11041645313, Multiplicador: 1.48x
---
[10/11/2025, 12:03:33 p. m.] Spaceman 1: Multiplicador recibido - Game ID: 11041645313, Multiplicador: 1.49x
---
[10/11/2025, 12:03:33 p. m.] Spaceman 1: Multiplicador recibido - Game ID: 11041645313, Multiplicador: 1.5x
---
[10/11/2025, 12:03:33 p. m.] Spaceman 1: Multiplicador recibido - Game ID: 11041645313, Multiplicador: 1.51x
---
[10/11/2025, 12:03:33 p. m.] Spaceman 1: Multiplicador recibido - Game ID: 11041645313, Multiplicador: 1.52x
---
[10/11/2025, 12:03:34 p. m.] Spaceman 1: Multiplicador recibido - Game ID: 11041645313, Multiplicador: 1.53x
---
[10/11/2025, 12:03:34 p. m.] Spaceman 1: Multiplicador recibido - Game ID: 11041645313, Multiplicador: 1.54x
---
[10/11/2025, 12:03:34 p. m.] Spaceman 1: Multiplicador recibido - Game ID: 11041645313, Multiplicador: 1.55x
---
[10/11/2025, 12:03:34 p. m.] Spaceman 1: Multiplicador recibido - Game ID: 11041645313, Multiplicador: 1.56x
---
[10/11/2025, 12:03:34 p. m.] Spaceman 1: Multiplicador recibido - Game ID: 11041645313, Multiplicador: 1.57x
---
[10/11/2025, 12:03:34 p. m.] Spaceman 1: Multiplicador recibido - Game ID: 11041645313, Multiplicador: 1.58x
---
[10/11/2025, 12:03:34 p. m.] Spaceman 1: Multiplicador recibido - Game ID: 11041645313, Multiplicador: 1.59x
---
[10/11/2025, 12:03:34 p. m.] Spaceman 1: Multiplicador recibido - Game ID: 11041645313, Multiplicador: 1.6x
---
[10/11/2025, 12:03:34 p. m.] Spaceman 1: Multiplicador recibido - Game ID: 11041645313, Multiplicador: 1.61x
---
[10/11/2025, 12:03:34 p. m.] Spaceman 1: Multiplicador recibido - Game ID: 11041645313, Multiplicador: 1.62x
---
[10/11/2025, 12:03:34 p. m.] Spaceman 1: Multiplicador recibido - Game ID: 11041645313, Multiplicador: 1.63x
---
[10/11/2025, 12:03:34 p. m.] Spaceman 1: Multiplicador recibido - Game ID: 11041645313, Multiplicador: 1.64x
---
[10/11/2025, 12:03:35 p. m.] Spaceman 1: Multiplicador recibido - Game ID: 11041645313, Multiplicador: 1.65x
---
[10/11/2025, 12:03:35 p. m.] Spaceman 1: Multiplicador recibido - Game ID: 11041645313, Multiplicador: 1.66x
---
[10/11/2025, 12:03:35 p. m.] Spaceman 1: Multiplicador recibido - Game ID: 11041645313, Multiplicador: 1.67x
---
[10/11/2025, 12:03:35 p. m.] Spaceman 1: Multiplicador recibido - Game ID: 11041645313, Multiplicador: 1.68x
---
[10/11/2025, 12:03:35 p. m.] Spaceman 1: Multiplicador recibido - Game ID: 11041645313, Multiplicador: 1.69x
---
[10/11/2025, 12:03:35 p. m.] Spaceman 1: Multiplicador recibido - Game ID: 11041645313, Multiplicador: 1.7x
---
[10/11/2025, 12:03:35 p. m.] Spaceman 1: Multiplicador recibido - Game ID: 11041645313, Multiplicador: 1.71x
---
[10/11/2025, 12:03:35 p. m.] Spaceman 1: Multiplicador recibido - Game ID: 11041645313, Multiplicador: 1.72x
---
[10/11/2025, 12:03:35 p. m.] Spaceman 1: Multiplicador recibido - Game ID: 11041645313, Multiplicador: 1.73x
---
[10/11/2025, 12:03:35 p. m.] Spaceman 1: Multiplicador recibido - Game ID: 11041645313, Multiplicador: 1.74x
---
[10/11/2025, 12:03:35 p. m.] Spaceman 1: Multiplicador recibido - Game ID: 11041645313, Multiplicador: 1.75x
---
[10/11/2025, 12:03:35 p. m.] Spaceman 1: Multiplicador recibido - Game ID: 11041645313, Multiplicador: 1.76x
---
[10/11/2025, 12:03:35 p. m.] Spaceman 1: Multiplicador recibido - Game ID: 11041645313, Multiplicador: 1.77x
---
[10/11/2025, 12:03:35 p. m.] Spaceman 1: Multiplicador recibido - Game ID: 11041645313, Multiplicador: 1.78x
---
[10/11/2025, 12:03:35 p. m.] Spaceman 1: Multiplicador recibido - Game ID: 11041645313, Multiplicador: 1.79x
---
[10/11/2025, 12:03:36 p. m.] Spaceman 1: Multiplicador recibido - Game ID: 11041645313, Multiplicador: 1.8x
---
[10/11/2025, 12:03:36 p. m.] Spaceman 1: Multiplicador recibido - Game ID: 11041645313, Multiplicador: 1.81x
---
[10/11/2025, 12:03:36 p. m.] Spaceman 1: Multiplicador recibido - Game ID: 11041645313, Multiplicador: 1.82x
---
[10/11/2025, 12:03:36 p. m.] Spaceman 1: Multiplicador recibido - Game ID: 11041645313, Multiplicador: 1.83x
---
[10/11/2025, 12:03:36 p. m.] Spaceman 1: Multiplicador recibido - Game ID: 11041645313, Multiplicador: 1.84x
---
[10/11/2025, 12:03:36 p. m.] Spaceman 1: Multiplicador recibido - Game ID: 11041645313, Multiplicador: 1.85x
---
[10/11/2025, 12:03:36 p. m.] Spaceman 1: Multiplicador recibido - Game ID: 11041645313, Multiplicador: 1.86x
---
[10/11/2025, 12:03:36 p. m.] Spaceman 1: Multiplicador recibido - Game ID: 11041645313, Multiplicador: 1.87x
---
[10/11/2025, 12:03:36 p. m.] Spaceman 1: Multiplicador recibido - Game ID: 11041645313, Multiplicador: 1.88x
---
[10/11/2025, 12:03:36 p. m.] Spaceman 1: Multiplicador recibido - Game ID: 11041645313, Multiplicador: 1.89x
---
[10/11/2025, 12:03:36 p. m.] Spaceman 1: Multiplicador recibido - Game ID: 11041645313, Multiplicador: 1.9x
---
[10/11/2025, 12:03:36 p. m.] Spaceman 1: Multiplicador recibido - Game ID: 11041645313, Multiplicador: 1.91x
---
[10/11/2025, 12:03:36 p. m.] Spaceman 1: Multiplicador recibido - Game ID: 11041645313, Multiplicador: 1.92x
---
[10/11/2025, 12:03:36 p. m.] Spaceman 1: Multiplicador recibido - Game ID: 11041645313, Multiplicador: 1.93x
---
[10/11/2025, 12:03:36 p. m.] Spaceman 1: Multiplicador recibido - Game ID: 11041645313, Multiplicador: 1.94x
---
[10/11/2025, 12:03:36 p. m.] Spaceman 1: Multiplicador recibido - Game ID: 11041645313, Multiplicador: 1.95x
---
[10/11/2025, 12:03:37 p. m.] Spaceman 1: Multiplicador recibido - Game ID: 11041645313, Multiplicador: 1.96x
---
[10/11/2025, 12:03:37 p. m.] Spaceman 1: Multiplicador recibido - Game ID: 11041645313, Multiplicador: 1.97x
---
[10/11/2025, 12:03:37 p. m.] Spaceman 1: Multiplicador recibido - Game ID: 11041645313, Multiplicador: 1.98x
---
[10/11/2025, 12:03:37 p. m.] Spaceman 1: Multiplicador recibido - Game ID: 11041645313, Multiplicador: 1.99x
---
[10/11/2025, 12:03:37 p. m.] Spaceman 1: Multiplicador recibido - Game ID: 11041645313, Multiplicador: 2x
---
[10/11/2025, 12:03:37 p. m.] Spaceman 1: Multiplicador recibido - Game ID: 11041645313, Multiplicador: 2.01x
---
[10/11/2025, 12:03:37 p. m.] Spaceman 1: Multiplicador recibido - Game ID: 11041645313, Multiplicador: 2.02x
---
[10/11/2025, 12:03:37 p. m.] Spaceman 1: Multiplicador recibido - Game ID: 11041645313, Multiplicador: 2.03x
---
[10/11/2025, 12:03:37 p. m.] Spaceman 1: Multiplicador recibido - Game ID: 11041645313, Multiplicador: 2.04x
---
[10/11/2025, 12:03:37 p. m.] Spaceman 1: Multiplicador recibido - Game ID: 11041645313, Multiplicador: 2.05x
---
[10/11/2025, 12:03:37 p. m.] Spaceman 1: Multiplicador recibido - Game ID: 11041645313, Multiplicador: 2.06x
---
[10/11/2025, 12:03:37 p. m.] Spaceman 1: Multiplicador recibido - Game ID: 11041645313, Multiplicador: 2.07x
---
[10/11/2025, 12:03:37 p. m.] Spaceman 1: Multiplicador recibido - Game ID: 11041645313, Multiplicador: 2.08x
---
[10/11/2025, 12:03:37 p. m.] Spaceman 1: Multiplicador recibido - Game ID: 11041645313, Multiplicador: 2.09x
---
[10/11/2025, 12:03:37 p. m.] Spaceman 1: Multiplicador recibido - Game ID: 11041645313, Multiplicador: 2.1x
---
[10/11/2025, 12:03:37 p. m.] Spaceman 1: Multiplicador recibido - Game ID: 11041645313, Multiplicador: 2.11x
---
[10/11/2025, 12:03:37 p. m.] Spaceman 1: Multiplicador recibido - Game ID: 11041645313, Multiplicador: 2.12x
---
[10/11/2025, 12:03:38 p. m.] Spaceman 1: Multiplicador recibido - Game ID: 11041645313, Multiplicador: 2.13x
---
[10/11/2025, 12:03:38 p. m.] Spaceman 1: Multiplicador recibido - Game ID: 11041645313, Multiplicador: 2.14x
---
[10/11/2025, 12:03:38 p. m.] Spaceman 1: Multiplicador recibido - Game ID: 11041645313, Multiplicador: 2.15x
---
[10/11/2025, 12:03:38 p. m.] Spaceman 1: Multiplicador recibido - Game ID: 11041645313, Multiplicador: 2.16x
---
[10/11/2025, 12:03:38 p. m.] Spaceman 1: Multiplicador recibido - Game ID: 11041645313, Multiplicador: 2.17x
---
[10/11/2025, 12:03:38 p. m.] Spaceman 1: Multiplicador recibido - Game ID: 11041645313, Multiplicador: 2.18x
---
[10/11/2025, 12:03:38 p. m.] Spaceman 1: Multiplicador recibido - Game ID: 11041645313, Multiplicador: 2.19x
---
[10/11/2025, 12:03:38 p. m.] Spaceman 1: Multiplicador recibido - Game ID: 11041645313, Multiplicador: 2.2x
---
[10/11/2025, 12:03:38 p. m.] Spaceman 1: Multiplicador recibido - Game ID: 11041645313, Multiplicador: 2.21x
---
[10/11/2025, 12:03:38 p. m.] Spaceman 1: Multiplicador recibido - Game ID: 11041645313, Multiplicador: 2.22x
---
[10/11/2025, 12:03:38 p. m.] Spaceman 1: Multiplicador recibido - Game ID: 11041645313, Multiplicador: 2.23x
---
[10/11/2025, 12:03:38 p. m.] Spaceman 1: Multiplicador recibido - Game ID: 11041645313, Multiplicador: 2.24x
---
[10/11/2025, 12:03:38 p. m.] Spaceman 1: Multiplicador recibido - Game ID: 11041645313, Multiplicador: 2.25x
---
[10/11/2025, 12:03:38 p. m.] Spaceman 1: Multiplicador recibido - Game ID: 11041645313, Multiplicador: 2.27x
---
[10/11/2025, 12:03:38 p. m.] Spaceman 1: Multiplicador recibido - Game ID: 11041645313, Multiplicador: 2.28x
---
[10/11/2025, 12:03:38 p. m.] Spaceman 1: Multiplicador recibido - Game ID: 11041645313, Multiplicador: 2.29x
---
[10/11/2025, 12:03:38 p. m.] Spaceman 1: Multiplicador recibido - Game ID: 11041645313, Multiplicador: 2.3x
---
[10/11/2025, 12:03:39 p. m.] Spaceman 1: Multiplicador recibido - Game ID: 11041645313, Multiplicador: 2.31x
---
[10/11/2025, 12:03:39 p. m.] Spaceman 1: Multiplicador recibido - Game ID: 11041645313, Multiplicador: 2.32x
---
[10/11/2025, 12:03:39 p. m.] Spaceman 1: Multiplicador recibido - Game ID: 11041645313, Multiplicador: 2.33x
---
[10/11/2025, 12:03:39 p. m.] Spaceman 1: Multiplicador recibido - Game ID: 11041645313, Multiplicador: 2.34x
---
[10/11/2025, 12:03:39 p. m.] Spaceman 1: Multiplicador recibido - Game ID: 11041645313, Multiplicador: 2.35x
---
[10/11/2025, 12:03:39 p. m.] Spaceman 1: Multiplicador recibido - Game ID: 11041645313, Multiplicador: 2.36x
---
[10/11/2025, 12:03:39 p. m.] Spaceman 1: Multiplicador recibido - Game ID: 11041645313, Multiplicador: 2.38x
---
[10/11/2025, 12:03:39 p. m.] Spaceman 1: Multiplicador recibido - Game ID: 11041645313, Multiplicador: 2.39x
---
[10/11/2025, 12:03:39 p. m.] Spaceman 1: Multiplicador recibido - Game ID: 11041645313, Multiplicador: 2.4x
---
[10/11/2025, 12:03:39 p. m.] Spaceman 1: Multiplicador recibido - Game ID: 11041645313, Multiplicador: 2.41x
---
[10/11/2025, 12:03:39 p. m.] Spaceman 1: Multiplicador recibido - Game ID: 11041645313, Multiplicador: 2.42x
---
[10/11/2025, 12:03:39 p. m.] Spaceman 1: Multiplicador recibido - Game ID: 11041645313, Multiplicador: 2.43x
---
[10/11/2025, 12:03:39 p. m.] Spaceman 1: Multiplicador recibido - Game ID: 11041645313, Multiplicador: 2.44x
---
[10/11/2025, 12:03:39 p. m.] Spaceman 1: Multiplicador recibido - Game ID: 11041645313, Multiplicador: 2.45x
---
[10/11/2025, 12:03:39 p. m.] Spaceman 1: Multiplicador recibido - Game ID: 11041645313, Multiplicador: 2.46x
---
[10/11/2025, 12:03:39 p. m.] Spaceman 1: Multiplicador recibido - Game ID: 11041645313, Multiplicador: 2.47x
---
[10/11/2025, 12:03:39 p. m.] Spaceman 1: Multiplicador recibido - Game ID: 11041645313, Multiplicador: 2.48x
---
[10/11/2025, 12:03:39 p. m.] Spaceman 1: Multiplicador recibido - Game ID: 11041645313, Multiplicador: 2.49x
---
[10/11/2025, 12:03:39 p. m.] Spaceman 1: Multiplicador recibido - Game ID: 11041645313, Multiplicador: 2.5x
---
[10/11/2025, 12:03:40 p. m.] Spaceman 1: Multiplicador recibido - Game ID: 11041645313, Multiplicador: 2.51x
---
[10/11/2025, 12:03:40 p. m.] Spaceman 1: Multiplicador recibido - Game ID: 11041645313, Multiplicador: 2.52x
---
[10/11/2025, 12:03:40 p. m.] Spaceman 1: Multiplicador recibido - Game ID: 11041645313, Multiplicador: 2.54x
---
[10/11/2025, 12:03:40 p. m.] Spaceman 1: Ping enviado: 1762794220145
---
[10/11/2025, 12:03:40 p. m.] Spaceman 1: Multiplicador recibido - Game ID: 11041645313, Multiplicador: 2.55x
---
[10/11/2025, 12:03:40 p. m.] Spaceman 1: Multiplicador recibido - Game ID: 11041645313, Multiplicador: 2.56x
---
[10/11/2025, 12:03:40 p. m.] Spaceman 1: Multiplicador recibido - Game ID: 11041645313, Multiplicador: 2.57x
---
[10/11/2025, 12:03:40 p. m.] Spaceman 1: Multiplicador recibido - Game ID: 11041645313, Multiplicador: 2.58x
---
[10/11/2025, 12:03:40 p. m.] Spaceman 1: Multiplicador recibido - Game ID: 11041645313, Multiplicador: 2.59x
---
[10/11/2025, 12:03:40 p. m.] Spaceman 1: Multiplicador recibido - Game ID: 11041645313, Multiplicador: 2.6x
---
[10/11/2025, 12:03:40 p. m.] Spaceman 1: Multiplicador recibido - Game ID: 11041645313, Multiplicador: 2.61x
---
[10/11/2025, 12:03:40 p. m.] Spaceman 1: Multiplicador recibido - Game ID: 11041645313, Multiplicador: 2.62x
---
[10/11/2025, 12:03:40 p. m.] Spaceman 1: Multiplicador recibido - Game ID: 11041645313, Multiplicador: 2.63x
---
[10/11/2025, 12:03:40 p. m.] Spaceman 1: Multiplicador recibido - Game ID: 11041645313, Multiplicador: 2.65x
---
[10/11/2025, 12:03:40 p. m.] Spaceman 1: Multiplicador recibido - Game ID: 11041645313, Multiplicador: 2.66x
---
[10/11/2025, 12:03:40 p. m.] Spaceman 1: Multiplicador recibido - Game ID: 11041645313, Multiplicador: 2.67x
---
[10/11/2025, 12:03:40 p. m.] Spaceman 1: Multiplicador recibido - Game ID: 11041645313, Multiplicador: 2.69x
---
[10/11/2025, 12:03:40 p. m.] Spaceman 1: Multiplicador recibido - Game ID: 11041645313, Multiplicador: 2.7x
---
[10/11/2025, 12:03:40 p. m.] Spaceman 1: Multiplicador recibido - Game ID: 11041645313, Multiplicador: 2.71x
---
[10/11/2025, 12:03:41 p. m.] Spaceman 1: Multiplicador recibido - Game ID: 11041645313, Multiplicador: 2.73x
---
[10/11/2025, 12:03:41 p. m.] Spaceman 1: Multiplicador recibido - Game ID: 11041645313, Multiplicador: 2.74x
---
[10/11/2025, 12:03:41 p. m.] Spaceman 1: Multiplicador recibido - Game ID: 11041645313, Multiplicador: 2.75x
---
[10/11/2025, 12:03:41 p. m.] Spaceman 1: Multiplicador recibido - Game ID: 11041645313, Multiplicador: 2.76x
---
[10/11/2025, 12:03:41 p. m.] Spaceman 1: Multiplicador recibido - Game ID: 11041645313, Multiplicador: 2.77x
---
[10/11/2025, 12:03:41 p. m.] Spaceman 1: Multiplicador recibido - Game ID: 11041645313, Multiplicador: 2.78x
---
[10/11/2025, 12:03:41 p. m.] Spaceman 1: Multiplicador recibido - Game ID: 11041645313, Multiplicador: 2.79x
---
[10/11/2025, 12:03:41 p. m.] Spaceman 1: Multiplicador recibido - Game ID: 11041645313, Multiplicador: 2.81x
---
[10/11/2025, 12:03:41 p. m.] Spaceman 1: Multiplicador recibido - Game ID: 11041645313, Multiplicador: 2.82x
---
[10/11/2025, 12:03:41 p. m.] Spaceman 1: Multiplicador recibido - Game ID: 11041645313, Multiplicador: 2.83x
---
[10/11/2025, 12:03:41 p. m.] Spaceman 1: Multiplicador recibido - Game ID: 11041645313, Multiplicador: 2.84x
---
[10/11/2025, 12:03:41 p. m.] Spaceman 1: Multiplicador recibido - Game ID: 11041645313, Multiplicador: 2.86x
---
[10/11/2025, 12:03:41 p. m.] Spaceman 1: Multiplicador recibido - Game ID: 11041645313, Multiplicador: 2.87x
---
[10/11/2025, 12:03:41 p. m.] Spaceman 1: Multiplicador recibido - Game ID: 11041645313, Multiplicador: 2.89x
---
[10/11/2025, 12:03:41 p. m.] Spaceman 1: Multiplicador recibido - Game ID: 11041645313, Multiplicador: 2.9x
---
[10/11/2025, 12:03:41 p. m.] Spaceman 1: Multiplicador recibido - Game ID: 11041645313, Multiplicador: 2.91x
---
[10/11/2025, 12:03:41 p. m.] Spaceman 1: Multiplicador recibido - Game ID: 11041645313, Multiplicador: 2.93x
---
[10/11/2025, 12:03:41 p. m.] Spaceman 1: Multiplicador recibido - Game ID: 11041645313, Multiplicador: 2.94x
---
[10/11/2025, 12:03:42 p. m.] Spaceman 1: Multiplicador recibido - Game ID: 11041645313, Multiplicador: 2.95x
---
[10/11/2025, 12:03:42 p. m.] Spaceman 1: Multiplicador recibido - Game ID: 11041645313, Multiplicador: 2.96x
---
[10/11/2025, 12:03:42 p. m.] Spaceman 1: Multiplicador recibido - Game ID: 11041645313, Multiplicador: 2.98x
---
[10/11/2025, 12:03:42 p. m.] Spaceman 1: Multiplicador recibido - Game ID: 11041645313, Multiplicador: 2.99x
---
[10/11/2025, 12:03:42 p. m.] Spaceman 1: Multiplicador recibido - Game ID: 11041645313, Multiplicador: 3x
---
[10/11/2025, 12:03:42 p. m.] Spaceman 1: Multiplicador recibido - Game ID: 11041645313, Multiplicador: 3.01x
---
[10/11/2025, 12:03:42 p. m.] Spaceman 1: Multiplicador recibido - Game ID: 11041645313, Multiplicador: 3.03x
---
[10/11/2025, 12:03:42 p. m.] Spaceman 1: Multiplicador recibido - Game ID: 11041645313, Multiplicador: 3.04x
---
[10/11/2025, 12:03:42 p. m.] Spaceman 1: Multiplicador recibido - Game ID: 11041645313, Multiplicador: 3.06x
---
[10/11/2025, 12:03:42 p. m.] Spaceman 1: Multiplicador recibido - Game ID: 11041645313, Multiplicador: 3.07x
---
[10/11/2025, 12:03:42 p. m.] Spaceman 1: Multiplicador recibido - Game ID: 11041645313, Multiplicador: 3.09x
---
[10/11/2025, 12:03:42 p. m.] Spaceman 1: Multiplicador recibido - Game ID: 11041645313, Multiplicador: 3.1x
---
[10/11/2025, 12:03:42 p. m.] Spaceman 1: Multiplicador recibido - Game ID: 11041645313, Multiplicador: 3.11x
---
[10/11/2025, 12:03:42 p. m.] Spaceman 1: Multiplicador recibido - Game ID: 11041645313, Multiplicador: 3.13x
---
[10/11/2025, 12:03:42 p. m.] Spaceman 1: Multiplicador recibido - Game ID: 11041645313, Multiplicador: 3.14x
---
[10/11/2025, 12:03:42 p. m.] Spaceman 1: Multiplicador recibido - Game ID: 11041645313, Multiplicador: 3.15x
---
[10/11/2025, 12:03:42 p. m.] Spaceman 1: Multiplicador recibido - Game ID: 11041645313, Multiplicador: 3.16x
---
[10/11/2025, 12:03:42 p. m.] Spaceman 1: Multiplicador recibido - Game ID: 11041645313, Multiplicador: 3.18x
---
[10/11/2025, 12:03:42 p. m.] Spaceman 1: Multiplicador recibido - Game ID: 11041645313, Multiplicador: 3.19x
---
[10/11/2025, 12:03:42 p. m.] Spaceman 1: Multiplicador recibido - Game ID: 11041645313, Multiplicador: 3.21x
---
[10/11/2025, 12:03:43 p. m.] Spaceman 1: Multiplicador recibido - Game ID: 11041645313, Multiplicador: 3.22x
---
[10/11/2025, 12:03:43 p. m.] Spaceman 1: Multiplicador recibido - Game ID: 11041645313, Multiplicador: 3.25x
---
[10/11/2025, 12:03:43 p. m.] Spaceman 1: Multiplicador recibido - Game ID: 11041645313, Multiplicador: 3.26x
---
[10/11/2025, 12:03:43 p. m.] Spaceman 1: Multiplicador recibido - Game ID: 11041645313, Multiplicador: 3.28x
---
[10/11/2025, 12:03:43 p. m.] Spaceman 1: Multiplicador recibido - Game ID: 11041645313, Multiplicador: 3.29x
---
[10/11/2025, 12:03:43 p. m.] Spaceman 1: Multiplicador recibido - Game ID: 11041645313, Multiplicador: 3.31x
---
[10/11/2025, 12:03:43 p. m.] Spaceman 1: Multiplicador recibido - Game ID: 11041645313, Multiplicador: 3.32x
---
[10/11/2025, 12:03:43 p. m.] Spaceman 1: Multiplicador recibido - Game ID: 11041645313, Multiplicador: 3.33x
---
[10/11/2025, 12:03:43 p. m.] Spaceman 1: Multiplicador recibido - Game ID: 11041645313, Multiplicador: 3.35x
---
[10/11/2025, 12:03:43 p. m.] Spaceman 1: Multiplicador recibido - Game ID: 11041645313, Multiplicador: 3.36x
---
[10/11/2025, 12:03:43 p. m.] Spaceman 1: Multiplicador recibido - Game ID: 11041645313, Multiplicador: 3.37x
---
[10/11/2025, 12:03:43 p. m.] Spaceman 1: Multiplicador recibido - Game ID: 11041645313, Multiplicador: 3.39x
---
[10/11/2025, 12:03:43 p. m.] Spaceman 1: Multiplicador recibido - Game ID: 11041645313, Multiplicador: 3.4x
---
[10/11/2025, 12:03:43 p. m.] Spaceman 1: Multiplicador recibido - Game ID: 11041645313, Multiplicador: 3.42x
---
[10/11/2025, 12:03:43 p. m.] Spaceman 1: Multiplicador recibido - Game ID: 11041645313, Multiplicador: 3.44x
---
[10/11/2025, 12:03:43 p. m.] Spaceman 1: Multiplicador recibido - Game ID: 11041645313, Multiplicador: 3.45x
---
[10/11/2025, 12:03:43 p. m.] Spaceman 1: Multiplicador recibido - Game ID: 11041645313, Multiplicador: 3.47x
---
[10/11/2025, 12:03:43 p. m.] Spaceman 1: Multiplicador recibido - Game ID: 11041645313, Multiplicador: 3.48x
---
[10/11/2025, 12:03:44 p. m.] Spaceman 1: Multiplicador recibido - Game ID: 11041645313, Multiplicador: 3.5x
---
[10/11/2025, 12:03:44 p. m.] Spaceman 1: Multiplicador recibido - Game ID: 11041645313, Multiplicador: 3.51x
---
[10/11/2025, 12:03:44 p. m.] Spaceman 1: Multiplicador recibido - Game ID: 11041645313, Multiplicador: 3.52x
---
[10/11/2025, 12:03:44 p. m.] Spaceman 1: Multiplicador recibido - Game ID: 11041645313, Multiplicador: 3.54x
---
[10/11/2025, 12:03:44 p. m.] Spaceman 1: Multiplicador recibido - Game ID: 11041645313, Multiplicador: 3.56x
---
[10/11/2025, 12:03:44 p. m.] Spaceman 1: Multiplicador recibido - Game ID: 11041645313, Multiplicador: 3.57x
---
[10/11/2025, 12:03:44 p. m.] Spaceman 1: Multiplicador recibido - Game ID: 11041645313, Multiplicador: 3.58x
---
[10/11/2025, 12:03:44 p. m.] Spaceman 1: Multiplicador recibido - Game ID: 11041645313, Multiplicador: 3.6x
---
[10/11/2025, 12:03:44 p. m.] Spaceman 1: Multiplicador recibido - Game ID: 11041645313, Multiplicador: 3.61x
---
[10/11/2025, 12:03:44 p. m.] Spaceman 1: Multiplicador recibido - Game ID: 11041645313, Multiplicador: 3.63x
---
[10/11/2025, 12:03:44 p. m.] Spaceman 1: Multiplicador recibido - Game ID: 11041645313, Multiplicador: 3.64x
---
[10/11/2025, 12:03:44 p. m.] Spaceman 1: Multiplicador recibido - Game ID: 11041645313, Multiplicador: 3.66x
---
[10/11/2025, 12:03:44 p. m.] Spaceman 1: Multiplicador recibido - Game ID: 11041645313, Multiplicador: 3.69x
---
[10/11/2025, 12:03:44 p. m.] Spaceman 1: Multiplicador recibido - Game ID: 11041645313, Multiplicador: 3.7x
---
[10/11/2025, 12:03:44 p. m.] Spaceman 1: Multiplicador recibido - Game ID: 11041645313, Multiplicador: 3.72x
---
[10/11/2025, 12:03:44 p. m.] Spaceman 1: Multiplicador recibido - Game ID: 11041645313, Multiplicador: 3.74x
---
[10/11/2025, 12:03:44 p. m.] Spaceman 1: Multiplicador recibido - Game ID: 11041645313, Multiplicador: 3.76x
---
[10/11/2025, 12:03:44 p. m.] Spaceman 1: Multiplicador recibido - Game ID: 11041645313, Multiplicador: 3.77x
---
[10/11/2025, 12:03:44 p. m.] Spaceman 1: Multiplicador recibido - Game ID: 11041645313, Multiplicador: 3.79x
---
[10/11/2025, 12:03:45 p. m.] Spaceman 1: Multiplicador recibido - Game ID: 11041645313, Multiplicador: 3.8x
---
[10/11/2025, 12:03:45 p. m.] Spaceman 1: Multiplicador recibido - Game ID: 11041645313, Multiplicador: 3.82x
---
[10/11/2025, 12:03:45 p. m.] Spaceman 1: Multiplicador recibido - Game ID: 11041645313, Multiplicador: 3.84x
---
[10/11/2025, 12:03:45 p. m.] Spaceman 1: Multiplicador recibido - Game ID: 11041645313, Multiplicador: 3.85x
---
[10/11/2025, 12:03:45 p. m.] Spaceman 1: Multiplicador recibido - Game ID: 11041645313, Multiplicador: 3.87x
---
[10/11/2025, 12:03:45 p. m.] Spaceman 1: Multiplicador recibido - Game ID: 11041645313, Multiplicador: 3.9x
---
[10/11/2025, 12:03:45 p. m.] Spaceman 1: Multiplicador recibido - Game ID: 11041645313, Multiplicador: 3.92x
---
[10/11/2025, 12:03:45 p. m.] Spaceman 1: Multiplicador recibido - Game ID: 11041645313, Multiplicador: 3.94x
---
[10/11/2025, 12:03:45 p. m.] Spaceman 1: Multiplicador recibido - Game ID: 11041645313, Multiplicador: 3.95x
---
[10/11/2025, 12:03:45 p. m.] Spaceman 1: Multiplicador recibido - Game ID: 11041645313, Multiplicador: 3.97x
---
[10/11/2025, 12:03:45 p. m.] Spaceman 1: Multiplicador recibido - Game ID: 11041645313, Multiplicador: 3.99x
---
[10/11/2025, 12:03:45 p. m.] Spaceman 1: Multiplicador recibido - Game ID: 11041645313, Multiplicador: 4x
---
[10/11/2025, 12:03:45 p. m.] Spaceman 1: Multiplicador recibido - Game ID: 11041645313, Multiplicador: 4.02x
---
[10/11/2025, 12:03:45 p. m.] Spaceman 1: Multiplicador recibido - Game ID: 11041645313, Multiplicador: 4.04x
---
[10/11/2025, 12:03:45 p. m.] Spaceman 1: Multiplicador recibido - Game ID: 11041645313, Multiplicador: 4.05x
---
[10/11/2025, 12:03:45 p. m.] Spaceman 1: Multiplicador recibido - Game ID: 11041645313, Multiplicador: 4.07x
---
[10/11/2025, 12:03:45 p. m.] Spaceman 1: Multiplicador recibido - Game ID: 11041645313, Multiplicador: 4.09x
---
[10/11/2025, 12:03:45 p. m.] Spaceman 1: Multiplicador recibido - Game ID: 11041645313, Multiplicador: 4.11x
---
[10/11/2025, 12:03:45 p. m.] Spaceman 1: Multiplicador recibido - Game ID: 11041645313, Multiplicador: 4.12x
---
[10/11/2025, 12:03:46 p. m.] Spaceman 1: Multiplicador recibido - Game ID: 11041645313, Multiplicador: 4.14x
---
[10/11/2025, 12:03:46 p. m.] Spaceman 1: Multiplicador recibido - Game ID: 11041645313, Multiplicador: 4.17x
---
[10/11/2025, 12:03:46 p. m.] Spaceman 1: Multiplicador recibido - Game ID: 11041645313, Multiplicador: 4.18x
---
[10/11/2025, 12:03:46 p. m.] Spaceman 1: Multiplicador recibido - Game ID: 11041645313, Multiplicador: 4.2x
---
[10/11/2025, 12:03:46 p. m.] Spaceman 1: Multiplicador recibido - Game ID: 11041645313, Multiplicador: 4.22x
---
[10/11/2025, 12:03:46 p. m.] Spaceman 1: Multiplicador recibido - Game ID: 11041645313, Multiplicador: 4.24x
---
[10/11/2025, 12:03:46 p. m.] Spaceman 1: Multiplicador recibido - Game ID: 11041645313, Multiplicador: 4.26x
---
[10/11/2025, 12:03:46 p. m.] Spaceman 1: Multiplicador recibido - Game ID: 11041645313, Multiplicador: 4.27x
---
[10/11/2025, 12:03:46 p. m.] Spaceman 1: Multiplicador recibido - Game ID: 11041645313, Multiplicador: 4.29x
---
[10/11/2025, 12:03:46 p. m.] Spaceman 1: Multiplicador recibido - Game ID: 11041645313, Multiplicador: 4.31x
---
[10/11/2025, 12:03:46 p. m.] Spaceman 1: Multiplicador recibido - Game ID: 11041645313, Multiplicador: 4.33x
---
[10/11/2025, 12:03:46 p. m.] Spaceman 1: Multiplicador recibido - Game ID: 11041645313, Multiplicador: 4.35x
---
[10/11/2025, 12:03:46 p. m.] Spaceman 1: Multiplicador recibido - Game ID: 11041645313, Multiplicador: 4.37x
---
[10/11/2025, 12:03:46 p. m.] Spaceman 1: Multiplicador recibido - Game ID: 11041645313, Multiplicador: 4.39x
---
[10/11/2025, 12:03:46 p. m.] Spaceman 1: Multiplicador recibido - Game ID: 11041645313, Multiplicador: 4.41x
---
[10/11/2025, 12:03:46 p. m.] Spaceman 1: Multiplicador recibido - Game ID: 11041645313, Multiplicador: 4.43x
---
[10/11/2025, 12:03:46 p. m.] Spaceman 1: Multiplicador recibido - Game ID: 11041645313, Multiplicador: 4.45x
---
[10/11/2025, 12:03:46 p. m.] Spaceman 1: Multiplicador recibido - Game ID: 11041645313, Multiplicador: 4.47x
---
[10/11/2025, 12:03:47 p. m.] Spaceman 1: Multiplicador recibido - Game ID: 11041645313, Multiplicador: 4.49x
---
[10/11/2025, 12:03:47 p. m.] Spaceman 1: Multiplicador recibido - Game ID: 11041645313, Multiplicador: 4.51x
---
[10/11/2025, 12:03:47 p. m.] Spaceman 1: Multiplicador recibido - Game ID: 11041645313, Multiplicador: 4.53x
---
[10/11/2025, 12:03:47 p. m.] Spaceman 1: Multiplicador recibido - Game ID: 11041645313, Multiplicador: 4.55x
---
[10/11/2025, 12:03:47 p. m.] Spaceman 1: Multiplicador recibido - Game ID: 11041645313, Multiplicador: 4.57x
---
[10/11/2025, 12:03:47 p. m.] Spaceman 1: Multiplicador recibido - Game ID: 11041645313, Multiplicador: 4.59x
---
[10/11/2025, 12:03:47 p. m.] Spaceman 1: Multiplicador recibido - Game ID: 11041645313, Multiplicador: 4.61x
---
[10/11/2025, 12:03:47 p. m.] Spaceman 1: Multiplicador recibido - Game ID: 11041645313, Multiplicador: 4.63x
---
[10/11/2025, 12:03:47 p. m.] Spaceman 1: Multiplicador recibido - Game ID: 11041645313, Multiplicador: 4.65x
---
[10/11/2025, 12:03:47 p. m.] Spaceman 1: Multiplicador recibido - Game ID: 11041645313, Multiplicador: 4.67x
---
[10/11/2025, 12:03:47 p. m.] Spaceman 1: Multiplicador recibido - Game ID: 11041645313, Multiplicador: 4.69x
---
[10/11/2025, 12:03:47 p. m.] Spaceman 1: Multiplicador recibido - Game ID: 11041645313, Multiplicador: 4.71x
---
[10/11/2025, 12:03:47 p. m.] Spaceman 1: Multiplicador recibido - Game ID: 11041645313, Multiplicador: 4.73x
---
[10/11/2025, 12:03:47 p. m.] Spaceman 1: Multiplicador recibido - Game ID: 11041645313, Multiplicador: 4.75x
---
[10/11/2025, 12:03:47 p. m.] Spaceman 1: Multiplicador recibido - Game ID: 11041645313, Multiplicador: 4.78x
---
[10/11/2025, 12:03:47 p. m.] Spaceman 1: Multiplicador recibido - Game ID: 11041645313, Multiplicador: 4.8x
---
[10/11/2025, 12:03:47 p. m.] Spaceman 1: Multiplicador recibido - Game ID: 11041645313, Multiplicador: 4.82x
---
[10/11/2025, 12:03:47 p. m.] Spaceman 1: Multiplicador recibido - Game ID: 11041645313, Multiplicador: 4.84x
---
[10/11/2025, 12:03:47 p. m.] Spaceman 1: Multiplicador recibido - Game ID: 11041645313, Multiplicador: 4.86x
---
[10/11/2025, 12:03:48 p. m.] Spaceman 1: Multiplicador recibido - Game ID: 11041645313, Multiplicador: 4.88x
---
[10/11/2025, 12:03:48 p. m.] Spaceman 1: Multiplicador recibido - Game ID: 11041645313, Multiplicador: 4.89x
---
[10/11/2025, 12:03:48 p. m.] Spaceman 1: Multiplicador recibido - Game ID: 11041645313, Multiplicador: 4.92x
---
[10/11/2025, 12:03:48 p. m.] Spaceman 1: Multiplicador recibido - Game ID: 11041645313, Multiplicador: 4.94x
---
[10/11/2025, 12:03:48 p. m.] Spaceman 1: Multiplicador recibido - Game ID: 11041645313, Multiplicador: 4.96x
---
[10/11/2025, 12:03:48 p. m.] Spaceman 1: Multiplicador recibido - Game ID: 11041645313, Multiplicador: 4.98x
---
[10/11/2025, 12:03:48 p. m.] Spaceman 1: Multiplicador recibido - Game ID: 11041645313, Multiplicador: 5x
---
[10/11/2025, 12:03:48 p. m.] Spaceman 1: Multiplicador recibido - Game ID: 11041645313, Multiplicador: 5.05x
---
[10/11/2025, 12:03:48 p. m.] Spaceman 1: Multiplicador recibido - Game ID: 11041645313, Multiplicador: 5.07x
---
[10/11/2025, 12:03:48 p. m.] Spaceman 1: Multiplicador recibido - Game ID: 11041645313, Multiplicador: 5.09x
---
[10/11/2025, 12:03:48 p. m.] Spaceman 1: Multiplicador recibido - Game ID: 11041645313, Multiplicador: 5.11x
---
[10/11/2025, 12:03:48 p. m.] Spaceman 1: Multiplicador recibido - Game ID: 11041645313, Multiplicador: 5.13x
---
[10/11/2025, 12:03:48 p. m.] Spaceman 1: Multiplicador recibido - Game ID: 11041645313, Multiplicador: 5.15x
---
[10/11/2025, 12:03:48 p. m.] Spaceman 1: Multiplicador recibido - Game ID: 11041645313, Multiplicador: 5.17x
---
[10/11/2025, 12:03:48 p. m.] Spaceman 1: Multiplicador recibido - Game ID: 11041645313, Multiplicador: 5.19x
---
[10/11/2025, 12:03:48 p. m.] Spaceman 1: Multiplicador recibido - Game ID: 11041645313, Multiplicador: 5.22x
---
[10/11/2025, 12:03:48 p. m.] Spaceman 1: Multiplicador recibido - Game ID: 11041645313, Multiplicador: 5.24x
---
[10/11/2025, 12:03:48 p. m.] Spaceman 1: Multiplicador recibido - Game ID: 11041645313, Multiplicador: 5.26x
---
[10/11/2025, 12:03:49 p. m.] Spaceman 1: Multiplicador recibido - Game ID: 11041645313, Multiplicador: 5.29x
---
[10/11/2025, 12:03:49 p. m.] Spaceman 1: Multiplicador recibido - Game ID: 11041645313, Multiplicador: 5.33x
---
[10/11/2025, 12:03:49 p. m.] Spaceman 1: Multiplicador recibido - Game ID: 11041645313, Multiplicador: 5.35x
---
[10/11/2025, 12:03:49 p. m.] Spaceman 1: Multiplicador recibido - Game ID: 11041645313, Multiplicador: 5.37x
---
[10/11/2025, 12:03:49 p. m.] Spaceman 1: Multiplicador recibido - Game ID: 11041645313, Multiplicador: 5.39x
---
[10/11/2025, 12:03:49 p. m.] Spaceman 1: Multiplicador recibido - Game ID: 11041645313, Multiplicador: 5.42x
---
[10/11/2025, 12:03:49 p. m.] Spaceman 1: Multiplicador recibido - Game ID: 11041645313, Multiplicador: 5.44x
---
[10/11/2025, 12:03:49 p. m.] Spaceman 1: Multiplicador recibido - Game ID: 11041645313, Multiplicador: 5.47x
---
[10/11/2025, 12:03:49 p. m.] Spaceman 1: Multiplicador recibido - Game ID: 11041645313, Multiplicador: 5.49x
---
[10/11/2025, 12:03:49 p. m.] Spaceman 1: Multiplicador recibido - Game ID: 11041645313, Multiplicador: 5.51x
---
[10/11/2025, 12:03:49 p. m.] Spaceman 1: Multiplicador recibido - Game ID: 11041645313, Multiplicador: 5.53x
---
[10/11/2025, 12:03:49 p. m.] Spaceman 1: Multiplicador recibido - Game ID: 11041645313, Multiplicador: 5.56x
---
[10/11/2025, 12:03:49 p. m.] Spaceman 1: Multiplicador recibido - Game ID: 11041645313, Multiplicador: 5.58x
---
[10/11/2025, 12:03:49 p. m.] Spaceman 1: Multiplicador recibido - Game ID: 11041645313, Multiplicador: 5.6x
---
[10/11/2025, 12:03:49 p. m.] Spaceman 1: Multiplicador recibido - Game ID: 11041645313, Multiplicador: 5.63x
---
[10/11/2025, 12:03:49 p. m.] Spaceman 1: Multiplicador recibido - Game ID: 11041645313, Multiplicador: 5.65x
---
[10/11/2025, 12:03:49 p. m.] Spaceman 1: Multiplicador recibido - Game ID: 11041645313, Multiplicador: 5.69x
---
[10/11/2025, 12:03:49 p. m.] Spaceman 1: Multiplicador recibido - Game ID: 11041645313, Multiplicador: 5.71x
---
[10/11/2025, 12:03:49 p. m.] Spaceman 1: Multiplicador recibido - Game ID: 11041645313, Multiplicador: 5.74x
---
[10/11/2025, 12:03:50 p. m.] Spaceman 1: Multiplicador recibido - Game ID: 11041645313, Multiplicador: 5.76x
---
[10/11/2025, 12:03:50 p. m.] Spaceman 1: Multiplicador recibido - Game ID: 11041645313, Multiplicador: 5.78x
---
[10/11/2025, 12:03:50 p. m.] Spaceman 1: Multiplicador recibido - Game ID: 11041645313, Multiplicador: 5.81x
---
[10/11/2025, 12:03:50 p. m.] Spaceman 1: Ping enviado: 1762794230145
---
[10/11/2025, 12:03:50 p. m.] Spaceman 1: Multiplicador recibido - Game ID: 11041645313, Multiplicador: 5.83x
---
[10/11/2025, 12:03:50 p. m.] Spaceman 1: Multiplicador recibido - Game ID: 11041645313, Multiplicador: 5.86x
---
[10/11/2025, 12:03:50 p. m.] Spaceman 1: Multiplicador recibido - Game ID: 11041645313, Multiplicador: 5.88x
---
[10/11/2025, 12:03:50 p. m.] Spaceman 1: Multiplicador recibido - Game ID: 11041645313, Multiplicador: 5.91x
---
[10/11/2025, 12:03:50 p. m.] Spaceman 1: Multiplicador recibido - Game ID: 11041645313, Multiplicador: 5.93x
---
[10/11/2025, 12:03:50 p. m.] Spaceman 1: Multiplicador recibido - Game ID: 11041645313, Multiplicador: 5.95x
---
[10/11/2025, 12:03:50 p. m.] Spaceman 1: Multiplicador recibido - Game ID: 11041645313, Multiplicador: 5.98x
---
[10/11/2025, 12:03:50 p. m.] Spaceman 1: Multiplicador recibido - Game ID: 11041645313, Multiplicador: 6.01x
---
[10/11/2025, 12:03:50 p. m.] Spaceman 1: Multiplicador recibido - Game ID: 11041645313, Multiplicador: 6.03x
---
[10/11/2025, 12:03:50 p. m.] Spaceman 1: Multiplicador recibido - Game ID: 11041645313, Multiplicador: 6.07x
---
[10/11/2025, 12:03:50 p. m.] Spaceman 1: Multiplicador recibido - Game ID: 11041645313, Multiplicador: 6.1x
---
[10/11/2025, 12:03:50 p. m.] Spaceman 1: Multiplicador recibido - Game ID: 11041645313, Multiplicador: 6.12x
---
[10/11/2025, 12:03:50 p. m.] Spaceman 1: Multiplicador recibido - Game ID: 11041645313, Multiplicador: 6.16x
---
[10/11/2025, 12:03:50 p. m.] Spaceman 1: Multiplicador recibido - Game ID: 11041645313, Multiplicador: 6.18x
---
[10/11/2025, 12:03:50 p. m.] Spaceman 1: Multiplicador recibido - Game ID: 11041645313, Multiplicador: 6.21x
---
[10/11/2025, 12:03:50 p. m.] Spaceman 1: Multiplicador recibido - Game ID: 11041645313, Multiplicador: 6.23x
---
[10/11/2025, 12:03:51 p. m.] Spaceman 1: Multiplicador recibido - Game ID: 11041645313, Multiplicador: 6.26x
---
[10/11/2025, 12:03:51 p. m.] Spaceman 1: Multiplicador recibido - Game ID: 11041645313, Multiplicador: 6.29x
---
[10/11/2025, 12:03:51 p. m.] Spaceman 1: Multiplicador recibido - Game ID: 11041645313, Multiplicador: 6.31x
---
[10/11/2025, 12:03:51 p. m.] Spaceman 1: Multiplicador recibido - Game ID: 11041645313, Multiplicador: 6.34x
---
[10/11/2025, 12:03:51 p. m.] Spaceman 1: Multiplicador recibido - Game ID: 11041645313, Multiplicador: 6.37x
---
[10/11/2025, 12:03:51 p. m.] Spaceman 1: Multiplicador recibido - Game ID: 11041645313, Multiplicador: 6.4x
---
[10/11/2025, 12:03:51 p. m.] Spaceman 1: Multiplicador recibido - Game ID: 11041645313, Multiplicador: 6.43x
---
[10/11/2025, 12:03:51 p. m.] Spaceman 1: Multiplicador recibido - Game ID: 11041645313, Multiplicador: 6.45x
---
[10/11/2025, 12:03:51 p. m.] Spaceman 1: Multiplicador recibido - Game ID: 11041645313, Multiplicador: 6.48x
---
[10/11/2025, 12:03:51 p. m.] Spaceman 1: Multiplicador recibido - Game ID: 11041645313, Multiplicador: 6.5x
---
[10/11/2025, 12:03:51 p. m.] Spaceman 1: Multiplicador recibido - Game ID: 11041645313, Multiplicador: 6.53x
---
[10/11/2025, 12:03:51 p. m.] Spaceman 1: Multiplicador recibido - Game ID: 11041645313, Multiplicador: 6.56x
---
[10/11/2025, 12:03:51 p. m.] Spaceman 1: Multiplicador recibido - Game ID: 11041645313, Multiplicador: 6.58x
---
[10/11/2025, 12:03:51 p. m.] Spaceman 1: Multiplicador recibido - Game ID: 11041645313, Multiplicador: 6.61x
---
[10/11/2025, 12:03:51 p. m.] Spaceman 1: Multiplicador recibido - Game ID: 11041645313, Multiplicador: 6.64x
---
[10/11/2025, 12:03:51 p. m.] Spaceman 1: Multiplicador recibido - Game ID: 11041645313, Multiplicador: 6.67x
---
[10/11/2025, 12:03:51 p. m.] Spaceman 1: Multiplicador recibido - Game ID: 11041645313, Multiplicador: 6.7x
---
[10/11/2025, 12:03:51 p. m.] Spaceman 1: Multiplicador recibido - Game ID: 11041645313, Multiplicador: 6.73x
---
[10/11/2025, 12:03:51 p. m.] Spaceman 1: Multiplicador recibido - Game ID: 11041645313, Multiplicador: 6.76x
---
[10/11/2025, 12:03:52 p. m.] Spaceman 1: Multiplicador recibido - Game ID: 11041645313, Multiplicador: 6.79x
---
[10/11/2025, 12:03:52 p. m.] Spaceman 1: Multiplicador recibido - Game ID: 11041645313, Multiplicador: 6.82x
---
[10/11/2025, 12:03:52 p. m.] Spaceman 1: Multiplicador recibido - Game ID: 11041645313, Multiplicador: 6.87x
---
[10/11/2025, 12:03:52 p. m.] Spaceman 1: Multiplicador recibido - Game ID: 11041645313, Multiplicador: 6.89x
---
[10/11/2025, 12:03:52 p. m.] Spaceman 1: Multiplicador recibido - Game ID: 11041645313, Multiplicador: 6.92x
---
[10/11/2025, 12:03:52 p. m.] Spaceman 1: Multiplicador recibido - Game ID: 11041645313, Multiplicador: 6.95x
---
[10/11/2025, 12:03:52 p. m.] Spaceman 1: Multiplicador recibido - Game ID: 11041645313, Multiplicador: 6.97x
---
[10/11/2025, 12:03:52 p. m.] Spaceman 1: Multiplicador recibido - Game ID: 11041645313, Multiplicador: 7x
---
[10/11/2025, 12:03:52 p. m.] Spaceman 1: Multiplicador recibido - Game ID: 11041645313, Multiplicador: 7.03x
---
[10/11/2025, 12:03:52 p. m.] Spaceman 1: Multiplicador recibido - Game ID: 11041645313, Multiplicador: 7.06x
---
[10/11/2025, 12:03:52 p. m.] Spaceman 1: Multiplicador recibido - Game ID: 11041645313, Multiplicador: 7.09x
---
[10/11/2025, 12:03:52 p. m.] Spaceman 1: Multiplicador recibido - Game ID: 11041645313, Multiplicador: 7.12x
---
[10/11/2025, 12:03:52 p. m.] Spaceman 1: Multiplicador recibido - Game ID: 11041645313, Multiplicador: 7.15x
---
[10/11/2025, 12:03:52 p. m.] Spaceman 1: Multiplicador recibido - Game ID: 11041645313, Multiplicador: 7.18x
---
[10/11/2025, 12:03:52 p. m.] Spaceman 1: Multiplicador recibido - Game ID: 11041645313, Multiplicador: 7.21x
---
[10/11/2025, 12:03:52 p. m.] Spaceman 1: Multiplicador recibido - Game ID: 11041645313, Multiplicador: 7.24x
---
[10/11/2025, 12:03:52 p. m.] Spaceman 1: Multiplicador recibido - Game ID: 11041645313, Multiplicador: 7.28x
---
[10/11/2025, 12:03:52 p. m.] Spaceman 1: Multiplicador recibido - Game ID: 11041645313, Multiplicador: 7.31x
---
[10/11/2025, 12:03:52 p. m.] Spaceman 1: Multiplicador recibido - Game ID: 11041645313, Multiplicador: 7.35x
---
[10/11/2025, 12:03:53 p. m.] Spaceman 1: Multiplicador recibido - Game ID: 11041645313, Multiplicador: 7.38x
---
[10/11/2025, 12:03:53 p. m.] Spaceman 1: Multiplicador recibido - Game ID: 11041645313, Multiplicador: 7.41x
---
[10/11/2025, 12:03:53 p. m.] Spaceman 1: Multiplicador recibido - Game ID: 11041645313, Multiplicador: 7.43x
---
[10/11/2025, 12:03:53 p. m.] Spaceman 1: Multiplicador recibido - Game ID: 11041645313, Multiplicador: 7.47x
---
[10/11/2025, 12:03:53 p. m.] Spaceman 1: Multiplicador recibido - Game ID: 11041645313, Multiplicador: 7.5x
---
[10/11/2025, 12:03:53 p. m.] Spaceman 1: Multiplicador recibido - Game ID: 11041645313, Multiplicador: 7.53x
---
[10/11/2025, 12:03:53 p. m.] Spaceman 1: Multiplicador recibido - Game ID: 11041645313, Multiplicador: 7.56x
---
[10/11/2025, 12:03:53 p. m.] Spaceman 1: Multiplicador recibido - Game ID: 11041645313, Multiplicador: 7.59x
---
[10/11/2025, 12:03:53 p. m.] Spaceman 1: Multiplicador recibido - Game ID: 11041645313, Multiplicador: 7.62x
---
[10/11/2025, 12:03:53 p. m.] Spaceman 1: Multiplicador recibido - Game ID: 11041645313, Multiplicador: 7.65x
---
[10/11/2025, 12:03:53 p. m.] Spaceman 1: Multiplicador recibido - Game ID: 11041645313, Multiplicador: 7.69x
---
[10/11/2025, 12:03:53 p. m.] Spaceman 1: Multiplicador recibido - Game ID: 11041645313, Multiplicador: 7.72x
---
[10/11/2025, 12:03:53 p. m.] Spaceman 1: Multiplicador recibido - Game ID: 11041645313, Multiplicador: 7.77x
---
[10/11/2025, 12:03:53 p. m.] Spaceman 1: Multiplicador recibido - Game ID: 11041645313, Multiplicador: 7.8x
---
[10/11/2025, 12:03:53 p. m.] Spaceman 1: Multiplicador recibido - Game ID: 11041645313, Multiplicador: 7.84x
---
[10/11/2025, 12:03:53 p. m.] Spaceman 1: Multiplicador recibido - Game ID: 11041645313, Multiplicador: 7.87x
---
[10/11/2025, 12:03:53 p. m.] Spaceman 1: Multiplicador recibido - Game ID: 11041645313, Multiplicador: 7.91x
---
[10/11/2025, 12:03:53 p. m.] Spaceman 1: Multiplicador recibido - Game ID: 11041645313, Multiplicador: 7.94x
---
[10/11/2025, 12:03:53 p. m.] Spaceman 1: Multiplicador recibido - Game ID: 11041645313, Multiplicador: 7.97x
---
[10/11/2025, 12:03:54 p. m.] Spaceman 1: Multiplicador recibido - Game ID: 11041645313, Multiplicador: 8.01x
---
[10/11/2025, 12:03:54 p. m.] Spaceman 1: Multiplicador recibido - Game ID: 11041645313, Multiplicador: 8.04x
---
[10/11/2025, 12:03:54 p. m.] Spaceman 1: Multiplicador recibido - Game ID: 11041645313, Multiplicador: 8.07x
---
[10/11/2025, 12:03:54 p. m.] Spaceman 1: Multiplicador recibido - Game ID: 11041645313, Multiplicador: 8.1x
---
[10/11/2025, 12:03:54 p. m.] Spaceman 1: Multiplicador recibido - Game ID: 11041645313, Multiplicador: 8.13x
---
[10/11/2025, 12:03:54 p. m.] Spaceman 1: Multiplicador recibido - Game ID: 11041645313, Multiplicador: 8.17x
---
[10/11/2025, 12:03:54 p. m.] Spaceman 1: Multiplicador recibido - Game ID: 11041645313, Multiplicador: 8.2x
---
[10/11/2025, 12:03:54 p. m.] Spaceman 1: Multiplicador recibido - Game ID: 11041645313, Multiplicador: 8.23x
---
[10/11/2025, 12:03:54 p. m.] Spaceman 1: Multiplicador recibido - Game ID: 11041645313, Multiplicador: 8.27x
---
[10/11/2025, 12:03:54 p. m.] Spaceman 1: Multiplicador recibido - Game ID: 11041645313, Multiplicador: 8.32x
---
[10/11/2025, 12:03:54 p. m.] Spaceman 1: Multiplicador recibido - Game ID: 11041645313, Multiplicador: 8.36x
---
[10/11/2025, 12:03:54 p. m.] Spaceman 1: Multiplicador recibido - Game ID: 11041645313, Multiplicador: 8.39x
---
[10/11/2025, 12:03:54 p. m.] Spaceman 1: Multiplicador recibido - Game ID: 11041645313, Multiplicador: 8.43x
---
[10/11/2025, 12:03:54 p. m.] Spaceman 1: Multiplicador recibido - Game ID: 11041645313, Multiplicador: 8.47x
---
[10/11/2025, 12:03:54 p. m.] Spaceman 1: Multiplicador recibido - Game ID: 11041645313, Multiplicador: 8.51x
---
[10/11/2025, 12:03:54 p. m.] Spaceman 1: Multiplicador recibido - Game ID: 11041645313, Multiplicador: 8.54x
---
[10/11/2025, 12:03:54 p. m.] Spaceman 1: Multiplicador recibido - Game ID: 11041645313, Multiplicador: 8.58x
---
[10/11/2025, 12:03:54 p. m.] Spaceman 1: Multiplicador recibido - Game ID: 11041645313, Multiplicador: 8.62x
---
[10/11/2025, 12:03:54 p. m.] Spaceman 1: Multiplicador recibido - Game ID: 11041645313, Multiplicador: 8.65x
---
[10/11/2025, 12:03:54 p. m.] Spaceman 1: Multiplicador recibido - Game ID: 11041645313, Multiplicador: 8.69x
---
[10/11/2025, 12:03:55 p. m.] Spaceman 1: Multiplicador recibido - Game ID: 11041645313, Multiplicador: 8.73x
---
[10/11/2025, 12:03:55 p. m.] Spaceman 1: Multiplicador recibido - Game ID: 11041645313, Multiplicador: 8.76x
---
[10/11/2025, 12:03:55 p. m.] Spaceman 1: Multiplicador recibido - Game ID: 11041645313, Multiplicador: 8.8x
---
[10/11/2025, 12:03:55 p. m.] Spaceman 1: Multiplicador recibido - Game ID: 11041645313, Multiplicador: 8.84x
---
[10/11/2025, 12:03:55 p. m.] Spaceman 1: Multiplicador recibido - Game ID: 11041645313, Multiplicador: 8.87x
---
[10/11/2025, 12:03:55 p. m.] Spaceman 1: Multiplicador recibido - Game ID: 11041645313, Multiplicador: 8.91x
---
[10/11/2025, 12:03:55 p. m.] Spaceman 1: Multiplicador recibido - Game ID: 11041645313, Multiplicador: 8.95x
---
[10/11/2025, 12:03:55 p. m.] Spaceman 1: Multiplicador recibido - Game ID: 11041645313, Multiplicador: 8.98x
---
[10/11/2025, 12:03:55 p. m.] Spaceman 1: Multiplicador recibido - Game ID: 11041645313, Multiplicador: 9.02x
---
[10/11/2025, 12:03:55 p. m.] Spaceman 1: Multiplicador recibido - Game ID: 11041645313, Multiplicador: 9.06x
---
[10/11/2025, 12:03:55 p. m.] Spaceman 1: Multiplicador recibido - Game ID: 11041645313, Multiplicador: 9.1x
---
[10/11/2025, 12:03:55 p. m.] Spaceman 1: Multiplicador recibido - Game ID: 11041645313, Multiplicador: 9.14x
---
[10/11/2025, 12:03:55 p. m.] Spaceman 1: Multiplicador recibido - Game ID: 11041645313, Multiplicador: 9.18x
---
[10/11/2025, 12:03:55 p. m.] Spaceman 1: Multiplicador recibido - Game ID: 11041645313, Multiplicador: 9.22x
---
[10/11/2025, 12:03:55 p. m.] Spaceman 1: Multiplicador recibido - Game ID: 11041645313, Multiplicador: 9.26x
---
[10/11/2025, 12:03:55 p. m.] Spaceman 1: Multiplicador recibido - Game ID: 11041645313, Multiplicador: 9.3x
---
[10/11/2025, 12:03:55 p. m.] Spaceman 1: Multiplicador recibido - Game ID: 11041645313, Multiplicador: 9.31x
---
[10/11/2025, 12:04:00 p. m.] Spaceman 1: Ping enviado: 1762794240149
---
[10/11/2025, 12:04:06 p. m.] Spaceman 1: Multiplicador recibido - Game ID: 11041645413, Multiplicador: 1.01x
---
[10/11/2025, 12:04:10 p. m.] Spaceman 1: Ping enviado: 1762794250163
---
[10/11/2025, 12:04:16 p. m.] Spaceman 1: Multiplicador recibido - Game ID: 11041645513, Multiplicador: 1x
---
[10/11/2025, 12:04:20 p. m.] Spaceman 1: Ping enviado: 1762794260167
---
[10/11/2025, 12:04:26 p. m.] Spaceman 1: Multiplicador recibido - Game ID: 11041645613, Multiplicador: 1x
---
[10/11/2025, 12:04:30 p. m.] Spaceman 1: Ping enviado: 1762794270179
---
[10/11/2025, 12:04:36 p. m.] Spaceman 1: Multiplicador recibido - Game ID: 11041645713, Multiplicador: 1.01x
---
[10/11/2025, 12:04:36 p. m.] Spaceman 1: Multiplicador recibido - Game ID: 11041645713, Multiplicador: 1.02x
---
[10/11/2025, 12:04:36 p. m.] Spaceman 1: Multiplicador recibido - Game ID: 11041645713, Multiplicador: 1.03x
---
[10/11/2025, 12:04:36 p. m.] Spaceman 1: Multiplicador recibido - Game ID: 11041645713, Multiplicador: 1.04x
---
[10/11/2025, 12:04:37 p. m.] Spaceman 1: Multiplicador recibido - Game ID: 11041645713, Multiplicador: 1.05x
---
[10/11/2025, 12:04:37 p. m.] Spaceman 1: Multiplicador recibido - Game ID: 11041645713, Multiplicador: 1.06x
---
[10/11/2025, 12:04:37 p. m.] Spaceman 1: Multiplicador recibido - Game ID: 11041645713, Multiplicador: 1.07x
---
[10/11/2025, 12:04:37 p. m.] Spaceman 1: Multiplicador recibido - Game ID: 11041645713, Multiplicador: 1.08x
---
[10/11/2025, 12:04:37 p. m.] Spaceman 1: Multiplicador recibido - Game ID: 11041645713, Multiplicador: 1.09x
---
[10/11/2025, 12:04:37 p. m.] Spaceman 1: Multiplicador recibido - Game ID: 11041645713, Multiplicador: 1.1x
---
[10/11/2025, 12:04:37 p. m.] Spaceman 1: Multiplicador recibido - Game ID: 11041645713, Multiplicador: 1.11x
---
[10/11/2025, 12:04:37 p. m.] Spaceman 1: Multiplicador recibido - Game ID: 11041645713, Multiplicador: 1.12x
---
[10/11/2025, 12:04:37 p. m.] Spaceman 1: Multiplicador recibido - Game ID: 11041645713, Multiplicador: 1.13x
---
[10/11/2025, 12:04:38 p. m.] Spaceman 1: Multiplicador recibido - Game ID: 11041645713, Multiplicador: 1.14x
---
[10/11/2025, 12:04:38 p. m.] Spaceman 1: Multiplicador recibido - Game ID: 11041645713, Multiplicador: 1.15x
---
[10/11/2025, 12:04:38 p. m.] Spaceman 1: Multiplicador recibido - Game ID: 11041645713, Multiplicador: 1.16x
---
[10/11/2025, 12:04:38 p. m.] Spaceman 1: Multiplicador recibido - Game ID: 11041645713, Multiplicador: 1.17x
---
[10/11/2025, 12:04:38 p. m.] Spaceman 1: Multiplicador recibido - Game ID: 11041645713, Multiplicador: 1.18x
---
[10/11/2025, 12:04:38 p. m.] Spaceman 1: Multiplicador recibido - Game ID: 11041645713, Multiplicador: 1.19x
---
[10/11/2025, 12:04:38 p. m.] Spaceman 1: Multiplicador recibido - Game ID: 11041645713, Multiplicador: 1.2x
---
[10/11/2025, 12:04:38 p. m.] Spaceman 1: Multiplicador recibido - Game ID: 11041645713, Multiplicador: 1.21x
---
[10/11/2025, 12:04:38 p. m.] Spaceman 1: Multiplicador recibido - Game ID: 11041645713, Multiplicador: 1.22x
---
[10/11/2025, 12:04:38 p. m.] Spaceman 1: Multiplicador recibido - Game ID: 11041645713, Multiplicador: 1.23x
---
[10/11/2025, 12:04:39 p. m.] Spaceman 1: Multiplicador recibido - Game ID: 11041645713, Multiplicador: 1.24x
---
[10/11/2025, 12:04:39 p. m.] Spaceman 1: Multiplicador recibido - Game ID: 11041645713, Multiplicador: 1.25x
---
[10/11/2025, 12:04:39 p. m.] Spaceman 1: Multiplicador recibido - Game ID: 11041645713, Multiplicador: 1.26x
---
[10/11/2025, 12:04:39 p. m.] Spaceman 1: Multiplicador recibido - Game ID: 11041645713, Multiplicador: 1.27x
---
[10/11/2025, 12:04:39 p. m.] Spaceman 1: Multiplicador recibido - Game ID: 11041645713, Multiplicador: 1.28x
---
[10/11/2025, 12:04:39 p. m.] Spaceman 1: Multiplicador recibido - Game ID: 11041645713, Multiplicador: 1.29x
---
[10/11/2025, 12:04:39 p. m.] Spaceman 1: Multiplicador recibido - Game ID: 11041645713, Multiplicador: 1.3x
---
[10/11/2025, 12:04:40 p. m.] Spaceman 1: Ping enviado: 1762794280180
---
[10/11/2025, 12:04:49 p. m.] Spaceman 1: Multiplicador recibido - Game ID: 11041645813, Multiplicador: 1.01x
---
[10/11/2025, 12:04:49 p. m.] Spaceman 1: Multiplicador recibido - Game ID: 11041645813, Multiplicador: 1.02x
---
[10/11/2025, 12:04:50 p. m.] Spaceman 1: Multiplicador recibido - Game ID: 11041645813, Multiplicador: 1.03x
---
[10/11/2025, 12:04:50 p. m.] Spaceman 1: Multiplicador recibido - Game ID: 11041645813, Multiplicador: 1.04x
---
[10/11/2025, 12:04:50 p. m.] Spaceman 1: Ping enviado: 1762794290192
---
[10/11/2025, 12:04:50 p. m.] Spaceman 1: Multiplicador recibido - Game ID: 11041645813, Multiplicador: 1.05x
---
[10/11/2025, 12:04:50 p. m.] Spaceman 1: Multiplicador recibido - Game ID: 11041645813, Multiplicador: 1.06x
---
[10/11/2025, 12:04:50 p. m.] Spaceman 1: Multiplicador recibido - Game ID: 11041645813, Multiplicador: 1.07x
---
[10/11/2025, 12:04:50 p. m.] Spaceman 1: Multiplicador recibido - Game ID: 11041645813, Multiplicador: 1.08x
---
[10/11/2025, 12:04:50 p. m.] Spaceman 1: Multiplicador recibido - Game ID: 11041645813, Multiplicador: 1.09x
---
[10/11/2025, 12:04:50 p. m.] Spaceman 1: Multiplicador recibido - Game ID: 11041645813, Multiplicador: 1.1x
---
[10/11/2025, 12:04:50 p. m.] Spaceman 1: Multiplicador recibido - Game ID: 11041645813, Multiplicador: 1.11x
---
[10/11/2025, 12:04:51 p. m.] Spaceman 1: Multiplicador recibido - Game ID: 11041645813, Multiplicador: 1.12x
---
[10/11/2025, 12:04:51 p. m.] Spaceman 1: Multiplicador recibido - Game ID: 11041645813, Multiplicador: 1.13x
---
[10/11/2025, 12:04:51 p. m.] Spaceman 1: Multiplicador recibido - Game ID: 11041645813, Multiplicador: 1.14x
---
[10/11/2025, 12:04:51 p. m.] Spaceman 1: Multiplicador recibido - Game ID: 11041645813, Multiplicador: 1.15x
---
[10/11/2025, 12:04:51 p. m.] Spaceman 1: Multiplicador recibido - Game ID: 11041645813, Multiplicador: 1.16x
---
[10/11/2025, 12:04:51 p. m.] Spaceman 1: Multiplicador recibido - Game ID: 11041645813, Multiplicador: 1.17x
---
[10/11/2025, 12:04:51 p. m.] Spaceman 1: Multiplicador recibido - Game ID: 11041645813, Multiplicador: 1.18x
---
[10/11/2025, 12:04:51 p. m.] Spaceman 1: Multiplicador recibido - Game ID: 11041645813, Multiplicador: 1.19x
---
[10/11/2025, 12:04:51 p. m.] Spaceman 1: Multiplicador recibido - Game ID: 11041645813, Multiplicador: 1.2x
---
[10/11/2025, 12:04:51 p. m.] Spaceman 1: Multiplicador recibido - Game ID: 11041645813, Multiplicador: 1.21x
---
[10/11/2025, 12:04:52 p. m.] Spaceman 1: Multiplicador recibido - Game ID: 11041645813, Multiplicador: 1.22x
---
[10/11/2025, 12:04:52 p. m.] Spaceman 1: Multiplicador recibido - Game ID: 11041645813, Multiplicador: 1.23x
---
[10/11/2025, 12:04:52 p. m.] Spaceman 1: Multiplicador recibido - Game ID: 11041645813, Multiplicador: 1.24x
---
[10/11/2025, 12:04:52 p. m.] Spaceman 1: Multiplicador recibido - Game ID: 11041645813, Multiplicador: 1.25x
---
[10/11/2025, 12:04:52 p. m.] Spaceman 1: Multiplicador recibido - Game ID: 11041645813, Multiplicador: 1.26x
---
[10/11/2025, 12:04:52 p. m.] Spaceman 1: Multiplicador recibido - Game ID: 11041645813, Multiplicador: 1.27x
---
[10/11/2025, 12:04:52 p. m.] Spaceman 1: Multiplicador recibido - Game ID: 11041645813, Multiplicador: 1.28x
---
[10/11/2025, 12:04:52 p. m.] Spaceman 1: Multiplicador recibido - Game ID: 11041645813, Multiplicador: 1.29x
---
[10/11/2025, 12:04:52 p. m.] Spaceman 1: Multiplicador recibido - Game ID: 11041645813, Multiplicador: 1.3x
---
[10/11/2025, 12:04:52 p. m.] Spaceman 1: Multiplicador recibido - Game ID: 11041645813, Multiplicador: 1.31x
---
[10/11/2025, 12:04:53 p. m.] Spaceman 1: Multiplicador recibido - Game ID: 11041645813, Multiplicador: 1.32x
---
[10/11/2025, 12:04:53 p. m.] Spaceman 1: Multiplicador recibido - Game ID: 11041645813, Multiplicador: 1.33x
---
[10/11/2025, 12:04:53 p. m.] Spaceman 1: Multiplicador recibido - Game ID: 11041645813, Multiplicador: 1.34x
---
[10/11/2025, 12:04:53 p. m.] Spaceman 1: Multiplicador recibido - Game ID: 11041645813, Multiplicador: 1.35x
---
[10/11/2025, 12:04:53 p. m.] Spaceman 1: Multiplicador recibido - Game ID: 11041645813, Multiplicador: 1.36x
---
[10/11/2025, 12:04:53 p. m.] Spaceman 1: Multiplicador recibido - Game ID: 11041645813, Multiplicador: 1.37x
---
[10/11/2025, 12:04:53 p. m.] Spaceman 1: Multiplicador recibido - Game ID: 11041645813, Multiplicador: 1.38x
---
[10/11/2025, 12:04:53 p. m.] Spaceman 1: Multiplicador recibido - Game ID: 11041645813, Multiplicador: 1.39x
---
[10/11/2025, 12:04:53 p. m.] Spaceman 1: Multiplicador recibido - Game ID: 11041645813, Multiplicador: 1.4x
---
[10/11/2025, 12:04:53 p. m.] Spaceman 1: Multiplicador recibido - Game ID: 11041645813, Multiplicador: 1.41x
---
[10/11/2025, 12:04:53 p. m.] Spaceman 1: Multiplicador recibido - Game ID: 11041645813, Multiplicador: 1.42x
---
[10/11/2025, 12:04:54 p. m.] Spaceman 1: Multiplicador recibido - Game ID: 11041645813, Multiplicador: 1.43x
---
[10/11/2025, 12:04:54 p. m.] Spaceman 1: Multiplicador recibido - Game ID: 11041645813, Multiplicador: 1.44x
---
[10/11/2025, 12:04:54 p. m.] Spaceman 1: Multiplicador recibido - Game ID: 11041645813, Multiplicador: 1.45x
---
[10/11/2025, 12:04:54 p. m.] Spaceman 1: Multiplicador recibido - Game ID: 11041645813, Multiplicador: 1.46x
---
[10/11/2025, 12:04:54 p. m.] Spaceman 1: Multiplicador recibido - Game ID: 11041645813, Multiplicador: 1.47x
---
[10/11/2025, 12:04:54 p. m.] Spaceman 1: Multiplicador recibido - Game ID: 11041645813, Multiplicador: 1.48x
---
[10/11/2025, 12:04:54 p. m.] Spaceman 1: Multiplicador recibido - Game ID: 11041645813, Multiplicador: 1.49x
---
[10/11/2025, 12:04:54 p. m.] Spaceman 1: Multiplicador recibido - Game ID: 11041645813, Multiplicador: 1.5x
---
[10/11/2025, 12:04:54 p. m.] Spaceman 1: Multiplicador recibido - Game ID: 11041645813, Multiplicador: 1.51x
---
[10/11/2025, 12:04:54 p. m.] Spaceman 1: Multiplicador recibido - Game ID: 11041645813, Multiplicador: 1.52x
---
[10/11/2025, 12:04:54 p. m.] Spaceman 1: Multiplicador recibido - Game ID: 11041645813, Multiplicador: 1.53x
---
[10/11/2025, 12:04:54 p. m.] Spaceman 1: Multiplicador recibido - Game ID: 11041645813, Multiplicador: 1.54x
---
[10/11/2025, 12:04:54 p. m.] Spaceman 1: Multiplicador recibido - Game ID: 11041645813, Multiplicador: 1.55x
---
[10/11/2025, 12:04:55 p. m.] Spaceman 1: Multiplicador recibido - Game ID: 11041645813, Multiplicador: 1.56x
---
[10/11/2025, 12:04:55 p. m.] Spaceman 1: Multiplicador recibido - Game ID: 11041645813, Multiplicador: 1.57x
---
[10/11/2025, 12:04:55 p. m.] Spaceman 1: Multiplicador recibido - Game ID: 11041645813, Multiplicador: 1.58x
---
[10/11/2025, 12:04:55 p. m.] Spaceman 1: Multiplicador recibido - Game ID: 11041645813, Multiplicador: 1.59x
---
[10/11/2025, 12:04:55 p. m.] Spaceman 1: Multiplicador recibido - Game ID: 11041645813, Multiplicador: 1.6x
---
[10/11/2025, 12:04:55 p. m.] Spaceman 1: Multiplicador recibido - Game ID: 11041645813, Multiplicador: 1.61x
---
[10/11/2025, 12:04:55 p. m.] Spaceman 1: Multiplicador recibido - Game ID: 11041645813, Multiplicador: 1.62x
---
[10/11/2025, 12:04:55 p. m.] Spaceman 1: Multiplicador recibido - Game ID: 11041645813, Multiplicador: 1.63x
---
[10/11/2025, 12:04:55 p. m.] Spaceman 1: Multiplicador recibido - Game ID: 11041645813, Multiplicador: 1.64x
---
[10/11/2025, 12:04:55 p. m.] Spaceman 1: Multiplicador recibido - Game ID: 11041645813, Multiplicador: 1.65x
---
[10/11/2025, 12:04:55 p. m.] Spaceman 1: Multiplicador recibido - Game ID: 11041645813, Multiplicador: 1.66x
---
[10/11/2025, 12:04:55 p. m.] Spaceman 1: Multiplicador recibido - Game ID: 11041645813, Multiplicador: 1.67x
---
[10/11/2025, 12:04:55 p. m.] Spaceman 1: Multiplicador recibido - Game ID: 11041645813, Multiplicador: 1.68x
---
[10/11/2025, 12:04:56 p. m.] Spaceman 1: Multiplicador recibido - Game ID: 11041645813, Multiplicador: 1.69x
---
[10/11/2025, 12:04:56 p. m.] Spaceman 1: Multiplicador recibido - Game ID: 11041645813, Multiplicador: 1.7x
---
[10/11/2025, 12:04:56 p. m.] Spaceman 1: Multiplicador recibido - Game ID: 11041645813, Multiplicador: 1.71x
---
[10/11/2025, 12:04:56 p. m.] Spaceman 1: Multiplicador recibido - Game ID: 11041645813, Multiplicador: 1.72x
---
[10/11/2025, 12:04:56 p. m.] Spaceman 1: Multiplicador recibido - Game ID: 11041645813, Multiplicador: 1.73x
---
[10/11/2025, 12:04:56 p. m.] Spaceman 1: Multiplicador recibido - Game ID: 11041645813, Multiplicador: 1.74x
---
[10/11/2025, 12:04:56 p. m.] Spaceman 1: Multiplicador recibido - Game ID: 11041645813, Multiplicador: 1.75x
---
[10/11/2025, 12:04:56 p. m.] Spaceman 1: Multiplicador recibido - Game ID: 11041645813, Multiplicador: 1.76x
---
[10/11/2025, 12:04:56 p. m.] Spaceman 1: Multiplicador recibido - Game ID: 11041645813, Multiplicador: 1.77x
---
[10/11/2025, 12:04:56 p. m.] Spaceman 1: Multiplicador recibido - Game ID: 11041645813, Multiplicador: 1.78x
---
[10/11/2025, 12:04:56 p. m.] Spaceman 1: Multiplicador recibido - Game ID: 11041645813, Multiplicador: 1.79x
---
[10/11/2025, 12:04:56 p. m.] Spaceman 1: Multiplicador recibido - Game ID: 11041645813, Multiplicador: 1.8x
---
[10/11/2025, 12:04:56 p. m.] Spaceman 1: Multiplicador recibido - Game ID: 11041645813, Multiplicador: 1.81x
---
[10/11/2025, 12:04:56 p. m.] Spaceman 1: Multiplicador recibido - Game ID: 11041645813, Multiplicador: 1.82x
---
[10/11/2025, 12:04:57 p. m.] Spaceman 1: Multiplicador recibido - Game ID: 11041645813, Multiplicador: 1.83x
---
[10/11/2025, 12:04:57 p. m.] Spaceman 1: Multiplicador recibido - Game ID: 11041645813, Multiplicador: 1.84x
---
[10/11/2025, 12:04:57 p. m.] Spaceman 1: Multiplicador recibido - Game ID: 11041645813, Multiplicador: 1.85x
---
[10/11/2025, 12:04:57 p. m.] Spaceman 1: Multiplicador recibido - Game ID: 11041645813, Multiplicador: 1.86x
---
[10/11/2025, 12:04:57 p. m.] Spaceman 1: Multiplicador recibido - Game ID: 11041645813, Multiplicador: 1.87x
---
[10/11/2025, 12:04:57 p. m.] Spaceman 1: Multiplicador recibido - Game ID: 11041645813, Multiplicador: 1.88x
---
[10/11/2025, 12:04:57 p. m.] Spaceman 1: Multiplicador recibido - Game ID: 11041645813, Multiplicador: 1.89x
---
[10/11/2025, 12:04:57 p. m.] Spaceman 1: Multiplicador recibido - Game ID: 11041645813, Multiplicador: 1.9x
---
[10/11/2025, 12:04:57 p. m.] Spaceman 1: Multiplicador recibido - Game ID: 11041645813, Multiplicador: 1.91x
---
[10/11/2025, 12:04:57 p. m.] Spaceman 1: Multiplicador recibido - Game ID: 11041645813, Multiplicador: 1.92x
---
[10/11/2025, 12:04:57 p. m.] Spaceman 1: Multiplicador recibido - Game ID: 11041645813, Multiplicador: 1.93x
---
[10/11/2025, 12:04:57 p. m.] Spaceman 1: Multiplicador recibido - Game ID: 11041645813, Multiplicador: 1.94x
---
[10/11/2025, 12:04:57 p. m.] Spaceman 1: Multiplicador recibido - Game ID: 11041645813, Multiplicador: 1.95x
---
[10/11/2025, 12:04:57 p. m.] Spaceman 1: Multiplicador recibido - Game ID: 11041645813, Multiplicador: 1.96x
---
[10/11/2025, 12:04:57 p. m.] Spaceman 1: Multiplicador recibido - Game ID: 11041645813, Multiplicador: 1.97x
---
[10/11/2025, 12:04:57 p. m.] Spaceman 1: Multiplicador recibido - Game ID: 11041645813, Multiplicador: 1.98x
---
[10/11/2025, 12:04:58 p. m.] Spaceman 1: Multiplicador recibido - Game ID: 11041645813, Multiplicador: 1.99x
---
[10/11/2025, 12:04:58 p. m.] Spaceman 1: Multiplicador recibido - Game ID: 11041645813, Multiplicador: 2x
---
[10/11/2025, 12:04:58 p. m.] Spaceman 1: Multiplicador recibido - Game ID: 11041645813, Multiplicador: 2.01x
---
[10/11/2025, 12:04:58 p. m.] Spaceman 1: Multiplicador recibido - Game ID: 11041645813, Multiplicador: 2.02x
---
[10/11/2025, 12:04:58 p. m.] Spaceman 1: Multiplicador recibido - Game ID: 11041645813, Multiplicador: 2.03x
---
[10/11/2025, 12:04:58 p. m.] Spaceman 1: Multiplicador recibido - Game ID: 11041645813, Multiplicador: 2.04x
---
[10/11/2025, 12:04:58 p. m.] Spaceman 1: Multiplicador recibido - Game ID: 11041645813, Multiplicador: 2.05x
---
[10/11/2025, 12:04:58 p. m.] Spaceman 1: Multiplicador recibido - Game ID: 11041645813, Multiplicador: 2.06x
---
[10/11/2025, 12:04:58 p. m.] Spaceman 1: Multiplicador recibido - Game ID: 11041645813, Multiplicador: 2.07x
---
[10/11/2025, 12:04:58 p. m.] Spaceman 1: Multiplicador recibido - Game ID: 11041645813, Multiplicador: 2.08x
---
[10/11/2025, 12:04:58 p. m.] Spaceman 1: Multiplicador recibido - Game ID: 11041645813, Multiplicador: 2.09x
---
[10/11/2025, 12:04:58 p. m.] Spaceman 1: Multiplicador recibido - Game ID: 11041645813, Multiplicador: 2.1x
---
[10/11/2025, 12:04:58 p. m.] Spaceman 1: Multiplicador recibido - Game ID: 11041645813, Multiplicador: 2.11x
---
[10/11/2025, 12:04:58 p. m.] Spaceman 1: Multiplicador recibido - Game ID: 11041645813, Multiplicador: 2.12x
---
[10/11/2025, 12:04:58 p. m.] Spaceman 1: Multiplicador recibido - Game ID: 11041645813, Multiplicador: 2.13x
---
[10/11/2025, 12:04:58 p. m.] Spaceman 1: Multiplicador recibido - Game ID: 11041645813, Multiplicador: 2.14x
---
[10/11/2025, 12:04:58 p. m.] Spaceman 1: Multiplicador recibido - Game ID: 11041645813, Multiplicador: 2.15x
---
[10/11/2025, 12:04:58 p. m.] Spaceman 1: Multiplicador recibido - Game ID: 11041645813, Multiplicador: 2.16x
---
[10/11/2025, 12:04:59 p. m.] Spaceman 1: Multiplicador recibido - Game ID: 11041645813, Multiplicador: 2.17x
---
[10/11/2025, 12:04:59 p. m.] Spaceman 1: Multiplicador recibido - Game ID: 11041645813, Multiplicador: 2.18x
---
[10/11/2025, 12:04:59 p. m.] Spaceman 1: Multiplicador recibido - Game ID: 11041645813, Multiplicador: 2.19x
---
[10/11/2025, 12:04:59 p. m.] Spaceman 1: Multiplicador recibido - Game ID: 11041645813, Multiplicador: 2.2x
---
[10/11/2025, 12:04:59 p. m.] Spaceman 1: Multiplicador recibido - Game ID: 11041645813, Multiplicador: 2.21x
---
[10/11/2025, 12:04:59 p. m.] Spaceman 1: Multiplicador recibido - Game ID: 11041645813, Multiplicador: 2.22x
---
[10/11/2025, 12:04:59 p. m.] Spaceman 1: Multiplicador recibido - Game ID: 11041645813, Multiplicador: 2.23x
---
[10/11/2025, 12:04:59 p. m.] Spaceman 1: Multiplicador recibido - Game ID: 11041645813, Multiplicador: 2.24x
---
[10/11/2025, 12:04:59 p. m.] Spaceman 1: Multiplicador recibido - Game ID: 11041645813, Multiplicador: 2.25x
---
[10/11/2025, 12:04:59 p. m.] Spaceman 1: Multiplicador recibido - Game ID: 11041645813, Multiplicador: 2.26x
---
[10/11/2025, 12:04:59 p. m.] Spaceman 1: Multiplicador recibido - Game ID: 11041645813, Multiplicador: 2.27x
---
[10/11/2025, 12:04:59 p. m.] Spaceman 1: Multiplicador recibido - Game ID: 11041645813, Multiplicador: 2.28x
---
[10/11/2025, 12:04:59 p. m.] Spaceman 1: Multiplicador recibido - Game ID: 11041645813, Multiplicador: 2.29x
---
[10/11/2025, 12:04:59 p. m.] Spaceman 1: Multiplicador recibido - Game ID: 11041645813, Multiplicador: 2.3x
---
[10/11/2025, 12:04:59 p. m.] Spaceman 1: Multiplicador recibido - Game ID: 11041645813, Multiplicador: 2.31x
---
[10/11/2025, 12:04:59 p. m.] Spaceman 1: Multiplicador recibido - Game ID: 11041645813, Multiplicador: 2.32x
---
[10/11/2025, 12:04:59 p. m.] Spaceman 1: Multiplicador recibido - Game ID: 11041645813, Multiplicador: 2.33x
---
[10/11/2025, 12:04:59 p. m.] Spaceman 1: Multiplicador recibido - Game ID: 11041645813, Multiplicador: 2.34x
---
[10/11/2025, 12:05:00 p. m.] Spaceman 1: Multiplicador recibido - Game ID: 11041645813, Multiplicador: 2.35x
---
[10/11/2025, 12:05:00 p. m.] Spaceman 1: Multiplicador recibido - Game ID: 11041645813, Multiplicador: 2.36x
---
[10/11/2025, 12:05:00 p. m.] Spaceman 1: Multiplicador recibido - Game ID: 11041645813, Multiplicador: 2.37x
---
[10/11/2025, 12:05:00 p. m.] Spaceman 1: Multiplicador recibido - Game ID: 11041645813, Multiplicador: 2.38x
---
[10/11/2025, 12:05:00 p. m.] Spaceman 1: Multiplicador recibido - Game ID: 11041645813, Multiplicador: 2.39x
---
[10/11/2025, 12:05:00 p. m.] Spaceman 1: Ping enviado: 1762794300202
---
[10/11/2025, 12:05:00 p. m.] Spaceman 1: Multiplicador recibido - Game ID: 11041645813, Multiplicador: 2.4x
---
[10/11/2025, 12:05:00 p. m.] Spaceman 1: Multiplicador recibido - Game ID: 11041645813, Multiplicador: 2.41x
---
[10/11/2025, 12:05:00 p. m.] Spaceman 1: Multiplicador recibido - Game ID: 11041645813, Multiplicador: 2.42x
---
[10/11/2025, 12:05:00 p. m.] Spaceman 1: Multiplicador recibido - Game ID: 11041645813, Multiplicador: 2.43x
---
[10/11/2025, 12:05:00 p. m.] Spaceman 1: Multiplicador recibido - Game ID: 11041645813, Multiplicador: 2.44x
---
[10/11/2025, 12:05:00 p. m.] Spaceman 1: Multiplicador recibido - Game ID: 11041645813, Multiplicador: 2.45x
---
[10/11/2025, 12:05:00 p. m.] Spaceman 1: Multiplicador recibido - Game ID: 11041645813, Multiplicador: 2.46x
---
[10/11/2025, 12:05:00 p. m.] Spaceman 1: Multiplicador recibido - Game ID: 11041645813, Multiplicador: 2.47x
---
[10/11/2025, 12:05:00 p. m.] Spaceman 1: Multiplicador recibido - Game ID: 11041645813, Multiplicador: 2.48x
---
[10/11/2025, 12:05:00 p. m.] Spaceman 1: Multiplicador recibido - Game ID: 11041645813, Multiplicador: 2.49x
---
[10/11/2025, 12:05:00 p. m.] Spaceman 1: Multiplicador recibido - Game ID: 11041645813, Multiplicador: 2.51x
---
[10/11/2025, 12:05:00 p. m.] Spaceman 1: Multiplicador recibido - Game ID: 11041645813, Multiplicador: 2.52x
---
[10/11/2025, 12:05:00 p. m.] Spaceman 1: Multiplicador recibido - Game ID: 11041645813, Multiplicador: 2.53x
---
[10/11/2025, 12:05:00 p. m.] Spaceman 1: Multiplicador recibido - Game ID: 11041645813, Multiplicador: 2.54x
---
[10/11/2025, 12:05:00 p. m.] Spaceman 1: Multiplicador recibido - Game ID: 11041645813, Multiplicador: 2.55x
---
[10/11/2025, 12:05:01 p. m.] Spaceman 1: Multiplicador recibido - Game ID: 11041645813, Multiplicador: 2.56x
---
[10/11/2025, 12:05:01 p. m.] Spaceman 1: Multiplicador recibido - Game ID: 11041645813, Multiplicador: 2.57x
---
[10/11/2025, 12:05:01 p. m.] Spaceman 1: Multiplicador recibido - Game ID: 11041645813, Multiplicador: 2.58x
---
[10/11/2025, 12:05:01 p. m.] Spaceman 1: Multiplicador recibido - Game ID: 11041645813, Multiplicador: 2.59x
---
[10/11/2025, 12:05:01 p. m.] Spaceman 1: Multiplicador recibido - Game ID: 11041645813, Multiplicador: 2.6x
---
[10/11/2025, 12:05:01 p. m.] Spaceman 1: Multiplicador recibido - Game ID: 11041645813, Multiplicador: 2.61x
---
[10/11/2025, 12:05:01 p. m.] Spaceman 1: Multiplicador recibido - Game ID: 11041645813, Multiplicador: 2.62x
---
[10/11/2025, 12:05:01 p. m.] Spaceman 1: Multiplicador recibido - Game ID: 11041645813, Multiplicador: 2.64x
---
[10/11/2025, 12:05:01 p. m.] Spaceman 1: Multiplicador recibido - Game ID: 11041645813, Multiplicador: 2.65x
---
[10/11/2025, 12:05:01 p. m.] Spaceman 1: Multiplicador recibido - Game ID: 11041645813, Multiplicador: 2.66x
---
[10/11/2025, 12:05:01 p. m.] Spaceman 1: Multiplicador recibido - Game ID: 11041645813, Multiplicador: 2.67x
---
[10/11/2025, 12:05:01 p. m.] Spaceman 1: Multiplicador recibido - Game ID: 11041645813, Multiplicador: 2.68x
---
[10/11/2025, 12:05:01 p. m.] Spaceman 1: Multiplicador recibido - Game ID: 11041645813, Multiplicador: 2.69x
---
[10/11/2025, 12:05:01 p. m.] Spaceman 1: Multiplicador recibido - Game ID: 11041645813, Multiplicador: 2.7x
---
[10/11/2025, 12:05:01 p. m.] Spaceman 1: Multiplicador recibido - Game ID: 11041645813, Multiplicador: 2.71x
---
[10/11/2025, 12:05:01 p. m.] Spaceman 1: Multiplicador recibido - Game ID: 11041645813, Multiplicador: 2.72x
---
[10/11/2025, 12:05:01 p. m.] Spaceman 1: Multiplicador recibido - Game ID: 11041645813, Multiplicador: 2.74x
---
[10/11/2025, 12:05:01 p. m.] Spaceman 1: Multiplicador recibido - Game ID: 11041645813, Multiplicador: 2.75x
---
[10/11/2025, 12:05:01 p. m.] Spaceman 1: Multiplicador recibido - Game ID: 11041645813, Multiplicador: 2.76x
---
[10/11/2025, 12:05:02 p. m.] Spaceman 1: Multiplicador recibido - Game ID: 11041645813, Multiplicador: 2.77x
---
[10/11/2025, 12:05:02 p. m.] Spaceman 1: Multiplicador recibido - Game ID: 11041645813, Multiplicador: 2.78x
---
[10/11/2025, 12:05:02 p. m.] Spaceman 1: Multiplicador recibido - Game ID: 11041645813, Multiplicador: 2.8x
---
[10/11/2025, 12:05:02 p. m.] Spaceman 1: Multiplicador recibido - Game ID: 11041645813, Multiplicador: 2.81x
---
[10/11/2025, 12:05:02 p. m.] Spaceman 1: Multiplicador recibido - Game ID: 11041645813, Multiplicador: 2.82x
---
[10/11/2025, 12:05:02 p. m.] Spaceman 1: Multiplicador recibido - Game ID: 11041645813, Multiplicador: 2.83x
---
[10/11/2025, 12:05:02 p. m.] Spaceman 1: Multiplicador recibido - Game ID: 11041645813, Multiplicador: 2.84x
---
[10/11/2025, 12:05:02 p. m.] Spaceman 1: Multiplicador recibido - Game ID: 11041645813, Multiplicador: 2.85x
---
[10/11/2025, 12:05:02 p. m.] Spaceman 1: Multiplicador recibido - Game ID: 11041645813, Multiplicador: 2.86x
---
[10/11/2025, 12:05:02 p. m.] Spaceman 1: Multiplicador recibido - Game ID: 11041645813, Multiplicador: 2.88x
---
[10/11/2025, 12:05:02 p. m.] Spaceman 1: Multiplicador recibido - Game ID: 11041645813, Multiplicador: 2.89x
---
[10/11/2025, 12:05:02 p. m.] Spaceman 1: Multiplicador recibido - Game ID: 11041645813, Multiplicador: 2.9x
---
[10/11/2025, 12:05:02 p. m.] Spaceman 1: Multiplicador recibido - Game ID: 11041645813, Multiplicador: 2.92x
---
[10/11/2025, 12:05:02 p. m.] Spaceman 1: Multiplicador recibido - Game ID: 11041645813, Multiplicador: 2.93x
---
[10/11/2025, 12:05:02 p. m.] Spaceman 1: Multiplicador recibido - Game ID: 11041645813, Multiplicador: 2.94x
---
[10/11/2025, 12:05:02 p. m.] Spaceman 1: Multiplicador recibido - Game ID: 11041645813, Multiplicador: 2.96x
---
[10/11/2025, 12:05:02 p. m.] Spaceman 1: Multiplicador recibido - Game ID: 11041645813, Multiplicador: 2.97x
---
[10/11/2025, 12:05:02 p. m.] Spaceman 1: Multiplicador recibido - Game ID: 11041645813, Multiplicador: 2.98x
---
[10/11/2025, 12:05:02 p. m.] Spaceman 1: Multiplicador recibido - Game ID: 11041645813, Multiplicador: 3x
---
[10/11/2025, 12:05:02 p. m.] Spaceman 1: Multiplicador recibido - Game ID: 11041645813, Multiplicador: 3.01x
---
[10/11/2025, 12:05:03 p. m.] Spaceman 1: Multiplicador recibido - Game ID: 11041645813, Multiplicador: 3.02x
---
[10/11/2025, 12:05:03 p. m.] Spaceman 1: Multiplicador recibido - Game ID: 11041645813, Multiplicador: 3.03x
---
[10/11/2025, 12:05:03 p. m.] Spaceman 1: Multiplicador recibido - Game ID: 11041645813, Multiplicador: 3.05x
---
[10/11/2025, 12:05:03 p. m.] Spaceman 1: Multiplicador recibido - Game ID: 11041645813, Multiplicador: 3.06x
---
[10/11/2025, 12:05:03 p. m.] Spaceman 1: Multiplicador recibido - Game ID: 11041645813, Multiplicador: 3.07x
---
[10/11/2025, 12:05:03 p. m.] Spaceman 1: Multiplicador recibido - Game ID: 11041645813, Multiplicador: 3.08x
---
[10/11/2025, 12:05:03 p. m.] Spaceman 1: Multiplicador recibido - Game ID: 11041645813, Multiplicador: 3.09x
---
[10/11/2025, 12:05:03 p. m.] Spaceman 1: Multiplicador recibido - Game ID: 11041645813, Multiplicador: 3.11x
---
[10/11/2025, 12:05:03 p. m.] Spaceman 1: Multiplicador recibido - Game ID: 11041645813, Multiplicador: 3.12x
---
[10/11/2025, 12:05:03 p. m.] Spaceman 1: Multiplicador recibido - Game ID: 11041645813, Multiplicador: 3.14x
---
[10/11/2025, 12:05:03 p. m.] Spaceman 1: Multiplicador recibido - Game ID: 11041645813, Multiplicador: 3.16x
---
[10/11/2025, 12:05:03 p. m.] Spaceman 1: Multiplicador recibido - Game ID: 11041645813, Multiplicador: 3.17x
---
[10/11/2025, 12:05:03 p. m.] Spaceman 1: Multiplicador recibido - Game ID: 11041645813, Multiplicador: 3.18x
---
[10/11/2025, 12:05:03 p. m.] Spaceman 1: Multiplicador recibido - Game ID: 11041645813, Multiplicador: 3.2x
---
[10/11/2025, 12:05:03 p. m.] Spaceman 1: Multiplicador recibido - Game ID: 11041645813, Multiplicador: 3.21x
---
[10/11/2025, 12:05:03 p. m.] Spaceman 1: Multiplicador recibido - Game ID: 11041645813, Multiplicador: 3.22x
---
[10/11/2025, 12:05:03 p. m.] Spaceman 1: Multiplicador recibido - Game ID: 11041645813, Multiplicador: 3.24x
---
[10/11/2025, 12:05:03 p. m.] Spaceman 1: Multiplicador recibido - Game ID: 11041645813, Multiplicador: 3.25x
---
[10/11/2025, 12:05:03 p. m.] Spaceman 1: Multiplicador recibido - Game ID: 11041645813, Multiplicador: 3.26x
---
[10/11/2025, 12:05:04 p. m.] Spaceman 1: Multiplicador recibido - Game ID: 11041645813, Multiplicador: 3.27x
---
[10/11/2025, 12:05:10 p. m.] Spaceman 1: Ping enviado: 1762794310208
---
[10/11/2025, 12:05:14 p. m.] Spaceman 1: Multiplicador recibido - Game ID: 11041645913, Multiplicador: 1.01x
---
[10/11/2025, 12:05:14 p. m.] Spaceman 1: Multiplicador recibido - Game ID: 11041645913, Multiplicador: 1.02x
---
[10/11/2025, 12:05:14 p. m.] Spaceman 1: Multiplicador recibido - Game ID: 11041645913, Multiplicador: 1.03x
---
[10/11/2025, 12:05:14 p. m.] Spaceman 1: Multiplicador recibido - Game ID: 11041645913, Multiplicador: 1.04x
---
[10/11/2025, 12:05:14 p. m.] Spaceman 1: Multiplicador recibido - Game ID: 11041645913, Multiplicador: 1.05x
---
[10/11/2025, 12:05:14 p. m.] Spaceman 1: Multiplicador recibido - Game ID: 11041645913, Multiplicador: 1.06x
---
[10/11/2025, 12:05:14 p. m.] Spaceman 1: Multiplicador recibido - Game ID: 11041645913, Multiplicador: 1.07x
---
[10/11/2025, 12:05:15 p. m.] Spaceman 1: Multiplicador recibido - Game ID: 11041645913, Multiplicador: 1.08x
---
[10/11/2025, 12:05:15 p. m.] Spaceman 1: Multiplicador recibido - Game ID: 11041645913, Multiplicador: 1.09x
---
[10/11/2025, 12:05:15 p. m.] Spaceman 1: Multiplicador recibido - Game ID: 11041645913, Multiplicador: 1.1x
---
[10/11/2025, 12:05:15 p. m.] Spaceman 1: Multiplicador recibido - Game ID: 11041645913, Multiplicador: 1.11x
---
[10/11/2025, 12:05:15 p. m.] Spaceman 1: Multiplicador recibido - Game ID: 11041645913, Multiplicador: 1.12x
---
[10/11/2025, 12:05:15 p. m.] Spaceman 1: Multiplicador recibido - Game ID: 11041645913, Multiplicador: 1.13x
---
[10/11/2025, 12:05:15 p. m.] Spaceman 1: Multiplicador recibido - Game ID: 11041645913, Multiplicador: 1.14x
---
[10/11/2025, 12:05:15 p. m.] Spaceman 1: Multiplicador recibido - Game ID: 11041645913, Multiplicador: 1.15x
---
[10/11/2025, 12:05:15 p. m.] Spaceman 1: Multiplicador recibido - Game ID: 11041645913, Multiplicador: 1.16x
---
[10/11/2025, 12:05:15 p. m.] Spaceman 1: Multiplicador recibido - Game ID: 11041645913, Multiplicador: 1.17x
---
[10/11/2025, 12:05:16 p. m.] Spaceman 1: Multiplicador recibido - Game ID: 11041645913, Multiplicador: 1.18x
---
[10/11/2025, 12:05:16 p. m.] Spaceman 1: Multiplicador recibido - Game ID: 11041645913, Multiplicador: 1.19x
---
[10/11/2025, 12:05:16 p. m.] Spaceman 1: Multiplicador recibido - Game ID: 11041645913, Multiplicador: 1.2x
---
[10/11/2025, 12:05:16 p. m.] Spaceman 1: Multiplicador recibido - Game ID: 11041645913, Multiplicador: 1.21x
---
[10/11/2025, 12:05:16 p. m.] Spaceman 1: Multiplicador recibido - Game ID: 11041645913, Multiplicador: 1.22x
---
[10/11/2025, 12:05:16 p. m.] Spaceman 1: Multiplicador recibido - Game ID: 11041645913, Multiplicador: 1.23x
---
[10/11/2025, 12:05:16 p. m.] Spaceman 1: Multiplicador recibido - Game ID: 11041645913, Multiplicador: 1.24x
---
[10/11/2025, 12:05:16 p. m.] Spaceman 1: Multiplicador recibido - Game ID: 11041645913, Multiplicador: 1.25x
---
[10/11/2025, 12:05:16 p. m.] Spaceman 1: Multiplicador recibido - Game ID: 11041645913, Multiplicador: 1.26x
---
[10/11/2025, 12:05:16 p. m.] Spaceman 1: Multiplicador recibido - Game ID: 11041645913, Multiplicador: 1.27x
---
[10/11/2025, 12:05:17 p. m.] Spaceman 1: Multiplicador recibido - Game ID: 11041645913, Multiplicador: 1.28x
---
[10/11/2025, 12:05:17 p. m.] Spaceman 1: Multiplicador recibido - Game ID: 11041645913, Multiplicador: 1.29x
---
[10/11/2025, 12:05:17 p. m.] Spaceman 1: Multiplicador recibido - Game ID: 11041645913, Multiplicador: 1.3x
---
[10/11/2025, 12:05:17 p. m.] Spaceman 1: Multiplicador recibido - Game ID: 11041645913, Multiplicador: 1.31x
---
[10/11/2025, 12:05:20 p. m.] Spaceman 1: Desconectado - Código: 4002, Razón: Auto reconnect - 5 min
---
