{"level":"info","message":"🔄 Forzar actualización de tokens: ACTIVADO","timestamp":"2025-11-10 11:50:05"}
{"level":"warn","message":"🔄 RESET CONNECTIONS llamado desde: at SpacemanController.startService (C:\\Users\\LENOVO\\Desktop\\AVIARIX2\\backend\\src\\logic-apps\\Spaceman\\spaceman.controller.ts:41:43)","timestamp":"2025-11-10 11:50:05"}
{"level":"warn","message":"🔄 INITIALIZE CONNECTIONS llamado desde: at SpacemanWebSocketService.resetConnections (C:\\Users\\LENOVO\\Desktop\\AVIARIX2\\backend\\src\\logic-apps\\Spaceman\\spaceman-websocket.service.ts:239:16)","timestamp":"2025-11-10 11:50:05"}
{"level":"info","message":"🔄 Forzar actualización de tokens: DESACTIVADO","timestamp":"2025-11-10 11:50:05"}
{"level":"warn","message":"🔄 updateTokenAndConnect llamado para Spaceman 1 desde: at SpacemanWebSocketService.initializeConnections (C:\\Users\\LENOVO\\Desktop\\AVIARIX2\\backend\\src\\logic-apps\\Spaceman\\spaceman-websocket.service.ts:313:20)","timestamp":"2025-11-10 11:50:05"}
{"level":"info","message":"✅ Usando JSESSIONID configurado manualmente para Spaceman 1","timestamp":"2025-11-10 11:50:05"}
{"level":"info","message":"Token actualizado exitosamente para Spaceman 1, iniciando conexiones...","timestamp":"2025-11-10 11:50:06"}
{"level":"info","message":"Conexiones WebSocket reseteadas correctamente","timestamp":"2025-11-10 11:50:06"}
{"level":"info","message":"Conexión multiplicador establecida para Spaceman ID: 1","timestamp":"2025-11-10 11:50:06"}
{"level":"info","message":"✅ Reconexión automática cada 5 minutos iniciada para Spaceman ID: 1","timestamp":"2025-11-10 11:50:06"}
{"level":"info","message":"Conexión finanzas establecida para Spaceman ID: 1","timestamp":"2025-11-10 11:50:06"}
{"level":"info","message":"URL de finanzas conectada: wss://gs12.pragmaticplaylive.net/game?bcs=true&JSESSIONID=XnpuqNrENDPQn9hqXuvKtlspf5bC2hmLqww5EZBb1JAPVg3G62eu%21-720566706-c1138735&tableId=spacemanyxe123nh","timestamp":"2025-11-10 11:50:06"}
{"level":"warn","message":"Finanzas Spaceman 1 desconectado. Código: 1000, Razón: ","timestamp":"2025-11-10 11:50:06"}
{"level":"warn","message":"Tiempo de conexión: desde 11:50:06 a. m.","timestamp":"2025-11-10 11:50:06"}
{"level":"info","message":"Finanzas Spaceman 1: Cierre normal, no se reintentará","timestamp":"2025-11-10 11:50:06"}
{"level":"info","message":"Estado WebSocket actualizado en BD para spaceman 1: CONNECTED","timestamp":"2025-11-10 11:50:07"}
{"level":"info","message":"Estado WebSocket actualizado en BD para spaceman 1: CONNECTED","timestamp":"2025-11-10 11:50:07"}
{"level":"info","message":"Estado WebSocket actualizado en BD para spaceman 1: DISCONNECTED","timestamp":"2025-11-10 11:50:08"}
{"level":"info","message":"🚀 Multiplicador Spaceman 1: 11041641913 = 1.01x","timestamp":"2025-11-10 11:50:09"}
{"level":"info","message":"🚀 Multiplicador Spaceman 1: 11041641913 = 1.02x","timestamp":"2025-11-10 11:50:09"}
{"level":"info","message":"🚀 Multiplicador Spaceman 1: 11041641913 = 1.03x","timestamp":"2025-11-10 11:50:09"}
{"level":"info","message":"🚀 Multiplicador Spaceman 1: 11041641913 = 1.04x","timestamp":"2025-11-10 11:50:09"}
{"level":"info","message":"🚀 Multiplicador Spaceman 1: 11041641913 = 1.05x","timestamp":"2025-11-10 11:50:09"}
{"level":"info","message":"🚀 Multiplicador Spaceman 1: 11041641913 = 1.06x","timestamp":"2025-11-10 11:50:10"}
{"level":"info","message":"🚀 Multiplicador Spaceman 1: 11041641913 = 1.07x","timestamp":"2025-11-10 11:50:10"}
{"level":"info","message":"🚀 Multiplicador Spaceman 1: 11041641913 = 1.08x","timestamp":"2025-11-10 11:50:10"}
{"level":"info","message":"🚀 Multiplicador Spaceman 1: 11041641913 = 1.09x","timestamp":"2025-11-10 11:50:10"}
{"level":"info","message":"🚀 Multiplicador Spaceman 1: 11041641913 = 1.1x","timestamp":"2025-11-10 11:50:10"}
{"level":"info","message":"🚀 Multiplicador Spaceman 1: 11041641913 = 1.11x","timestamp":"2025-11-10 11:50:10"}
{"level":"info","message":"🚀 Multiplicador Spaceman 1: 11041641913 = 1.12x","timestamp":"2025-11-10 11:50:10"}
{"level":"info","message":"🚀 Multiplicador Spaceman 1: 11041641913 = 1.13x","timestamp":"2025-11-10 11:50:10"}
{"level":"info","message":"🚀 Multiplicador Spaceman 1: 11041641913 = 1.14x","timestamp":"2025-11-10 11:50:10"}
{"level":"info","message":"🚀 Multiplicador Spaceman 1: 11041641913 = 1.15x","timestamp":"2025-11-10 11:50:11"}
{"level":"info","message":"🚀 Multiplicador Spaceman 1: 11041641913 = 1.16x","timestamp":"2025-11-10 11:50:11"}
{"level":"info","message":"🚀 Multiplicador Spaceman 1: 11041641913 = 1.17x","timestamp":"2025-11-10 11:50:11"}
{"level":"info","message":"🚀 Multiplicador Spaceman 1: 11041641913 = 1.18x","timestamp":"2025-11-10 11:50:11"}
{"level":"info","message":"🚀 Multiplicador Spaceman 1: 11041641913 = 1.19x","timestamp":"2025-11-10 11:50:11"}
{"level":"info","message":"🚀 Multiplicador Spaceman 1: 11041641913 = 1.2x","timestamp":"2025-11-10 11:50:11"}
{"level":"info","message":"🚀 Multiplicador Spaceman 1: 11041641913 = 1.21x","timestamp":"2025-11-10 11:50:11"}
{"level":"info","message":"🚀 Multiplicador Spaceman 1: 11041641913 = 1.22x","timestamp":"2025-11-10 11:50:11"}
{"level":"info","message":"🚀 Multiplicador Spaceman 1: 11041641913 = 1.23x","timestamp":"2025-11-10 11:50:11"}
{"level":"info","message":"🚀 Multiplicador Spaceman 1: 11041641913 = 1.24x","timestamp":"2025-11-10 11:50:11"}
{"level":"info","message":"🚀 Multiplicador Spaceman 1: 11041641913 = 1.25x","timestamp":"2025-11-10 11:50:11"}
{"level":"info","message":"🚀 Multiplicador Spaceman 1: 11041641913 = 1.26x","timestamp":"2025-11-10 11:50:12"}
{"level":"info","message":"🚀 Multiplicador Spaceman 1: 11041641913 = 1.27x","timestamp":"2025-11-10 11:50:12"}
{"level":"info","message":"🚀 Multiplicador Spaceman 1: 11041641913 = 1.28x","timestamp":"2025-11-10 11:50:12"}
{"level":"info","message":"🚀 Multiplicador Spaceman 1: 11041641913 = 1.29x","timestamp":"2025-11-10 11:50:12"}
{"level":"info","message":"🚀 Multiplicador Spaceman 1: 11041641913 = 1.3x","timestamp":"2025-11-10 11:50:12"}
{"level":"info","message":"🚀 Multiplicador Spaceman 1: 11041641913 = 1.31x","timestamp":"2025-11-10 11:50:12"}
{"level":"info","message":"🚀 Multiplicador Spaceman 1: 11041641913 = 1.32x","timestamp":"2025-11-10 11:50:12"}
{"level":"info","message":"🚀 Multiplicador Spaceman 1: 11041641913 = 1.33x","timestamp":"2025-11-10 11:50:12"}
{"level":"info","message":"🚀 Multiplicador Spaceman 1: 11041641913 = 1.34x","timestamp":"2025-11-10 11:50:12"}
{"level":"info","message":"🚀 Multiplicador Spaceman 1: 11041641913 = 1.35x","timestamp":"2025-11-10 11:50:12"}
{"level":"info","message":"🚀 Multiplicador Spaceman 1: 11041641913 = 1.36x","timestamp":"2025-11-10 11:50:12"}
{"level":"info","message":"🚀 Multiplicador Spaceman 1: 11041641913 = 1.37x","timestamp":"2025-11-10 11:50:13"}
{"level":"info","message":"🚀 Multiplicador Spaceman 1: 11041641913 = 1.38x","timestamp":"2025-11-10 11:50:13"}
{"level":"info","message":"🚀 Multiplicador Spaceman 1: 11041641913 = 1.39x","timestamp":"2025-11-10 11:50:13"}
{"level":"info","message":"🚀 Multiplicador Spaceman 1: 11041641913 = 1.4x","timestamp":"2025-11-10 11:50:13"}
{"level":"info","message":"🚀 Multiplicador Spaceman 1: 11041641913 = 1.41x","timestamp":"2025-11-10 11:50:13"}
{"level":"info","message":"🚀 Multiplicador Spaceman 1: 11041641913 = 1.42x","timestamp":"2025-11-10 11:50:13"}
{"level":"info","message":"🚀 Multiplicador Spaceman 1: 11041641913 = 1.43x","timestamp":"2025-11-10 11:50:13"}
{"level":"info","message":"🚀 Multiplicador Spaceman 1: 11041641913 = 1.44x","timestamp":"2025-11-10 11:50:13"}
{"level":"info","message":"🚀 Multiplicador Spaceman 1: 11041641913 = 1.45x","timestamp":"2025-11-10 11:50:13"}
{"level":"info","message":"🚀 Multiplicador Spaceman 1: 11041641913 = 1.46x","timestamp":"2025-11-10 11:50:13"}
{"level":"info","message":"🚀 Multiplicador Spaceman 1: 11041641913 = 1.47x","timestamp":"2025-11-10 11:50:13"}
{"level":"info","message":"🚀 Multiplicador Spaceman 1: 11041641913 = 1.48x","timestamp":"2025-11-10 11:50:14"}
{"level":"info","message":"🚀 Multiplicador Spaceman 1: 11041641913 = 1.49x","timestamp":"2025-11-10 11:50:14"}
{"level":"info","message":"🚀 Multiplicador Spaceman 1: 11041641913 = 1.5x","timestamp":"2025-11-10 11:50:14"}
{"level":"info","message":"🚀 Multiplicador Spaceman 1: 11041641913 = 1.51x","timestamp":"2025-11-10 11:50:14"}
{"level":"info","message":"🚀 Multiplicador Spaceman 1: 11041641913 = 1.52x","timestamp":"2025-11-10 11:50:14"}
{"level":"info","message":"🚀 Multiplicador Spaceman 1: 11041641913 = 1.53x","timestamp":"2025-11-10 11:50:14"}
{"level":"info","message":"🚀 Multiplicador Spaceman 1: 11041641913 = 1.54x","timestamp":"2025-11-10 11:50:14"}
{"level":"info","message":"🚀 Multiplicador Spaceman 1: 11041641913 = 1.55x","timestamp":"2025-11-10 11:50:14"}
{"level":"info","message":"🚀 Multiplicador Spaceman 1: 11041641913 = 1.56x","timestamp":"2025-11-10 11:50:14"}
{"level":"info","message":"🚀 Multiplicador Spaceman 1: 11041641913 = 1.57x","timestamp":"2025-11-10 11:50:14"}
{"level":"info","message":"🚀 Multiplicador Spaceman 1: 11041642013 = 1.01x","timestamp":"2025-11-10 11:50:24"}
{"level":"info","message":"🚀 Multiplicador Spaceman 1: 11041642013 = 1.02x","timestamp":"2025-11-10 11:50:25"}
{"level":"info","message":"🚀 Multiplicador Spaceman 1: 11041642013 = 1.03x","timestamp":"2025-11-10 11:50:25"}
{"level":"info","message":"🚀 Multiplicador Spaceman 1: 11041642013 = 1.04x","timestamp":"2025-11-10 11:50:25"}
{"level":"info","message":"🚀 Multiplicador Spaceman 1: 11041642013 = 1.05x","timestamp":"2025-11-10 11:50:25"}
{"level":"info","message":"🚀 Multiplicador Spaceman 1: 11041642013 = 1.06x","timestamp":"2025-11-10 11:50:25"}
{"level":"info","message":"🚀 Multiplicador Spaceman 1: 11041642013 = 1.07x","timestamp":"2025-11-10 11:50:25"}
{"level":"info","message":"🚀 Multiplicador Spaceman 1: 11041642013 = 1.08x","timestamp":"2025-11-10 11:50:25"}
{"level":"info","message":"🚀 Multiplicador Spaceman 1: 11041642013 = 1.09x","timestamp":"2025-11-10 11:50:25"}
{"level":"info","message":"🚀 Multiplicador Spaceman 1: 11041642013 = 1.1x","timestamp":"2025-11-10 11:50:25"}
{"level":"info","message":"🚀 Multiplicador Spaceman 1: 11041642013 = 1.11x","timestamp":"2025-11-10 11:50:26"}
{"level":"info","message":"🚀 Multiplicador Spaceman 1: 11041642013 = 1.12x","timestamp":"2025-11-10 11:50:26"}
{"level":"info","message":"🚀 Multiplicador Spaceman 1: 11041642013 = 1.13x","timestamp":"2025-11-10 11:50:26"}
{"level":"info","message":"🚀 Multiplicador Spaceman 1: 11041642013 = 1.14x","timestamp":"2025-11-10 11:50:26"}
{"level":"info","message":"🚀 Multiplicador Spaceman 1: 11041642013 = 1.15x","timestamp":"2025-11-10 11:50:26"}
{"level":"info","message":"🚀 Multiplicador Spaceman 1: 11041642013 = 1.16x","timestamp":"2025-11-10 11:50:26"}
{"level":"info","message":"🚀 Multiplicador Spaceman 1: 11041642013 = 1.17x","timestamp":"2025-11-10 11:50:26"}
{"level":"info","message":"🚀 Multiplicador Spaceman 1: 11041642013 = 1.18x","timestamp":"2025-11-10 11:50:26"}
{"level":"info","message":"🚀 Multiplicador Spaceman 1: 11041642013 = 1.19x","timestamp":"2025-11-10 11:50:26"}
{"level":"info","message":"🚀 Multiplicador Spaceman 1: 11041642013 = 1.2x","timestamp":"2025-11-10 11:50:27"}
{"level":"info","message":"🚀 Multiplicador Spaceman 1: 11041642013 = 1.21x","timestamp":"2025-11-10 11:50:27"}
{"level":"info","message":"🚀 Multiplicador Spaceman 1: 11041642013 = 1.22x","timestamp":"2025-11-10 11:50:27"}
{"level":"info","message":"🚀 Multiplicador Spaceman 1: 11041642013 = 1.23x","timestamp":"2025-11-10 11:50:27"}
{"level":"info","message":"🚀 Multiplicador Spaceman 1: 11041642013 = 1.24x","timestamp":"2025-11-10 11:50:27"}
{"level":"info","message":"🚀 Multiplicador Spaceman 1: 11041642013 = 1.25x","timestamp":"2025-11-10 11:50:27"}
{"level":"info","message":"🚀 Multiplicador Spaceman 1: 11041642013 = 1.26x","timestamp":"2025-11-10 11:50:27"}
{"level":"info","message":"🚀 Multiplicador Spaceman 1: 11041642013 = 1.27x","timestamp":"2025-11-10 11:50:27"}
{"level":"info","message":"🚀 Multiplicador Spaceman 1: 11041642013 = 1.28x","timestamp":"2025-11-10 11:50:27"}
{"level":"info","message":"🚀 Multiplicador Spaceman 1: 11041642013 = 1.29x","timestamp":"2025-11-10 11:50:27"}
{"level":"info","message":"🚀 Multiplicador Spaceman 1: 11041642013 = 1.3x","timestamp":"2025-11-10 11:50:28"}
{"level":"info","message":"🚀 Multiplicador Spaceman 1: 11041642013 = 1.31x","timestamp":"2025-11-10 11:50:28"}
{"level":"info","message":"🚀 Multiplicador Spaceman 1: 11041642013 = 1.32x","timestamp":"2025-11-10 11:50:28"}
{"level":"info","message":"🚀 Multiplicador Spaceman 1: 11041642013 = 1.33x","timestamp":"2025-11-10 11:50:28"}
{"level":"info","message":"🚀 Multiplicador Spaceman 1: 11041642013 = 1.34x","timestamp":"2025-11-10 11:50:28"}
{"level":"info","message":"🚀 Multiplicador Spaceman 1: 11041642013 = 1.35x","timestamp":"2025-11-10 11:50:28"}
{"level":"info","message":"🚀 Multiplicador Spaceman 1: 11041642013 = 1.36x","timestamp":"2025-11-10 11:50:28"}
{"level":"info","message":"🚀 Multiplicador Spaceman 1: 11041642013 = 1.37x","timestamp":"2025-11-10 11:50:28"}
{"level":"info","message":"🚀 Multiplicador Spaceman 1: 11041642013 = 1.38x","timestamp":"2025-11-10 11:50:28"}
{"level":"info","message":"🚀 Multiplicador Spaceman 1: 11041642013 = 1.39x","timestamp":"2025-11-10 11:50:28"}
{"level":"info","message":"🚀 Multiplicador Spaceman 1: 11041642013 = 1.4x","timestamp":"2025-11-10 11:50:28"}
{"level":"info","message":"🚀 Multiplicador Spaceman 1: 11041642013 = 1.41x","timestamp":"2025-11-10 11:50:28"}
{"level":"info","message":"🚀 Multiplicador Spaceman 1: 11041642013 = 1.42x","timestamp":"2025-11-10 11:50:29"}
{"level":"info","message":"🚀 Multiplicador Spaceman 1: 11041642013 = 1.43x","timestamp":"2025-11-10 11:50:29"}
{"level":"info","message":"🚀 Multiplicador Spaceman 1: 11041642013 = 1.44x","timestamp":"2025-11-10 11:50:29"}
{"level":"info","message":"🚀 Multiplicador Spaceman 1: 11041642013 = 1.45x","timestamp":"2025-11-10 11:50:29"}
{"level":"info","message":"🚀 Multiplicador Spaceman 1: 11041642013 = 1.46x","timestamp":"2025-11-10 11:50:29"}
{"level":"info","message":"🚀 Multiplicador Spaceman 1: 11041642013 = 1.47x","timestamp":"2025-11-10 11:50:29"}
{"level":"info","message":"🚀 Multiplicador Spaceman 1: 11041642013 = 1.48x","timestamp":"2025-11-10 11:50:29"}
{"level":"info","message":"🚀 Multiplicador Spaceman 1: 11041642013 = 1.49x","timestamp":"2025-11-10 11:50:29"}
{"level":"info","message":"🚀 Multiplicador Spaceman 1: 11041642013 = 1.5x","timestamp":"2025-11-10 11:50:29"}
{"level":"info","message":"🚀 Multiplicador Spaceman 1: 11041642013 = 1.51x","timestamp":"2025-11-10 11:50:29"}
{"level":"info","message":"🚀 Multiplicador Spaceman 1: 11041642013 = 1.52x","timestamp":"2025-11-10 11:50:29"}
{"level":"info","message":"🚀 Multiplicador Spaceman 1: 11041642013 = 1.53x","timestamp":"2025-11-10 11:50:29"}
{"level":"info","message":"🚀 Multiplicador Spaceman 1: 11041642013 = 1.54x","timestamp":"2025-11-10 11:50:30"}
{"level":"info","message":"🚀 Multiplicador Spaceman 1: 11041642013 = 1.55x","timestamp":"2025-11-10 11:50:30"}
{"level":"info","message":"🚀 Multiplicador Spaceman 1: 11041642013 = 1.56x","timestamp":"2025-11-10 11:50:30"}
{"level":"info","message":"🚀 Multiplicador Spaceman 1: 11041642013 = 1.57x","timestamp":"2025-11-10 11:50:30"}
{"level":"info","message":"🚀 Multiplicador Spaceman 1: 11041642013 = 1.58x","timestamp":"2025-11-10 11:50:30"}
{"level":"info","message":"🚀 Multiplicador Spaceman 1: 11041642013 = 1.59x","timestamp":"2025-11-10 11:50:30"}
{"level":"info","message":"🚀 Multiplicador Spaceman 1: 11041642013 = 1.6x","timestamp":"2025-11-10 11:50:30"}
{"level":"info","message":"🚀 Multiplicador Spaceman 1: 11041642013 = 1.61x","timestamp":"2025-11-10 11:50:30"}
{"level":"info","message":"🚀 Multiplicador Spaceman 1: 11041642013 = 1.62x","timestamp":"2025-11-10 11:50:30"}
{"level":"info","message":"🚀 Multiplicador Spaceman 1: 11041642013 = 1.63x","timestamp":"2025-11-10 11:50:30"}
{"level":"info","message":"🚀 Multiplicador Spaceman 1: 11041642013 = 1.64x","timestamp":"2025-11-10 11:50:30"}
{"level":"info","message":"🚀 Multiplicador Spaceman 1: 11041642013 = 1.65x","timestamp":"2025-11-10 11:50:30"}
{"level":"info","message":"🚀 Multiplicador Spaceman 1: 11041642013 = 1.66x","timestamp":"2025-11-10 11:50:30"}
{"level":"info","message":"🚀 Multiplicador Spaceman 1: 11041642013 = 1.67x","timestamp":"2025-11-10 11:50:30"}
{"level":"info","message":"🚀 Multiplicador Spaceman 1: 11041642013 = 1.68x","timestamp":"2025-11-10 11:50:31"}
{"level":"info","message":"🚀 Multiplicador Spaceman 1: 11041642013 = 1.69x","timestamp":"2025-11-10 11:50:31"}
{"level":"info","message":"🚀 Multiplicador Spaceman 1: 11041642013 = 1.7x","timestamp":"2025-11-10 11:50:31"}
{"level":"info","message":"🚀 Multiplicador Spaceman 1: 11041642013 = 1.71x","timestamp":"2025-11-10 11:50:31"}
{"level":"info","message":"🚀 Multiplicador Spaceman 1: 11041642013 = 1.72x","timestamp":"2025-11-10 11:50:31"}
{"level":"info","message":"🚀 Multiplicador Spaceman 1: 11041642013 = 1.73x","timestamp":"2025-11-10 11:50:31"}
{"level":"info","message":"🚀 Multiplicador Spaceman 1: 11041642013 = 1.74x","timestamp":"2025-11-10 11:50:31"}
{"level":"info","message":"🚀 Multiplicador Spaceman 1: 11041642013 = 1.75x","timestamp":"2025-11-10 11:50:31"}
{"level":"info","message":"🚀 Multiplicador Spaceman 1: 11041642013 = 1.76x","timestamp":"2025-11-10 11:50:31"}
{"level":"info","message":"🚀 Multiplicador Spaceman 1: 11041642013 = 1.77x","timestamp":"2025-11-10 11:50:31"}
{"level":"info","message":"🚀 Multiplicador Spaceman 1: 11041642013 = 1.78x","timestamp":"2025-11-10 11:50:31"}
{"level":"info","message":"🚀 Multiplicador Spaceman 1: 11041642013 = 1.79x","timestamp":"2025-11-10 11:50:31"}
{"level":"info","message":"🚀 Multiplicador Spaceman 1: 11041642013 = 1.8x","timestamp":"2025-11-10 11:50:31"}
{"level":"info","message":"🚀 Multiplicador Spaceman 1: 11041642013 = 1.81x","timestamp":"2025-11-10 11:50:32"}
{"level":"info","message":"🚀 Multiplicador Spaceman 1: 11041642013 = 1.82x","timestamp":"2025-11-10 11:50:32"}
{"level":"info","message":"🚀 Multiplicador Spaceman 1: 11041642013 = 1.83x","timestamp":"2025-11-10 11:50:32"}
{"level":"info","message":"🚀 Multiplicador Spaceman 1: 11041642013 = 1.84x","timestamp":"2025-11-10 11:50:32"}
{"level":"info","message":"🚀 Multiplicador Spaceman 1: 11041642013 = 1.85x","timestamp":"2025-11-10 11:50:32"}
{"level":"info","message":"🚀 Multiplicador Spaceman 1: 11041642013 = 1.86x","timestamp":"2025-11-10 11:50:32"}
{"level":"info","message":"🚀 Multiplicador Spaceman 1: 11041642013 = 1.87x","timestamp":"2025-11-10 11:50:32"}
{"level":"info","message":"🚀 Multiplicador Spaceman 1: 11041642013 = 1.88x","timestamp":"2025-11-10 11:50:32"}
{"level":"info","message":"🚀 Multiplicador Spaceman 1: 11041642013 = 1.89x","timestamp":"2025-11-10 11:50:32"}
{"level":"info","message":"🚀 Multiplicador Spaceman 1: 11041642013 = 1.9x","timestamp":"2025-11-10 11:50:32"}
{"level":"info","message":"🚀 Multiplicador Spaceman 1: 11041642013 = 1.91x","timestamp":"2025-11-10 11:50:32"}
{"level":"info","message":"🚀 Multiplicador Spaceman 1: 11041642013 = 1.92x","timestamp":"2025-11-10 11:50:32"}
{"level":"info","message":"🚀 Multiplicador Spaceman 1: 11041642013 = 1.93x","timestamp":"2025-11-10 11:50:32"}
{"level":"info","message":"🚀 Multiplicador Spaceman 1: 11041642013 = 1.94x","timestamp":"2025-11-10 11:50:32"}
{"level":"info","message":"🚀 Multiplicador Spaceman 1: 11041642013 = 1.95x","timestamp":"2025-11-10 11:50:32"}
{"level":"info","message":"🚀 Multiplicador Spaceman 1: 11041642013 = 1.96x","timestamp":"2025-11-10 11:50:32"}
{"level":"info","message":"🚀 Multiplicador Spaceman 1: 11041642013 = 1.97x","timestamp":"2025-11-10 11:50:33"}
{"level":"info","message":"🚀 Multiplicador Spaceman 1: 11041642013 = 1.98x","timestamp":"2025-11-10 11:50:33"}
{"level":"info","message":"🚀 Multiplicador Spaceman 1: 11041642013 = 1.99x","timestamp":"2025-11-10 11:50:33"}
{"level":"info","message":"🚀 Multiplicador Spaceman 1: 11041642013 = 2x","timestamp":"2025-11-10 11:50:33"}
{"level":"info","message":"🚀 Multiplicador Spaceman 1: 11041642013 = 2.01x","timestamp":"2025-11-10 11:50:33"}
{"level":"info","message":"🚀 Multiplicador Spaceman 1: 11041642013 = 2.02x","timestamp":"2025-11-10 11:50:33"}
{"level":"info","message":"🚀 Multiplicador Spaceman 1: 11041642013 = 2.03x","timestamp":"2025-11-10 11:50:33"}
{"level":"info","message":"🚀 Multiplicador Spaceman 1: 11041642013 = 2.04x","timestamp":"2025-11-10 11:50:33"}
{"level":"info","message":"🚀 Multiplicador Spaceman 1: 11041642013 = 2.05x","timestamp":"2025-11-10 11:50:33"}
{"level":"info","message":"🚀 Multiplicador Spaceman 1: 11041642013 = 2.06x","timestamp":"2025-11-10 11:50:33"}
{"level":"info","message":"🚀 Multiplicador Spaceman 1: 11041642013 = 2.07x","timestamp":"2025-11-10 11:50:33"}
{"level":"info","message":"🚀 Multiplicador Spaceman 1: 11041642013 = 2.08x","timestamp":"2025-11-10 11:50:33"}
{"level":"info","message":"🚀 Multiplicador Spaceman 1: 11041642013 = 2.09x","timestamp":"2025-11-10 11:50:33"}
{"level":"info","message":"🚀 Multiplicador Spaceman 1: 11041642013 = 2.1x","timestamp":"2025-11-10 11:50:33"}
{"level":"info","message":"🚀 Multiplicador Spaceman 1: 11041642013 = 2.11x","timestamp":"2025-11-10 11:50:33"}
{"level":"info","message":"🚀 Multiplicador Spaceman 1: 11041642013 = 2.12x","timestamp":"2025-11-10 11:50:33"}
{"level":"info","message":"🚀 Multiplicador Spaceman 1: 11041642013 = 2.13x","timestamp":"2025-11-10 11:50:33"}
{"level":"info","message":"🚀 Multiplicador Spaceman 1: 11041642013 = 2.14x","timestamp":"2025-11-10 11:50:34"}
{"level":"info","message":"🚀 Multiplicador Spaceman 1: 11041642013 = 2.15x","timestamp":"2025-11-10 11:50:34"}
{"level":"info","message":"🚀 Multiplicador Spaceman 1: 11041642013 = 2.16x","timestamp":"2025-11-10 11:50:34"}
{"level":"info","message":"🚀 Multiplicador Spaceman 1: 11041642013 = 2.17x","timestamp":"2025-11-10 11:50:34"}
{"level":"info","message":"🚀 Multiplicador Spaceman 1: 11041642013 = 2.18x","timestamp":"2025-11-10 11:50:34"}
{"level":"info","message":"🚀 Multiplicador Spaceman 1: 11041642013 = 2.19x","timestamp":"2025-11-10 11:50:34"}
{"level":"info","message":"🚀 Multiplicador Spaceman 1: 11041642013 = 2.2x","timestamp":"2025-11-10 11:50:34"}
{"level":"info","message":"🚀 Multiplicador Spaceman 1: 11041642013 = 2.22x","timestamp":"2025-11-10 11:50:34"}
{"level":"info","message":"🚀 Multiplicador Spaceman 1: 11041642013 = 2.23x","timestamp":"2025-11-10 11:50:34"}
{"level":"info","message":"🚀 Multiplicador Spaceman 1: 11041642013 = 2.24x","timestamp":"2025-11-10 11:50:34"}
{"level":"info","message":"🚀 Multiplicador Spaceman 1: 11041642013 = 2.25x","timestamp":"2025-11-10 11:50:34"}
{"level":"info","message":"🚀 Multiplicador Spaceman 1: 11041642013 = 2.26x","timestamp":"2025-11-10 11:50:34"}
{"level":"info","message":"🚀 Multiplicador Spaceman 1: 11041642013 = 2.27x","timestamp":"2025-11-10 11:50:34"}
{"level":"info","message":"🚀 Multiplicador Spaceman 1: 11041642013 = 2.28x","timestamp":"2025-11-10 11:50:34"}
{"level":"info","message":"🚀 Multiplicador Spaceman 1: 11041642013 = 2.29x","timestamp":"2025-11-10 11:50:34"}
{"level":"info","message":"🚀 Multiplicador Spaceman 1: 11041642013 = 2.3x","timestamp":"2025-11-10 11:50:34"}
{"level":"info","message":"🚀 Multiplicador Spaceman 1: 11041642013 = 2.31x","timestamp":"2025-11-10 11:50:34"}
{"level":"info","message":"🚀 Multiplicador Spaceman 1: 11041642013 = 2.32x","timestamp":"2025-11-10 11:50:35"}
{"level":"info","message":"🚀 Multiplicador Spaceman 1: 11041642013 = 2.33x","timestamp":"2025-11-10 11:50:35"}
{"level":"info","message":"🚀 Multiplicador Spaceman 1: 11041642013 = 2.34x","timestamp":"2025-11-10 11:50:35"}
{"level":"info","message":"🚀 Multiplicador Spaceman 1: 11041642013 = 2.35x","timestamp":"2025-11-10 11:50:35"}
{"level":"info","message":"🚀 Multiplicador Spaceman 1: 11041642013 = 2.37x","timestamp":"2025-11-10 11:50:35"}
{"level":"info","message":"🚀 Multiplicador Spaceman 1: 11041642013 = 2.38x","timestamp":"2025-11-10 11:50:35"}
{"level":"info","message":"🚀 Multiplicador Spaceman 1: 11041642013 = 2.39x","timestamp":"2025-11-10 11:50:35"}
{"level":"info","message":"🚀 Multiplicador Spaceman 1: 11041642013 = 2.4x","timestamp":"2025-11-10 11:50:35"}
{"level":"info","message":"🚀 Multiplicador Spaceman 1: 11041642013 = 2.41x","timestamp":"2025-11-10 11:50:35"}
{"level":"info","message":"🚀 Multiplicador Spaceman 1: 11041642013 = 2.42x","timestamp":"2025-11-10 11:50:35"}
{"level":"info","message":"🚀 Multiplicador Spaceman 1: 11041642013 = 2.43x","timestamp":"2025-11-10 11:50:35"}
{"level":"info","message":"🚀 Multiplicador Spaceman 1: 11041642013 = 2.44x","timestamp":"2025-11-10 11:50:35"}
{"level":"info","message":"🚀 Multiplicador Spaceman 1: 11041642013 = 2.45x","timestamp":"2025-11-10 11:50:35"}
{"level":"info","message":"🚀 Multiplicador Spaceman 1: 11041642013 = 2.46x","timestamp":"2025-11-10 11:50:35"}
{"level":"info","message":"🚀 Multiplicador Spaceman 1: 11041642013 = 2.47x","timestamp":"2025-11-10 11:50:35"}
{"level":"info","message":"🚀 Multiplicador Spaceman 1: 11041642013 = 2.48x","timestamp":"2025-11-10 11:50:35"}
{"level":"info","message":"🚀 Multiplicador Spaceman 1: 11041642013 = 2.49x","timestamp":"2025-11-10 11:50:35"}
{"level":"info","message":"🚀 Multiplicador Spaceman 1: 11041642013 = 2.5x","timestamp":"2025-11-10 11:50:35"}
{"level":"info","message":"🚀 Multiplicador Spaceman 1: 11041642013 = 2.52x","timestamp":"2025-11-10 11:50:35"}
{"level":"info","message":"🚀 Multiplicador Spaceman 1: 11041642013 = 2.53x","timestamp":"2025-11-10 11:50:36"}
{"level":"info","message":"🚀 Multiplicador Spaceman 1: 11041642013 = 2.54x","timestamp":"2025-11-10 11:50:36"}
{"level":"info","message":"🚀 Multiplicador Spaceman 1: 11041642013 = 2.55x","timestamp":"2025-11-10 11:50:36"}
{"level":"info","message":"🚀 Multiplicador Spaceman 1: 11041642013 = 2.56x","timestamp":"2025-11-10 11:50:36"}
{"level":"info","message":"🚀 Multiplicador Spaceman 1: 11041642013 = 2.57x","timestamp":"2025-11-10 11:50:36"}
{"level":"info","message":"🚀 Multiplicador Spaceman 1: 11041642013 = 2.58x","timestamp":"2025-11-10 11:50:36"}
{"level":"info","message":"🚀 Multiplicador Spaceman 1: 11041642013 = 2.59x","timestamp":"2025-11-10 11:50:36"}
{"level":"info","message":"🚀 Multiplicador Spaceman 1: 11041642013 = 2.6x","timestamp":"2025-11-10 11:50:36"}
{"level":"info","message":"🚀 Multiplicador Spaceman 1: 11041642013 = 2.61x","timestamp":"2025-11-10 11:50:36"}
{"level":"info","message":"🚀 Multiplicador Spaceman 1: 11041642013 = 2.62x","timestamp":"2025-11-10 11:50:36"}
{"level":"info","message":"🚀 Multiplicador Spaceman 1: 11041642013 = 2.63x","timestamp":"2025-11-10 11:50:36"}
{"level":"info","message":"🚀 Multiplicador Spaceman 1: 11041642013 = 2.65x","timestamp":"2025-11-10 11:50:36"}
{"level":"info","message":"🚀 Multiplicador Spaceman 1: 11041642013 = 2.66x","timestamp":"2025-11-10 11:50:36"}
{"level":"info","message":"🚀 Multiplicador Spaceman 1: 11041642013 = 2.67x","timestamp":"2025-11-10 11:50:36"}
{"level":"info","message":"🚀 Multiplicador Spaceman 1: 11041642013 = 2.68x","timestamp":"2025-11-10 11:50:36"}
{"level":"info","message":"🚀 Multiplicador Spaceman 1: 11041642013 = 2.69x","timestamp":"2025-11-10 11:50:36"}
{"level":"info","message":"🚀 Multiplicador Spaceman 1: 11041642013 = 2.71x","timestamp":"2025-11-10 11:50:36"}
{"level":"info","message":"🚀 Multiplicador Spaceman 1: 11041642013 = 2.73x","timestamp":"2025-11-10 11:50:36"}
{"level":"info","message":"🚀 Multiplicador Spaceman 1: 11041642013 = 2.74x","timestamp":"2025-11-10 11:50:36"}
{"level":"info","message":"🚀 Multiplicador Spaceman 1: 11041642013 = 2.75x","timestamp":"2025-11-10 11:50:37"}
{"level":"info","message":"🚀 Multiplicador Spaceman 1: 11041642013 = 2.76x","timestamp":"2025-11-10 11:50:37"}
{"level":"info","message":"🚀 Multiplicador Spaceman 1: 11041642013 = 2.77x","timestamp":"2025-11-10 11:50:37"}
{"level":"info","message":"🚀 Multiplicador Spaceman 1: 11041642013 = 2.79x","timestamp":"2025-11-10 11:50:37"}
{"level":"info","message":"🚀 Multiplicador Spaceman 1: 11041642013 = 2.8x","timestamp":"2025-11-10 11:50:37"}
{"level":"info","message":"🚀 Multiplicador Spaceman 1: 11041642013 = 2.81x","timestamp":"2025-11-10 11:50:37"}
{"level":"info","message":"🚀 Multiplicador Spaceman 1: 11041642013 = 2.82x","timestamp":"2025-11-10 11:50:37"}
{"level":"info","message":"🚀 Multiplicador Spaceman 1: 11041642013 = 2.83x","timestamp":"2025-11-10 11:50:37"}
{"level":"info","message":"🚀 Multiplicador Spaceman 1: 11041642013 = 2.84x","timestamp":"2025-11-10 11:50:37"}
{"level":"info","message":"🚀 Multiplicador Spaceman 1: 11041642013 = 2.86x","timestamp":"2025-11-10 11:50:37"}
{"level":"info","message":"🚀 Multiplicador Spaceman 1: 11041642013 = 2.87x","timestamp":"2025-11-10 11:50:37"}
{"level":"info","message":"🚀 Multiplicador Spaceman 1: 11041642013 = 2.88x","timestamp":"2025-11-10 11:50:37"}
{"level":"info","message":"🚀 Multiplicador Spaceman 1: 11041642013 = 2.9x","timestamp":"2025-11-10 11:50:37"}
{"level":"info","message":"🚀 Multiplicador Spaceman 1: 11041642013 = 2.91x","timestamp":"2025-11-10 11:50:37"}
{"level":"info","message":"🚀 Multiplicador Spaceman 1: 11041642013 = 2.92x","timestamp":"2025-11-10 11:50:37"}
{"level":"info","message":"🚀 Multiplicador Spaceman 1: 11041642013 = 2.93x","timestamp":"2025-11-10 11:50:37"}
{"level":"info","message":"🚀 Multiplicador Spaceman 1: 11041642013 = 2.95x","timestamp":"2025-11-10 11:50:37"}
{"level":"info","message":"🚀 Multiplicador Spaceman 1: 11041642013 = 2.96x","timestamp":"2025-11-10 11:50:37"}
{"level":"info","message":"🚀 Multiplicador Spaceman 1: 11041642013 = 2.97x","timestamp":"2025-11-10 11:50:37"}
{"level":"info","message":"🚀 Multiplicador Spaceman 1: 11041642013 = 2.98x","timestamp":"2025-11-10 11:50:38"}
{"level":"info","message":"🚀 Multiplicador Spaceman 1: 11041642013 = 2.99x","timestamp":"2025-11-10 11:50:38"}
{"level":"info","message":"🚀 Multiplicador Spaceman 1: 11041642013 = 3.01x","timestamp":"2025-11-10 11:50:38"}
{"level":"info","message":"🚀 Multiplicador Spaceman 1: 11041642013 = 3.02x","timestamp":"2025-11-10 11:50:38"}
{"level":"info","message":"🚀 Multiplicador Spaceman 1: 11041642013 = 3.03x","timestamp":"2025-11-10 11:50:38"}
{"level":"info","message":"🚀 Multiplicador Spaceman 1: 11041642013 = 3.04x","timestamp":"2025-11-10 11:50:38"}
{"level":"info","message":"🚀 Multiplicador Spaceman 1: 11041642013 = 3.06x","timestamp":"2025-11-10 11:50:38"}
{"level":"info","message":"🚀 Multiplicador Spaceman 1: 11041642013 = 3.08x","timestamp":"2025-11-10 11:50:38"}
{"level":"info","message":"🚀 Multiplicador Spaceman 1: 11041642013 = 3.09x","timestamp":"2025-11-10 11:50:38"}
{"level":"info","message":"🚀 Multiplicador Spaceman 1: 11041642013 = 3.1x","timestamp":"2025-11-10 11:50:38"}
{"level":"info","message":"🚀 Multiplicador Spaceman 1: 11041642113 = 1.01x","timestamp":"2025-11-10 11:50:48"}
{"level":"info","message":"🚀 Multiplicador Spaceman 1: 11041642113 = 1.02x","timestamp":"2025-11-10 11:50:48"}
{"level":"info","message":"🚀 Multiplicador Spaceman 1: 11041642113 = 1.03x","timestamp":"2025-11-10 11:50:48"}
{"level":"info","message":"🚀 Multiplicador Spaceman 1: 11041642113 = 1.04x","timestamp":"2025-11-10 11:50:49"}
{"level":"info","message":"🚀 Multiplicador Spaceman 1: 11041642113 = 1.05x","timestamp":"2025-11-10 11:50:49"}
{"level":"info","message":"🚀 Multiplicador Spaceman 1: 11041642113 = 1.06x","timestamp":"2025-11-10 11:50:49"}
{"level":"info","message":"🚀 Multiplicador Spaceman 1: 11041642113 = 1.07x","timestamp":"2025-11-10 11:50:49"}
{"level":"info","message":"🚀 Multiplicador Spaceman 1: 11041642113 = 1.08x","timestamp":"2025-11-10 11:50:49"}
{"level":"info","message":"🚀 Multiplicador Spaceman 1: 11041642113 = 1.09x","timestamp":"2025-11-10 11:50:49"}
{"level":"info","message":"🚀 Multiplicador Spaceman 1: 11041642113 = 1.1x","timestamp":"2025-11-10 11:50:49"}
{"level":"info","message":"🚀 Multiplicador Spaceman 1: 11041642113 = 1.11x","timestamp":"2025-11-10 11:50:49"}
{"level":"info","message":"🚀 Multiplicador Spaceman 1: 11041642113 = 1.12x","timestamp":"2025-11-10 11:50:49"}
{"level":"info","message":"🚀 Multiplicador Spaceman 1: 11041642113 = 1.13x","timestamp":"2025-11-10 11:50:50"}
{"level":"info","message":"🚀 Multiplicador Spaceman 1: 11041642113 = 1.14x","timestamp":"2025-11-10 11:50:50"}
{"level":"info","message":"🚀 Multiplicador Spaceman 1: 11041642113 = 1.15x","timestamp":"2025-11-10 11:50:50"}
{"level":"info","message":"🚀 Multiplicador Spaceman 1: 11041642113 = 1.16x","timestamp":"2025-11-10 11:50:50"}
{"level":"info","message":"🚀 Multiplicador Spaceman 1: 11041642113 = 1.17x","timestamp":"2025-11-10 11:50:50"}
{"level":"info","message":"🚀 Multiplicador Spaceman 1: 11041642113 = 1.18x","timestamp":"2025-11-10 11:50:50"}
{"level":"info","message":"🚀 Multiplicador Spaceman 1: 11041642213 = 1.01x","timestamp":"2025-11-10 11:51:00"}
{"level":"info","message":"🚀 Multiplicador Spaceman 1: 11041642213 = 1.02x","timestamp":"2025-11-10 11:51:00"}
{"level":"info","message":"🚀 Multiplicador Spaceman 1: 11041642213 = 1.03x","timestamp":"2025-11-10 11:51:00"}
{"level":"info","message":"🚀 Multiplicador Spaceman 1: 11041642213 = 1.04x","timestamp":"2025-11-10 11:51:01"}
{"level":"info","message":"🚀 Multiplicador Spaceman 1: 11041642213 = 1.05x","timestamp":"2025-11-10 11:51:01"}
{"level":"info","message":"🚀 Multiplicador Spaceman 1: 11041642213 = 1.06x","timestamp":"2025-11-10 11:51:01"}
{"level":"info","message":"🚀 Multiplicador Spaceman 1: 11041642213 = 1.07x","timestamp":"2025-11-10 11:51:01"}
{"level":"info","message":"🚀 Multiplicador Spaceman 1: 11041642213 = 1.08x","timestamp":"2025-11-10 11:51:01"}
{"level":"info","message":"🚀 Multiplicador Spaceman 1: 11041642213 = 1.09x","timestamp":"2025-11-10 11:51:01"}
{"level":"info","message":"🚀 Multiplicador Spaceman 1: 11041642213 = 1.1x","timestamp":"2025-11-10 11:51:01"}
{"level":"info","message":"🚀 Multiplicador Spaceman 1: 11041642213 = 1.11x","timestamp":"2025-11-10 11:51:01"}
{"level":"info","message":"🚀 Multiplicador Spaceman 1: 11041642213 = 1.12x","timestamp":"2025-11-10 11:51:02"}
{"level":"info","message":"🚀 Multiplicador Spaceman 1: 11041642213 = 1.13x","timestamp":"2025-11-10 11:51:02"}
{"level":"info","message":"🚀 Multiplicador Spaceman 1: 11041642213 = 1.14x","timestamp":"2025-11-10 11:51:02"}
{"level":"info","message":"🚀 Multiplicador Spaceman 1: 11041642213 = 1.15x","timestamp":"2025-11-10 11:51:02"}
{"level":"info","message":"🚀 Multiplicador Spaceman 1: 11041642213 = 1.16x","timestamp":"2025-11-10 11:51:02"}
{"level":"info","message":"🚀 Multiplicador Spaceman 1: 11041642213 = 1.17x","timestamp":"2025-11-10 11:51:02"}
{"level":"info","message":"🚀 Multiplicador Spaceman 1: 11041642213 = 1.18x","timestamp":"2025-11-10 11:51:02"}
{"level":"info","message":"🚀 Multiplicador Spaceman 1: 11041642213 = 1.19x","timestamp":"2025-11-10 11:51:02"}
{"level":"info","message":"🚀 Multiplicador Spaceman 1: 11041642213 = 1.2x","timestamp":"2025-11-10 11:51:02"}
{"level":"info","message":"🚀 Multiplicador Spaceman 1: 11041642213 = 1.21x","timestamp":"2025-11-10 11:51:02"}
{"level":"info","message":"🚀 Multiplicador Spaceman 1: 11041642213 = 1.22x","timestamp":"2025-11-10 11:51:02"}
{"level":"info","message":"🚀 Multiplicador Spaceman 1: 11041642213 = 1.23x","timestamp":"2025-11-10 11:51:03"}
{"level":"info","message":"🚀 Multiplicador Spaceman 1: 11041642213 = 1.24x","timestamp":"2025-11-10 11:51:03"}
{"level":"info","message":"🚀 Multiplicador Spaceman 1: 11041642213 = 1.25x","timestamp":"2025-11-10 11:51:03"}
{"level":"info","message":"🚀 Multiplicador Spaceman 1: 11041642213 = 1.26x","timestamp":"2025-11-10 11:51:03"}
{"level":"info","message":"🚀 Multiplicador Spaceman 1: 11041642213 = 1.27x","timestamp":"2025-11-10 11:51:03"}
{"level":"info","message":"🚀 Multiplicador Spaceman 1: 11041642213 = 1.28x","timestamp":"2025-11-10 11:51:03"}
{"level":"info","message":"🚀 Multiplicador Spaceman 1: 11041642213 = 1.29x","timestamp":"2025-11-10 11:51:03"}
{"level":"info","message":"🚀 Multiplicador Spaceman 1: 11041642213 = 1.3x","timestamp":"2025-11-10 11:51:03"}
{"level":"info","message":"🚀 Multiplicador Spaceman 1: 11041642213 = 1.31x","timestamp":"2025-11-10 11:51:03"}
{"level":"info","message":"🚀 Multiplicador Spaceman 1: 11041642213 = 1.32x","timestamp":"2025-11-10 11:51:04"}
{"level":"info","message":"🚀 Multiplicador Spaceman 1: 11041642213 = 1.33x","timestamp":"2025-11-10 11:51:04"}
{"level":"info","message":"🚀 Multiplicador Spaceman 1: 11041642213 = 1.34x","timestamp":"2025-11-10 11:51:04"}
{"level":"info","message":"🚀 Multiplicador Spaceman 1: 11041642213 = 1.35x","timestamp":"2025-11-10 11:51:04"}
{"level":"info","message":"🚀 Multiplicador Spaceman 1: 11041642213 = 1.36x","timestamp":"2025-11-10 11:51:04"}
{"level":"info","message":"🚀 Multiplicador Spaceman 1: 11041642213 = 1.37x","timestamp":"2025-11-10 11:51:04"}
{"level":"info","message":"🚀 Multiplicador Spaceman 1: 11041642213 = 1.38x","timestamp":"2025-11-10 11:51:04"}
{"level":"info","message":"🚀 Multiplicador Spaceman 1: 11041642213 = 1.39x","timestamp":"2025-11-10 11:51:04"}
{"level":"info","message":"🚀 Multiplicador Spaceman 1: 11041642213 = 1.4x","timestamp":"2025-11-10 11:51:04"}
{"level":"info","message":"🚀 Multiplicador Spaceman 1: 11041642213 = 1.41x","timestamp":"2025-11-10 11:51:04"}
{"level":"info","message":"🚀 Multiplicador Spaceman 1: 11041642213 = 1.42x","timestamp":"2025-11-10 11:51:04"}
{"level":"info","message":"🚀 Multiplicador Spaceman 1: 11041642213 = 1.43x","timestamp":"2025-11-10 11:51:04"}
{"level":"info","message":"🚀 Multiplicador Spaceman 1: 11041642213 = 1.44x","timestamp":"2025-11-10 11:51:05"}
{"level":"info","message":"🚀 Multiplicador Spaceman 1: 11041642213 = 1.45x","timestamp":"2025-11-10 11:51:05"}
{"level":"info","message":"🚀 Multiplicador Spaceman 1: 11041642213 = 1.46x","timestamp":"2025-11-10 11:51:05"}
{"level":"info","message":"🚀 Multiplicador Spaceman 1: 11041642213 = 1.47x","timestamp":"2025-11-10 11:51:05"}
{"level":"info","message":"🚀 Multiplicador Spaceman 1: 11041642213 = 1.48x","timestamp":"2025-11-10 11:51:05"}
{"level":"info","message":"🚀 Multiplicador Spaceman 1: 11041642213 = 1.49x","timestamp":"2025-11-10 11:51:05"}
{"level":"info","message":"🚀 Multiplicador Spaceman 1: 11041642213 = 1.5x","timestamp":"2025-11-10 11:51:05"}
{"level":"info","message":"🚀 Multiplicador Spaceman 1: 11041642213 = 1.51x","timestamp":"2025-11-10 11:51:05"}
{"level":"info","message":"🚀 Multiplicador Spaceman 1: 11041642213 = 1.52x","timestamp":"2025-11-10 11:51:05"}
{"level":"info","message":"🚀 Multiplicador Spaceman 1: 11041642213 = 1.53x","timestamp":"2025-11-10 11:51:05"}
{"level":"info","message":"🚀 Multiplicador Spaceman 1: 11041642213 = 1.54x","timestamp":"2025-11-10 11:51:05"}
{"level":"info","message":"🚀 Multiplicador Spaceman 1: 11041642213 = 1.55x","timestamp":"2025-11-10 11:51:05"}
{"level":"info","message":"🚀 Multiplicador Spaceman 1: 11041642213 = 1.56x","timestamp":"2025-11-10 11:51:06"}
{"level":"info","message":"🚀 Multiplicador Spaceman 1: 11041642213 = 1.57x","timestamp":"2025-11-10 11:51:06"}
{"level":"info","message":"🚀 Multiplicador Spaceman 1: 11041642213 = 1.58x","timestamp":"2025-11-10 11:51:06"}
{"level":"info","message":"🚀 Multiplicador Spaceman 1: 11041642213 = 1.59x","timestamp":"2025-11-10 11:51:06"}
{"level":"info","message":"🚀 Multiplicador Spaceman 1: 11041642213 = 1.6x","timestamp":"2025-11-10 11:51:06"}
{"level":"info","message":"🚀 Multiplicador Spaceman 1: 11041642213 = 1.61x","timestamp":"2025-11-10 11:51:06"}
{"level":"info","message":"🚀 Multiplicador Spaceman 1: 11041642213 = 1.62x","timestamp":"2025-11-10 11:51:06"}
{"level":"info","message":"🚀 Multiplicador Spaceman 1: 11041642213 = 1.63x","timestamp":"2025-11-10 11:51:06"}
{"level":"info","message":"🚀 Multiplicador Spaceman 1: 11041642213 = 1.64x","timestamp":"2025-11-10 11:51:06"}
{"level":"info","message":"🚀 Multiplicador Spaceman 1: 11041642213 = 1.65x","timestamp":"2025-11-10 11:51:06"}
{"level":"info","message":"🚀 Multiplicador Spaceman 1: 11041642213 = 1.66x","timestamp":"2025-11-10 11:51:06"}
{"level":"info","message":"🚀 Multiplicador Spaceman 1: 11041642213 = 1.67x","timestamp":"2025-11-10 11:51:06"}
{"level":"info","message":"🚀 Multiplicador Spaceman 1: 11041642213 = 1.68x","timestamp":"2025-11-10 11:51:06"}
{"level":"info","message":"🚀 Multiplicador Spaceman 1: 11041642213 = 1.69x","timestamp":"2025-11-10 11:51:06"}
{"level":"info","message":"🚀 Multiplicador Spaceman 1: 11041642213 = 1.7x","timestamp":"2025-11-10 11:51:07"}
{"level":"info","message":"🚀 Multiplicador Spaceman 1: 11041642213 = 1.71x","timestamp":"2025-11-10 11:51:07"}
{"level":"info","message":"🚀 Multiplicador Spaceman 1: 11041642213 = 1.72x","timestamp":"2025-11-10 11:51:07"}
{"level":"info","message":"🚀 Multiplicador Spaceman 1: 11041642213 = 1.73x","timestamp":"2025-11-10 11:51:07"}
{"level":"info","message":"🚀 Multiplicador Spaceman 1: 11041642213 = 1.74x","timestamp":"2025-11-10 11:51:07"}
{"level":"info","message":"🚀 Multiplicador Spaceman 1: 11041642213 = 1.75x","timestamp":"2025-11-10 11:51:07"}
{"level":"info","message":"🚀 Multiplicador Spaceman 1: 11041642213 = 1.76x","timestamp":"2025-11-10 11:51:07"}
{"level":"info","message":"🚀 Multiplicador Spaceman 1: 11041642213 = 1.77x","timestamp":"2025-11-10 11:51:07"}
{"level":"info","message":"🚀 Multiplicador Spaceman 1: 11041642213 = 1.78x","timestamp":"2025-11-10 11:51:07"}
{"level":"info","message":"🚀 Multiplicador Spaceman 1: 11041642213 = 1.79x","timestamp":"2025-11-10 11:51:07"}
{"level":"info","message":"🚀 Multiplicador Spaceman 1: 11041642213 = 1.8x","timestamp":"2025-11-10 11:51:07"}
{"level":"info","message":"🚀 Multiplicador Spaceman 1: 11041642213 = 1.81x","timestamp":"2025-11-10 11:51:07"}
{"level":"info","message":"🚀 Multiplicador Spaceman 1: 11041642213 = 1.82x","timestamp":"2025-11-10 11:51:07"}
{"level":"info","message":"🚀 Multiplicador Spaceman 1: 11041642213 = 1.83x","timestamp":"2025-11-10 11:51:07"}
{"level":"info","message":"🚀 Multiplicador Spaceman 1: 11041642213 = 1.84x","timestamp":"2025-11-10 11:51:07"}
{"level":"info","message":"🚀 Multiplicador Spaceman 1: 11041642213 = 1.85x","timestamp":"2025-11-10 11:51:08"}
{"level":"info","message":"🚀 Multiplicador Spaceman 1: 11041642213 = 1.86x","timestamp":"2025-11-10 11:51:08"}
{"level":"info","message":"🚀 Multiplicador Spaceman 1: 11041642213 = 1.87x","timestamp":"2025-11-10 11:51:08"}
{"level":"info","message":"🚀 Multiplicador Spaceman 1: 11041642213 = 1.88x","timestamp":"2025-11-10 11:51:08"}
{"level":"info","message":"🚀 Multiplicador Spaceman 1: 11041642213 = 1.89x","timestamp":"2025-11-10 11:51:08"}
{"level":"info","message":"🚀 Multiplicador Spaceman 1: 11041642213 = 1.9x","timestamp":"2025-11-10 11:51:08"}
{"level":"info","message":"🚀 Multiplicador Spaceman 1: 11041642213 = 1.91x","timestamp":"2025-11-10 11:51:08"}
{"level":"info","message":"🚀 Multiplicador Spaceman 1: 11041642213 = 1.92x","timestamp":"2025-11-10 11:51:08"}
{"level":"info","message":"🚀 Multiplicador Spaceman 1: 11041642213 = 1.93x","timestamp":"2025-11-10 11:51:08"}
{"level":"info","message":"🚀 Multiplicador Spaceman 1: 11041642213 = 1.94x","timestamp":"2025-11-10 11:51:08"}
{"level":"info","message":"🚀 Multiplicador Spaceman 1: 11041642213 = 1.95x","timestamp":"2025-11-10 11:51:08"}
{"level":"info","message":"🚀 Multiplicador Spaceman 1: 11041642213 = 1.96x","timestamp":"2025-11-10 11:51:08"}
{"level":"info","message":"🚀 Multiplicador Spaceman 1: 11041642213 = 1.97x","timestamp":"2025-11-10 11:51:08"}
{"level":"info","message":"🚀 Multiplicador Spaceman 1: 11041642213 = 1.98x","timestamp":"2025-11-10 11:51:08"}
{"level":"info","message":"🚀 Multiplicador Spaceman 1: 11041642213 = 2x","timestamp":"2025-11-10 11:51:08"}
{"level":"info","message":"🚀 Multiplicador Spaceman 1: 11041642213 = 2.01x","timestamp":"2025-11-10 11:51:09"}
{"level":"info","message":"🚀 Multiplicador Spaceman 1: 11041642213 = 2.02x","timestamp":"2025-11-10 11:51:09"}
{"level":"info","message":"🚀 Multiplicador Spaceman 1: 11041642213 = 2.03x","timestamp":"2025-11-10 11:51:09"}
{"level":"info","message":"🚀 Multiplicador Spaceman 1: 11041642213 = 2.04x","timestamp":"2025-11-10 11:51:09"}
{"level":"info","message":"🚀 Multiplicador Spaceman 1: 11041642213 = 2.05x","timestamp":"2025-11-10 11:51:09"}
{"level":"info","message":"🚀 Multiplicador Spaceman 1: 11041642213 = 2.06x","timestamp":"2025-11-10 11:51:09"}
{"level":"info","message":"🚀 Multiplicador Spaceman 1: 11041642213 = 2.07x","timestamp":"2025-11-10 11:51:09"}
{"level":"info","message":"🚀 Multiplicador Spaceman 1: 11041642213 = 2.08x","timestamp":"2025-11-10 11:51:09"}
{"level":"info","message":"🚀 Multiplicador Spaceman 1: 11041642213 = 2.09x","timestamp":"2025-11-10 11:51:09"}
{"level":"info","message":"🚀 Multiplicador Spaceman 1: 11041642213 = 2.1x","timestamp":"2025-11-10 11:51:09"}
{"level":"info","message":"🚀 Multiplicador Spaceman 1: 11041642213 = 2.11x","timestamp":"2025-11-10 11:51:09"}
{"level":"info","message":"🚀 Multiplicador Spaceman 1: 11041642213 = 2.12x","timestamp":"2025-11-10 11:51:09"}
{"level":"info","message":"🚀 Multiplicador Spaceman 1: 11041642213 = 2.14x","timestamp":"2025-11-10 11:51:09"}
{"level":"info","message":"🚀 Multiplicador Spaceman 1: 11041642213 = 2.15x","timestamp":"2025-11-10 11:51:09"}
{"level":"info","message":"🚀 Multiplicador Spaceman 1: 11041642213 = 2.16x","timestamp":"2025-11-10 11:51:09"}
{"level":"info","message":"🚀 Multiplicador Spaceman 1: 11041642213 = 2.17x","timestamp":"2025-11-10 11:51:09"}
{"level":"info","message":"🚀 Multiplicador Spaceman 1: 11041642213 = 2.18x","timestamp":"2025-11-10 11:51:10"}
{"level":"info","message":"🚀 Multiplicador Spaceman 1: 11041642213 = 2.19x","timestamp":"2025-11-10 11:51:10"}
{"level":"info","message":"🚀 Multiplicador Spaceman 1: 11041642213 = 2.2x","timestamp":"2025-11-10 11:51:10"}
{"level":"info","message":"🚀 Multiplicador Spaceman 1: 11041642213 = 2.21x","timestamp":"2025-11-10 11:51:10"}
{"level":"info","message":"🚀 Multiplicador Spaceman 1: 11041642213 = 2.22x","timestamp":"2025-11-10 11:51:10"}
{"level":"info","message":"🚀 Multiplicador Spaceman 1: 11041642213 = 2.23x","timestamp":"2025-11-10 11:51:10"}
{"level":"info","message":"🚀 Multiplicador Spaceman 1: 11041642213 = 2.24x","timestamp":"2025-11-10 11:51:10"}
{"level":"info","message":"🚀 Multiplicador Spaceman 1: 11041642213 = 2.25x","timestamp":"2025-11-10 11:51:10"}
{"level":"info","message":"🚀 Multiplicador Spaceman 1: 11041642213 = 2.26x","timestamp":"2025-11-10 11:51:10"}
{"level":"info","message":"🚀 Multiplicador Spaceman 1: 11041642213 = 2.27x","timestamp":"2025-11-10 11:51:10"}
{"level":"info","message":"🚀 Multiplicador Spaceman 1: 11041642213 = 2.28x","timestamp":"2025-11-10 11:51:10"}
{"level":"info","message":"🚀 Multiplicador Spaceman 1: 11041642213 = 2.29x","timestamp":"2025-11-10 11:51:10"}
{"level":"info","message":"🚀 Multiplicador Spaceman 1: 11041642213 = 2.3x","timestamp":"2025-11-10 11:51:10"}
{"level":"info","message":"🚀 Multiplicador Spaceman 1: 11041642213 = 2.31x","timestamp":"2025-11-10 11:51:10"}
{"level":"info","message":"🚀 Multiplicador Spaceman 1: 11041642213 = 2.32x","timestamp":"2025-11-10 11:51:10"}
{"level":"info","message":"🚀 Multiplicador Spaceman 1: 11041642213 = 2.33x","timestamp":"2025-11-10 11:51:10"}
{"level":"info","message":"🚀 Multiplicador Spaceman 1: 11041642213 = 2.34x","timestamp":"2025-11-10 11:51:10"}
{"level":"info","message":"🚀 Multiplicador Spaceman 1: 11041642213 = 2.35x","timestamp":"2025-11-10 11:51:10"}
{"level":"info","message":"🚀 Multiplicador Spaceman 1: 11041642213 = 2.36x","timestamp":"2025-11-10 11:51:10"}
{"level":"info","message":"🚀 Multiplicador Spaceman 1: 11041642213 = 2.37x","timestamp":"2025-11-10 11:51:11"}
{"level":"info","message":"🚀 Multiplicador Spaceman 1: 11041642213 = 2.38x","timestamp":"2025-11-10 11:51:11"}
{"level":"info","message":"🚀 Multiplicador Spaceman 1: 11041642213 = 2.39x","timestamp":"2025-11-10 11:51:11"}
{"level":"info","message":"🚀 Multiplicador Spaceman 1: 11041642213 = 2.4x","timestamp":"2025-11-10 11:51:11"}
{"level":"info","message":"🚀 Multiplicador Spaceman 1: 11041642213 = 2.42x","timestamp":"2025-11-10 11:51:11"}
{"level":"info","message":"🚀 Multiplicador Spaceman 1: 11041642213 = 2.43x","timestamp":"2025-11-10 11:51:11"}
{"level":"info","message":"🚀 Multiplicador Spaceman 1: 11041642213 = 2.44x","timestamp":"2025-11-10 11:51:11"}
{"level":"info","message":"🚀 Multiplicador Spaceman 1: 11041642213 = 2.45x","timestamp":"2025-11-10 11:51:11"}
{"level":"info","message":"🚀 Multiplicador Spaceman 1: 11041642213 = 2.46x","timestamp":"2025-11-10 11:51:11"}
{"level":"info","message":"🚀 Multiplicador Spaceman 1: 11041642213 = 2.47x","timestamp":"2025-11-10 11:51:11"}
{"level":"info","message":"🚀 Multiplicador Spaceman 1: 11041642213 = 2.48x","timestamp":"2025-11-10 11:51:11"}
{"level":"info","message":"🚀 Multiplicador Spaceman 1: 11041642213 = 2.49x","timestamp":"2025-11-10 11:51:11"}
{"level":"info","message":"🚀 Multiplicador Spaceman 1: 11041642213 = 2.51x","timestamp":"2025-11-10 11:51:11"}
{"level":"info","message":"🚀 Multiplicador Spaceman 1: 11041642213 = 2.52x","timestamp":"2025-11-10 11:51:11"}
{"level":"info","message":"🚀 Multiplicador Spaceman 1: 11041642213 = 2.53x","timestamp":"2025-11-10 11:51:11"}
{"level":"info","message":"🚀 Multiplicador Spaceman 1: 11041642213 = 2.54x","timestamp":"2025-11-10 11:51:11"}
{"level":"info","message":"🚀 Multiplicador Spaceman 1: 11041642213 = 2.56x","timestamp":"2025-11-10 11:51:11"}
{"level":"info","message":"🚀 Multiplicador Spaceman 1: 11041642213 = 2.57x","timestamp":"2025-11-10 11:51:11"}
{"level":"info","message":"🚀 Multiplicador Spaceman 1: 11041642213 = 2.58x","timestamp":"2025-11-10 11:51:12"}
{"level":"info","message":"🚀 Multiplicador Spaceman 1: 11041642213 = 2.59x","timestamp":"2025-11-10 11:51:12"}
{"level":"info","message":"🚀 Multiplicador Spaceman 1: 11041642213 = 2.6x","timestamp":"2025-11-10 11:51:12"}
{"level":"info","message":"🚀 Multiplicador Spaceman 1: 11041642213 = 2.62x","timestamp":"2025-11-10 11:51:12"}
{"level":"info","message":"🚀 Multiplicador Spaceman 1: 11041642213 = 2.63x","timestamp":"2025-11-10 11:51:12"}
{"level":"info","message":"🚀 Multiplicador Spaceman 1: 11041642213 = 2.64x","timestamp":"2025-11-10 11:51:12"}
{"level":"info","message":"🚀 Multiplicador Spaceman 1: 11041642213 = 2.65x","timestamp":"2025-11-10 11:51:12"}
{"level":"info","message":"🚀 Multiplicador Spaceman 1: 11041642213 = 2.66x","timestamp":"2025-11-10 11:51:12"}
{"level":"info","message":"🚀 Multiplicador Spaceman 1: 11041642213 = 2.67x","timestamp":"2025-11-10 11:51:12"}
{"level":"info","message":"🚀 Multiplicador Spaceman 1: 11041642213 = 2.68x","timestamp":"2025-11-10 11:51:12"}
{"level":"info","message":"🚀 Multiplicador Spaceman 1: 11041642213 = 2.69x","timestamp":"2025-11-10 11:51:12"}
{"level":"info","message":"🚀 Multiplicador Spaceman 1: 11041642213 = 2.7x","timestamp":"2025-11-10 11:51:12"}
{"level":"info","message":"🚀 Multiplicador Spaceman 1: 11041642213 = 2.71x","timestamp":"2025-11-10 11:51:12"}
{"level":"info","message":"🚀 Multiplicador Spaceman 1: 11041642213 = 2.74x","timestamp":"2025-11-10 11:51:12"}
{"level":"info","message":"🚀 Multiplicador Spaceman 1: 11041642213 = 2.75x","timestamp":"2025-11-10 11:51:12"}
{"level":"info","message":"🚀 Multiplicador Spaceman 1: 11041642213 = 2.76x","timestamp":"2025-11-10 11:51:12"}
{"level":"info","message":"🚀 Multiplicador Spaceman 1: 11041642213 = 2.77x","timestamp":"2025-11-10 11:51:12"}
{"level":"info","message":"🚀 Multiplicador Spaceman 1: 11041642213 = 2.78x","timestamp":"2025-11-10 11:51:12"}
{"level":"info","message":"🚀 Multiplicador Spaceman 1: 11041642213 = 2.8x","timestamp":"2025-11-10 11:51:13"}
{"level":"info","message":"🚀 Multiplicador Spaceman 1: 11041642213 = 2.81x","timestamp":"2025-11-10 11:51:13"}
{"level":"info","message":"🚀 Multiplicador Spaceman 1: 11041642213 = 2.82x","timestamp":"2025-11-10 11:51:13"}
{"level":"info","message":"🚀 Multiplicador Spaceman 1: 11041642213 = 2.83x","timestamp":"2025-11-10 11:51:13"}
{"level":"info","message":"🚀 Multiplicador Spaceman 1: 11041642213 = 2.84x","timestamp":"2025-11-10 11:51:13"}
{"level":"info","message":"🚀 Multiplicador Spaceman 1: 11041642213 = 2.85x","timestamp":"2025-11-10 11:51:13"}
{"level":"info","message":"🚀 Multiplicador Spaceman 1: 11041642213 = 2.87x","timestamp":"2025-11-10 11:51:13"}
{"level":"info","message":"🚀 Multiplicador Spaceman 1: 11041642213 = 2.88x","timestamp":"2025-11-10 11:51:13"}
{"level":"info","message":"🚀 Multiplicador Spaceman 1: 11041642213 = 2.89x","timestamp":"2025-11-10 11:51:13"}
{"level":"info","message":"🚀 Multiplicador Spaceman 1: 11041642213 = 2.9x","timestamp":"2025-11-10 11:51:13"}
{"level":"info","message":"🚀 Multiplicador Spaceman 1: 11041642213 = 2.92x","timestamp":"2025-11-10 11:51:13"}
{"level":"info","message":"🚀 Multiplicador Spaceman 1: 11041642213 = 2.93x","timestamp":"2025-11-10 11:51:13"}
{"level":"info","message":"🚀 Multiplicador Spaceman 1: 11041642213 = 2.95x","timestamp":"2025-11-10 11:51:13"}
{"level":"info","message":"🚀 Multiplicador Spaceman 1: 11041642213 = 2.96x","timestamp":"2025-11-10 11:51:13"}
{"level":"info","message":"🚀 Multiplicador Spaceman 1: 11041642213 = 2.97x","timestamp":"2025-11-10 11:51:13"}
{"level":"info","message":"🚀 Multiplicador Spaceman 1: 11041642213 = 2.98x","timestamp":"2025-11-10 11:51:13"}
{"level":"info","message":"🚀 Multiplicador Spaceman 1: 11041642213 = 3x","timestamp":"2025-11-10 11:51:13"}
{"level":"info","message":"🚀 Multiplicador Spaceman 1: 11041642213 = 3.01x","timestamp":"2025-11-10 11:51:13"}
{"level":"info","message":"🚀 Multiplicador Spaceman 1: 11041642213 = 3.02x","timestamp":"2025-11-10 11:51:13"}
{"level":"info","message":"🚀 Multiplicador Spaceman 1: 11041642213 = 3.04x","timestamp":"2025-11-10 11:51:14"}
{"level":"info","message":"🚀 Multiplicador Spaceman 1: 11041642213 = 3.05x","timestamp":"2025-11-10 11:51:14"}
{"level":"info","message":"🚀 Multiplicador Spaceman 1: 11041642213 = 3.06x","timestamp":"2025-11-10 11:51:14"}
{"level":"info","message":"🚀 Multiplicador Spaceman 1: 11041642213 = 3.08x","timestamp":"2025-11-10 11:51:14"}
{"level":"info","message":"🚀 Multiplicador Spaceman 1: 11041642213 = 3.09x","timestamp":"2025-11-10 11:51:14"}
{"level":"info","message":"🚀 Multiplicador Spaceman 1: 11041642213 = 3.11x","timestamp":"2025-11-10 11:51:14"}
{"level":"info","message":"🚀 Multiplicador Spaceman 1: 11041642213 = 3.12x","timestamp":"2025-11-10 11:51:14"}
{"level":"info","message":"🚀 Multiplicador Spaceman 1: 11041642213 = 3.14x","timestamp":"2025-11-10 11:51:14"}
{"level":"info","message":"🚀 Multiplicador Spaceman 1: 11041642213 = 3.15x","timestamp":"2025-11-10 11:51:14"}
{"level":"info","message":"🚀 Multiplicador Spaceman 1: 11041642213 = 3.16x","timestamp":"2025-11-10 11:51:14"}
{"level":"info","message":"🚀 Multiplicador Spaceman 1: 11041642213 = 3.18x","timestamp":"2025-11-10 11:51:14"}
{"level":"info","message":"🚀 Multiplicador Spaceman 1: 11041642213 = 3.19x","timestamp":"2025-11-10 11:51:14"}
{"level":"info","message":"🚀 Multiplicador Spaceman 1: 11041642213 = 3.2x","timestamp":"2025-11-10 11:51:14"}
{"level":"info","message":"🚀 Multiplicador Spaceman 1: 11041642213 = 3.22x","timestamp":"2025-11-10 11:51:14"}
{"level":"info","message":"🚀 Multiplicador Spaceman 1: 11041642213 = 3.23x","timestamp":"2025-11-10 11:51:14"}
{"level":"info","message":"🚀 Multiplicador Spaceman 1: 11041642213 = 3.24x","timestamp":"2025-11-10 11:51:14"}
{"level":"info","message":"🚀 Multiplicador Spaceman 1: 11041642213 = 3.26x","timestamp":"2025-11-10 11:51:14"}
{"level":"info","message":"🚀 Multiplicador Spaceman 1: 11041642213 = 3.27x","timestamp":"2025-11-10 11:51:14"}
{"level":"info","message":"🚀 Multiplicador Spaceman 1: 11041642213 = 3.28x","timestamp":"2025-11-10 11:51:14"}
{"level":"info","message":"🚀 Multiplicador Spaceman 1: 11041642213 = 3.3x","timestamp":"2025-11-10 11:51:15"}
{"level":"info","message":"🚀 Multiplicador Spaceman 1: 11041642213 = 3.31x","timestamp":"2025-11-10 11:51:15"}
{"level":"info","message":"🚀 Multiplicador Spaceman 1: 11041642213 = 3.34x","timestamp":"2025-11-10 11:51:15"}
{"level":"info","message":"🚀 Multiplicador Spaceman 1: 11041642213 = 3.35x","timestamp":"2025-11-10 11:51:15"}
{"level":"info","message":"🚀 Multiplicador Spaceman 1: 11041642213 = 3.36x","timestamp":"2025-11-10 11:51:15"}
{"level":"info","message":"🚀 Multiplicador Spaceman 1: 11041642213 = 3.38x","timestamp":"2025-11-10 11:51:15"}
{"level":"info","message":"🚀 Multiplicador Spaceman 1: 11041642213 = 3.39x","timestamp":"2025-11-10 11:51:15"}
{"level":"info","message":"🚀 Multiplicador Spaceman 1: 11041642213 = 3.41x","timestamp":"2025-11-10 11:51:15"}
{"level":"info","message":"🚀 Multiplicador Spaceman 1: 11041642213 = 3.42x","timestamp":"2025-11-10 11:51:15"}
{"level":"info","message":"🚀 Multiplicador Spaceman 1: 11041642213 = 3.44x","timestamp":"2025-11-10 11:51:15"}
{"level":"info","message":"🚀 Multiplicador Spaceman 1: 11041642213 = 3.45x","timestamp":"2025-11-10 11:51:15"}
{"level":"info","message":"🚀 Multiplicador Spaceman 1: 11041642213 = 3.46x","timestamp":"2025-11-10 11:51:15"}
{"level":"info","message":"🚀 Multiplicador Spaceman 1: 11041642313 = 1x","timestamp":"2025-11-10 11:51:25"}
{"level":"info","message":"🚀 Multiplicador Spaceman 1: 11041642413 = 1.01x","timestamp":"2025-11-10 11:51:35"}
{"level":"info","message":"🚀 Multiplicador Spaceman 1: 11041642413 = 1.02x","timestamp":"2025-11-10 11:51:36"}
{"level":"info","message":"🚀 Multiplicador Spaceman 1: 11041642413 = 1.03x","timestamp":"2025-11-10 11:51:36"}
{"level":"info","message":"🚀 Multiplicador Spaceman 1: 11041642413 = 1.04x","timestamp":"2025-11-10 11:51:36"}
{"level":"info","message":"🚀 Multiplicador Spaceman 1: 11041642413 = 1.05x","timestamp":"2025-11-10 11:51:36"}
{"level":"info","message":"🚀 Multiplicador Spaceman 1: 11041642413 = 1.06x","timestamp":"2025-11-10 11:51:36"}
{"level":"info","message":"🚀 Multiplicador Spaceman 1: 11041642413 = 1.07x","timestamp":"2025-11-10 11:51:36"}
{"level":"info","message":"🚀 Multiplicador Spaceman 1: 11041642413 = 1.08x","timestamp":"2025-11-10 11:51:36"}
{"level":"info","message":"🚀 Multiplicador Spaceman 1: 11041642413 = 1.09x","timestamp":"2025-11-10 11:51:36"}
{"level":"info","message":"🚀 Multiplicador Spaceman 1: 11041642413 = 1.1x","timestamp":"2025-11-10 11:51:36"}
{"level":"info","message":"🚀 Multiplicador Spaceman 1: 11041642413 = 1.11x","timestamp":"2025-11-10 11:51:37"}
{"level":"info","message":"🚀 Multiplicador Spaceman 1: 11041642413 = 1.12x","timestamp":"2025-11-10 11:51:37"}
{"level":"info","message":"🚀 Multiplicador Spaceman 1: 11041642413 = 1.13x","timestamp":"2025-11-10 11:51:37"}
{"level":"info","message":"🚀 Multiplicador Spaceman 1: 11041642513 = 1.01x","timestamp":"2025-11-10 11:51:47"}
{"level":"info","message":"🚀 Multiplicador Spaceman 1: 11041642513 = 1.02x","timestamp":"2025-11-10 11:51:47"}
{"level":"info","message":"🚀 Multiplicador Spaceman 1: 11041642513 = 1.03x","timestamp":"2025-11-10 11:51:47"}
{"level":"info","message":"🚀 Multiplicador Spaceman 1: 11041642513 = 1.04x","timestamp":"2025-11-10 11:51:48"}
{"level":"info","message":"🚀 Multiplicador Spaceman 1: 11041642513 = 1.05x","timestamp":"2025-11-10 11:51:48"}
{"level":"info","message":"🚀 Multiplicador Spaceman 1: 11041642513 = 1.06x","timestamp":"2025-11-10 11:51:48"}
{"level":"info","message":"🚀 Multiplicador Spaceman 1: 11041642513 = 1.07x","timestamp":"2025-11-10 11:51:48"}
{"level":"info","message":"🚀 Multiplicador Spaceman 1: 11041642513 = 1.08x","timestamp":"2025-11-10 11:51:48"}
{"level":"info","message":"🚀 Multiplicador Spaceman 1: 11041642513 = 1.09x","timestamp":"2025-11-10 11:51:48"}
{"level":"info","message":"🚀 Multiplicador Spaceman 1: 11041642513 = 1.1x","timestamp":"2025-11-10 11:51:48"}
{"level":"info","message":"🚀 Multiplicador Spaceman 1: 11041642513 = 1.11x","timestamp":"2025-11-10 11:51:48"}
{"level":"info","message":"🚀 Multiplicador Spaceman 1: 11041642513 = 1.12x","timestamp":"2025-11-10 11:51:48"}
{"level":"info","message":"🚀 Multiplicador Spaceman 1: 11041642513 = 1.13x","timestamp":"2025-11-10 11:51:49"}
{"level":"info","message":"🚀 Multiplicador Spaceman 1: 11041642513 = 1.14x","timestamp":"2025-11-10 11:51:49"}
{"level":"info","message":"🚀 Multiplicador Spaceman 1: 11041642513 = 1.15x","timestamp":"2025-11-10 11:51:49"}
{"level":"info","message":"🚀 Multiplicador Spaceman 1: 11041642513 = 1.16x","timestamp":"2025-11-10 11:51:49"}
{"level":"info","message":"🚀 Multiplicador Spaceman 1: 11041642513 = 1.17x","timestamp":"2025-11-10 11:51:49"}
{"level":"info","message":"🚀 Multiplicador Spaceman 1: 11041642513 = 1.18x","timestamp":"2025-11-10 11:51:49"}
{"level":"info","message":"🚀 Multiplicador Spaceman 1: 11041642513 = 1.19x","timestamp":"2025-11-10 11:51:49"}
{"level":"info","message":"🚀 Multiplicador Spaceman 1: 11041642513 = 1.2x","timestamp":"2025-11-10 11:51:49"}
{"level":"info","message":"🚀 Multiplicador Spaceman 1: 11041642513 = 1.21x","timestamp":"2025-11-10 11:51:49"}
{"level":"info","message":"🚀 Multiplicador Spaceman 1: 11041642513 = 1.22x","timestamp":"2025-11-10 11:51:49"}
{"level":"info","message":"🚀 Multiplicador Spaceman 1: 11041642513 = 1.23x","timestamp":"2025-11-10 11:51:49"}
{"level":"info","message":"🚀 Multiplicador Spaceman 1: 11041642513 = 1.24x","timestamp":"2025-11-10 11:51:50"}
{"level":"info","message":"🚀 Multiplicador Spaceman 1: 11041642513 = 1.25x","timestamp":"2025-11-10 11:51:50"}
{"level":"info","message":"🚀 Multiplicador Spaceman 1: 11041642513 = 1.26x","timestamp":"2025-11-10 11:51:50"}
{"level":"info","message":"🚀 Multiplicador Spaceman 1: 11041642513 = 1.27x","timestamp":"2025-11-10 11:51:50"}
{"level":"info","message":"🚀 Multiplicador Spaceman 1: 11041642513 = 1.28x","timestamp":"2025-11-10 11:51:50"}
{"level":"info","message":"🚀 Multiplicador Spaceman 1: 11041642513 = 1.29x","timestamp":"2025-11-10 11:51:50"}
{"level":"info","message":"🚀 Multiplicador Spaceman 1: 11041642513 = 1.3x","timestamp":"2025-11-10 11:51:50"}
{"level":"info","message":"🚀 Multiplicador Spaceman 1: 11041642513 = 1.31x","timestamp":"2025-11-10 11:51:50"}
{"level":"info","message":"🚀 Multiplicador Spaceman 1: 11041642513 = 1.32x","timestamp":"2025-11-10 11:51:50"}
{"level":"info","message":"🚀 Multiplicador Spaceman 1: 11041642513 = 1.33x","timestamp":"2025-11-10 11:51:50"}
{"level":"info","message":"🚀 Multiplicador Spaceman 1: 11041642513 = 1.34x","timestamp":"2025-11-10 11:51:50"}
{"level":"info","message":"🚀 Multiplicador Spaceman 1: 11041642513 = 1.35x","timestamp":"2025-11-10 11:51:51"}
{"level":"info","message":"🚀 Multiplicador Spaceman 1: 11041642513 = 1.36x","timestamp":"2025-11-10 11:51:51"}
{"level":"info","message":"🚀 Multiplicador Spaceman 1: 11041642513 = 1.37x","timestamp":"2025-11-10 11:51:51"}
{"level":"info","message":"🚀 Multiplicador Spaceman 1: 11041642513 = 1.38x","timestamp":"2025-11-10 11:51:51"}
{"level":"info","message":"🚀 Multiplicador Spaceman 1: 11041642513 = 1.39x","timestamp":"2025-11-10 11:51:51"}
{"level":"info","message":"🚀 Multiplicador Spaceman 1: 11041642513 = 1.4x","timestamp":"2025-11-10 11:51:51"}
{"level":"info","message":"🚀 Multiplicador Spaceman 1: 11041642513 = 1.41x","timestamp":"2025-11-10 11:51:51"}
{"level":"info","message":"🚀 Multiplicador Spaceman 1: 11041642513 = 1.42x","timestamp":"2025-11-10 11:51:51"}
{"level":"info","message":"🚀 Multiplicador Spaceman 1: 11041642513 = 1.43x","timestamp":"2025-11-10 11:51:51"}
{"level":"info","message":"🚀 Multiplicador Spaceman 1: 11041642513 = 1.44x","timestamp":"2025-11-10 11:51:51"}
{"level":"info","message":"🚀 Multiplicador Spaceman 1: 11041642513 = 1.45x","timestamp":"2025-11-10 11:51:51"}
{"level":"info","message":"🚀 Multiplicador Spaceman 1: 11041642513 = 1.46x","timestamp":"2025-11-10 11:51:52"}
{"level":"info","message":"🚀 Multiplicador Spaceman 1: 11041642513 = 1.47x","timestamp":"2025-11-10 11:51:52"}
{"level":"info","message":"🚀 Multiplicador Spaceman 1: 11041642513 = 1.48x","timestamp":"2025-11-10 11:51:52"}
{"level":"info","message":"🚀 Multiplicador Spaceman 1: 11041642513 = 1.49x","timestamp":"2025-11-10 11:51:52"}
{"level":"info","message":"🚀 Multiplicador Spaceman 1: 11041642513 = 1.5x","timestamp":"2025-11-10 11:51:52"}
{"level":"info","message":"🚀 Multiplicador Spaceman 1: 11041642513 = 1.51x","timestamp":"2025-11-10 11:51:52"}
{"level":"info","message":"🚀 Multiplicador Spaceman 1: 11041642513 = 1.52x","timestamp":"2025-11-10 11:51:52"}
{"level":"info","message":"🚀 Multiplicador Spaceman 1: 11041642513 = 1.53x","timestamp":"2025-11-10 11:51:52"}
{"level":"info","message":"🚀 Multiplicador Spaceman 1: 11041642513 = 1.54x","timestamp":"2025-11-10 11:51:52"}
{"level":"info","message":"🚀 Multiplicador Spaceman 1: 11041642513 = 1.55x","timestamp":"2025-11-10 11:51:52"}
{"level":"info","message":"🚀 Multiplicador Spaceman 1: 11041642513 = 1.56x","timestamp":"2025-11-10 11:51:52"}
{"level":"info","message":"🚀 Multiplicador Spaceman 1: 11041642513 = 1.57x","timestamp":"2025-11-10 11:51:52"}
{"level":"info","message":"🚀 Multiplicador Spaceman 1: 11041642513 = 1.58x","timestamp":"2025-11-10 11:51:52"}
{"level":"info","message":"🚀 Multiplicador Spaceman 1: 11041642513 = 1.59x","timestamp":"2025-11-10 11:51:53"}
{"level":"info","message":"🚀 Multiplicador Spaceman 1: 11041642513 = 1.6x","timestamp":"2025-11-10 11:51:53"}
{"level":"info","message":"🚀 Multiplicador Spaceman 1: 11041642513 = 1.61x","timestamp":"2025-11-10 11:51:53"}
{"level":"info","message":"🚀 Multiplicador Spaceman 1: 11041642513 = 1.62x","timestamp":"2025-11-10 11:51:53"}
{"level":"info","message":"🚀 Multiplicador Spaceman 1: 11041642513 = 1.63x","timestamp":"2025-11-10 11:51:53"}
{"level":"info","message":"🚀 Multiplicador Spaceman 1: 11041642513 = 1.64x","timestamp":"2025-11-10 11:51:53"}
{"level":"info","message":"🚀 Multiplicador Spaceman 1: 11041642513 = 1.65x","timestamp":"2025-11-10 11:51:53"}
{"level":"info","message":"🚀 Multiplicador Spaceman 1: 11041642513 = 1.66x","timestamp":"2025-11-10 11:51:53"}
{"level":"info","message":"🚀 Multiplicador Spaceman 1: 11041642513 = 1.67x","timestamp":"2025-11-10 11:51:53"}
{"level":"info","message":"🚀 Multiplicador Spaceman 1: 11041642513 = 1.68x","timestamp":"2025-11-10 11:51:53"}
{"level":"info","message":"🚀 Multiplicador Spaceman 1: 11041642513 = 1.69x","timestamp":"2025-11-10 11:51:53"}
{"level":"info","message":"🚀 Multiplicador Spaceman 1: 11041642513 = 1.7x","timestamp":"2025-11-10 11:51:53"}
{"level":"info","message":"🚀 Multiplicador Spaceman 1: 11041642513 = 1.71x","timestamp":"2025-11-10 11:51:53"}
{"level":"info","message":"🚀 Multiplicador Spaceman 1: 11041642513 = 1.72x","timestamp":"2025-11-10 11:51:54"}
{"level":"info","message":"🚀 Multiplicador Spaceman 1: 11041642513 = 1.73x","timestamp":"2025-11-10 11:51:54"}
{"level":"info","message":"🚀 Multiplicador Spaceman 1: 11041642513 = 1.74x","timestamp":"2025-11-10 11:51:54"}
{"level":"info","message":"🚀 Multiplicador Spaceman 1: 11041642513 = 1.75x","timestamp":"2025-11-10 11:51:54"}
{"level":"info","message":"🚀 Multiplicador Spaceman 1: 11041642513 = 1.76x","timestamp":"2025-11-10 11:51:54"}
{"level":"info","message":"🚀 Multiplicador Spaceman 1: 11041642513 = 1.77x","timestamp":"2025-11-10 11:51:54"}
{"level":"info","message":"🚀 Multiplicador Spaceman 1: 11041642513 = 1.78x","timestamp":"2025-11-10 11:51:54"}
{"level":"info","message":"🚀 Multiplicador Spaceman 1: 11041642513 = 1.79x","timestamp":"2025-11-10 11:51:54"}
{"level":"info","message":"🚀 Multiplicador Spaceman 1: 11041642513 = 1.8x","timestamp":"2025-11-10 11:51:54"}
{"level":"info","message":"🚀 Multiplicador Spaceman 1: 11041642513 = 1.81x","timestamp":"2025-11-10 11:51:54"}
{"level":"info","message":"🚀 Multiplicador Spaceman 1: 11041642513 = 1.82x","timestamp":"2025-11-10 11:51:54"}
{"level":"info","message":"🚀 Multiplicador Spaceman 1: 11041642513 = 1.83x","timestamp":"2025-11-10 11:51:54"}
{"level":"info","message":"🚀 Multiplicador Spaceman 1: 11041642513 = 1.84x","timestamp":"2025-11-10 11:51:54"}
{"level":"info","message":"🚀 Multiplicador Spaceman 1: 11041642513 = 1.85x","timestamp":"2025-11-10 11:51:54"}
{"level":"info","message":"🚀 Multiplicador Spaceman 1: 11041642513 = 1.86x","timestamp":"2025-11-10 11:51:54"}
{"level":"info","message":"🚀 Multiplicador Spaceman 1: 11041642513 = 1.87x","timestamp":"2025-11-10 11:51:54"}
{"level":"info","message":"🚀 Multiplicador Spaceman 1: 11041642513 = 1.88x","timestamp":"2025-11-10 11:51:55"}
{"level":"info","message":"🚀 Multiplicador Spaceman 1: 11041642513 = 1.89x","timestamp":"2025-11-10 11:51:55"}
{"level":"info","message":"🚀 Multiplicador Spaceman 1: 11041642513 = 1.9x","timestamp":"2025-11-10 11:51:55"}
{"level":"info","message":"🚀 Multiplicador Spaceman 1: 11041642513 = 1.91x","timestamp":"2025-11-10 11:51:55"}
{"level":"info","message":"🚀 Multiplicador Spaceman 1: 11041642513 = 1.92x","timestamp":"2025-11-10 11:51:55"}
{"level":"info","message":"🚀 Multiplicador Spaceman 1: 11041642513 = 1.93x","timestamp":"2025-11-10 11:51:55"}
{"level":"info","message":"🚀 Multiplicador Spaceman 1: 11041642513 = 1.94x","timestamp":"2025-11-10 11:51:55"}
{"level":"info","message":"🚀 Multiplicador Spaceman 1: 11041642513 = 1.95x","timestamp":"2025-11-10 11:51:55"}
{"level":"info","message":"🚀 Multiplicador Spaceman 1: 11041642513 = 1.96x","timestamp":"2025-11-10 11:51:55"}
{"level":"info","message":"🚀 Multiplicador Spaceman 1: 11041642513 = 1.97x","timestamp":"2025-11-10 11:51:55"}
{"level":"info","message":"🚀 Multiplicador Spaceman 1: 11041642513 = 1.98x","timestamp":"2025-11-10 11:51:55"}
{"level":"info","message":"🚀 Multiplicador Spaceman 1: 11041642513 = 1.99x","timestamp":"2025-11-10 11:51:55"}
{"level":"info","message":"🚀 Multiplicador Spaceman 1: 11041642513 = 2x","timestamp":"2025-11-10 11:51:55"}
{"level":"info","message":"🚀 Multiplicador Spaceman 1: 11041642513 = 2.01x","timestamp":"2025-11-10 11:51:55"}
{"level":"info","message":"🚀 Multiplicador Spaceman 1: 11041642513 = 2.02x","timestamp":"2025-11-10 11:51:55"}
{"level":"info","message":"🚀 Multiplicador Spaceman 1: 11041642513 = 2.03x","timestamp":"2025-11-10 11:51:55"}
{"level":"info","message":"🚀 Multiplicador Spaceman 1: 11041642513 = 2.04x","timestamp":"2025-11-10 11:51:56"}
{"level":"info","message":"🚀 Multiplicador Spaceman 1: 11041642513 = 2.05x","timestamp":"2025-11-10 11:51:56"}
{"level":"info","message":"🚀 Multiplicador Spaceman 1: 11041642513 = 2.06x","timestamp":"2025-11-10 11:51:56"}
{"level":"info","message":"🚀 Multiplicador Spaceman 1: 11041642513 = 2.07x","timestamp":"2025-11-10 11:51:56"}
{"level":"info","message":"🚀 Multiplicador Spaceman 1: 11041642513 = 2.08x","timestamp":"2025-11-10 11:51:56"}
{"level":"info","message":"🚀 Multiplicador Spaceman 1: 11041642513 = 2.09x","timestamp":"2025-11-10 11:51:56"}
{"level":"info","message":"🚀 Multiplicador Spaceman 1: 11041642513 = 2.1x","timestamp":"2025-11-10 11:51:56"}
{"level":"info","message":"🚀 Multiplicador Spaceman 1: 11041642513 = 2.11x","timestamp":"2025-11-10 11:51:56"}
{"level":"info","message":"🚀 Multiplicador Spaceman 1: 11041642513 = 2.12x","timestamp":"2025-11-10 11:51:56"}
{"level":"info","message":"🚀 Multiplicador Spaceman 1: 11041642613 = 1.01x","timestamp":"2025-11-10 11:52:06"}
{"level":"info","message":"🚀 Multiplicador Spaceman 1: 11041642613 = 1.02x","timestamp":"2025-11-10 11:52:06"}
{"level":"info","message":"🚀 Multiplicador Spaceman 1: 11041642613 = 1.03x","timestamp":"2025-11-10 11:52:06"}
{"level":"info","message":"🚀 Multiplicador Spaceman 1: 11041642613 = 1.04x","timestamp":"2025-11-10 11:52:06"}
{"level":"info","message":"🚀 Multiplicador Spaceman 1: 11041642613 = 1.05x","timestamp":"2025-11-10 11:52:07"}
{"level":"info","message":"🚀 Multiplicador Spaceman 1: 11041642613 = 1.06x","timestamp":"2025-11-10 11:52:07"}
{"level":"info","message":"🚀 Multiplicador Spaceman 1: 11041642613 = 1.07x","timestamp":"2025-11-10 11:52:07"}
{"level":"info","message":"🚀 Multiplicador Spaceman 1: 11041642613 = 1.08x","timestamp":"2025-11-10 11:52:07"}
{"level":"info","message":"🚀 Multiplicador Spaceman 1: 11041642613 = 1.09x","timestamp":"2025-11-10 11:52:07"}
{"level":"info","message":"🚀 Multiplicador Spaceman 1: 11041642613 = 1.1x","timestamp":"2025-11-10 11:52:07"}
{"level":"info","message":"🚀 Multiplicador Spaceman 1: 11041642613 = 1.11x","timestamp":"2025-11-10 11:52:07"}
{"level":"info","message":"🚀 Multiplicador Spaceman 1: 11041642613 = 1.12x","timestamp":"2025-11-10 11:52:07"}
{"level":"info","message":"🚀 Multiplicador Spaceman 1: 11041642613 = 1.13x","timestamp":"2025-11-10 11:52:07"}
{"level":"info","message":"🚀 Multiplicador Spaceman 1: 11041642613 = 1.14x","timestamp":"2025-11-10 11:52:08"}
{"level":"info","message":"🚀 Multiplicador Spaceman 1: 11041642613 = 1.15x","timestamp":"2025-11-10 11:52:08"}
{"level":"info","message":"🚀 Multiplicador Spaceman 1: 11041642613 = 1.16x","timestamp":"2025-11-10 11:52:08"}
{"level":"info","message":"🚀 Multiplicador Spaceman 1: 11041642613 = 1.17x","timestamp":"2025-11-10 11:52:08"}
{"level":"info","message":"🚀 Multiplicador Spaceman 1: 11041642613 = 1.18x","timestamp":"2025-11-10 11:52:08"}
{"level":"info","message":"🚀 Multiplicador Spaceman 1: 11041642613 = 1.19x","timestamp":"2025-11-10 11:52:08"}
{"level":"info","message":"🚀 Multiplicador Spaceman 1: 11041642613 = 1.2x","timestamp":"2025-11-10 11:52:08"}
{"level":"info","message":"🚀 Multiplicador Spaceman 1: 11041642613 = 1.21x","timestamp":"2025-11-10 11:52:08"}
{"level":"info","message":"🚀 Multiplicador Spaceman 1: 11041642613 = 1.22x","timestamp":"2025-11-10 11:52:08"}
{"level":"info","message":"🚀 Multiplicador Spaceman 1: 11041642613 = 1.23x","timestamp":"2025-11-10 11:52:09"}
{"level":"info","message":"🚀 Multiplicador Spaceman 1: 11041642613 = 1.24x","timestamp":"2025-11-10 11:52:09"}
{"level":"info","message":"🚀 Multiplicador Spaceman 1: 11041642613 = 1.25x","timestamp":"2025-11-10 11:52:09"}
{"level":"info","message":"🚀 Multiplicador Spaceman 1: 11041642613 = 1.26x","timestamp":"2025-11-10 11:52:09"}
{"level":"info","message":"🚀 Multiplicador Spaceman 1: 11041642613 = 1.27x","timestamp":"2025-11-10 11:52:09"}
{"level":"info","message":"🚀 Multiplicador Spaceman 1: 11041642613 = 1.28x","timestamp":"2025-11-10 11:52:09"}
{"level":"info","message":"🚀 Multiplicador Spaceman 1: 11041642613 = 1.29x","timestamp":"2025-11-10 11:52:09"}
{"level":"info","message":"🚀 Multiplicador Spaceman 1: 11041642613 = 1.3x","timestamp":"2025-11-10 11:52:09"}
{"level":"info","message":"🚀 Multiplicador Spaceman 1: 11041642613 = 1.31x","timestamp":"2025-11-10 11:52:09"}
{"level":"info","message":"🚀 Multiplicador Spaceman 1: 11041642613 = 1.32x","timestamp":"2025-11-10 11:52:09"}
{"level":"info","message":"🚀 Multiplicador Spaceman 1: 11041642613 = 1.33x","timestamp":"2025-11-10 11:52:09"}
{"level":"info","message":"🚀 Multiplicador Spaceman 1: 11041642613 = 1.34x","timestamp":"2025-11-10 11:52:10"}
{"level":"info","message":"🚀 Multiplicador Spaceman 1: 11041642613 = 1.35x","timestamp":"2025-11-10 11:52:10"}
{"level":"info","message":"🚀 Multiplicador Spaceman 1: 11041642613 = 1.36x","timestamp":"2025-11-10 11:52:10"}
{"level":"info","message":"🚀 Multiplicador Spaceman 1: 11041642613 = 1.37x","timestamp":"2025-11-10 11:52:10"}
{"level":"info","message":"🚀 Multiplicador Spaceman 1: 11041642613 = 1.38x","timestamp":"2025-11-10 11:52:10"}
{"level":"info","message":"🚀 Multiplicador Spaceman 1: 11041642613 = 1.39x","timestamp":"2025-11-10 11:52:10"}
{"level":"info","message":"🚀 Multiplicador Spaceman 1: 11041642613 = 1.4x","timestamp":"2025-11-10 11:52:10"}
{"level":"info","message":"🚀 Multiplicador Spaceman 1: 11041642613 = 1.41x","timestamp":"2025-11-10 11:52:10"}
{"level":"info","message":"🚀 Multiplicador Spaceman 1: 11041642613 = 1.42x","timestamp":"2025-11-10 11:52:10"}
{"level":"info","message":"🚀 Multiplicador Spaceman 1: 11041642613 = 1.43x","timestamp":"2025-11-10 11:52:10"}
{"level":"info","message":"🚀 Multiplicador Spaceman 1: 11041642613 = 1.44x","timestamp":"2025-11-10 11:52:10"}
{"level":"info","message":"🚀 Multiplicador Spaceman 1: 11041642613 = 1.45x","timestamp":"2025-11-10 11:52:11"}
{"level":"info","message":"🚀 Multiplicador Spaceman 1: 11041642613 = 1.46x","timestamp":"2025-11-10 11:52:11"}
{"level":"info","message":"🚀 Multiplicador Spaceman 1: 11041642613 = 1.47x","timestamp":"2025-11-10 11:52:11"}
{"level":"info","message":"🚀 Multiplicador Spaceman 1: 11041642613 = 1.48x","timestamp":"2025-11-10 11:52:11"}
{"level":"info","message":"🚀 Multiplicador Spaceman 1: 11041642613 = 1.49x","timestamp":"2025-11-10 11:52:11"}
{"level":"info","message":"🚀 Multiplicador Spaceman 1: 11041642613 = 1.5x","timestamp":"2025-11-10 11:52:11"}
{"level":"info","message":"🚀 Multiplicador Spaceman 1: 11041642613 = 1.51x","timestamp":"2025-11-10 11:52:11"}
{"level":"info","message":"🚀 Multiplicador Spaceman 1: 11041642613 = 1.52x","timestamp":"2025-11-10 11:52:11"}
{"level":"info","message":"🚀 Multiplicador Spaceman 1: 11041642613 = 1.53x","timestamp":"2025-11-10 11:52:11"}
{"level":"info","message":"🚀 Multiplicador Spaceman 1: 11041642613 = 1.54x","timestamp":"2025-11-10 11:52:11"}
{"level":"info","message":"🚀 Multiplicador Spaceman 1: 11041642613 = 1.55x","timestamp":"2025-11-10 11:52:11"}
{"level":"info","message":"🚀 Multiplicador Spaceman 1: 11041642613 = 1.56x","timestamp":"2025-11-10 11:52:11"}
{"level":"info","message":"🚀 Multiplicador Spaceman 1: 11041642613 = 1.57x","timestamp":"2025-11-10 11:52:11"}
{"level":"info","message":"🚀 Multiplicador Spaceman 1: 11041642613 = 1.58x","timestamp":"2025-11-10 11:52:12"}
{"level":"info","message":"🚀 Multiplicador Spaceman 1: 11041642613 = 1.59x","timestamp":"2025-11-10 11:52:12"}
{"level":"info","message":"🚀 Multiplicador Spaceman 1: 11041642613 = 1.6x","timestamp":"2025-11-10 11:52:12"}
{"level":"info","message":"🚀 Multiplicador Spaceman 1: 11041642613 = 1.61x","timestamp":"2025-11-10 11:52:12"}
{"level":"info","message":"🚀 Multiplicador Spaceman 1: 11041642613 = 1.62x","timestamp":"2025-11-10 11:52:12"}
{"level":"info","message":"🚀 Multiplicador Spaceman 1: 11041642613 = 1.63x","timestamp":"2025-11-10 11:52:12"}
{"level":"info","message":"🚀 Multiplicador Spaceman 1: 11041642613 = 1.64x","timestamp":"2025-11-10 11:52:12"}
{"level":"info","message":"🚀 Multiplicador Spaceman 1: 11041642613 = 1.65x","timestamp":"2025-11-10 11:52:12"}
{"level":"info","message":"🚀 Multiplicador Spaceman 1: 11041642613 = 1.66x","timestamp":"2025-11-10 11:52:12"}
{"level":"info","message":"🚀 Multiplicador Spaceman 1: 11041642613 = 1.67x","timestamp":"2025-11-10 11:52:12"}
{"level":"info","message":"🚀 Multiplicador Spaceman 1: 11041642613 = 1.68x","timestamp":"2025-11-10 11:52:12"}
{"level":"info","message":"🚀 Multiplicador Spaceman 1: 11041642613 = 1.69x","timestamp":"2025-11-10 11:52:12"}
{"level":"info","message":"🚀 Multiplicador Spaceman 1: 11041642613 = 1.7x","timestamp":"2025-11-10 11:52:12"}
{"level":"info","message":"🚀 Multiplicador Spaceman 1: 11041642613 = 1.71x","timestamp":"2025-11-10 11:52:13"}
{"level":"info","message":"🚀 Multiplicador Spaceman 1: 11041642613 = 1.72x","timestamp":"2025-11-10 11:52:13"}
{"level":"info","message":"🚀 Multiplicador Spaceman 1: 11041642613 = 1.73x","timestamp":"2025-11-10 11:52:13"}
{"level":"info","message":"🚀 Multiplicador Spaceman 1: 11041642613 = 1.74x","timestamp":"2025-11-10 11:52:13"}
{"level":"info","message":"🚀 Multiplicador Spaceman 1: 11041642613 = 1.75x","timestamp":"2025-11-10 11:52:13"}
{"level":"info","message":"🚀 Multiplicador Spaceman 1: 11041642613 = 1.76x","timestamp":"2025-11-10 11:52:13"}
{"level":"info","message":"🚀 Multiplicador Spaceman 1: 11041642613 = 1.77x","timestamp":"2025-11-10 11:52:13"}
{"level":"info","message":"🚀 Multiplicador Spaceman 1: 11041642613 = 1.78x","timestamp":"2025-11-10 11:52:13"}
{"level":"info","message":"🚀 Multiplicador Spaceman 1: 11041642613 = 1.79x","timestamp":"2025-11-10 11:52:13"}
{"level":"info","message":"🚀 Multiplicador Spaceman 1: 11041642613 = 1.8x","timestamp":"2025-11-10 11:52:13"}
{"level":"info","message":"🚀 Multiplicador Spaceman 1: 11041642613 = 1.81x","timestamp":"2025-11-10 11:52:13"}
{"level":"info","message":"🚀 Multiplicador Spaceman 1: 11041642613 = 1.82x","timestamp":"2025-11-10 11:52:13"}
{"level":"info","message":"🚀 Multiplicador Spaceman 1: 11041642613 = 1.83x","timestamp":"2025-11-10 11:52:13"}
{"level":"info","message":"🚀 Multiplicador Spaceman 1: 11041642613 = 1.84x","timestamp":"2025-11-10 11:52:13"}
{"level":"info","message":"🚀 Multiplicador Spaceman 1: 11041642613 = 1.85x","timestamp":"2025-11-10 11:52:13"}
{"level":"info","message":"🚀 Multiplicador Spaceman 1: 11041642613 = 1.86x","timestamp":"2025-11-10 11:52:14"}
{"level":"info","message":"🚀 Multiplicador Spaceman 1: 11041642613 = 1.87x","timestamp":"2025-11-10 11:52:14"}
{"level":"info","message":"🚀 Multiplicador Spaceman 1: 11041642613 = 1.88x","timestamp":"2025-11-10 11:52:14"}
{"level":"info","message":"🚀 Multiplicador Spaceman 1: 11041642613 = 1.89x","timestamp":"2025-11-10 11:52:14"}
{"level":"info","message":"🚀 Multiplicador Spaceman 1: 11041642613 = 1.9x","timestamp":"2025-11-10 11:52:14"}
{"level":"info","message":"🚀 Multiplicador Spaceman 1: 11041642613 = 1.91x","timestamp":"2025-11-10 11:52:14"}
{"level":"info","message":"🚀 Multiplicador Spaceman 1: 11041642613 = 1.92x","timestamp":"2025-11-10 11:52:14"}
{"level":"info","message":"🚀 Multiplicador Spaceman 1: 11041642613 = 1.93x","timestamp":"2025-11-10 11:52:14"}
{"level":"info","message":"🚀 Multiplicador Spaceman 1: 11041642613 = 1.94x","timestamp":"2025-11-10 11:52:14"}
{"level":"info","message":"🚀 Multiplicador Spaceman 1: 11041642613 = 1.95x","timestamp":"2025-11-10 11:52:14"}
{"level":"info","message":"🚀 Multiplicador Spaceman 1: 11041642613 = 1.96x","timestamp":"2025-11-10 11:52:14"}
{"level":"info","message":"🚀 Multiplicador Spaceman 1: 11041642613 = 1.97x","timestamp":"2025-11-10 11:52:14"}
{"level":"info","message":"🚀 Multiplicador Spaceman 1: 11041642613 = 1.98x","timestamp":"2025-11-10 11:52:14"}
{"level":"info","message":"🚀 Multiplicador Spaceman 1: 11041642613 = 1.99x","timestamp":"2025-11-10 11:52:14"}
{"level":"info","message":"🚀 Multiplicador Spaceman 1: 11041642613 = 2x","timestamp":"2025-11-10 11:52:14"}
{"level":"info","message":"🚀 Multiplicador Spaceman 1: 11041642613 = 2.01x","timestamp":"2025-11-10 11:52:14"}
{"level":"info","message":"🚀 Multiplicador Spaceman 1: 11041642613 = 2.02x","timestamp":"2025-11-10 11:52:15"}
{"level":"info","message":"🚀 Multiplicador Spaceman 1: 11041642613 = 2.03x","timestamp":"2025-11-10 11:52:15"}
{"level":"info","message":"🚀 Multiplicador Spaceman 1: 11041642613 = 2.04x","timestamp":"2025-11-10 11:52:15"}
{"level":"info","message":"🚀 Multiplicador Spaceman 1: 11041642613 = 2.05x","timestamp":"2025-11-10 11:52:15"}
{"level":"info","message":"🚀 Multiplicador Spaceman 1: 11041642613 = 2.06x","timestamp":"2025-11-10 11:52:15"}
{"level":"info","message":"🚀 Multiplicador Spaceman 1: 11041642613 = 2.07x","timestamp":"2025-11-10 11:52:15"}
{"level":"info","message":"🚀 Multiplicador Spaceman 1: 11041642613 = 2.08x","timestamp":"2025-11-10 11:52:15"}
{"level":"info","message":"🚀 Multiplicador Spaceman 1: 11041642613 = 2.09x","timestamp":"2025-11-10 11:52:15"}
{"level":"info","message":"🚀 Multiplicador Spaceman 1: 11041642613 = 2.1x","timestamp":"2025-11-10 11:52:15"}
{"level":"info","message":"🚀 Multiplicador Spaceman 1: 11041642613 = 2.11x","timestamp":"2025-11-10 11:52:15"}
{"level":"info","message":"🚀 Multiplicador Spaceman 1: 11041642613 = 2.12x","timestamp":"2025-11-10 11:52:15"}
{"level":"info","message":"🚀 Multiplicador Spaceman 1: 11041642613 = 2.13x","timestamp":"2025-11-10 11:52:15"}
{"level":"info","message":"🚀 Multiplicador Spaceman 1: 11041642613 = 2.14x","timestamp":"2025-11-10 11:52:15"}
{"level":"info","message":"🚀 Multiplicador Spaceman 1: 11041642613 = 2.15x","timestamp":"2025-11-10 11:52:15"}
{"level":"info","message":"🚀 Multiplicador Spaceman 1: 11041642613 = 2.16x","timestamp":"2025-11-10 11:52:15"}
{"level":"info","message":"🚀 Multiplicador Spaceman 1: 11041642613 = 2.17x","timestamp":"2025-11-10 11:52:15"}
{"level":"info","message":"🚀 Multiplicador Spaceman 1: 11041642613 = 2.18x","timestamp":"2025-11-10 11:52:15"}
{"level":"info","message":"🚀 Multiplicador Spaceman 1: 11041642613 = 2.19x","timestamp":"2025-11-10 11:52:16"}
{"level":"info","message":"🚀 Multiplicador Spaceman 1: 11041642613 = 2.2x","timestamp":"2025-11-10 11:52:16"}
{"level":"info","message":"🚀 Multiplicador Spaceman 1: 11041642613 = 2.21x","timestamp":"2025-11-10 11:52:16"}
{"level":"info","message":"🚀 Multiplicador Spaceman 1: 11041642613 = 2.22x","timestamp":"2025-11-10 11:52:16"}
{"level":"info","message":"🚀 Multiplicador Spaceman 1: 11041642613 = 2.23x","timestamp":"2025-11-10 11:52:16"}
{"level":"info","message":"🚀 Multiplicador Spaceman 1: 11041642613 = 2.24x","timestamp":"2025-11-10 11:52:16"}
{"level":"info","message":"🚀 Multiplicador Spaceman 1: 11041642613 = 2.25x","timestamp":"2025-11-10 11:52:16"}
{"level":"info","message":"🚀 Multiplicador Spaceman 1: 11041642613 = 2.26x","timestamp":"2025-11-10 11:52:16"}
{"level":"info","message":"🚀 Multiplicador Spaceman 1: 11041642613 = 2.27x","timestamp":"2025-11-10 11:52:16"}
{"level":"info","message":"🚀 Multiplicador Spaceman 1: 11041642613 = 2.28x","timestamp":"2025-11-10 11:52:16"}
{"level":"info","message":"🚀 Multiplicador Spaceman 1: 11041642613 = 2.29x","timestamp":"2025-11-10 11:52:16"}
{"level":"info","message":"🚀 Multiplicador Spaceman 1: 11041642613 = 2.3x","timestamp":"2025-11-10 11:52:16"}
{"level":"info","message":"🚀 Multiplicador Spaceman 1: 11041642613 = 2.31x","timestamp":"2025-11-10 11:52:16"}
{"level":"info","message":"🚀 Multiplicador Spaceman 1: 11041642613 = 2.32x","timestamp":"2025-11-10 11:52:16"}
{"level":"info","message":"🚀 Multiplicador Spaceman 1: 11041642613 = 2.33x","timestamp":"2025-11-10 11:52:16"}
{"level":"info","message":"🚀 Multiplicador Spaceman 1: 11041642613 = 2.34x","timestamp":"2025-11-10 11:52:16"}
{"level":"info","message":"🚀 Multiplicador Spaceman 1: 11041642613 = 2.35x","timestamp":"2025-11-10 11:52:16"}
{"level":"info","message":"🚀 Multiplicador Spaceman 1: 11041642613 = 2.36x","timestamp":"2025-11-10 11:52:16"}
{"level":"info","message":"🚀 Multiplicador Spaceman 1: 11041642613 = 2.37x","timestamp":"2025-11-10 11:52:16"}
{"level":"info","message":"🚀 Multiplicador Spaceman 1: 11041642613 = 2.38x","timestamp":"2025-11-10 11:52:17"}
{"level":"info","message":"🚀 Multiplicador Spaceman 1: 11041642613 = 2.39x","timestamp":"2025-11-10 11:52:17"}
{"level":"info","message":"🚀 Multiplicador Spaceman 1: 11041642613 = 2.4x","timestamp":"2025-11-10 11:52:17"}
{"level":"info","message":"🚀 Multiplicador Spaceman 1: 11041642613 = 2.41x","timestamp":"2025-11-10 11:52:17"}
{"level":"info","message":"🚀 Multiplicador Spaceman 1: 11041642613 = 2.42x","timestamp":"2025-11-10 11:52:17"}
{"level":"info","message":"🚀 Multiplicador Spaceman 1: 11041642613 = 2.43x","timestamp":"2025-11-10 11:52:17"}
{"level":"info","message":"🚀 Multiplicador Spaceman 1: 11041642613 = 2.44x","timestamp":"2025-11-10 11:52:17"}
{"level":"info","message":"🚀 Multiplicador Spaceman 1: 11041642613 = 2.45x","timestamp":"2025-11-10 11:52:17"}
{"level":"info","message":"🚀 Multiplicador Spaceman 1: 11041642613 = 2.46x","timestamp":"2025-11-10 11:52:17"}
{"level":"info","message":"🚀 Multiplicador Spaceman 1: 11041642613 = 2.47x","timestamp":"2025-11-10 11:52:17"}
{"level":"info","message":"🚀 Multiplicador Spaceman 1: 11041642613 = 2.48x","timestamp":"2025-11-10 11:52:17"}
{"level":"info","message":"🚀 Multiplicador Spaceman 1: 11041642613 = 2.49x","timestamp":"2025-11-10 11:52:17"}
{"level":"info","message":"🚀 Multiplicador Spaceman 1: 11041642613 = 2.5x","timestamp":"2025-11-10 11:52:17"}
{"level":"info","message":"🚀 Multiplicador Spaceman 1: 11041642613 = 2.52x","timestamp":"2025-11-10 11:52:17"}
{"level":"info","message":"🚀 Multiplicador Spaceman 1: 11041642613 = 2.53x","timestamp":"2025-11-10 11:52:17"}
{"level":"info","message":"🚀 Multiplicador Spaceman 1: 11041642613 = 2.54x","timestamp":"2025-11-10 11:52:17"}
{"level":"info","message":"🚀 Multiplicador Spaceman 1: 11041642613 = 2.55x","timestamp":"2025-11-10 11:52:17"}
{"level":"info","message":"🚀 Multiplicador Spaceman 1: 11041642613 = 2.56x","timestamp":"2025-11-10 11:52:17"}
{"level":"info","message":"🚀 Multiplicador Spaceman 1: 11041642613 = 2.57x","timestamp":"2025-11-10 11:52:17"}
{"level":"info","message":"🚀 Multiplicador Spaceman 1: 11041642613 = 2.58x","timestamp":"2025-11-10 11:52:17"}
{"level":"info","message":"🚀 Multiplicador Spaceman 1: 11041642613 = 2.59x","timestamp":"2025-11-10 11:52:18"}
{"level":"info","message":"🚀 Multiplicador Spaceman 1: 11041642613 = 2.6x","timestamp":"2025-11-10 11:52:18"}
{"level":"info","message":"🚀 Multiplicador Spaceman 1: 11041642613 = 2.61x","timestamp":"2025-11-10 11:52:18"}
{"level":"info","message":"🚀 Multiplicador Spaceman 1: 11041642613 = 2.63x","timestamp":"2025-11-10 11:52:18"}
{"level":"info","message":"🚀 Multiplicador Spaceman 1: 11041642613 = 2.64x","timestamp":"2025-11-10 11:52:18"}
{"level":"info","message":"🚀 Multiplicador Spaceman 1: 11041642613 = 2.65x","timestamp":"2025-11-10 11:52:18"}
{"level":"info","message":"🚀 Multiplicador Spaceman 1: 11041642613 = 2.66x","timestamp":"2025-11-10 11:52:18"}
{"level":"info","message":"🚀 Multiplicador Spaceman 1: 11041642613 = 2.67x","timestamp":"2025-11-10 11:52:18"}
{"level":"info","message":"🚀 Multiplicador Spaceman 1: 11041642613 = 2.68x","timestamp":"2025-11-10 11:52:18"}
{"level":"info","message":"🚀 Multiplicador Spaceman 1: 11041642613 = 2.69x","timestamp":"2025-11-10 11:52:18"}
{"level":"info","message":"🚀 Multiplicador Spaceman 1: 11041642613 = 2.7x","timestamp":"2025-11-10 11:52:18"}
{"level":"info","message":"🚀 Multiplicador Spaceman 1: 11041642613 = 2.72x","timestamp":"2025-11-10 11:52:18"}
{"level":"info","message":"🚀 Multiplicador Spaceman 1: 11041642613 = 2.73x","timestamp":"2025-11-10 11:52:18"}
{"level":"info","message":"🚀 Multiplicador Spaceman 1: 11041642613 = 2.74x","timestamp":"2025-11-10 11:52:18"}
{"level":"info","message":"🚀 Multiplicador Spaceman 1: 11041642613 = 2.75x","timestamp":"2025-11-10 11:52:18"}
{"level":"info","message":"🚀 Multiplicador Spaceman 1: 11041642613 = 2.76x","timestamp":"2025-11-10 11:52:18"}
{"level":"info","message":"🚀 Multiplicador Spaceman 1: 11041642613 = 2.78x","timestamp":"2025-11-10 11:52:18"}
{"level":"info","message":"🚀 Multiplicador Spaceman 1: 11041642613 = 2.79x","timestamp":"2025-11-10 11:52:18"}
{"level":"info","message":"🚀 Multiplicador Spaceman 1: 11041642613 = 2.8x","timestamp":"2025-11-10 11:52:18"}
{"level":"info","message":"🚀 Multiplicador Spaceman 1: 11041642613 = 2.81x","timestamp":"2025-11-10 11:52:19"}
{"level":"info","message":"🚀 Multiplicador Spaceman 1: 11041642613 = 2.83x","timestamp":"2025-11-10 11:52:19"}
{"level":"info","message":"🚀 Multiplicador Spaceman 1: 11041642613 = 2.84x","timestamp":"2025-11-10 11:52:19"}
{"level":"info","message":"🚀 Multiplicador Spaceman 1: 11041642613 = 2.85x","timestamp":"2025-11-10 11:52:19"}
{"level":"info","message":"🚀 Multiplicador Spaceman 1: 11041642613 = 2.86x","timestamp":"2025-11-10 11:52:19"}
{"level":"info","message":"🚀 Multiplicador Spaceman 1: 11041642613 = 2.88x","timestamp":"2025-11-10 11:52:19"}
{"level":"info","message":"🚀 Multiplicador Spaceman 1: 11041642613 = 2.89x","timestamp":"2025-11-10 11:52:19"}
{"level":"info","message":"🚀 Multiplicador Spaceman 1: 11041642613 = 2.9x","timestamp":"2025-11-10 11:52:19"}
{"level":"info","message":"🚀 Multiplicador Spaceman 1: 11041642613 = 2.91x","timestamp":"2025-11-10 11:52:19"}
{"level":"info","message":"🚀 Multiplicador Spaceman 1: 11041642613 = 2.93x","timestamp":"2025-11-10 11:52:19"}
{"level":"info","message":"🚀 Multiplicador Spaceman 1: 11041642613 = 2.94x","timestamp":"2025-11-10 11:52:19"}
{"level":"info","message":"🚀 Multiplicador Spaceman 1: 11041642613 = 2.95x","timestamp":"2025-11-10 11:52:19"}
{"level":"info","message":"🚀 Multiplicador Spaceman 1: 11041642613 = 2.96x","timestamp":"2025-11-10 11:52:19"}
{"level":"info","message":"🚀 Multiplicador Spaceman 1: 11041642613 = 2.97x","timestamp":"2025-11-10 11:52:19"}
{"level":"info","message":"🚀 Multiplicador Spaceman 1: 11041642613 = 2.99x","timestamp":"2025-11-10 11:52:19"}
{"level":"info","message":"🚀 Multiplicador Spaceman 1: 11041642613 = 3x","timestamp":"2025-11-10 11:52:19"}
{"level":"info","message":"🚀 Multiplicador Spaceman 1: 11041642613 = 3.01x","timestamp":"2025-11-10 11:52:19"}
{"level":"info","message":"🚀 Multiplicador Spaceman 1: 11041642613 = 3.03x","timestamp":"2025-11-10 11:52:19"}
{"level":"info","message":"🚀 Multiplicador Spaceman 1: 11041642613 = 3.04x","timestamp":"2025-11-10 11:52:19"}
{"level":"info","message":"🚀 Multiplicador Spaceman 1: 11041642613 = 3.05x","timestamp":"2025-11-10 11:52:19"}
{"level":"info","message":"🚀 Multiplicador Spaceman 1: 11041642613 = 3.06x","timestamp":"2025-11-10 11:52:20"}
{"level":"info","message":"🚀 Multiplicador Spaceman 1: 11041642613 = 3.08x","timestamp":"2025-11-10 11:52:20"}
{"level":"info","message":"🚀 Multiplicador Spaceman 1: 11041642613 = 3.09x","timestamp":"2025-11-10 11:52:20"}
{"level":"info","message":"🚀 Multiplicador Spaceman 1: 11041642613 = 3.1x","timestamp":"2025-11-10 11:52:20"}
{"level":"info","message":"🚀 Multiplicador Spaceman 1: 11041642613 = 3.11x","timestamp":"2025-11-10 11:52:20"}
{"level":"info","message":"🚀 Multiplicador Spaceman 1: 11041642613 = 3.13x","timestamp":"2025-11-10 11:52:20"}
{"level":"info","message":"🚀 Multiplicador Spaceman 1: 11041642613 = 3.14x","timestamp":"2025-11-10 11:52:20"}
{"level":"info","message":"🚀 Multiplicador Spaceman 1: 11041642613 = 3.15x","timestamp":"2025-11-10 11:52:20"}
{"level":"info","message":"🚀 Multiplicador Spaceman 1: 11041642613 = 3.18x","timestamp":"2025-11-10 11:52:20"}
{"level":"info","message":"🚀 Multiplicador Spaceman 1: 11041642613 = 3.19x","timestamp":"2025-11-10 11:52:20"}
{"level":"info","message":"🚀 Multiplicador Spaceman 1: 11041642613 = 3.2x","timestamp":"2025-11-10 11:52:20"}
{"level":"info","message":"🚀 Multiplicador Spaceman 1: 11041642613 = 3.22x","timestamp":"2025-11-10 11:52:20"}
{"level":"info","message":"🚀 Multiplicador Spaceman 1: 11041642613 = 3.23x","timestamp":"2025-11-10 11:52:20"}
{"level":"info","message":"🚀 Multiplicador Spaceman 1: 11041642613 = 3.24x","timestamp":"2025-11-10 11:52:20"}
{"level":"info","message":"🚀 Multiplicador Spaceman 1: 11041642613 = 3.26x","timestamp":"2025-11-10 11:52:20"}
{"level":"info","message":"🚀 Multiplicador Spaceman 1: 11041642613 = 3.27x","timestamp":"2025-11-10 11:52:20"}
{"level":"info","message":"🚀 Multiplicador Spaceman 1: 11041642613 = 3.28x","timestamp":"2025-11-10 11:52:20"}
{"level":"info","message":"🚀 Multiplicador Spaceman 1: 11041642613 = 3.3x","timestamp":"2025-11-10 11:52:20"}
{"level":"info","message":"🚀 Multiplicador Spaceman 1: 11041642613 = 3.31x","timestamp":"2025-11-10 11:52:20"}
{"level":"info","message":"🚀 Multiplicador Spaceman 1: 11041642613 = 3.33x","timestamp":"2025-11-10 11:52:21"}
{"level":"info","message":"🚀 Multiplicador Spaceman 1: 11041642613 = 3.34x","timestamp":"2025-11-10 11:52:21"}
{"level":"info","message":"🚀 Multiplicador Spaceman 1: 11041642613 = 3.35x","timestamp":"2025-11-10 11:52:21"}
{"level":"info","message":"🚀 Multiplicador Spaceman 1: 11041642613 = 3.37x","timestamp":"2025-11-10 11:52:21"}
{"level":"info","message":"🚀 Multiplicador Spaceman 1: 11041642613 = 3.38x","timestamp":"2025-11-10 11:52:21"}
{"level":"info","message":"🚀 Multiplicador Spaceman 1: 11041642613 = 3.4x","timestamp":"2025-11-10 11:52:21"}
{"level":"info","message":"🚀 Multiplicador Spaceman 1: 11041642613 = 3.41x","timestamp":"2025-11-10 11:52:21"}
{"level":"info","message":"🚀 Multiplicador Spaceman 1: 11041642613 = 3.43x","timestamp":"2025-11-10 11:52:21"}
{"level":"info","message":"🚀 Multiplicador Spaceman 1: 11041642613 = 3.44x","timestamp":"2025-11-10 11:52:21"}
{"level":"info","message":"🚀 Multiplicador Spaceman 1: 11041642613 = 3.46x","timestamp":"2025-11-10 11:52:21"}
{"level":"info","message":"🚀 Multiplicador Spaceman 1: 11041642613 = 3.47x","timestamp":"2025-11-10 11:52:21"}
{"level":"info","message":"🚀 Multiplicador Spaceman 1: 11041642613 = 3.49x","timestamp":"2025-11-10 11:52:21"}
{"level":"info","message":"🚀 Multiplicador Spaceman 1: 11041642613 = 3.5x","timestamp":"2025-11-10 11:52:21"}
{"level":"info","message":"🚀 Multiplicador Spaceman 1: 11041642613 = 3.52x","timestamp":"2025-11-10 11:52:21"}
{"level":"info","message":"🚀 Multiplicador Spaceman 1: 11041642613 = 3.53x","timestamp":"2025-11-10 11:52:21"}
{"level":"info","message":"🚀 Multiplicador Spaceman 1: 11041642613 = 3.55x","timestamp":"2025-11-10 11:52:21"}
{"level":"info","message":"🚀 Multiplicador Spaceman 1: 11041642613 = 3.56x","timestamp":"2025-11-10 11:52:21"}
{"level":"info","message":"🚀 Multiplicador Spaceman 1: 11041642613 = 3.58x","timestamp":"2025-11-10 11:52:21"}
{"level":"info","message":"🚀 Multiplicador Spaceman 1: 11041642613 = 3.59x","timestamp":"2025-11-10 11:52:21"}
{"level":"info","message":"🚀 Multiplicador Spaceman 1: 11041642613 = 3.61x","timestamp":"2025-11-10 11:52:22"}
{"level":"info","message":"🚀 Multiplicador Spaceman 1: 11041642613 = 3.63x","timestamp":"2025-11-10 11:52:22"}
{"level":"info","message":"🚀 Multiplicador Spaceman 1: 11041642613 = 3.64x","timestamp":"2025-11-10 11:52:22"}
{"level":"info","message":"🚀 Multiplicador Spaceman 1: 11041642613 = 3.66x","timestamp":"2025-11-10 11:52:22"}
{"level":"info","message":"🚀 Multiplicador Spaceman 1: 11041642613 = 3.67x","timestamp":"2025-11-10 11:52:22"}
{"level":"info","message":"🚀 Multiplicador Spaceman 1: 11041642613 = 3.69x","timestamp":"2025-11-10 11:52:22"}
{"level":"info","message":"🚀 Multiplicador Spaceman 1: 11041642613 = 3.7x","timestamp":"2025-11-10 11:52:22"}
{"level":"info","message":"🚀 Multiplicador Spaceman 1: 11041642613 = 3.72x","timestamp":"2025-11-10 11:52:22"}
{"level":"info","message":"🚀 Multiplicador Spaceman 1: 11041642613 = 3.73x","timestamp":"2025-11-10 11:52:22"}
{"level":"info","message":"🚀 Multiplicador Spaceman 1: 11041642613 = 3.75x","timestamp":"2025-11-10 11:52:22"}
{"level":"info","message":"🚀 Multiplicador Spaceman 1: 11041642613 = 3.76x","timestamp":"2025-11-10 11:52:22"}
{"level":"info","message":"🚀 Multiplicador Spaceman 1: 11041642613 = 3.78x","timestamp":"2025-11-10 11:52:22"}
{"level":"info","message":"🚀 Multiplicador Spaceman 1: 11041642613 = 3.8x","timestamp":"2025-11-10 11:52:22"}
{"level":"info","message":"🚀 Multiplicador Spaceman 1: 11041642613 = 3.81x","timestamp":"2025-11-10 11:52:22"}
{"level":"info","message":"🚀 Multiplicador Spaceman 1: 11041642613 = 3.83x","timestamp":"2025-11-10 11:52:22"}
{"level":"info","message":"🚀 Multiplicador Spaceman 1: 11041642613 = 3.84x","timestamp":"2025-11-10 11:52:22"}
{"level":"info","message":"🚀 Multiplicador Spaceman 1: 11041642613 = 3.86x","timestamp":"2025-11-10 11:52:22"}
{"level":"info","message":"🚀 Multiplicador Spaceman 1: 11041642613 = 3.87x","timestamp":"2025-11-10 11:52:22"}
{"level":"info","message":"🚀 Multiplicador Spaceman 1: 11041642613 = 3.89x","timestamp":"2025-11-10 11:52:22"}
{"level":"info","message":"🚀 Multiplicador Spaceman 1: 11041642613 = 3.91x","timestamp":"2025-11-10 11:52:22"}
{"level":"info","message":"🚀 Multiplicador Spaceman 1: 11041642613 = 3.92x","timestamp":"2025-11-10 11:52:23"}
{"level":"info","message":"🚀 Multiplicador Spaceman 1: 11041642613 = 3.94x","timestamp":"2025-11-10 11:52:23"}
{"level":"info","message":"🚀 Multiplicador Spaceman 1: 11041642613 = 3.96x","timestamp":"2025-11-10 11:52:23"}
{"level":"info","message":"🚀 Multiplicador Spaceman 1: 11041642613 = 3.97x","timestamp":"2025-11-10 11:52:23"}
{"level":"info","message":"🚀 Multiplicador Spaceman 1: 11041642613 = 3.99x","timestamp":"2025-11-10 11:52:23"}
{"level":"info","message":"🚀 Multiplicador Spaceman 1: 11041642613 = 4.01x","timestamp":"2025-11-10 11:52:23"}
{"level":"info","message":"🚀 Multiplicador Spaceman 1: 11041642613 = 4.02x","timestamp":"2025-11-10 11:52:23"}
{"level":"info","message":"🚀 Multiplicador Spaceman 1: 11041642613 = 4.04x","timestamp":"2025-11-10 11:52:23"}
{"level":"info","message":"🚀 Multiplicador Spaceman 1: 11041642613 = 4.06x","timestamp":"2025-11-10 11:52:23"}
{"level":"info","message":"🚀 Multiplicador Spaceman 1: 11041642613 = 4.07x","timestamp":"2025-11-10 11:52:23"}
{"level":"info","message":"🚀 Multiplicador Spaceman 1: 11041642613 = 4.09x","timestamp":"2025-11-10 11:52:23"}
{"level":"info","message":"🚀 Multiplicador Spaceman 1: 11041642613 = 4.11x","timestamp":"2025-11-10 11:52:23"}
{"level":"info","message":"🚀 Multiplicador Spaceman 1: 11041642613 = 4.13x","timestamp":"2025-11-10 11:52:23"}
{"level":"info","message":"🚀 Multiplicador Spaceman 1: 11041642613 = 4.14x","timestamp":"2025-11-10 11:52:23"}
{"level":"info","message":"🚀 Multiplicador Spaceman 1: 11041642613 = 4.16x","timestamp":"2025-11-10 11:52:23"}
{"level":"info","message":"🚀 Multiplicador Spaceman 1: 11041642613 = 4.18x","timestamp":"2025-11-10 11:52:23"}
{"level":"info","message":"🚀 Multiplicador Spaceman 1: 11041642613 = 4.2x","timestamp":"2025-11-10 11:52:23"}
{"level":"info","message":"🚀 Multiplicador Spaceman 1: 11041642613 = 4.22x","timestamp":"2025-11-10 11:52:23"}
{"level":"info","message":"🚀 Multiplicador Spaceman 1: 11041642613 = 4.23x","timestamp":"2025-11-10 11:52:23"}
{"level":"info","message":"🚀 Multiplicador Spaceman 1: 11041642613 = 4.25x","timestamp":"2025-11-10 11:52:23"}
{"level":"info","message":"🚀 Multiplicador Spaceman 1: 11041642613 = 4.27x","timestamp":"2025-11-10 11:52:24"}
{"level":"info","message":"🚀 Multiplicador Spaceman 1: 11041642613 = 4.29x","timestamp":"2025-11-10 11:52:24"}
{"level":"info","message":"🚀 Multiplicador Spaceman 1: 11041642613 = 4.31x","timestamp":"2025-11-10 11:52:24"}
{"level":"info","message":"🚀 Multiplicador Spaceman 1: 11041642613 = 4.32x","timestamp":"2025-11-10 11:52:24"}
{"level":"info","message":"🚀 Multiplicador Spaceman 1: 11041642613 = 4.34x","timestamp":"2025-11-10 11:52:24"}
{"level":"info","message":"🚀 Multiplicador Spaceman 1: 11041642613 = 4.36x","timestamp":"2025-11-10 11:52:24"}
{"level":"info","message":"🚀 Multiplicador Spaceman 1: 11041642613 = 4.38x","timestamp":"2025-11-10 11:52:24"}
{"level":"info","message":"🚀 Multiplicador Spaceman 1: 11041642613 = 4.4x","timestamp":"2025-11-10 11:52:24"}
{"level":"info","message":"🚀 Multiplicador Spaceman 1: 11041642613 = 4.41x","timestamp":"2025-11-10 11:52:24"}
{"level":"info","message":"🚀 Multiplicador Spaceman 1: 11041642613 = 4.43x","timestamp":"2025-11-10 11:52:24"}
{"level":"info","message":"🚀 Multiplicador Spaceman 1: 11041642613 = 4.45x","timestamp":"2025-11-10 11:52:24"}
{"level":"info","message":"🚀 Multiplicador Spaceman 1: 11041642613 = 4.47x","timestamp":"2025-11-10 11:52:24"}
{"level":"info","message":"🚀 Multiplicador Spaceman 1: 11041642613 = 4.48x","timestamp":"2025-11-10 11:52:24"}
{"level":"info","message":"🚀 Multiplicador Spaceman 1: 11041642613 = 4.5x","timestamp":"2025-11-10 11:52:24"}
{"level":"info","message":"🚀 Multiplicador Spaceman 1: 11041642613 = 4.52x","timestamp":"2025-11-10 11:52:24"}
{"level":"info","message":"🚀 Multiplicador Spaceman 1: 11041642613 = 4.54x","timestamp":"2025-11-10 11:52:24"}
{"level":"info","message":"🚀 Multiplicador Spaceman 1: 11041642613 = 4.56x","timestamp":"2025-11-10 11:52:24"}
{"level":"info","message":"🚀 Multiplicador Spaceman 1: 11041642613 = 4.58x","timestamp":"2025-11-10 11:52:24"}
{"level":"info","message":"🚀 Multiplicador Spaceman 1: 11041642613 = 4.6x","timestamp":"2025-11-10 11:52:24"}
{"level":"info","message":"🚀 Multiplicador Spaceman 1: 11041642613 = 4.62x","timestamp":"2025-11-10 11:52:24"}
{"level":"info","message":"🚀 Multiplicador Spaceman 1: 11041642613 = 4.64x","timestamp":"2025-11-10 11:52:25"}
{"level":"info","message":"🚀 Multiplicador Spaceman 1: 11041642613 = 4.66x","timestamp":"2025-11-10 11:52:25"}
{"level":"info","message":"🚀 Multiplicador Spaceman 1: 11041642613 = 4.68x","timestamp":"2025-11-10 11:52:25"}
{"level":"info","message":"🚀 Multiplicador Spaceman 1: 11041642613 = 4.7x","timestamp":"2025-11-10 11:52:25"}
{"level":"info","message":"🚀 Multiplicador Spaceman 1: 11041642613 = 4.72x","timestamp":"2025-11-10 11:52:25"}
{"level":"info","message":"🚀 Multiplicador Spaceman 1: 11041642613 = 4.74x","timestamp":"2025-11-10 11:52:25"}
{"level":"info","message":"🚀 Multiplicador Spaceman 1: 11041642613 = 4.76x","timestamp":"2025-11-10 11:52:25"}
{"level":"info","message":"🚀 Multiplicador Spaceman 1: 11041642613 = 4.78x","timestamp":"2025-11-10 11:52:25"}
{"level":"info","message":"🚀 Multiplicador Spaceman 1: 11041642613 = 4.8x","timestamp":"2025-11-10 11:52:25"}
{"level":"info","message":"🚀 Multiplicador Spaceman 1: 11041642613 = 4.82x","timestamp":"2025-11-10 11:52:25"}
{"level":"info","message":"🚀 Multiplicador Spaceman 1: 11041642613 = 4.84x","timestamp":"2025-11-10 11:52:25"}
{"level":"info","message":"🚀 Multiplicador Spaceman 1: 11041642613 = 4.87x","timestamp":"2025-11-10 11:52:25"}
{"level":"info","message":"🚀 Multiplicador Spaceman 1: 11041642613 = 4.88x","timestamp":"2025-11-10 11:52:25"}
{"level":"info","message":"🚀 Multiplicador Spaceman 1: 11041642613 = 4.91x","timestamp":"2025-11-10 11:52:25"}
{"level":"info","message":"🚀 Multiplicador Spaceman 1: 11041642613 = 4.93x","timestamp":"2025-11-10 11:52:25"}
{"level":"info","message":"🚀 Multiplicador Spaceman 1: 11041642613 = 4.95x","timestamp":"2025-11-10 11:52:25"}
{"level":"info","message":"🚀 Multiplicador Spaceman 1: 11041642613 = 4.97x","timestamp":"2025-11-10 11:52:25"}
{"level":"info","message":"🚀 Multiplicador Spaceman 1: 11041642613 = 4.99x","timestamp":"2025-11-10 11:52:25"}
{"level":"info","message":"🚀 Multiplicador Spaceman 1: 11041642613 = 5.02x","timestamp":"2025-11-10 11:52:25"}
{"level":"info","message":"🚀 Multiplicador Spaceman 1: 11041642613 = 5.04x","timestamp":"2025-11-10 11:52:26"}
{"level":"info","message":"🚀 Multiplicador Spaceman 1: 11041642613 = 5.06x","timestamp":"2025-11-10 11:52:26"}
{"level":"info","message":"🚀 Multiplicador Spaceman 1: 11041642613 = 5.08x","timestamp":"2025-11-10 11:52:26"}
{"level":"info","message":"🚀 Multiplicador Spaceman 1: 11041642613 = 5.1x","timestamp":"2025-11-10 11:52:26"}
{"level":"info","message":"🚀 Multiplicador Spaceman 1: 11041642613 = 5.12x","timestamp":"2025-11-10 11:52:26"}
{"level":"info","message":"🚀 Multiplicador Spaceman 1: 11041642613 = 5.14x","timestamp":"2025-11-10 11:52:26"}
{"level":"info","message":"🚀 Multiplicador Spaceman 1: 11041642613 = 5.17x","timestamp":"2025-11-10 11:52:26"}
{"level":"info","message":"🚀 Multiplicador Spaceman 1: 11041642613 = 5.19x","timestamp":"2025-11-10 11:52:26"}
{"level":"info","message":"🚀 Multiplicador Spaceman 1: 11041642613 = 5.21x","timestamp":"2025-11-10 11:52:26"}
{"level":"info","message":"🚀 Multiplicador Spaceman 1: 11041642613 = 5.24x","timestamp":"2025-11-10 11:52:26"}
{"level":"info","message":"🚀 Multiplicador Spaceman 1: 11041642613 = 5.26x","timestamp":"2025-11-10 11:52:26"}
{"level":"info","message":"🚀 Multiplicador Spaceman 1: 11041642613 = 5.28x","timestamp":"2025-11-10 11:52:26"}
{"level":"info","message":"🚀 Multiplicador Spaceman 1: 11041642613 = 5.31x","timestamp":"2025-11-10 11:52:26"}
{"level":"info","message":"🚀 Multiplicador Spaceman 1: 11041642613 = 5.33x","timestamp":"2025-11-10 11:52:26"}
{"level":"info","message":"🚀 Multiplicador Spaceman 1: 11041642613 = 5.36x","timestamp":"2025-11-10 11:52:26"}
{"level":"info","message":"🚀 Multiplicador Spaceman 1: 11041642613 = 5.38x","timestamp":"2025-11-10 11:52:26"}
{"level":"info","message":"🚀 Multiplicador Spaceman 1: 11041642613 = 5.4x","timestamp":"2025-11-10 11:52:26"}
{"level":"info","message":"🚀 Multiplicador Spaceman 1: 11041642613 = 5.43x","timestamp":"2025-11-10 11:52:26"}
{"level":"info","message":"🚀 Multiplicador Spaceman 1: 11041642613 = 5.45x","timestamp":"2025-11-10 11:52:26"}
{"level":"info","message":"🚀 Multiplicador Spaceman 1: 11041642613 = 5.47x","timestamp":"2025-11-10 11:52:26"}
{"level":"info","message":"🚀 Multiplicador Spaceman 1: 11041642613 = 5.49x","timestamp":"2025-11-10 11:52:27"}
{"level":"info","message":"🚀 Multiplicador Spaceman 1: 11041642613 = 5.51x","timestamp":"2025-11-10 11:52:27"}
{"level":"info","message":"🚀 Multiplicador Spaceman 1: 11041642613 = 5.54x","timestamp":"2025-11-10 11:52:27"}
{"level":"info","message":"🚀 Multiplicador Spaceman 1: 11041642613 = 5.56x","timestamp":"2025-11-10 11:52:27"}
{"level":"info","message":"🚀 Multiplicador Spaceman 1: 11041642613 = 5.59x","timestamp":"2025-11-10 11:52:27"}
{"level":"info","message":"🚀 Multiplicador Spaceman 1: 11041642613 = 5.61x","timestamp":"2025-11-10 11:52:27"}
{"level":"info","message":"🚀 Multiplicador Spaceman 1: 11041642613 = 5.64x","timestamp":"2025-11-10 11:52:27"}
{"level":"info","message":"🚀 Multiplicador Spaceman 1: 11041642613 = 5.66x","timestamp":"2025-11-10 11:52:27"}
{"level":"info","message":"🚀 Multiplicador Spaceman 1: 11041642613 = 5.69x","timestamp":"2025-11-10 11:52:27"}
{"level":"info","message":"🚀 Multiplicador Spaceman 1: 11041642613 = 5.71x","timestamp":"2025-11-10 11:52:27"}
{"level":"info","message":"🚀 Multiplicador Spaceman 1: 11041642613 = 5.74x","timestamp":"2025-11-10 11:52:27"}
{"level":"info","message":"🚀 Multiplicador Spaceman 1: 11041642613 = 5.76x","timestamp":"2025-11-10 11:52:27"}
{"level":"info","message":"🚀 Multiplicador Spaceman 1: 11041642613 = 5.79x","timestamp":"2025-11-10 11:52:27"}
{"level":"info","message":"🚀 Multiplicador Spaceman 1: 11041642613 = 5.81x","timestamp":"2025-11-10 11:52:27"}
{"level":"info","message":"🚀 Multiplicador Spaceman 1: 11041642613 = 5.84x","timestamp":"2025-11-10 11:52:27"}
{"level":"info","message":"🚀 Multiplicador Spaceman 1: 11041642613 = 5.86x","timestamp":"2025-11-10 11:52:27"}
{"level":"info","message":"🚀 Multiplicador Spaceman 1: 11041642613 = 5.89x","timestamp":"2025-11-10 11:52:27"}
{"level":"info","message":"🚀 Multiplicador Spaceman 1: 11041642613 = 5.91x","timestamp":"2025-11-10 11:52:27"}
{"level":"info","message":"🚀 Multiplicador Spaceman 1: 11041642613 = 5.94x","timestamp":"2025-11-10 11:52:27"}
{"level":"info","message":"🚀 Multiplicador Spaceman 1: 11041642613 = 5.97x","timestamp":"2025-11-10 11:52:28"}
{"level":"info","message":"🚀 Multiplicador Spaceman 1: 11041642613 = 5.99x","timestamp":"2025-11-10 11:52:28"}
{"level":"info","message":"🚀 Multiplicador Spaceman 1: 11041642613 = 6.02x","timestamp":"2025-11-10 11:52:28"}
{"level":"info","message":"🚀 Multiplicador Spaceman 1: 11041642613 = 6.04x","timestamp":"2025-11-10 11:52:28"}
{"level":"info","message":"🚀 Multiplicador Spaceman 1: 11041642613 = 6.07x","timestamp":"2025-11-10 11:52:28"}
{"level":"info","message":"🚀 Multiplicador Spaceman 1: 11041642613 = 6.09x","timestamp":"2025-11-10 11:52:28"}
{"level":"info","message":"🚀 Multiplicador Spaceman 1: 11041642613 = 6.12x","timestamp":"2025-11-10 11:52:28"}
{"level":"info","message":"🚀 Multiplicador Spaceman 1: 11041642613 = 6.15x","timestamp":"2025-11-10 11:52:28"}
{"level":"info","message":"🚀 Multiplicador Spaceman 1: 11041642613 = 6.17x","timestamp":"2025-11-10 11:52:28"}
{"level":"info","message":"🚀 Multiplicador Spaceman 1: 11041642613 = 6.22x","timestamp":"2025-11-10 11:52:28"}
{"level":"info","message":"🚀 Multiplicador Spaceman 1: 11041642613 = 6.25x","timestamp":"2025-11-10 11:52:28"}
{"level":"info","message":"🚀 Multiplicador Spaceman 1: 11041642613 = 6.27x","timestamp":"2025-11-10 11:52:28"}
{"level":"info","message":"🚀 Multiplicador Spaceman 1: 11041642613 = 6.3x","timestamp":"2025-11-10 11:52:28"}
{"level":"info","message":"🚀 Multiplicador Spaceman 1: 11041642613 = 6.33x","timestamp":"2025-11-10 11:52:28"}
{"level":"info","message":"🚀 Multiplicador Spaceman 1: 11041642613 = 6.35x","timestamp":"2025-11-10 11:52:28"}
{"level":"info","message":"🚀 Multiplicador Spaceman 1: 11041642613 = 6.38x","timestamp":"2025-11-10 11:52:28"}
{"level":"info","message":"🚀 Multiplicador Spaceman 1: 11041642613 = 6.41x","timestamp":"2025-11-10 11:52:28"}
{"level":"info","message":"🚀 Multiplicador Spaceman 1: 11041642613 = 6.43x","timestamp":"2025-11-10 11:52:28"}
{"level":"info","message":"🚀 Multiplicador Spaceman 1: 11041642613 = 6.46x","timestamp":"2025-11-10 11:52:29"}
{"level":"info","message":"🚀 Multiplicador Spaceman 1: 11041642613 = 6.49x","timestamp":"2025-11-10 11:52:29"}
{"level":"info","message":"🚀 Multiplicador Spaceman 1: 11041642613 = 6.52x","timestamp":"2025-11-10 11:52:29"}
{"level":"info","message":"🚀 Multiplicador Spaceman 1: 11041642613 = 6.55x","timestamp":"2025-11-10 11:52:29"}
{"level":"info","message":"🚀 Multiplicador Spaceman 1: 11041642613 = 6.57x","timestamp":"2025-11-10 11:52:29"}
{"level":"info","message":"🚀 Multiplicador Spaceman 1: 11041642613 = 6.6x","timestamp":"2025-11-10 11:52:29"}
{"level":"info","message":"🚀 Multiplicador Spaceman 1: 11041642613 = 6.63x","timestamp":"2025-11-10 11:52:29"}
{"level":"info","message":"🚀 Multiplicador Spaceman 1: 11041642613 = 6.66x","timestamp":"2025-11-10 11:52:29"}
{"level":"info","message":"🚀 Multiplicador Spaceman 1: 11041642613 = 6.68x","timestamp":"2025-11-10 11:52:29"}
{"level":"info","message":"🚀 Multiplicador Spaceman 1: 11041642613 = 6.71x","timestamp":"2025-11-10 11:52:29"}
{"level":"info","message":"🚀 Multiplicador Spaceman 1: 11041642613 = 6.74x","timestamp":"2025-11-10 11:52:29"}
{"level":"info","message":"🚀 Multiplicador Spaceman 1: 11041642613 = 6.77x","timestamp":"2025-11-10 11:52:29"}
{"level":"info","message":"🚀 Multiplicador Spaceman 1: 11041642613 = 6.8x","timestamp":"2025-11-10 11:52:29"}
{"level":"info","message":"🚀 Multiplicador Spaceman 1: 11041642613 = 6.83x","timestamp":"2025-11-10 11:52:29"}
{"level":"info","message":"🚀 Multiplicador Spaceman 1: 11041642613 = 6.85x","timestamp":"2025-11-10 11:52:29"}
{"level":"info","message":"🚀 Multiplicador Spaceman 1: 11041642613 = 6.88x","timestamp":"2025-11-10 11:52:29"}
{"level":"info","message":"🚀 Multiplicador Spaceman 1: 11041642613 = 6.91x","timestamp":"2025-11-10 11:52:29"}
{"level":"info","message":"🚀 Multiplicador Spaceman 1: 11041642613 = 6.94x","timestamp":"2025-11-10 11:52:29"}
{"level":"info","message":"🚀 Multiplicador Spaceman 1: 11041642613 = 6.97x","timestamp":"2025-11-10 11:52:29"}
{"level":"info","message":"🚀 Multiplicador Spaceman 1: 11041642613 = 7.01x","timestamp":"2025-11-10 11:52:29"}
{"level":"info","message":"🚀 Multiplicador Spaceman 1: 11041642613 = 7.04x","timestamp":"2025-11-10 11:52:30"}
{"level":"info","message":"🚀 Multiplicador Spaceman 1: 11041642613 = 7.07x","timestamp":"2025-11-10 11:52:30"}
{"level":"info","message":"🚀 Multiplicador Spaceman 1: 11041642613 = 7.1x","timestamp":"2025-11-10 11:52:30"}
{"level":"info","message":"🚀 Multiplicador Spaceman 1: 11041642613 = 7.13x","timestamp":"2025-11-10 11:52:30"}
{"level":"info","message":"🚀 Multiplicador Spaceman 1: 11041642613 = 7.16x","timestamp":"2025-11-10 11:52:30"}
{"level":"info","message":"🚀 Multiplicador Spaceman 1: 11041642613 = 7.19x","timestamp":"2025-11-10 11:52:30"}
{"level":"info","message":"🚀 Multiplicador Spaceman 1: 11041642613 = 7.22x","timestamp":"2025-11-10 11:52:30"}
{"level":"info","message":"🚀 Multiplicador Spaceman 1: 11041642613 = 7.25x","timestamp":"2025-11-10 11:52:30"}
{"level":"info","message":"🚀 Multiplicador Spaceman 1: 11041642613 = 7.28x","timestamp":"2025-11-10 11:52:30"}
{"level":"info","message":"🚀 Multiplicador Spaceman 1: 11041642613 = 7.31x","timestamp":"2025-11-10 11:52:30"}
{"level":"info","message":"🚀 Multiplicador Spaceman 1: 11041642613 = 7.34x","timestamp":"2025-11-10 11:52:30"}
{"level":"info","message":"🚀 Multiplicador Spaceman 1: 11041642613 = 7.37x","timestamp":"2025-11-10 11:52:30"}
{"level":"info","message":"🚀 Multiplicador Spaceman 1: 11041642613 = 7.4x","timestamp":"2025-11-10 11:52:30"}
{"level":"info","message":"🚀 Multiplicador Spaceman 1: 11041642613 = 7.43x","timestamp":"2025-11-10 11:52:30"}
{"level":"info","message":"🚀 Multiplicador Spaceman 1: 11041642613 = 7.46x","timestamp":"2025-11-10 11:52:30"}
{"level":"info","message":"🚀 Multiplicador Spaceman 1: 11041642613 = 7.49x","timestamp":"2025-11-10 11:52:30"}
{"level":"info","message":"🚀 Multiplicador Spaceman 1: 11041642613 = 7.53x","timestamp":"2025-11-10 11:52:30"}
{"level":"info","message":"🚀 Multiplicador Spaceman 1: 11041642613 = 7.56x","timestamp":"2025-11-10 11:52:30"}
{"level":"info","message":"🚀 Multiplicador Spaceman 1: 11041642613 = 7.6x","timestamp":"2025-11-10 11:52:30"}
{"level":"info","message":"🚀 Multiplicador Spaceman 1: 11041642613 = 7.63x","timestamp":"2025-11-10 11:52:31"}
{"level":"info","message":"🚀 Multiplicador Spaceman 1: 11041642613 = 7.66x","timestamp":"2025-11-10 11:52:31"}
{"level":"info","message":"🚀 Multiplicador Spaceman 1: 11041642613 = 7.7x","timestamp":"2025-11-10 11:52:31"}
{"level":"info","message":"🚀 Multiplicador Spaceman 1: 11041642613 = 7.73x","timestamp":"2025-11-10 11:52:31"}
{"level":"info","message":"🚀 Multiplicador Spaceman 1: 11041642613 = 7.76x","timestamp":"2025-11-10 11:52:31"}
{"level":"info","message":"🚀 Multiplicador Spaceman 1: 11041642613 = 7.8x","timestamp":"2025-11-10 11:52:31"}
{"level":"info","message":"🚀 Multiplicador Spaceman 1: 11041642613 = 7.83x","timestamp":"2025-11-10 11:52:31"}
{"level":"info","message":"🚀 Multiplicador Spaceman 1: 11041642613 = 7.86x","timestamp":"2025-11-10 11:52:31"}
{"level":"info","message":"🚀 Multiplicador Spaceman 1: 11041642613 = 7.9x","timestamp":"2025-11-10 11:52:31"}
{"level":"info","message":"🚀 Multiplicador Spaceman 1: 11041642613 = 7.94x","timestamp":"2025-11-10 11:52:31"}
{"level":"info","message":"🚀 Multiplicador Spaceman 1: 11041642613 = 7.97x","timestamp":"2025-11-10 11:52:31"}
{"level":"info","message":"🚀 Multiplicador Spaceman 1: 11041642613 = 8.01x","timestamp":"2025-11-10 11:52:31"}
{"level":"info","message":"🚀 Multiplicador Spaceman 1: 11041642613 = 8.04x","timestamp":"2025-11-10 11:52:31"}
{"level":"info","message":"🚀 Multiplicador Spaceman 1: 11041642613 = 8.07x","timestamp":"2025-11-10 11:52:31"}
{"level":"info","message":"🚀 Multiplicador Spaceman 1: 11041642613 = 8.11x","timestamp":"2025-11-10 11:52:31"}
{"level":"info","message":"🚀 Multiplicador Spaceman 1: 11041642613 = 8.14x","timestamp":"2025-11-10 11:52:31"}
{"level":"info","message":"🚀 Multiplicador Spaceman 1: 11041642613 = 8.17x","timestamp":"2025-11-10 11:52:31"}
{"level":"info","message":"🚀 Multiplicador Spaceman 1: 11041642613 = 8.21x","timestamp":"2025-11-10 11:52:31"}
{"level":"info","message":"🚀 Multiplicador Spaceman 1: 11041642613 = 8.24x","timestamp":"2025-11-10 11:52:31"}
{"level":"info","message":"🚀 Multiplicador Spaceman 1: 11041642613 = 8.27x","timestamp":"2025-11-10 11:52:31"}
{"level":"info","message":"🚀 Multiplicador Spaceman 1: 11041642613 = 8.31x","timestamp":"2025-11-10 11:52:32"}
{"level":"info","message":"🚀 Multiplicador Spaceman 1: 11041642613 = 8.34x","timestamp":"2025-11-10 11:52:32"}
{"level":"info","message":"🚀 Multiplicador Spaceman 1: 11041642613 = 8.38x","timestamp":"2025-11-10 11:52:32"}
{"level":"info","message":"🚀 Multiplicador Spaceman 1: 11041642613 = 8.42x","timestamp":"2025-11-10 11:52:32"}
{"level":"info","message":"🚀 Multiplicador Spaceman 1: 11041642613 = 8.45x","timestamp":"2025-11-10 11:52:32"}
{"level":"info","message":"🚀 Multiplicador Spaceman 1: 11041642613 = 8.49x","timestamp":"2025-11-10 11:52:32"}
{"level":"info","message":"🚀 Multiplicador Spaceman 1: 11041642613 = 8.53x","timestamp":"2025-11-10 11:52:32"}
{"level":"info","message":"🚀 Multiplicador Spaceman 1: 11041642613 = 8.57x","timestamp":"2025-11-10 11:52:32"}
{"level":"info","message":"🚀 Multiplicador Spaceman 1: 11041642613 = 8.61x","timestamp":"2025-11-10 11:52:32"}
{"level":"info","message":"🚀 Multiplicador Spaceman 1: 11041642613 = 8.64x","timestamp":"2025-11-10 11:52:32"}
{"level":"info","message":"🚀 Multiplicador Spaceman 1: 11041642613 = 8.68x","timestamp":"2025-11-10 11:52:32"}
{"level":"info","message":"🚀 Multiplicador Spaceman 1: 11041642613 = 8.72x","timestamp":"2025-11-10 11:52:32"}
{"level":"info","message":"🚀 Multiplicador Spaceman 1: 11041642613 = 8.75x","timestamp":"2025-11-10 11:52:32"}
{"level":"info","message":"🚀 Multiplicador Spaceman 1: 11041642613 = 8.79x","timestamp":"2025-11-10 11:52:32"}
{"level":"info","message":"🚀 Multiplicador Spaceman 1: 11041642613 = 8.83x","timestamp":"2025-11-10 11:52:32"}
{"level":"info","message":"🚀 Multiplicador Spaceman 1: 11041642613 = 8.86x","timestamp":"2025-11-10 11:52:32"}
{"level":"info","message":"🚀 Multiplicador Spaceman 1: 11041642613 = 8.9x","timestamp":"2025-11-10 11:52:32"}
{"level":"info","message":"🚀 Multiplicador Spaceman 1: 11041642613 = 8.94x","timestamp":"2025-11-10 11:52:32"}
{"level":"info","message":"🚀 Multiplicador Spaceman 1: 11041642613 = 9.02x","timestamp":"2025-11-10 11:52:33"}
{"level":"info","message":"🚀 Multiplicador Spaceman 1: 11041642613 = 9.06x","timestamp":"2025-11-10 11:52:33"}
{"level":"info","message":"🚀 Multiplicador Spaceman 1: 11041642613 = 9.1x","timestamp":"2025-11-10 11:52:33"}
{"level":"info","message":"🚀 Multiplicador Spaceman 1: 11041642613 = 9.13x","timestamp":"2025-11-10 11:52:33"}
{"level":"info","message":"🚀 Multiplicador Spaceman 1: 11041642613 = 9.17x","timestamp":"2025-11-10 11:52:33"}
{"level":"info","message":"🚀 Multiplicador Spaceman 1: 11041642613 = 9.21x","timestamp":"2025-11-10 11:52:33"}
{"level":"info","message":"🚀 Multiplicador Spaceman 1: 11041642613 = 9.25x","timestamp":"2025-11-10 11:52:33"}
{"level":"info","message":"🚀 Multiplicador Spaceman 1: 11041642613 = 9.29x","timestamp":"2025-11-10 11:52:33"}
{"level":"info","message":"🚀 Multiplicador Spaceman 1: 11041642613 = 9.33x","timestamp":"2025-11-10 11:52:33"}
{"level":"info","message":"🚀 Multiplicador Spaceman 1: 11041642613 = 9.37x","timestamp":"2025-11-10 11:52:33"}
{"level":"info","message":"🚀 Multiplicador Spaceman 1: 11041642613 = 9.41x","timestamp":"2025-11-10 11:52:33"}
{"level":"info","message":"🚀 Multiplicador Spaceman 1: 11041642613 = 9.45x","timestamp":"2025-11-10 11:52:33"}
{"level":"info","message":"🚀 Multiplicador Spaceman 1: 11041642613 = 9.48x","timestamp":"2025-11-10 11:52:33"}
{"level":"info","message":"🚀 Multiplicador Spaceman 1: 11041642613 = 9.52x","timestamp":"2025-11-10 11:52:33"}
{"level":"info","message":"🚀 Multiplicador Spaceman 1: 11041642613 = 9.56x","timestamp":"2025-11-10 11:52:33"}
{"level":"info","message":"🚀 Multiplicador Spaceman 1: 11041642613 = 9.62x","timestamp":"2025-11-10 11:52:33"}
{"level":"info","message":"🚀 Multiplicador Spaceman 1: 11041642613 = 9.66x","timestamp":"2025-11-10 11:52:33"}
{"level":"info","message":"🚀 Multiplicador Spaceman 1: 11041642613 = 9.71x","timestamp":"2025-11-10 11:52:33"}
{"level":"info","message":"🚀 Multiplicador Spaceman 1: 11041642613 = 9.75x","timestamp":"2025-11-10 11:52:33"}
{"level":"info","message":"🚀 Multiplicador Spaceman 1: 11041642613 = 9.8x","timestamp":"2025-11-10 11:52:34"}
{"level":"info","message":"🚀 Multiplicador Spaceman 1: 11041642613 = 9.84x","timestamp":"2025-11-10 11:52:34"}
{"level":"info","message":"🚀 Multiplicador Spaceman 1: 11041642613 = 9.88x","timestamp":"2025-11-10 11:52:34"}
{"level":"info","message":"🚀 Multiplicador Spaceman 1: 11041642613 = 9.92x","timestamp":"2025-11-10 11:52:34"}
{"level":"info","message":"🚀 Multiplicador Spaceman 1: 11041642613 = 9.96x","timestamp":"2025-11-10 11:52:34"}
{"level":"info","message":"🚀 Multiplicador Spaceman 1: 11041642613 = 10.01x","timestamp":"2025-11-10 11:52:34"}
{"level":"info","message":"🚀 Multiplicador Spaceman 1: 11041642613 = 10.05x","timestamp":"2025-11-10 11:52:34"}
{"level":"info","message":"🚀 Multiplicador Spaceman 1: 11041642613 = 10.09x","timestamp":"2025-11-10 11:52:34"}
{"level":"info","message":"🚀 Multiplicador Spaceman 1: 11041642613 = 10.13x","timestamp":"2025-11-10 11:52:34"}
{"level":"info","message":"🚀 Multiplicador Spaceman 1: 11041642613 = 10.17x","timestamp":"2025-11-10 11:52:34"}
{"level":"info","message":"🚀 Multiplicador Spaceman 1: 11041642613 = 10.26x","timestamp":"2025-11-10 11:52:34"}
{"level":"info","message":"🚀 Multiplicador Spaceman 1: 11041642613 = 10.3x","timestamp":"2025-11-10 11:52:34"}
{"level":"info","message":"🚀 Multiplicador Spaceman 1: 11041642613 = 10.35x","timestamp":"2025-11-10 11:52:34"}
{"level":"info","message":"🚀 Multiplicador Spaceman 1: 11041642613 = 10.39x","timestamp":"2025-11-10 11:52:34"}
{"level":"info","message":"🚀 Multiplicador Spaceman 1: 11041642613 = 10.43x","timestamp":"2025-11-10 11:52:34"}
{"level":"info","message":"🚀 Multiplicador Spaceman 1: 11041642613 = 10.48x","timestamp":"2025-11-10 11:52:34"}
{"level":"info","message":"🚀 Multiplicador Spaceman 1: 11041642613 = 10.53x","timestamp":"2025-11-10 11:52:34"}
{"level":"info","message":"🚀 Multiplicador Spaceman 1: 11041642613 = 10.57x","timestamp":"2025-11-10 11:52:34"}
{"level":"info","message":"🚀 Multiplicador Spaceman 1: 11041642613 = 10.61x","timestamp":"2025-11-10 11:52:35"}
{"level":"info","message":"🚀 Multiplicador Spaceman 1: 11041642613 = 10.66x","timestamp":"2025-11-10 11:52:35"}
{"level":"info","message":"🚀 Multiplicador Spaceman 1: 11041642613 = 10.7x","timestamp":"2025-11-10 11:52:35"}
{"level":"info","message":"🚀 Multiplicador Spaceman 1: 11041642613 = 10.75x","timestamp":"2025-11-10 11:52:35"}
{"level":"info","message":"🚀 Multiplicador Spaceman 1: 11041642613 = 10.84x","timestamp":"2025-11-10 11:52:35"}
{"level":"info","message":"🚀 Multiplicador Spaceman 1: 11041642613 = 10.88x","timestamp":"2025-11-10 11:52:35"}
{"level":"info","message":"🚀 Multiplicador Spaceman 1: 11041642613 = 10.93x","timestamp":"2025-11-10 11:52:35"}
{"level":"info","message":"🚀 Multiplicador Spaceman 1: 11041642613 = 10.97x","timestamp":"2025-11-10 11:52:35"}
{"level":"info","message":"🚀 Multiplicador Spaceman 1: 11041642613 = 11.02x","timestamp":"2025-11-10 11:52:35"}
{"level":"info","message":"🚀 Multiplicador Spaceman 1: 11041642613 = 11.07x","timestamp":"2025-11-10 11:52:35"}
{"level":"info","message":"🚀 Multiplicador Spaceman 1: 11041642613 = 11.12x","timestamp":"2025-11-10 11:52:35"}
{"level":"info","message":"🚀 Multiplicador Spaceman 1: 11041642613 = 11.17x","timestamp":"2025-11-10 11:52:35"}
{"level":"info","message":"🚀 Multiplicador Spaceman 1: 11041642613 = 11.22x","timestamp":"2025-11-10 11:52:35"}
{"level":"info","message":"🚀 Multiplicador Spaceman 1: 11041642613 = 11.27x","timestamp":"2025-11-10 11:52:35"}
{"level":"info","message":"🚀 Multiplicador Spaceman 1: 11041642613 = 11.32x","timestamp":"2025-11-10 11:52:35"}
{"level":"info","message":"🚀 Multiplicador Spaceman 1: 11041642613 = 11.37x","timestamp":"2025-11-10 11:52:35"}
{"level":"info","message":"🚀 Multiplicador Spaceman 1: 11041642613 = 11.41x","timestamp":"2025-11-10 11:52:35"}
{"level":"info","message":"🚀 Multiplicador Spaceman 1: 11041642613 = 11.46x","timestamp":"2025-11-10 11:52:35"}
{"level":"info","message":"🚀 Multiplicador Spaceman 1: 11041642613 = 11.51x","timestamp":"2025-11-10 11:52:35"}
{"level":"info","message":"🚀 Multiplicador Spaceman 1: 11041642613 = 11.55x","timestamp":"2025-11-10 11:52:36"}
{"level":"info","message":"🚀 Multiplicador Spaceman 1: 11041642613 = 11.61x","timestamp":"2025-11-10 11:52:36"}
{"level":"info","message":"🚀 Multiplicador Spaceman 1: 11041642613 = 11.66x","timestamp":"2025-11-10 11:52:36"}
{"level":"info","message":"🚀 Multiplicador Spaceman 1: 11041642613 = 11.71x","timestamp":"2025-11-10 11:52:36"}
{"level":"info","message":"🚀 Multiplicador Spaceman 1: 11041642613 = 11.76x","timestamp":"2025-11-10 11:52:36"}
{"level":"info","message":"🚀 Multiplicador Spaceman 1: 11041642613 = 11.81x","timestamp":"2025-11-10 11:52:36"}
{"level":"info","message":"🚀 Multiplicador Spaceman 1: 11041642613 = 11.87x","timestamp":"2025-11-10 11:52:36"}
{"level":"info","message":"🚀 Multiplicador Spaceman 1: 11041642613 = 11.91x","timestamp":"2025-11-10 11:52:36"}
{"level":"info","message":"🚀 Multiplicador Spaceman 1: 11041642613 = 11.96x","timestamp":"2025-11-10 11:52:36"}
{"level":"info","message":"🚀 Multiplicador Spaceman 1: 11041642613 = 12.01x","timestamp":"2025-11-10 11:52:36"}
{"level":"info","message":"🚀 Multiplicador Spaceman 1: 11041642613 = 12.06x","timestamp":"2025-11-10 11:52:36"}
{"level":"info","message":"🚀 Multiplicador Spaceman 1: 11041642613 = 12.11x","timestamp":"2025-11-10 11:52:36"}
{"level":"info","message":"🚀 Multiplicador Spaceman 1: 11041642613 = 12.16x","timestamp":"2025-11-10 11:52:36"}
{"level":"info","message":"🚀 Multiplicador Spaceman 1: 11041642613 = 12.26x","timestamp":"2025-11-10 11:52:36"}
{"level":"info","message":"🚀 Multiplicador Spaceman 1: 11041642613 = 12.31x","timestamp":"2025-11-10 11:52:36"}
{"level":"info","message":"🚀 Multiplicador Spaceman 1: 11041642613 = 12.36x","timestamp":"2025-11-10 11:52:36"}
{"level":"info","message":"🚀 Multiplicador Spaceman 1: 11041642613 = 12.41x","timestamp":"2025-11-10 11:52:36"}
{"level":"info","message":"🚀 Multiplicador Spaceman 1: 11041642613 = 12.46x","timestamp":"2025-11-10 11:52:36"}
{"level":"info","message":"🚀 Multiplicador Spaceman 1: 11041642613 = 12.52x","timestamp":"2025-11-10 11:52:36"}
{"level":"info","message":"🚀 Multiplicador Spaceman 1: 11041642613 = 12.57x","timestamp":"2025-11-10 11:52:37"}
{"level":"info","message":"🚀 Multiplicador Spaceman 1: 11041642613 = 12.62x","timestamp":"2025-11-10 11:52:37"}
{"level":"info","message":"🚀 Multiplicador Spaceman 1: 11041642613 = 12.68x","timestamp":"2025-11-10 11:52:37"}
{"level":"info","message":"🚀 Multiplicador Spaceman 1: 11041642613 = 12.72x","timestamp":"2025-11-10 11:52:37"}
{"level":"info","message":"🚀 Multiplicador Spaceman 1: 11041642613 = 12.78x","timestamp":"2025-11-10 11:52:37"}
{"level":"info","message":"🚀 Multiplicador Spaceman 1: 11041642613 = 12.84x","timestamp":"2025-11-10 11:52:37"}
{"level":"info","message":"🚀 Multiplicador Spaceman 1: 11041642613 = 12.89x","timestamp":"2025-11-10 11:52:37"}
{"level":"info","message":"🚀 Multiplicador Spaceman 1: 11041642613 = 12.95x","timestamp":"2025-11-10 11:52:37"}
{"level":"info","message":"🚀 Multiplicador Spaceman 1: 11041642613 = 13x","timestamp":"2025-11-10 11:52:37"}
{"level":"info","message":"🚀 Multiplicador Spaceman 1: 11041642613 = 13.1x","timestamp":"2025-11-10 11:52:37"}
{"level":"info","message":"🚀 Multiplicador Spaceman 1: 11041642613 = 13.16x","timestamp":"2025-11-10 11:52:37"}
{"level":"info","message":"🚀 Multiplicador Spaceman 1: 11041642613 = 13.21x","timestamp":"2025-11-10 11:52:37"}
{"level":"info","message":"🚀 Multiplicador Spaceman 1: 11041642613 = 13.27x","timestamp":"2025-11-10 11:52:37"}
{"level":"info","message":"🚀 Multiplicador Spaceman 1: 11041642613 = 13.33x","timestamp":"2025-11-10 11:52:37"}
{"level":"info","message":"🚀 Multiplicador Spaceman 1: 11041642613 = 13.38x","timestamp":"2025-11-10 11:52:37"}
{"level":"info","message":"🚀 Multiplicador Spaceman 1: 11041642613 = 13.44x","timestamp":"2025-11-10 11:52:37"}
{"level":"info","message":"🚀 Multiplicador Spaceman 1: 11041642613 = 13.5x","timestamp":"2025-11-10 11:52:37"}
{"level":"info","message":"🚀 Multiplicador Spaceman 1: 11041642613 = 13.55x","timestamp":"2025-11-10 11:52:37"}
{"level":"info","message":"🚀 Multiplicador Spaceman 1: 11041642613 = 13.61x","timestamp":"2025-11-10 11:52:37"}
{"level":"info","message":"🚀 Multiplicador Spaceman 1: 11041642613 = 13.67x","timestamp":"2025-11-10 11:52:38"}
{"level":"info","message":"🚀 Multiplicador Spaceman 1: 11041642613 = 13.73x","timestamp":"2025-11-10 11:52:38"}
{"level":"info","message":"🚀 Multiplicador Spaceman 1: 11041642613 = 13.78x","timestamp":"2025-11-10 11:52:38"}
{"level":"info","message":"🚀 Multiplicador Spaceman 1: 11041642613 = 13.85x","timestamp":"2025-11-10 11:52:38"}
{"level":"info","message":"🚀 Multiplicador Spaceman 1: 11041642613 = 13.9x","timestamp":"2025-11-10 11:52:38"}
{"level":"info","message":"🚀 Multiplicador Spaceman 1: 11041642613 = 14.02x","timestamp":"2025-11-10 11:52:38"}
{"level":"info","message":"🚀 Multiplicador Spaceman 1: 11041642613 = 14.08x","timestamp":"2025-11-10 11:52:38"}
{"level":"info","message":"🚀 Multiplicador Spaceman 1: 11041642613 = 14.14x","timestamp":"2025-11-10 11:52:38"}
{"level":"info","message":"🚀 Multiplicador Spaceman 1: 11041642613 = 14.2x","timestamp":"2025-11-10 11:52:38"}
{"level":"info","message":"🚀 Multiplicador Spaceman 1: 11041642613 = 14.26x","timestamp":"2025-11-10 11:52:38"}
{"level":"info","message":"🚀 Multiplicador Spaceman 1: 11041642613 = 14.32x","timestamp":"2025-11-10 11:52:38"}
{"level":"info","message":"🚀 Multiplicador Spaceman 1: 11041642613 = 14.38x","timestamp":"2025-11-10 11:52:38"}
{"level":"info","message":"🚀 Multiplicador Spaceman 1: 11041642613 = 14.44x","timestamp":"2025-11-10 11:52:38"}
{"level":"info","message":"🚀 Multiplicador Spaceman 1: 11041642613 = 14.51x","timestamp":"2025-11-10 11:52:38"}
{"level":"info","message":"🚀 Multiplicador Spaceman 1: 11041642613 = 14.57x","timestamp":"2025-11-10 11:52:38"}
{"level":"info","message":"🚀 Multiplicador Spaceman 1: 11041642613 = 14.63x","timestamp":"2025-11-10 11:52:38"}
{"level":"info","message":"🚀 Multiplicador Spaceman 1: 11041642613 = 14.69x","timestamp":"2025-11-10 11:52:38"}
{"level":"info","message":"🚀 Multiplicador Spaceman 1: 11041642613 = 14.82x","timestamp":"2025-11-10 11:52:39"}
{"level":"info","message":"🚀 Multiplicador Spaceman 1: 11041642613 = 14.89x","timestamp":"2025-11-10 11:52:39"}
{"level":"info","message":"🚀 Multiplicador Spaceman 1: 11041642613 = 14.95x","timestamp":"2025-11-10 11:52:39"}
{"level":"info","message":"🚀 Multiplicador Spaceman 1: 11041642613 = 15x","timestamp":"2025-11-10 11:52:39"}
{"level":"info","message":"🚀 Multiplicador Spaceman 1: 11041642613 = 15.07x","timestamp":"2025-11-10 11:52:39"}
{"level":"info","message":"🚀 Multiplicador Spaceman 1: 11041642613 = 15.13x","timestamp":"2025-11-10 11:52:39"}
{"level":"info","message":"🚀 Multiplicador Spaceman 1: 11041642613 = 15.2x","timestamp":"2025-11-10 11:52:39"}
{"level":"info","message":"🚀 Multiplicador Spaceman 1: 11041642613 = 15.26x","timestamp":"2025-11-10 11:52:39"}
{"level":"info","message":"🚀 Multiplicador Spaceman 1: 11041642613 = 15.32x","timestamp":"2025-11-10 11:52:39"}
{"level":"info","message":"🚀 Multiplicador Spaceman 1: 11041642613 = 15.39x","timestamp":"2025-11-10 11:52:39"}
{"level":"info","message":"🚀 Multiplicador Spaceman 1: 11041642613 = 15.45x","timestamp":"2025-11-10 11:52:39"}
{"level":"info","message":"🚀 Multiplicador Spaceman 1: 11041642613 = 15.52x","timestamp":"2025-11-10 11:52:39"}
{"level":"info","message":"🚀 Multiplicador Spaceman 1: 11041642613 = 15.58x","timestamp":"2025-11-10 11:52:39"}
{"level":"info","message":"🚀 Multiplicador Spaceman 1: 11041642613 = 15.65x","timestamp":"2025-11-10 11:52:39"}
{"level":"info","message":"🚀 Multiplicador Spaceman 1: 11041642613 = 15.72x","timestamp":"2025-11-10 11:52:39"}
{"level":"info","message":"🚀 Multiplicador Spaceman 1: 11041642613 = 15.85x","timestamp":"2025-11-10 11:52:39"}
{"level":"info","message":"🚀 Multiplicador Spaceman 1: 11041642613 = 15.92x","timestamp":"2025-11-10 11:52:39"}
{"level":"info","message":"🚀 Multiplicador Spaceman 1: 11041642613 = 15.98x","timestamp":"2025-11-10 11:52:39"}
{"level":"info","message":"🚀 Multiplicador Spaceman 1: 11041642613 = 16.06x","timestamp":"2025-11-10 11:52:39"}
{"level":"info","message":"🚀 Multiplicador Spaceman 1: 11041642613 = 16.12x","timestamp":"2025-11-10 11:52:40"}
{"level":"info","message":"🚀 Multiplicador Spaceman 1: 11041642613 = 16.18x","timestamp":"2025-11-10 11:52:40"}
{"level":"info","message":"🚀 Multiplicador Spaceman 1: 11041642613 = 16.25x","timestamp":"2025-11-10 11:52:40"}
{"level":"info","message":"🚀 Multiplicador Spaceman 1: 11041642613 = 16.31x","timestamp":"2025-11-10 11:52:40"}
{"level":"info","message":"🚀 Multiplicador Spaceman 1: 11041642613 = 16.39x","timestamp":"2025-11-10 11:52:40"}
{"level":"info","message":"🚀 Multiplicador Spaceman 1: 11041642613 = 16.46x","timestamp":"2025-11-10 11:52:40"}
{"level":"info","message":"🚀 Multiplicador Spaceman 1: 11041642613 = 16.53x","timestamp":"2025-11-10 11:52:40"}
{"level":"info","message":"🚀 Multiplicador Spaceman 1: 11041642613 = 16.61x","timestamp":"2025-11-10 11:52:40"}
{"level":"info","message":"🚀 Multiplicador Spaceman 1: 11041642613 = 16.69x","timestamp":"2025-11-10 11:52:40"}
{"level":"info","message":"🚀 Multiplicador Spaceman 1: 11041642613 = 16.75x","timestamp":"2025-11-10 11:52:40"}
{"level":"info","message":"🚀 Multiplicador Spaceman 1: 11041642613 = 16.82x","timestamp":"2025-11-10 11:52:40"}
{"level":"info","message":"🚀 Multiplicador Spaceman 1: 11041642613 = 16.94x","timestamp":"2025-11-10 11:52:40"}
{"level":"info","message":"🚀 Multiplicador Spaceman 1: 11041642613 = 17x","timestamp":"2025-11-10 11:52:40"}
{"level":"info","message":"🚀 Multiplicador Spaceman 1: 11041642613 = 17.07x","timestamp":"2025-11-10 11:52:40"}
{"level":"info","message":"🚀 Multiplicador Spaceman 1: 11041642613 = 17.14x","timestamp":"2025-11-10 11:52:40"}
{"level":"info","message":"🚀 Multiplicador Spaceman 1: 11041642613 = 17.21x","timestamp":"2025-11-10 11:52:40"}
{"level":"info","message":"🚀 Multiplicador Spaceman 1: 11041642613 = 17.29x","timestamp":"2025-11-10 11:52:40"}
{"level":"info","message":"🚀 Multiplicador Spaceman 1: 11041642613 = 17.36x","timestamp":"2025-11-10 11:52:40"}
{"level":"info","message":"🚀 Multiplicador Spaceman 1: 11041642613 = 17.43x","timestamp":"2025-11-10 11:52:40"}
{"level":"info","message":"🚀 Multiplicador Spaceman 1: 11041642613 = 17.5x","timestamp":"2025-11-10 11:52:41"}
{"level":"info","message":"🚀 Multiplicador Spaceman 1: 11041642613 = 17.59x","timestamp":"2025-11-10 11:52:41"}
{"level":"info","message":"🚀 Multiplicador Spaceman 1: 11041642613 = 17.66x","timestamp":"2025-11-10 11:52:41"}
{"level":"info","message":"🚀 Multiplicador Spaceman 1: 11041642613 = 17.73x","timestamp":"2025-11-10 11:52:41"}
{"level":"info","message":"🚀 Multiplicador Spaceman 1: 11041642613 = 17.8x","timestamp":"2025-11-10 11:52:41"}
{"level":"info","message":"🚀 Multiplicador Spaceman 1: 11041642613 = 17.91x","timestamp":"2025-11-10 11:52:41"}
{"level":"info","message":"🚀 Multiplicador Spaceman 1: 11041642613 = 17.98x","timestamp":"2025-11-10 11:52:41"}
{"level":"info","message":"🚀 Multiplicador Spaceman 1: 11041642613 = 18.05x","timestamp":"2025-11-10 11:52:41"}
{"level":"info","message":"🚀 Multiplicador Spaceman 1: 11041642613 = 18.13x","timestamp":"2025-11-10 11:52:41"}
{"level":"info","message":"🚀 Multiplicador Spaceman 1: 11041642613 = 18.2x","timestamp":"2025-11-10 11:52:41"}
{"level":"info","message":"🚀 Multiplicador Spaceman 1: 11041642613 = 18.28x","timestamp":"2025-11-10 11:52:41"}
{"level":"info","message":"🚀 Multiplicador Spaceman 1: 11041642613 = 18.35x","timestamp":"2025-11-10 11:52:41"}
{"level":"info","message":"🚀 Multiplicador Spaceman 1: 11041642613 = 18.43x","timestamp":"2025-11-10 11:52:41"}
{"level":"info","message":"🚀 Multiplicador Spaceman 1: 11041642613 = 18.51x","timestamp":"2025-11-10 11:52:41"}
{"level":"info","message":"🚀 Multiplicador Spaceman 1: 11041642613 = 18.58x","timestamp":"2025-11-10 11:52:41"}
{"level":"info","message":"🚀 Multiplicador Spaceman 1: 11041642613 = 18.66x","timestamp":"2025-11-10 11:52:41"}
{"level":"info","message":"🚀 Multiplicador Spaceman 1: 11041642613 = 18.74x","timestamp":"2025-11-10 11:52:41"}
{"level":"info","message":"🚀 Multiplicador Spaceman 1: 11041642613 = 18.82x","timestamp":"2025-11-10 11:52:41"}
{"level":"info","message":"🚀 Multiplicador Spaceman 1: 11041642613 = 18.89x","timestamp":"2025-11-10 11:52:41"}
{"level":"info","message":"🚀 Multiplicador Spaceman 1: 11041642613 = 18.98x","timestamp":"2025-11-10 11:52:41"}
{"level":"info","message":"🚀 Multiplicador Spaceman 1: 11041642613 = 19.07x","timestamp":"2025-11-10 11:52:42"}
{"level":"info","message":"🚀 Multiplicador Spaceman 1: 11041642613 = 19.14x","timestamp":"2025-11-10 11:52:42"}
{"level":"info","message":"🚀 Multiplicador Spaceman 1: 11041642613 = 19.25x","timestamp":"2025-11-10 11:52:42"}
{"level":"info","message":"🚀 Multiplicador Spaceman 1: 11041642613 = 19.36x","timestamp":"2025-11-10 11:52:42"}
{"level":"info","message":"🚀 Multiplicador Spaceman 1: 11041642613 = 19.43x","timestamp":"2025-11-10 11:52:42"}
{"level":"info","message":"🚀 Multiplicador Spaceman 1: 11041642613 = 19.51x","timestamp":"2025-11-10 11:52:42"}
{"level":"info","message":"🚀 Multiplicador Spaceman 1: 11041642613 = 19.58x","timestamp":"2025-11-10 11:52:42"}
{"level":"info","message":"🚀 Multiplicador Spaceman 1: 11041642613 = 19.67x","timestamp":"2025-11-10 11:52:42"}
{"level":"info","message":"🚀 Multiplicador Spaceman 1: 11041642613 = 19.75x","timestamp":"2025-11-10 11:52:42"}
{"level":"info","message":"🚀 Multiplicador Spaceman 1: 11041642613 = 19.83x","timestamp":"2025-11-10 11:52:42"}
{"level":"info","message":"🚀 Multiplicador Spaceman 1: 11041642613 = 19.91x","timestamp":"2025-11-10 11:52:42"}
{"level":"info","message":"🚀 Multiplicador Spaceman 1: 11041642613 = 20x","timestamp":"2025-11-10 11:52:42"}
{"level":"info","message":"🚀 Multiplicador Spaceman 1: 11041642613 = 20.08x","timestamp":"2025-11-10 11:52:42"}
{"level":"info","message":"🚀 Multiplicador Spaceman 1: 11041642613 = 20.17x","timestamp":"2025-11-10 11:52:42"}
{"level":"info","message":"🚀 Multiplicador Spaceman 1: 11041642613 = 20.25x","timestamp":"2025-11-10 11:52:42"}
{"level":"info","message":"🚀 Multiplicador Spaceman 1: 11041642613 = 20.35x","timestamp":"2025-11-10 11:52:42"}
{"level":"info","message":"🚀 Multiplicador Spaceman 1: 11041642613 = 20.44x","timestamp":"2025-11-10 11:52:42"}
{"level":"info","message":"🚀 Multiplicador Spaceman 1: 11041642613 = 20.52x","timestamp":"2025-11-10 11:52:42"}
{"level":"info","message":"🚀 Multiplicador Spaceman 1: 11041642613 = 20.61x","timestamp":"2025-11-10 11:52:42"}
{"level":"info","message":"🚀 Multiplicador Spaceman 1: 11041642613 = 20.7x","timestamp":"2025-11-10 11:52:43"}
{"level":"info","message":"🚀 Multiplicador Spaceman 1: 11041642613 = 20.78x","timestamp":"2025-11-10 11:52:43"}
{"level":"info","message":"🚀 Multiplicador Spaceman 1: 11041642613 = 20.87x","timestamp":"2025-11-10 11:52:43"}
{"level":"info","message":"🚀 Multiplicador Spaceman 1: 11041642613 = 20.97x","timestamp":"2025-11-10 11:52:43"}
{"level":"info","message":"🚀 Multiplicador Spaceman 1: 11041642613 = 21.06x","timestamp":"2025-11-10 11:52:43"}
{"level":"info","message":"🚀 Multiplicador Spaceman 1: 11041642613 = 21.16x","timestamp":"2025-11-10 11:52:43"}
{"level":"info","message":"🚀 Multiplicador Spaceman 1: 11041642613 = 21.24x","timestamp":"2025-11-10 11:52:43"}
{"level":"info","message":"🚀 Multiplicador Spaceman 1: 11041642613 = 21.33x","timestamp":"2025-11-10 11:52:43"}
{"level":"info","message":"🚀 Multiplicador Spaceman 1: 11041642613 = 21.43x","timestamp":"2025-11-10 11:52:43"}
{"level":"info","message":"🚀 Multiplicador Spaceman 1: 11041642613 = 21.53x","timestamp":"2025-11-10 11:52:43"}
{"level":"info","message":"🚀 Multiplicador Spaceman 1: 11041642613 = 21.63x","timestamp":"2025-11-10 11:52:43"}
{"level":"info","message":"🚀 Multiplicador Spaceman 1: 11041642613 = 21.76x","timestamp":"2025-11-10 11:52:43"}
{"level":"info","message":"🚀 Multiplicador Spaceman 1: 11041642613 = 21.86x","timestamp":"2025-11-10 11:52:43"}
{"level":"info","message":"🚀 Multiplicador Spaceman 1: 11041642613 = 21.94x","timestamp":"2025-11-10 11:52:43"}
{"level":"info","message":"🚀 Multiplicador Spaceman 1: 11041642613 = 22.03x","timestamp":"2025-11-10 11:52:43"}
{"level":"info","message":"🚀 Multiplicador Spaceman 1: 11041642613 = 22.13x","timestamp":"2025-11-10 11:52:43"}
{"level":"info","message":"🚀 Multiplicador Spaceman 1: 11041642613 = 22.24x","timestamp":"2025-11-10 11:52:43"}
{"level":"info","message":"🚀 Multiplicador Spaceman 1: 11041642613 = 22.34x","timestamp":"2025-11-10 11:52:43"}
{"level":"info","message":"🚀 Multiplicador Spaceman 1: 11041642613 = 22.43x","timestamp":"2025-11-10 11:52:44"}
{"level":"info","message":"🚀 Multiplicador Spaceman 1: 11041642613 = 22.52x","timestamp":"2025-11-10 11:52:44"}
{"level":"info","message":"🚀 Multiplicador Spaceman 1: 11041642613 = 22.62x","timestamp":"2025-11-10 11:52:44"}
{"level":"info","message":"🚀 Multiplicador Spaceman 1: 11041642613 = 22.71x","timestamp":"2025-11-10 11:52:44"}
{"level":"info","message":"🚀 Multiplicador Spaceman 1: 11041642613 = 22.8x","timestamp":"2025-11-10 11:52:44"}
{"level":"info","message":"🚀 Multiplicador Spaceman 1: 11041642613 = 22.89x","timestamp":"2025-11-10 11:52:44"}
{"level":"info","message":"🚀 Multiplicador Spaceman 1: 11041642613 = 22.99x","timestamp":"2025-11-10 11:52:44"}
{"level":"info","message":"🚀 Multiplicador Spaceman 1: 11041642613 = 23.09x","timestamp":"2025-11-10 11:52:44"}
{"level":"info","message":"🚀 Multiplicador Spaceman 1: 11041642613 = 23.27x","timestamp":"2025-11-10 11:52:44"}
{"level":"info","message":"🚀 Multiplicador Spaceman 1: 11041642613 = 23.36x","timestamp":"2025-11-10 11:52:44"}
{"level":"info","message":"🚀 Multiplicador Spaceman 1: 11041642613 = 23.46x","timestamp":"2025-11-10 11:52:44"}
{"level":"info","message":"🚀 Multiplicador Spaceman 1: 11041642613 = 23.56x","timestamp":"2025-11-10 11:52:44"}
{"level":"info","message":"🚀 Multiplicador Spaceman 1: 11041642613 = 23.67x","timestamp":"2025-11-10 11:52:44"}
{"level":"info","message":"🚀 Multiplicador Spaceman 1: 11041642613 = 23.78x","timestamp":"2025-11-10 11:52:44"}
{"level":"info","message":"🚀 Multiplicador Spaceman 1: 11041642613 = 23.88x","timestamp":"2025-11-10 11:52:44"}
{"level":"info","message":"🚀 Multiplicador Spaceman 1: 11041642613 = 23.98x","timestamp":"2025-11-10 11:52:44"}
{"level":"info","message":"🚀 Multiplicador Spaceman 1: 11041642613 = 24.07x","timestamp":"2025-11-10 11:52:44"}
{"level":"info","message":"🚀 Multiplicador Spaceman 1: 11041642613 = 24.17x","timestamp":"2025-11-10 11:52:44"}
{"level":"info","message":"🚀 Multiplicador Spaceman 1: 11041642613 = 24.28x","timestamp":"2025-11-10 11:52:44"}
{"level":"info","message":"🚀 Multiplicador Spaceman 1: 11041642613 = 24.39x","timestamp":"2025-11-10 11:52:45"}
{"level":"info","message":"🚀 Multiplicador Spaceman 1: 11041642613 = 24.49x","timestamp":"2025-11-10 11:52:45"}
{"level":"info","message":"🚀 Multiplicador Spaceman 1: 11041642613 = 24.61x","timestamp":"2025-11-10 11:52:45"}
{"level":"info","message":"🚀 Multiplicador Spaceman 1: 11041642613 = 24.71x","timestamp":"2025-11-10 11:52:45"}
{"level":"info","message":"🚀 Multiplicador Spaceman 1: 11041642613 = 24.81x","timestamp":"2025-11-10 11:52:45"}
{"level":"info","message":"🚀 Multiplicador Spaceman 1: 11041642613 = 24.92x","timestamp":"2025-11-10 11:52:45"}
{"level":"info","message":"🚀 Multiplicador Spaceman 1: 11041642613 = 25.02x","timestamp":"2025-11-10 11:52:45"}
{"level":"info","message":"🚀 Multiplicador Spaceman 1: 11041642613 = 25.12x","timestamp":"2025-11-10 11:52:45"}
{"level":"info","message":"🚀 Multiplicador Spaceman 1: 11041642613 = 25.23x","timestamp":"2025-11-10 11:52:45"}
{"level":"info","message":"🚀 Multiplicador Spaceman 1: 11041642613 = 25.34x","timestamp":"2025-11-10 11:52:45"}
{"level":"info","message":"🚀 Multiplicador Spaceman 1: 11041642613 = 25.45x","timestamp":"2025-11-10 11:52:45"}
{"level":"info","message":"🚀 Multiplicador Spaceman 1: 11041642613 = 25.56x","timestamp":"2025-11-10 11:52:45"}
{"level":"info","message":"🚀 Multiplicador Spaceman 1: 11041642613 = 25.68x","timestamp":"2025-11-10 11:52:45"}
{"level":"info","message":"🚀 Multiplicador Spaceman 1: 11041642613 = 25.79x","timestamp":"2025-11-10 11:52:45"}
{"level":"info","message":"🚀 Multiplicador Spaceman 1: 11041642613 = 25.9x","timestamp":"2025-11-10 11:52:45"}
{"level":"info","message":"🚀 Multiplicador Spaceman 1: 11041642613 = 26.02x","timestamp":"2025-11-10 11:52:45"}
{"level":"info","message":"🚀 Multiplicador Spaceman 1: 11041642613 = 26.13x","timestamp":"2025-11-10 11:52:45"}
{"level":"info","message":"🚀 Multiplicador Spaceman 1: 11041642613 = 26.33x","timestamp":"2025-11-10 11:52:45"}
{"level":"info","message":"🚀 Multiplicador Spaceman 1: 11041642613 = 26.44x","timestamp":"2025-11-10 11:52:45"}
{"level":"info","message":"🚀 Multiplicador Spaceman 1: 11041642613 = 26.55x","timestamp":"2025-11-10 11:52:46"}
{"level":"info","message":"🚀 Multiplicador Spaceman 1: 11041642613 = 26.66x","timestamp":"2025-11-10 11:52:46"}
{"level":"info","message":"🚀 Multiplicador Spaceman 1: 11041642613 = 26.79x","timestamp":"2025-11-10 11:52:46"}
{"level":"info","message":"🚀 Multiplicador Spaceman 1: 11041642613 = 26.9x","timestamp":"2025-11-10 11:52:46"}
{"level":"info","message":"🚀 Multiplicador Spaceman 1: 11041642613 = 27x","timestamp":"2025-11-10 11:52:46"}
{"level":"info","message":"🚀 Multiplicador Spaceman 1: 11041642613 = 27.12x","timestamp":"2025-11-10 11:52:46"}
{"level":"info","message":"🚀 Multiplicador Spaceman 1: 11041642613 = 27.22x","timestamp":"2025-11-10 11:52:46"}
{"level":"info","message":"🚀 Multiplicador Spaceman 1: 11041642613 = 27.35x","timestamp":"2025-11-10 11:52:46"}
{"level":"info","message":"🚀 Multiplicador Spaceman 1: 11041642613 = 27.46x","timestamp":"2025-11-10 11:52:46"}
{"level":"info","message":"🚀 Multiplicador Spaceman 1: 11041642613 = 27.58x","timestamp":"2025-11-10 11:52:46"}
{"level":"info","message":"🚀 Multiplicador Spaceman 1: 11041642613 = 27.69x","timestamp":"2025-11-10 11:52:46"}
{"level":"info","message":"🚀 Multiplicador Spaceman 1: 11041642613 = 27.8x","timestamp":"2025-11-10 11:52:46"}
{"level":"info","message":"🚀 Multiplicador Spaceman 1: 11041642613 = 27.91x","timestamp":"2025-11-10 11:52:46"}
{"level":"info","message":"🚀 Multiplicador Spaceman 1: 11041642613 = 28.13x","timestamp":"2025-11-10 11:52:46"}
{"level":"info","message":"🚀 Multiplicador Spaceman 1: 11041642613 = 28.25x","timestamp":"2025-11-10 11:52:46"}
{"level":"info","message":"🚀 Multiplicador Spaceman 1: 11041642613 = 28.37x","timestamp":"2025-11-10 11:52:46"}
{"level":"info","message":"🚀 Multiplicador Spaceman 1: 11041642613 = 28.49x","timestamp":"2025-11-10 11:52:46"}
{"level":"info","message":"🚀 Multiplicador Spaceman 1: 11041642613 = 28.62x","timestamp":"2025-11-10 11:52:46"}
{"level":"info","message":"🚀 Multiplicador Spaceman 1: 11041642613 = 28.74x","timestamp":"2025-11-10 11:52:47"}
{"level":"info","message":"🚀 Multiplicador Spaceman 1: 11041642613 = 28.88x","timestamp":"2025-11-10 11:52:47"}
{"level":"info","message":"🚀 Multiplicador Spaceman 1: 11041642613 = 29x","timestamp":"2025-11-10 11:52:47"}
{"level":"info","message":"🚀 Multiplicador Spaceman 1: 11041642613 = 29.12x","timestamp":"2025-11-10 11:52:47"}
{"level":"info","message":"🚀 Multiplicador Spaceman 1: 11041642613 = 29.25x","timestamp":"2025-11-10 11:52:47"}
{"level":"info","message":"🚀 Multiplicador Spaceman 1: 11041642613 = 29.37x","timestamp":"2025-11-10 11:52:47"}
{"level":"info","message":"🚀 Multiplicador Spaceman 1: 11041642613 = 29.5x","timestamp":"2025-11-10 11:52:47"}
{"level":"info","message":"🚀 Multiplicador Spaceman 1: 11041642613 = 29.76x","timestamp":"2025-11-10 11:52:47"}
{"level":"info","message":"🚀 Multiplicador Spaceman 1: 11041642613 = 29.87x","timestamp":"2025-11-10 11:52:47"}
{"level":"info","message":"🚀 Multiplicador Spaceman 1: 11041642613 = 30x","timestamp":"2025-11-10 11:52:47"}
{"level":"info","message":"🚀 Multiplicador Spaceman 1: 11041642613 = 30.13x","timestamp":"2025-11-10 11:52:47"}
{"level":"info","message":"🚀 Multiplicador Spaceman 1: 11041642613 = 30.27x","timestamp":"2025-11-10 11:52:47"}
{"level":"info","message":"🚀 Multiplicador Spaceman 1: 11041642613 = 30.38x","timestamp":"2025-11-10 11:52:47"}
{"level":"info","message":"🚀 Multiplicador Spaceman 1: 11041642613 = 30.51x","timestamp":"2025-11-10 11:52:47"}
{"level":"info","message":"🚀 Multiplicador Spaceman 1: 11041642613 = 30.63x","timestamp":"2025-11-10 11:52:47"}
{"level":"info","message":"🚀 Multiplicador Spaceman 1: 11041642613 = 30.75x","timestamp":"2025-11-10 11:52:47"}
{"level":"info","message":"🚀 Multiplicador Spaceman 1: 11041642613 = 30.87x","timestamp":"2025-11-10 11:52:47"}
{"level":"info","message":"🚀 Multiplicador Spaceman 1: 11041642613 = 31x","timestamp":"2025-11-10 11:52:47"}
{"level":"info","message":"🚀 Multiplicador Spaceman 1: 11041642613 = 31.14x","timestamp":"2025-11-10 11:52:47"}
{"level":"info","message":"🚀 Multiplicador Spaceman 1: 11041642613 = 31.27x","timestamp":"2025-11-10 11:52:48"}
{"level":"info","message":"🚀 Multiplicador Spaceman 1: 11041642613 = 31.4x","timestamp":"2025-11-10 11:52:48"}
{"level":"info","message":"🚀 Multiplicador Spaceman 1: 11041642613 = 31.54x","timestamp":"2025-11-10 11:52:48"}
{"level":"info","message":"🚀 Multiplicador Spaceman 1: 11041642613 = 31.67x","timestamp":"2025-11-10 11:52:48"}
{"level":"info","message":"🚀 Multiplicador Spaceman 1: 11041642613 = 31.85x","timestamp":"2025-11-10 11:52:48"}
{"level":"info","message":"🚀 Multiplicador Spaceman 1: 11041642613 = 32x","timestamp":"2025-11-10 11:52:48"}
{"level":"info","message":"🚀 Multiplicador Spaceman 1: 11041642613 = 32.14x","timestamp":"2025-11-10 11:52:48"}
{"level":"info","message":"🚀 Multiplicador Spaceman 1: 11041642613 = 32.28x","timestamp":"2025-11-10 11:52:48"}
{"level":"info","message":"🚀 Multiplicador Spaceman 1: 11041642613 = 32.4x","timestamp":"2025-11-10 11:52:48"}
{"level":"info","message":"🚀 Multiplicador Spaceman 1: 11041642613 = 32.55x","timestamp":"2025-11-10 11:52:48"}
{"level":"info","message":"🚀 Multiplicador Spaceman 1: 11041642613 = 32.69x","timestamp":"2025-11-10 11:52:48"}
{"level":"info","message":"🚀 Multiplicador Spaceman 1: 11041642613 = 32.83x","timestamp":"2025-11-10 11:52:48"}
{"level":"info","message":"🚀 Multiplicador Spaceman 1: 11041642613 = 32.97x","timestamp":"2025-11-10 11:52:48"}
{"level":"info","message":"🚀 Multiplicador Spaceman 1: 11041642613 = 33.11x","timestamp":"2025-11-10 11:52:48"}
{"level":"info","message":"🚀 Multiplicador Spaceman 1: 11041642613 = 33.23x","timestamp":"2025-11-10 11:52:48"}
{"level":"info","message":"🚀 Multiplicador Spaceman 1: 11041642613 = 33.39x","timestamp":"2025-11-10 11:52:48"}
{"level":"info","message":"🚀 Multiplicador Spaceman 1: 11041642613 = 33.61x","timestamp":"2025-11-10 11:52:48"}
{"level":"info","message":"🚀 Multiplicador Spaceman 1: 11041642613 = 33.75x","timestamp":"2025-11-10 11:52:48"}
{"level":"info","message":"🚀 Multiplicador Spaceman 1: 11041642613 = 33.89x","timestamp":"2025-11-10 11:52:48"}
{"level":"info","message":"🚀 Multiplicador Spaceman 1: 11041642613 = 34.03x","timestamp":"2025-11-10 11:52:49"}
{"level":"info","message":"🚀 Multiplicador Spaceman 1: 11041642613 = 34.18x","timestamp":"2025-11-10 11:52:49"}
{"level":"info","message":"🚀 Multiplicador Spaceman 1: 11041642613 = 34.32x","timestamp":"2025-11-10 11:52:49"}
{"level":"info","message":"🚀 Multiplicador Spaceman 1: 11041642613 = 34.47x","timestamp":"2025-11-10 11:52:49"}
{"level":"info","message":"🚀 Multiplicador Spaceman 1: 11041642613 = 34.6x","timestamp":"2025-11-10 11:52:49"}
{"level":"info","message":"🚀 Multiplicador Spaceman 1: 11041642613 = 34.76x","timestamp":"2025-11-10 11:52:49"}
{"level":"info","message":"🚀 Multiplicador Spaceman 1: 11041642613 = 34.9x","timestamp":"2025-11-10 11:52:49"}
{"level":"info","message":"🚀 Multiplicador Spaceman 1: 11041642613 = 35.05x","timestamp":"2025-11-10 11:52:49"}
{"level":"info","message":"🚀 Multiplicador Spaceman 1: 11041642613 = 35.18x","timestamp":"2025-11-10 11:52:49"}
{"level":"info","message":"🚀 Multiplicador Spaceman 1: 11041642613 = 35.33x","timestamp":"2025-11-10 11:52:49"}
{"level":"info","message":"🚀 Multiplicador Spaceman 1: 11041642613 = 35.48x","timestamp":"2025-11-10 11:52:49"}
{"level":"info","message":"🚀 Multiplicador Spaceman 1: 11041642613 = 35.63x","timestamp":"2025-11-10 11:52:49"}
{"level":"info","message":"🚀 Multiplicador Spaceman 1: 11041642613 = 35.88x","timestamp":"2025-11-10 11:52:49"}
{"level":"info","message":"🚀 Multiplicador Spaceman 1: 11041642613 = 36.02x","timestamp":"2025-11-10 11:52:49"}
{"level":"info","message":"🚀 Multiplicador Spaceman 1: 11041642613 = 36.18x","timestamp":"2025-11-10 11:52:49"}
{"level":"info","message":"🚀 Multiplicador Spaceman 1: 11041642613 = 36.34x","timestamp":"2025-11-10 11:52:49"}
{"level":"info","message":"🚀 Multiplicador Spaceman 1: 11041642613 = 36.5x","timestamp":"2025-11-10 11:52:49"}
{"level":"info","message":"🚀 Multiplicador Spaceman 1: 11041642613 = 36.65x","timestamp":"2025-11-10 11:52:49"}
{"level":"info","message":"🚀 Multiplicador Spaceman 1: 11041642613 = 36.79x","timestamp":"2025-11-10 11:52:49"}
{"level":"info","message":"🚀 Multiplicador Spaceman 1: 11041642613 = 36.95x","timestamp":"2025-11-10 11:52:50"}
{"level":"info","message":"🚀 Multiplicador Spaceman 1: 11041642613 = 37.1x","timestamp":"2025-11-10 11:52:50"}
{"level":"info","message":"🚀 Multiplicador Spaceman 1: 11041642613 = 37.25x","timestamp":"2025-11-10 11:52:50"}
{"level":"info","message":"🚀 Multiplicador Spaceman 1: 11041642613 = 37.4x","timestamp":"2025-11-10 11:52:50"}
{"level":"info","message":"🚀 Multiplicador Spaceman 1: 11041642613 = 37.58x","timestamp":"2025-11-10 11:52:50"}
{"level":"info","message":"🚀 Multiplicador Spaceman 1: 11041642613 = 37.75x","timestamp":"2025-11-10 11:52:50"}
{"level":"info","message":"🚀 Multiplicador Spaceman 1: 11041642613 = 37.89x","timestamp":"2025-11-10 11:52:50"}
{"level":"info","message":"🚀 Multiplicador Spaceman 1: 11041642613 = 38.07x","timestamp":"2025-11-10 11:52:50"}
{"level":"info","message":"🚀 Multiplicador Spaceman 1: 11041642613 = 38.22x","timestamp":"2025-11-10 11:52:50"}
{"level":"info","message":"🚀 Multiplicador Spaceman 1: 11041642613 = 38.51x","timestamp":"2025-11-10 11:52:50"}
{"level":"info","message":"🚀 Multiplicador Spaceman 1: 11041642613 = 38.68x","timestamp":"2025-11-10 11:52:50"}
{"level":"info","message":"🚀 Multiplicador Spaceman 1: 11041642613 = 38.84x","timestamp":"2025-11-10 11:52:50"}
{"level":"info","message":"🚀 Multiplicador Spaceman 1: 11041642613 = 39.01x","timestamp":"2025-11-10 11:52:50"}
{"level":"info","message":"🚀 Multiplicador Spaceman 1: 11041642613 = 39.19x","timestamp":"2025-11-10 11:52:50"}
{"level":"info","message":"🚀 Multiplicador Spaceman 1: 11041642613 = 39.36x","timestamp":"2025-11-10 11:52:50"}
{"level":"info","message":"🚀 Multiplicador Spaceman 1: 11041642613 = 39.53x","timestamp":"2025-11-10 11:52:50"}
{"level":"info","message":"🚀 Multiplicador Spaceman 1: 11041642613 = 39.71x","timestamp":"2025-11-10 11:52:50"}
{"level":"info","message":"🚀 Multiplicador Spaceman 1: 11041642613 = 39.88x","timestamp":"2025-11-10 11:52:50"}
{"level":"info","message":"🚀 Multiplicador Spaceman 1: 11041642613 = 40.04x","timestamp":"2025-11-10 11:52:50"}
{"level":"info","message":"🚀 Multiplicador Spaceman 1: 11041642613 = 40.21x","timestamp":"2025-11-10 11:52:51"}
{"level":"info","message":"🚀 Multiplicador Spaceman 1: 11041642613 = 40.38x","timestamp":"2025-11-10 11:52:51"}
{"level":"info","message":"🚀 Multiplicador Spaceman 1: 11041642613 = 40.57x","timestamp":"2025-11-10 11:52:51"}
{"level":"info","message":"🚀 Multiplicador Spaceman 1: 11041642613 = 40.77x","timestamp":"2025-11-10 11:52:51"}
{"level":"info","message":"🚀 Multiplicador Spaceman 1: 11041642613 = 40.93x","timestamp":"2025-11-10 11:52:51"}
{"level":"info","message":"🚀 Multiplicador Spaceman 1: 11041642613 = 41.1x","timestamp":"2025-11-10 11:52:51"}
{"level":"info","message":"🚀 Multiplicador Spaceman 1: 11041642613 = 41.29x","timestamp":"2025-11-10 11:52:51"}
{"level":"info","message":"🚀 Multiplicador Spaceman 1: 11041642613 = 41.46x","timestamp":"2025-11-10 11:52:51"}
{"level":"info","message":"🚀 Multiplicador Spaceman 1: 11041642613 = 41.65x","timestamp":"2025-11-10 11:52:51"}
{"level":"info","message":"🚀 Multiplicador Spaceman 1: 11041642613 = 41.82x","timestamp":"2025-11-10 11:52:51"}
{"level":"info","message":"🚀 Multiplicador Spaceman 1: 11041642613 = 42.01x","timestamp":"2025-11-10 11:52:51"}
{"level":"info","message":"🚀 Multiplicador Spaceman 1: 11041642613 = 42.2x","timestamp":"2025-11-10 11:52:51"}
{"level":"info","message":"🚀 Multiplicador Spaceman 1: 11041642613 = 42.37x","timestamp":"2025-11-10 11:52:51"}
{"level":"info","message":"🚀 Multiplicador Spaceman 1: 11041642613 = 42.55x","timestamp":"2025-11-10 11:52:51"}
{"level":"info","message":"🚀 Multiplicador Spaceman 1: 11041642613 = 42.73x","timestamp":"2025-11-10 11:52:51"}
{"level":"info","message":"🚀 Multiplicador Spaceman 1: 11041642613 = 42.92x","timestamp":"2025-11-10 11:52:51"}
{"level":"info","message":"🚀 Multiplicador Spaceman 1: 11041642613 = 43.1x","timestamp":"2025-11-10 11:52:51"}
{"level":"info","message":"🚀 Multiplicador Spaceman 1: 11041642613 = 43.29x","timestamp":"2025-11-10 11:52:51"}
{"level":"info","message":"🚀 Multiplicador Spaceman 1: 11041642613 = 43.64x","timestamp":"2025-11-10 11:52:52"}
{"level":"info","message":"🚀 Multiplicador Spaceman 1: 11041642613 = 43.83x","timestamp":"2025-11-10 11:52:52"}
{"level":"info","message":"🚀 Multiplicador Spaceman 1: 11041642613 = 44.01x","timestamp":"2025-11-10 11:52:52"}
{"level":"info","message":"🚀 Multiplicador Spaceman 1: 11041642613 = 44.2x","timestamp":"2025-11-10 11:52:52"}
{"level":"info","message":"🚀 Multiplicador Spaceman 1: 11041642613 = 44.38x","timestamp":"2025-11-10 11:52:52"}
{"level":"info","message":"🚀 Multiplicador Spaceman 1: 11041642613 = 44.55x","timestamp":"2025-11-10 11:52:52"}
{"level":"info","message":"🚀 Multiplicador Spaceman 1: 11041642613 = 44.72x","timestamp":"2025-11-10 11:52:52"}
{"level":"info","message":"🚀 Multiplicador Spaceman 1: 11041642613 = 44.92x","timestamp":"2025-11-10 11:52:52"}
{"level":"info","message":"🚀 Multiplicador Spaceman 1: 11041642613 = 45.12x","timestamp":"2025-11-10 11:52:52"}
{"level":"info","message":"🚀 Multiplicador Spaceman 1: 11041642613 = 45.33x","timestamp":"2025-11-10 11:52:52"}
{"level":"info","message":"🚀 Multiplicador Spaceman 1: 11041642613 = 45.52x","timestamp":"2025-11-10 11:52:52"}
{"level":"info","message":"🚀 Multiplicador Spaceman 1: 11041642613 = 45.72x","timestamp":"2025-11-10 11:52:52"}
{"level":"info","message":"🚀 Multiplicador Spaceman 1: 11041642613 = 45.91x","timestamp":"2025-11-10 11:52:52"}
{"level":"info","message":"🚀 Multiplicador Spaceman 1: 11041642613 = 46.11x","timestamp":"2025-11-10 11:52:52"}
{"level":"info","message":"🚀 Multiplicador Spaceman 1: 11041642613 = 46.32x","timestamp":"2025-11-10 11:52:52"}
{"level":"info","message":"🚀 Multiplicador Spaceman 1: 11041642613 = 46.54x","timestamp":"2025-11-10 11:52:52"}
{"level":"info","message":"🚀 Multiplicador Spaceman 1: 11041642613 = 46.73x","timestamp":"2025-11-10 11:52:52"}
{"level":"info","message":"🚀 Multiplicador Spaceman 1: 11041642613 = 46.93x","timestamp":"2025-11-10 11:52:52"}
{"level":"info","message":"🚀 Multiplicador Spaceman 1: 11041642613 = 47.15x","timestamp":"2025-11-10 11:52:52"}
{"level":"info","message":"🚀 Multiplicador Spaceman 1: 11041642613 = 47.35x","timestamp":"2025-11-10 11:52:53"}
{"level":"info","message":"🚀 Multiplicador Spaceman 1: 11041642613 = 47.55x","timestamp":"2025-11-10 11:52:53"}
{"level":"info","message":"🚀 Multiplicador Spaceman 1: 11041642613 = 47.76x","timestamp":"2025-11-10 11:52:53"}
{"level":"info","message":"🚀 Multiplicador Spaceman 1: 11041642613 = 47.96x","timestamp":"2025-11-10 11:52:53"}
{"level":"info","message":"🚀 Multiplicador Spaceman 1: 11041642613 = 48.16x","timestamp":"2025-11-10 11:52:53"}
{"level":"info","message":"🚀 Multiplicador Spaceman 1: 11041642613 = 48.36x","timestamp":"2025-11-10 11:52:53"}
{"level":"info","message":"🚀 Multiplicador Spaceman 1: 11041642613 = 48.59x","timestamp":"2025-11-10 11:52:53"}
{"level":"info","message":"🚀 Multiplicador Spaceman 1: 11041642613 = 48.78x","timestamp":"2025-11-10 11:52:53"}
{"level":"info","message":"🚀 Multiplicador Spaceman 1: 11041642613 = 48.96x","timestamp":"2025-11-10 11:52:53"}
{"level":"info","message":"🚀 Multiplicador Spaceman 1: 11041642613 = 49.19x","timestamp":"2025-11-10 11:52:53"}
{"level":"info","message":"🚀 Multiplicador Spaceman 1: 11041642613 = 49.43x","timestamp":"2025-11-10 11:52:53"}
{"level":"info","message":"🚀 Multiplicador Spaceman 1: 11041642613 = 49.64x","timestamp":"2025-11-10 11:52:53"}
{"level":"info","message":"🚀 Multiplicador Spaceman 1: 11041642613 = 49.86x","timestamp":"2025-11-10 11:52:53"}
{"level":"info","message":"🚀 Multiplicador Spaceman 1: 11041642613 = 50.07x","timestamp":"2025-11-10 11:52:53"}
{"level":"info","message":"🚀 Multiplicador Spaceman 1: 11041642613 = 50.28x","timestamp":"2025-11-10 11:52:53"}
{"level":"info","message":"🚀 Multiplicador Spaceman 1: 11041642613 = 50.5x","timestamp":"2025-11-10 11:52:53"}
{"level":"info","message":"🚀 Multiplicador Spaceman 1: 11041642613 = 50.72x","timestamp":"2025-11-10 11:52:53"}
{"level":"info","message":"🚀 Multiplicador Spaceman 1: 11041642613 = 50.96x","timestamp":"2025-11-10 11:52:53"}
{"level":"info","message":"🚀 Multiplicador Spaceman 1: 11041642613 = 51.18x","timestamp":"2025-11-10 11:52:53"}
{"level":"info","message":"🚀 Multiplicador Spaceman 1: 11041642613 = 51.4x","timestamp":"2025-11-10 11:52:53"}
{"level":"info","message":"🚀 Multiplicador Spaceman 1: 11041642613 = 51.63x","timestamp":"2025-11-10 11:52:54"}
{"level":"info","message":"🚀 Multiplicador Spaceman 1: 11041642613 = 51.85x","timestamp":"2025-11-10 11:52:54"}
{"level":"info","message":"🚀 Multiplicador Spaceman 1: 11041642613 = 52.09x","timestamp":"2025-11-10 11:52:54"}
{"level":"info","message":"🚀 Multiplicador Spaceman 1: 11041642613 = 52.3x","timestamp":"2025-11-10 11:52:54"}
{"level":"info","message":"🚀 Multiplicador Spaceman 1: 11041642613 = 52.51x","timestamp":"2025-11-10 11:52:54"}
{"level":"info","message":"🚀 Multiplicador Spaceman 1: 11041642613 = 52.87x","timestamp":"2025-11-10 11:52:54"}
{"level":"info","message":"🚀 Multiplicador Spaceman 1: 11041642613 = 53.09x","timestamp":"2025-11-10 11:52:54"}
{"level":"info","message":"🚀 Multiplicador Spaceman 1: 11041642613 = 53.31x","timestamp":"2025-11-10 11:52:54"}
{"level":"info","message":"🚀 Multiplicador Spaceman 1: 11041642613 = 53.53x","timestamp":"2025-11-10 11:52:54"}
{"level":"info","message":"🚀 Multiplicador Spaceman 1: 11041642613 = 53.74x","timestamp":"2025-11-10 11:52:54"}
{"level":"info","message":"🚀 Multiplicador Spaceman 1: 11041642613 = 53.96x","timestamp":"2025-11-10 11:52:54"}
{"level":"info","message":"🚀 Multiplicador Spaceman 1: 11041642613 = 54.21x","timestamp":"2025-11-10 11:52:54"}
{"level":"info","message":"🚀 Multiplicador Spaceman 1: 11041642613 = 54.42x","timestamp":"2025-11-10 11:52:54"}
{"level":"info","message":"🚀 Multiplicador Spaceman 1: 11041642613 = 54.64x","timestamp":"2025-11-10 11:52:54"}
{"level":"info","message":"🚀 Multiplicador Spaceman 1: 11041642613 = 54.89x","timestamp":"2025-11-10 11:52:54"}
{"level":"info","message":"🚀 Multiplicador Spaceman 1: 11041642613 = 55.11x","timestamp":"2025-11-10 11:52:54"}
{"level":"info","message":"🚀 Multiplicador Spaceman 1: 11041642613 = 55.34x","timestamp":"2025-11-10 11:52:54"}
{"level":"info","message":"🚀 Multiplicador Spaceman 1: 11041642613 = 55.76x","timestamp":"2025-11-10 11:52:54"}
{"level":"info","message":"🚀 Multiplicador Spaceman 1: 11041642613 = 56x","timestamp":"2025-11-10 11:52:55"}
{"level":"info","message":"🚀 Multiplicador Spaceman 1: 11041642613 = 56.23x","timestamp":"2025-11-10 11:52:55"}
{"level":"info","message":"🚀 Multiplicador Spaceman 1: 11041642613 = 56.45x","timestamp":"2025-11-10 11:52:55"}
{"level":"info","message":"🚀 Multiplicador Spaceman 1: 11041642613 = 56.67x","timestamp":"2025-11-10 11:52:55"}
{"level":"info","message":"🚀 Multiplicador Spaceman 1: 11041642613 = 56.89x","timestamp":"2025-11-10 11:52:55"}
{"level":"info","message":"🚀 Multiplicador Spaceman 1: 11041642613 = 57.11x","timestamp":"2025-11-10 11:52:55"}
{"level":"info","message":"🚀 Multiplicador Spaceman 1: 11041642613 = 57.36x","timestamp":"2025-11-10 11:52:55"}
{"level":"info","message":"🚀 Multiplicador Spaceman 1: 11041642613 = 57.61x","timestamp":"2025-11-10 11:52:55"}
{"level":"info","message":"🚀 Multiplicador Spaceman 1: 11041642613 = 57.84x","timestamp":"2025-11-10 11:52:55"}
{"level":"info","message":"🚀 Multiplicador Spaceman 1: 11041642613 = 58.1x","timestamp":"2025-11-10 11:52:55"}
{"level":"info","message":"🚀 Multiplicador Spaceman 1: 11041642613 = 58.35x","timestamp":"2025-11-10 11:52:55"}
{"level":"info","message":"🚀 Multiplicador Spaceman 1: 11041642613 = 58.61x","timestamp":"2025-11-10 11:52:55"}
{"level":"info","message":"🚀 Multiplicador Spaceman 1: 11041642613 = 58.85x","timestamp":"2025-11-10 11:52:55"}
{"level":"info","message":"🚀 Multiplicador Spaceman 1: 11041642613 = 59.09x","timestamp":"2025-11-10 11:52:55"}
{"level":"info","message":"🚀 Multiplicador Spaceman 1: 11041642613 = 59.55x","timestamp":"2025-11-10 11:52:55"}
{"level":"info","message":"🚀 Multiplicador Spaceman 1: 11041642613 = 59.82x","timestamp":"2025-11-10 11:52:55"}
{"level":"info","message":"🚀 Multiplicador Spaceman 1: 11041642613 = 60.09x","timestamp":"2025-11-10 11:52:55"}
{"level":"info","message":"🚀 Multiplicador Spaceman 1: 11041642613 = 60.34x","timestamp":"2025-11-10 11:52:55"}
{"level":"info","message":"🚀 Multiplicador Spaceman 1: 11041642613 = 60.6x","timestamp":"2025-11-10 11:52:55"}
{"level":"info","message":"🚀 Multiplicador Spaceman 1: 11041642613 = 60.88x","timestamp":"2025-11-10 11:52:56"}
{"level":"info","message":"🚀 Multiplicador Spaceman 1: 11041642613 = 61.14x","timestamp":"2025-11-10 11:52:56"}
{"level":"info","message":"🚀 Multiplicador Spaceman 1: 11041642613 = 61.39x","timestamp":"2025-11-10 11:52:56"}
{"level":"info","message":"🚀 Multiplicador Spaceman 1: 11041642613 = 61.64x","timestamp":"2025-11-10 11:52:56"}
{"level":"info","message":"🚀 Multiplicador Spaceman 1: 11041642613 = 61.9x","timestamp":"2025-11-10 11:52:56"}
{"level":"info","message":"🚀 Multiplicador Spaceman 1: 11041642613 = 62.15x","timestamp":"2025-11-10 11:52:56"}
{"level":"info","message":"🚀 Multiplicador Spaceman 1: 11041642613 = 62.44x","timestamp":"2025-11-10 11:52:56"}
{"level":"info","message":"🚀 Multiplicador Spaceman 1: 11041642613 = 62.72x","timestamp":"2025-11-10 11:52:56"}
{"level":"info","message":"🚀 Multiplicador Spaceman 1: 11041642613 = 62.99x","timestamp":"2025-11-10 11:52:56"}
{"level":"info","message":"🚀 Multiplicador Spaceman 1: 11041642613 = 63.25x","timestamp":"2025-11-10 11:52:56"}
{"level":"info","message":"🚀 Multiplicador Spaceman 1: 11041642613 = 63.6x","timestamp":"2025-11-10 11:52:56"}
{"level":"info","message":"🚀 Multiplicador Spaceman 1: 11041642613 = 63.88x","timestamp":"2025-11-10 11:52:56"}
{"level":"info","message":"🚀 Multiplicador Spaceman 1: 11041642613 = 64.13x","timestamp":"2025-11-10 11:52:56"}
{"level":"info","message":"🚀 Multiplicador Spaceman 1: 11041642613 = 64.4x","timestamp":"2025-11-10 11:52:56"}
{"level":"info","message":"🚀 Multiplicador Spaceman 1: 11041642613 = 64.69x","timestamp":"2025-11-10 11:52:56"}
{"level":"info","message":"🚀 Multiplicador Spaceman 1: 11041642613 = 64.98x","timestamp":"2025-11-10 11:52:56"}
{"level":"info","message":"🚀 Multiplicador Spaceman 1: 11041642613 = 65.23x","timestamp":"2025-11-10 11:52:56"}
{"level":"info","message":"🚀 Multiplicador Spaceman 1: 11041642613 = 65.51x","timestamp":"2025-11-10 11:52:56"}
{"level":"info","message":"🚀 Multiplicador Spaceman 1: 11041642613 = 65.78x","timestamp":"2025-11-10 11:52:56"}
{"level":"info","message":"🚀 Multiplicador Spaceman 1: 11041642613 = 66.06x","timestamp":"2025-11-10 11:52:57"}
{"level":"info","message":"🚀 Multiplicador Spaceman 1: 11041642613 = 66.32x","timestamp":"2025-11-10 11:52:57"}
{"level":"info","message":"🚀 Multiplicador Spaceman 1: 11041642613 = 66.6x","timestamp":"2025-11-10 11:52:57"}
{"level":"info","message":"🚀 Multiplicador Spaceman 1: 11041642613 = 66.86x","timestamp":"2025-11-10 11:52:57"}
{"level":"info","message":"🚀 Multiplicador Spaceman 1: 11041642613 = 67.23x","timestamp":"2025-11-10 11:52:57"}
{"level":"info","message":"🚀 Multiplicador Spaceman 1: 11041642613 = 67.52x","timestamp":"2025-11-10 11:52:57"}
{"level":"info","message":"🚀 Multiplicador Spaceman 1: 11041642613 = 67.81x","timestamp":"2025-11-10 11:52:57"}
{"level":"info","message":"🚀 Multiplicador Spaceman 1: 11041642613 = 68.09x","timestamp":"2025-11-10 11:52:57"}
{"level":"info","message":"🚀 Multiplicador Spaceman 1: 11041642613 = 68.4x","timestamp":"2025-11-10 11:52:57"}
{"level":"info","message":"🚀 Multiplicador Spaceman 1: 11041642613 = 68.66x","timestamp":"2025-11-10 11:52:57"}
{"level":"info","message":"🚀 Multiplicador Spaceman 1: 11041642613 = 68.92x","timestamp":"2025-11-10 11:52:57"}
{"level":"info","message":"🚀 Multiplicador Spaceman 1: 11041642613 = 69.2x","timestamp":"2025-11-10 11:52:57"}
{"level":"info","message":"🚀 Multiplicador Spaceman 1: 11041642613 = 69.47x","timestamp":"2025-11-10 11:52:57"}
{"level":"info","message":"🚀 Multiplicador Spaceman 1: 11041642613 = 69.78x","timestamp":"2025-11-10 11:52:57"}
{"level":"info","message":"🚀 Multiplicador Spaceman 1: 11041642613 = 70.1x","timestamp":"2025-11-10 11:52:57"}
{"level":"info","message":"🚀 Multiplicador Spaceman 1: 11041642613 = 70.39x","timestamp":"2025-11-10 11:52:57"}
{"level":"info","message":"🚀 Multiplicador Spaceman 1: 11041642613 = 70.69x","timestamp":"2025-11-10 11:52:57"}
{"level":"info","message":"🚀 Multiplicador Spaceman 1: 11041642613 = 70.97x","timestamp":"2025-11-10 11:52:57"}
{"level":"info","message":"🚀 Multiplicador Spaceman 1: 11041642613 = 71.26x","timestamp":"2025-11-10 11:52:57"}
{"level":"info","message":"🚀 Multiplicador Spaceman 1: 11041642613 = 71.77x","timestamp":"2025-11-10 11:52:58"}
{"level":"info","message":"🚀 Multiplicador Spaceman 1: 11041642613 = 72.09x","timestamp":"2025-11-10 11:52:58"}
{"level":"info","message":"🚀 Multiplicador Spaceman 1: 11041642613 = 72.37x","timestamp":"2025-11-10 11:52:58"}
{"level":"info","message":"🚀 Multiplicador Spaceman 1: 11041642613 = 72.67x","timestamp":"2025-11-10 11:52:58"}
{"level":"info","message":"🚀 Multiplicador Spaceman 1: 11041642613 = 72.98x","timestamp":"2025-11-10 11:52:58"}
{"level":"info","message":"🚀 Multiplicador Spaceman 1: 11041642613 = 73.3x","timestamp":"2025-11-10 11:52:58"}
{"level":"info","message":"🚀 Multiplicador Spaceman 1: 11041642613 = 73.64x","timestamp":"2025-11-10 11:52:58"}
{"level":"info","message":"🚀 Multiplicador Spaceman 1: 11041642613 = 73.96x","timestamp":"2025-11-10 11:52:58"}
{"level":"info","message":"🚀 Multiplicador Spaceman 1: 11041642613 = 74.3x","timestamp":"2025-11-10 11:52:58"}
{"level":"info","message":"🚀 Multiplicador Spaceman 1: 11041642613 = 74.64x","timestamp":"2025-11-10 11:52:58"}
{"level":"info","message":"🚀 Multiplicador Spaceman 1: 11041642613 = 74.74x","timestamp":"2025-11-10 11:52:58"}
{"level":"info","message":"🚀 Multiplicador Spaceman 1: 11041642713 = 1.01x","timestamp":"2025-11-10 11:53:08"}
{"level":"info","message":"🚀 Multiplicador Spaceman 1: 11041642713 = 1.02x","timestamp":"2025-11-10 11:53:08"}
{"level":"info","message":"🚀 Multiplicador Spaceman 1: 11041642713 = 1.03x","timestamp":"2025-11-10 11:53:08"}
{"level":"info","message":"🚀 Multiplicador Spaceman 1: 11041642713 = 1.04x","timestamp":"2025-11-10 11:53:09"}
{"level":"info","message":"🚀 Multiplicador Spaceman 1: 11041642713 = 1.05x","timestamp":"2025-11-10 11:53:09"}
{"level":"info","message":"🚀 Multiplicador Spaceman 1: 11041642713 = 1.06x","timestamp":"2025-11-10 11:53:09"}
{"level":"info","message":"🚀 Multiplicador Spaceman 1: 11041642713 = 1.07x","timestamp":"2025-11-10 11:53:09"}
{"level":"info","message":"🚀 Multiplicador Spaceman 1: 11041642713 = 1.08x","timestamp":"2025-11-10 11:53:09"}
{"level":"info","message":"🚀 Multiplicador Spaceman 1: 11041642713 = 1.09x","timestamp":"2025-11-10 11:53:09"}
{"level":"info","message":"🚀 Multiplicador Spaceman 1: 11041642713 = 1.1x","timestamp":"2025-11-10 11:53:09"}
{"level":"info","message":"🚀 Multiplicador Spaceman 1: 11041642713 = 1.11x","timestamp":"2025-11-10 11:53:09"}
{"level":"info","message":"🚀 Multiplicador Spaceman 1: 11041642713 = 1.12x","timestamp":"2025-11-10 11:53:10"}
{"level":"info","message":"🚀 Multiplicador Spaceman 1: 11041642713 = 1.13x","timestamp":"2025-11-10 11:53:10"}
{"level":"info","message":"🚀 Multiplicador Spaceman 1: 11041642713 = 1.14x","timestamp":"2025-11-10 11:53:10"}
{"level":"info","message":"🚀 Multiplicador Spaceman 1: 11041642713 = 1.15x","timestamp":"2025-11-10 11:53:10"}
{"level":"info","message":"🚀 Multiplicador Spaceman 1: 11041642713 = 1.16x","timestamp":"2025-11-10 11:53:10"}
{"level":"info","message":"🚀 Multiplicador Spaceman 1: 11041642713 = 1.17x","timestamp":"2025-11-10 11:53:10"}
{"level":"info","message":"🚀 Multiplicador Spaceman 1: 11041642713 = 1.18x","timestamp":"2025-11-10 11:53:10"}
{"level":"info","message":"🚀 Multiplicador Spaceman 1: 11041642713 = 1.19x","timestamp":"2025-11-10 11:53:10"}
{"level":"info","message":"🚀 Multiplicador Spaceman 1: 11041642713 = 1.2x","timestamp":"2025-11-10 11:53:10"}
{"level":"info","message":"🚀 Multiplicador Spaceman 1: 11041642713 = 1.21x","timestamp":"2025-11-10 11:53:10"}
{"level":"info","message":"🚀 Multiplicador Spaceman 1: 11041642713 = 1.22x","timestamp":"2025-11-10 11:53:11"}
{"level":"info","message":"🚀 Multiplicador Spaceman 1: 11041642713 = 1.23x","timestamp":"2025-11-10 11:53:11"}
{"level":"info","message":"🚀 Multiplicador Spaceman 1: 11041642713 = 1.24x","timestamp":"2025-11-10 11:53:11"}
{"level":"info","message":"🚀 Multiplicador Spaceman 1: 11041642713 = 1.25x","timestamp":"2025-11-10 11:53:11"}
{"level":"info","message":"🚀 Multiplicador Spaceman 1: 11041642713 = 1.26x","timestamp":"2025-11-10 11:53:11"}
{"level":"info","message":"🚀 Multiplicador Spaceman 1: 11041642713 = 1.27x","timestamp":"2025-11-10 11:53:11"}
{"level":"info","message":"🚀 Multiplicador Spaceman 1: 11041642713 = 1.28x","timestamp":"2025-11-10 11:53:11"}
{"level":"info","message":"🚀 Multiplicador Spaceman 1: 11041642713 = 1.29x","timestamp":"2025-11-10 11:53:11"}
{"level":"info","message":"🚀 Multiplicador Spaceman 1: 11041642713 = 1.3x","timestamp":"2025-11-10 11:53:11"}
{"level":"info","message":"🚀 Multiplicador Spaceman 1: 11041642713 = 1.31x","timestamp":"2025-11-10 11:53:11"}
{"level":"info","message":"🚀 Multiplicador Spaceman 1: 11041642713 = 1.32x","timestamp":"2025-11-10 11:53:11"}
{"level":"info","message":"🚀 Multiplicador Spaceman 1: 11041642713 = 1.33x","timestamp":"2025-11-10 11:53:12"}
{"level":"info","message":"🚀 Multiplicador Spaceman 1: 11041642713 = 1.34x","timestamp":"2025-11-10 11:53:12"}
{"level":"info","message":"🚀 Multiplicador Spaceman 1: 11041642713 = 1.35x","timestamp":"2025-11-10 11:53:12"}
{"level":"info","message":"🚀 Multiplicador Spaceman 1: 11041642713 = 1.36x","timestamp":"2025-11-10 11:53:12"}
{"level":"info","message":"🚀 Multiplicador Spaceman 1: 11041642713 = 1.37x","timestamp":"2025-11-10 11:53:12"}
{"level":"info","message":"🚀 Multiplicador Spaceman 1: 11041642713 = 1.38x","timestamp":"2025-11-10 11:53:12"}
{"level":"info","message":"🚀 Multiplicador Spaceman 1: 11041642713 = 1.39x","timestamp":"2025-11-10 11:53:12"}
{"level":"info","message":"🚀 Multiplicador Spaceman 1: 11041642713 = 1.4x","timestamp":"2025-11-10 11:53:12"}
{"level":"info","message":"🚀 Multiplicador Spaceman 1: 11041642713 = 1.41x","timestamp":"2025-11-10 11:53:12"}
{"level":"info","message":"🚀 Multiplicador Spaceman 1: 11041642713 = 1.42x","timestamp":"2025-11-10 11:53:12"}
{"level":"info","message":"🚀 Multiplicador Spaceman 1: 11041642713 = 1.43x","timestamp":"2025-11-10 11:53:12"}
{"level":"info","message":"🚀 Multiplicador Spaceman 1: 11041642713 = 1.44x","timestamp":"2025-11-10 11:53:13"}
{"level":"info","message":"🚀 Multiplicador Spaceman 1: 11041642713 = 1.45x","timestamp":"2025-11-10 11:53:13"}
{"level":"info","message":"🚀 Multiplicador Spaceman 1: 11041642713 = 1.46x","timestamp":"2025-11-10 11:53:13"}
{"level":"info","message":"🚀 Multiplicador Spaceman 1: 11041642713 = 1.47x","timestamp":"2025-11-10 11:53:13"}
{"level":"info","message":"🚀 Multiplicador Spaceman 1: 11041642713 = 1.48x","timestamp":"2025-11-10 11:53:13"}
{"level":"info","message":"🚀 Multiplicador Spaceman 1: 11041642713 = 1.49x","timestamp":"2025-11-10 11:53:13"}
{"level":"info","message":"🚀 Multiplicador Spaceman 1: 11041642713 = 1.5x","timestamp":"2025-11-10 11:53:13"}
{"level":"info","message":"🚀 Multiplicador Spaceman 1: 11041642713 = 1.51x","timestamp":"2025-11-10 11:53:13"}
{"level":"info","message":"🚀 Multiplicador Spaceman 1: 11041642713 = 1.52x","timestamp":"2025-11-10 11:53:13"}
{"level":"info","message":"🚀 Multiplicador Spaceman 1: 11041642713 = 1.53x","timestamp":"2025-11-10 11:53:13"}
{"level":"info","message":"🚀 Multiplicador Spaceman 1: 11041642713 = 1.54x","timestamp":"2025-11-10 11:53:13"}
{"level":"info","message":"🚀 Multiplicador Spaceman 1: 11041642713 = 1.55x","timestamp":"2025-11-10 11:53:13"}
{"level":"info","message":"🚀 Multiplicador Spaceman 1: 11041642713 = 1.56x","timestamp":"2025-11-10 11:53:14"}
{"level":"info","message":"🚀 Multiplicador Spaceman 1: 11041642713 = 1.57x","timestamp":"2025-11-10 11:53:14"}
{"level":"info","message":"🚀 Multiplicador Spaceman 1: 11041642713 = 1.58x","timestamp":"2025-11-10 11:53:14"}
{"level":"info","message":"🚀 Multiplicador Spaceman 1: 11041642713 = 1.59x","timestamp":"2025-11-10 11:53:14"}
{"level":"info","message":"🚀 Multiplicador Spaceman 1: 11041642713 = 1.6x","timestamp":"2025-11-10 11:53:14"}
{"level":"info","message":"🚀 Multiplicador Spaceman 1: 11041642713 = 1.61x","timestamp":"2025-11-10 11:53:14"}
{"level":"info","message":"🚀 Multiplicador Spaceman 1: 11041642713 = 1.62x","timestamp":"2025-11-10 11:53:14"}
{"level":"info","message":"🚀 Multiplicador Spaceman 1: 11041642713 = 1.63x","timestamp":"2025-11-10 11:53:14"}
{"level":"info","message":"🚀 Multiplicador Spaceman 1: 11041642713 = 1.64x","timestamp":"2025-11-10 11:53:14"}
{"level":"info","message":"🚀 Multiplicador Spaceman 1: 11041642713 = 1.65x","timestamp":"2025-11-10 11:53:14"}
{"level":"info","message":"🚀 Multiplicador Spaceman 1: 11041642713 = 1.66x","timestamp":"2025-11-10 11:53:14"}
{"level":"info","message":"🚀 Multiplicador Spaceman 1: 11041642713 = 1.67x","timestamp":"2025-11-10 11:53:14"}
{"level":"info","message":"🚀 Multiplicador Spaceman 1: 11041642713 = 1.68x","timestamp":"2025-11-10 11:53:14"}
{"level":"info","message":"🚀 Multiplicador Spaceman 1: 11041642713 = 1.69x","timestamp":"2025-11-10 11:53:14"}
{"level":"info","message":"🚀 Multiplicador Spaceman 1: 11041642713 = 1.71x","timestamp":"2025-11-10 11:53:15"}
{"level":"info","message":"🚀 Multiplicador Spaceman 1: 11041642713 = 1.72x","timestamp":"2025-11-10 11:53:15"}
{"level":"info","message":"🚀 Multiplicador Spaceman 1: 11041642713 = 1.73x","timestamp":"2025-11-10 11:53:15"}
{"level":"info","message":"🚀 Multiplicador Spaceman 1: 11041642713 = 1.74x","timestamp":"2025-11-10 11:53:15"}
{"level":"info","message":"🚀 Multiplicador Spaceman 1: 11041642713 = 1.75x","timestamp":"2025-11-10 11:53:15"}
{"level":"info","message":"🚀 Multiplicador Spaceman 1: 11041642713 = 1.76x","timestamp":"2025-11-10 11:53:15"}
{"level":"info","message":"🚀 Multiplicador Spaceman 1: 11041642713 = 1.77x","timestamp":"2025-11-10 11:53:15"}
{"level":"info","message":"🚀 Multiplicador Spaceman 1: 11041642713 = 1.78x","timestamp":"2025-11-10 11:53:15"}
{"level":"info","message":"🚀 Multiplicador Spaceman 1: 11041642713 = 1.79x","timestamp":"2025-11-10 11:53:15"}
{"level":"info","message":"🚀 Multiplicador Spaceman 1: 11041642713 = 1.8x","timestamp":"2025-11-10 11:53:15"}
{"level":"info","message":"🚀 Multiplicador Spaceman 1: 11041642713 = 1.81x","timestamp":"2025-11-10 11:53:15"}
{"level":"info","message":"🚀 Multiplicador Spaceman 1: 11041642713 = 1.83x","timestamp":"2025-11-10 11:53:15"}
{"level":"info","message":"🚀 Multiplicador Spaceman 1: 11041642713 = 1.84x","timestamp":"2025-11-10 11:53:15"}
{"level":"info","message":"🚀 Multiplicador Spaceman 1: 11041642713 = 1.85x","timestamp":"2025-11-10 11:53:16"}
{"level":"info","message":"🚀 Multiplicador Spaceman 1: 11041642713 = 1.86x","timestamp":"2025-11-10 11:53:16"}
{"level":"info","message":"🚀 Multiplicador Spaceman 1: 11041642713 = 1.87x","timestamp":"2025-11-10 11:53:16"}
{"level":"info","message":"🚀 Multiplicador Spaceman 1: 11041642713 = 1.88x","timestamp":"2025-11-10 11:53:16"}
{"level":"info","message":"🚀 Multiplicador Spaceman 1: 11041642713 = 1.89x","timestamp":"2025-11-10 11:53:16"}
{"level":"info","message":"🚀 Multiplicador Spaceman 1: 11041642713 = 1.9x","timestamp":"2025-11-10 11:53:16"}
{"level":"info","message":"🚀 Multiplicador Spaceman 1: 11041642713 = 1.91x","timestamp":"2025-11-10 11:53:16"}
{"level":"info","message":"🚀 Multiplicador Spaceman 1: 11041642713 = 1.92x","timestamp":"2025-11-10 11:53:16"}
{"level":"info","message":"🚀 Multiplicador Spaceman 1: 11041642713 = 1.93x","timestamp":"2025-11-10 11:53:16"}
{"level":"info","message":"🚀 Multiplicador Spaceman 1: 11041642713 = 1.94x","timestamp":"2025-11-10 11:53:16"}
{"level":"info","message":"🚀 Multiplicador Spaceman 1: 11041642713 = 1.95x","timestamp":"2025-11-10 11:53:16"}
{"level":"info","message":"🚀 Multiplicador Spaceman 1: 11041642813 = 1.01x","timestamp":"2025-11-10 11:53:26"}
{"level":"info","message":"🚀 Multiplicador Spaceman 1: 11041642813 = 1.02x","timestamp":"2025-11-10 11:53:27"}
{"level":"info","message":"🚀 Multiplicador Spaceman 1: 11041642813 = 1.03x","timestamp":"2025-11-10 11:53:27"}
{"level":"info","message":"🚀 Multiplicador Spaceman 1: 11041642813 = 1.04x","timestamp":"2025-11-10 11:53:27"}
{"level":"info","message":"🚀 Multiplicador Spaceman 1: 11041642813 = 1.05x","timestamp":"2025-11-10 11:53:27"}
{"level":"info","message":"🚀 Multiplicador Spaceman 1: 11041642813 = 1.06x","timestamp":"2025-11-10 11:53:27"}
{"level":"info","message":"🚀 Multiplicador Spaceman 1: 11041642813 = 1.07x","timestamp":"2025-11-10 11:53:27"}
{"level":"info","message":"🚀 Multiplicador Spaceman 1: 11041642813 = 1.08x","timestamp":"2025-11-10 11:53:27"}
{"level":"info","message":"🚀 Multiplicador Spaceman 1: 11041642813 = 1.09x","timestamp":"2025-11-10 11:53:27"}
{"level":"info","message":"🚀 Multiplicador Spaceman 1: 11041642813 = 1.1x","timestamp":"2025-11-10 11:53:27"}
{"level":"info","message":"🚀 Multiplicador Spaceman 1: 11041642813 = 1.11x","timestamp":"2025-11-10 11:53:28"}
{"level":"info","message":"🚀 Multiplicador Spaceman 1: 11041642813 = 1.12x","timestamp":"2025-11-10 11:53:28"}
{"level":"info","message":"🚀 Multiplicador Spaceman 1: 11041642813 = 1.13x","timestamp":"2025-11-10 11:53:28"}
{"level":"info","message":"🚀 Multiplicador Spaceman 1: 11041642813 = 1.14x","timestamp":"2025-11-10 11:53:28"}
{"level":"info","message":"🚀 Multiplicador Spaceman 1: 11041642813 = 1.15x","timestamp":"2025-11-10 11:53:28"}
{"level":"info","message":"🚀 Multiplicador Spaceman 1: 11041642813 = 1.16x","timestamp":"2025-11-10 11:53:28"}
{"level":"info","message":"🚀 Multiplicador Spaceman 1: 11041642813 = 1.17x","timestamp":"2025-11-10 11:53:28"}
{"level":"info","message":"🚀 Multiplicador Spaceman 1: 11041642813 = 1.18x","timestamp":"2025-11-10 11:53:28"}
{"level":"info","message":"🚀 Multiplicador Spaceman 1: 11041642813 = 1.19x","timestamp":"2025-11-10 11:53:28"}
{"level":"info","message":"🚀 Multiplicador Spaceman 1: 11041642813 = 1.2x","timestamp":"2025-11-10 11:53:29"}
{"level":"info","message":"🚀 Multiplicador Spaceman 1: 11041642813 = 1.21x","timestamp":"2025-11-10 11:53:29"}
{"level":"info","message":"🚀 Multiplicador Spaceman 1: 11041642813 = 1.22x","timestamp":"2025-11-10 11:53:29"}
{"level":"info","message":"🚀 Multiplicador Spaceman 1: 11041642813 = 1.23x","timestamp":"2025-11-10 11:53:29"}
{"level":"info","message":"🚀 Multiplicador Spaceman 1: 11041642813 = 1.24x","timestamp":"2025-11-10 11:53:29"}
{"level":"info","message":"🚀 Multiplicador Spaceman 1: 11041642813 = 1.25x","timestamp":"2025-11-10 11:53:29"}
{"level":"info","message":"🚀 Multiplicador Spaceman 1: 11041642813 = 1.26x","timestamp":"2025-11-10 11:53:29"}
{"level":"info","message":"🚀 Multiplicador Spaceman 1: 11041642813 = 1.27x","timestamp":"2025-11-10 11:53:29"}
{"level":"info","message":"🚀 Multiplicador Spaceman 1: 11041642813 = 1.28x","timestamp":"2025-11-10 11:53:29"}
{"level":"info","message":"🚀 Multiplicador Spaceman 1: 11041642813 = 1.29x","timestamp":"2025-11-10 11:53:29"}
{"level":"info","message":"🚀 Multiplicador Spaceman 1: 11041642813 = 1.3x","timestamp":"2025-11-10 11:53:29"}
{"level":"info","message":"🚀 Multiplicador Spaceman 1: 11041642813 = 1.31x","timestamp":"2025-11-10 11:53:30"}
{"level":"info","message":"🚀 Multiplicador Spaceman 1: 11041642813 = 1.32x","timestamp":"2025-11-10 11:53:30"}
{"level":"info","message":"🚀 Multiplicador Spaceman 1: 11041642813 = 1.33x","timestamp":"2025-11-10 11:53:30"}
{"level":"info","message":"🚀 Multiplicador Spaceman 1: 11041642813 = 1.34x","timestamp":"2025-11-10 11:53:30"}
{"level":"info","message":"🚀 Multiplicador Spaceman 1: 11041642813 = 1.35x","timestamp":"2025-11-10 11:53:30"}
{"level":"info","message":"🚀 Multiplicador Spaceman 1: 11041642813 = 1.36x","timestamp":"2025-11-10 11:53:30"}
{"level":"info","message":"🚀 Multiplicador Spaceman 1: 11041642813 = 1.37x","timestamp":"2025-11-10 11:53:30"}
{"level":"info","message":"🚀 Multiplicador Spaceman 1: 11041642813 = 1.38x","timestamp":"2025-11-10 11:53:30"}
{"level":"info","message":"🚀 Multiplicador Spaceman 1: 11041642813 = 1.39x","timestamp":"2025-11-10 11:53:30"}
{"level":"info","message":"🚀 Multiplicador Spaceman 1: 11041642813 = 1.4x","timestamp":"2025-11-10 11:53:30"}
{"level":"info","message":"🚀 Multiplicador Spaceman 1: 11041642813 = 1.41x","timestamp":"2025-11-10 11:53:30"}
{"level":"info","message":"🚀 Multiplicador Spaceman 1: 11041642813 = 1.42x","timestamp":"2025-11-10 11:53:31"}
{"level":"info","message":"🚀 Multiplicador Spaceman 1: 11041642813 = 1.43x","timestamp":"2025-11-10 11:53:31"}
{"level":"info","message":"🚀 Multiplicador Spaceman 1: 11041642813 = 1.44x","timestamp":"2025-11-10 11:53:31"}
{"level":"info","message":"🚀 Multiplicador Spaceman 1: 11041642813 = 1.45x","timestamp":"2025-11-10 11:53:31"}
{"level":"info","message":"🚀 Multiplicador Spaceman 1: 11041642813 = 1.46x","timestamp":"2025-11-10 11:53:31"}
{"level":"info","message":"🚀 Multiplicador Spaceman 1: 11041642813 = 1.47x","timestamp":"2025-11-10 11:53:31"}
{"level":"info","message":"🚀 Multiplicador Spaceman 1: 11041642813 = 1.48x","timestamp":"2025-11-10 11:53:31"}
{"level":"info","message":"🚀 Multiplicador Spaceman 1: 11041642813 = 1.49x","timestamp":"2025-11-10 11:53:31"}
{"level":"info","message":"🚀 Multiplicador Spaceman 1: 11041642813 = 1.5x","timestamp":"2025-11-10 11:53:31"}
{"level":"info","message":"🚀 Multiplicador Spaceman 1: 11041642813 = 1.51x","timestamp":"2025-11-10 11:53:31"}
{"level":"info","message":"🚀 Multiplicador Spaceman 1: 11041642813 = 1.52x","timestamp":"2025-11-10 11:53:31"}
{"level":"info","message":"🚀 Multiplicador Spaceman 1: 11041642813 = 1.53x","timestamp":"2025-11-10 11:53:31"}
{"level":"info","message":"🚀 Multiplicador Spaceman 1: 11041642813 = 1.54x","timestamp":"2025-11-10 11:53:32"}
{"level":"info","message":"🚀 Multiplicador Spaceman 1: 11041642813 = 1.55x","timestamp":"2025-11-10 11:53:32"}
{"level":"info","message":"🚀 Multiplicador Spaceman 1: 11041642813 = 1.56x","timestamp":"2025-11-10 11:53:32"}
{"level":"info","message":"🚀 Multiplicador Spaceman 1: 11041642813 = 1.57x","timestamp":"2025-11-10 11:53:32"}
{"level":"info","message":"🚀 Multiplicador Spaceman 1: 11041642813 = 1.58x","timestamp":"2025-11-10 11:53:32"}
{"level":"info","message":"🚀 Multiplicador Spaceman 1: 11041642813 = 1.59x","timestamp":"2025-11-10 11:53:32"}
{"level":"info","message":"🚀 Multiplicador Spaceman 1: 11041642813 = 1.6x","timestamp":"2025-11-10 11:53:32"}
{"level":"info","message":"🚀 Multiplicador Spaceman 1: 11041642813 = 1.61x","timestamp":"2025-11-10 11:53:32"}
{"level":"info","message":"🚀 Multiplicador Spaceman 1: 11041642813 = 1.62x","timestamp":"2025-11-10 11:53:32"}
{"level":"info","message":"🚀 Multiplicador Spaceman 1: 11041642813 = 1.63x","timestamp":"2025-11-10 11:53:32"}
{"level":"info","message":"🚀 Multiplicador Spaceman 1: 11041642813 = 1.64x","timestamp":"2025-11-10 11:53:32"}
{"level":"info","message":"🚀 Multiplicador Spaceman 1: 11041642813 = 1.65x","timestamp":"2025-11-10 11:53:32"}
{"level":"info","message":"🚀 Multiplicador Spaceman 1: 11041642813 = 1.66x","timestamp":"2025-11-10 11:53:32"}
{"level":"info","message":"🚀 Multiplicador Spaceman 1: 11041642813 = 1.67x","timestamp":"2025-11-10 11:53:33"}
{"level":"info","message":"🚀 Multiplicador Spaceman 1: 11041642813 = 1.68x","timestamp":"2025-11-10 11:53:33"}
{"level":"info","message":"🚀 Multiplicador Spaceman 1: 11041642813 = 1.69x","timestamp":"2025-11-10 11:53:33"}
{"level":"info","message":"🚀 Multiplicador Spaceman 1: 11041642813 = 1.7x","timestamp":"2025-11-10 11:53:33"}
{"level":"info","message":"🚀 Multiplicador Spaceman 1: 11041642813 = 1.71x","timestamp":"2025-11-10 11:53:33"}
{"level":"info","message":"🚀 Multiplicador Spaceman 1: 11041642813 = 1.72x","timestamp":"2025-11-10 11:53:33"}
{"level":"info","message":"🚀 Multiplicador Spaceman 1: 11041642813 = 1.73x","timestamp":"2025-11-10 11:53:33"}
{"level":"info","message":"🚀 Multiplicador Spaceman 1: 11041642813 = 1.74x","timestamp":"2025-11-10 11:53:33"}
{"level":"info","message":"🚀 Multiplicador Spaceman 1: 11041642813 = 1.75x","timestamp":"2025-11-10 11:53:33"}
{"level":"info","message":"🚀 Multiplicador Spaceman 1: 11041642813 = 1.76x","timestamp":"2025-11-10 11:53:33"}
{"level":"info","message":"🚀 Multiplicador Spaceman 1: 11041642813 = 1.77x","timestamp":"2025-11-10 11:53:33"}
{"level":"info","message":"🚀 Multiplicador Spaceman 1: 11041642813 = 1.78x","timestamp":"2025-11-10 11:53:33"}
{"level":"info","message":"🚀 Multiplicador Spaceman 1: 11041642813 = 1.79x","timestamp":"2025-11-10 11:53:33"}
{"level":"info","message":"🚀 Multiplicador Spaceman 1: 11041642813 = 1.8x","timestamp":"2025-11-10 11:53:33"}
{"level":"info","message":"🚀 Multiplicador Spaceman 1: 11041642813 = 1.81x","timestamp":"2025-11-10 11:53:33"}
{"level":"info","message":"🚀 Multiplicador Spaceman 1: 11041642813 = 1.82x","timestamp":"2025-11-10 11:53:34"}
{"level":"info","message":"🚀 Multiplicador Spaceman 1: 11041642813 = 1.83x","timestamp":"2025-11-10 11:53:34"}
{"level":"info","message":"🚀 Multiplicador Spaceman 1: 11041642813 = 1.84x","timestamp":"2025-11-10 11:53:34"}
{"level":"info","message":"🚀 Multiplicador Spaceman 1: 11041642813 = 1.85x","timestamp":"2025-11-10 11:53:34"}
{"level":"info","message":"🚀 Multiplicador Spaceman 1: 11041642813 = 1.86x","timestamp":"2025-11-10 11:53:34"}
{"level":"info","message":"🚀 Multiplicador Spaceman 1: 11041642813 = 1.87x","timestamp":"2025-11-10 11:53:34"}
{"level":"info","message":"🚀 Multiplicador Spaceman 1: 11041642813 = 1.88x","timestamp":"2025-11-10 11:53:34"}
{"level":"info","message":"🚀 Multiplicador Spaceman 1: 11041642813 = 1.89x","timestamp":"2025-11-10 11:53:34"}
{"level":"info","message":"🚀 Multiplicador Spaceman 1: 11041642813 = 1.9x","timestamp":"2025-11-10 11:53:34"}
{"level":"info","message":"🚀 Multiplicador Spaceman 1: 11041642813 = 1.91x","timestamp":"2025-11-10 11:53:34"}
{"level":"info","message":"🚀 Multiplicador Spaceman 1: 11041642813 = 1.92x","timestamp":"2025-11-10 11:53:34"}
{"level":"info","message":"🚀 Multiplicador Spaceman 1: 11041642813 = 1.93x","timestamp":"2025-11-10 11:53:34"}
{"level":"info","message":"🚀 Multiplicador Spaceman 1: 11041642813 = 1.94x","timestamp":"2025-11-10 11:53:34"}
{"level":"info","message":"🚀 Multiplicador Spaceman 1: 11041642813 = 1.95x","timestamp":"2025-11-10 11:53:34"}
{"level":"info","message":"🚀 Multiplicador Spaceman 1: 11041642813 = 1.96x","timestamp":"2025-11-10 11:53:34"}
{"level":"info","message":"🚀 Multiplicador Spaceman 1: 11041642913 = 1.01x","timestamp":"2025-11-10 11:53:45"}
{"level":"info","message":"🚀 Multiplicador Spaceman 1: 11041642913 = 1.02x","timestamp":"2025-11-10 11:53:45"}
{"level":"info","message":"🚀 Multiplicador Spaceman 1: 11041642913 = 1.03x","timestamp":"2025-11-10 11:53:45"}
{"level":"info","message":"🚀 Multiplicador Spaceman 1: 11041642913 = 1.04x","timestamp":"2025-11-10 11:53:45"}
{"level":"info","message":"🚀 Multiplicador Spaceman 1: 11041642913 = 1.05x","timestamp":"2025-11-10 11:53:45"}
{"level":"info","message":"🚀 Multiplicador Spaceman 1: 11041642913 = 1.06x","timestamp":"2025-11-10 11:53:45"}
{"level":"info","message":"🚀 Multiplicador Spaceman 1: 11041642913 = 1.07x","timestamp":"2025-11-10 11:53:45"}
{"level":"info","message":"🚀 Multiplicador Spaceman 1: 11041642913 = 1.08x","timestamp":"2025-11-10 11:53:45"}
{"level":"info","message":"🚀 Multiplicador Spaceman 1: 11041642913 = 1.09x","timestamp":"2025-11-10 11:53:46"}
{"level":"info","message":"🚀 Multiplicador Spaceman 1: 11041642913 = 1.1x","timestamp":"2025-11-10 11:53:46"}
{"level":"info","message":"🚀 Multiplicador Spaceman 1: 11041642913 = 1.11x","timestamp":"2025-11-10 11:53:46"}
{"level":"info","message":"🚀 Multiplicador Spaceman 1: 11041642913 = 1.12x","timestamp":"2025-11-10 11:53:46"}
{"level":"info","message":"🚀 Multiplicador Spaceman 1: 11041642913 = 1.13x","timestamp":"2025-11-10 11:53:46"}
{"level":"info","message":"🚀 Multiplicador Spaceman 1: 11041642913 = 1.14x","timestamp":"2025-11-10 11:53:46"}
{"level":"info","message":"🚀 Multiplicador Spaceman 1: 11041642913 = 1.15x","timestamp":"2025-11-10 11:53:46"}
{"level":"info","message":"🚀 Multiplicador Spaceman 1: 11041642913 = 1.16x","timestamp":"2025-11-10 11:53:46"}
{"level":"info","message":"🚀 Multiplicador Spaceman 1: 11041642913 = 1.17x","timestamp":"2025-11-10 11:53:46"}
{"level":"info","message":"🚀 Multiplicador Spaceman 1: 11041642913 = 1.18x","timestamp":"2025-11-10 11:53:46"}
{"level":"info","message":"🚀 Multiplicador Spaceman 1: 11041642913 = 1.19x","timestamp":"2025-11-10 11:53:47"}
{"level":"info","message":"🚀 Multiplicador Spaceman 1: 11041642913 = 1.2x","timestamp":"2025-11-10 11:53:47"}
{"level":"info","message":"🚀 Multiplicador Spaceman 1: 11041642913 = 1.21x","timestamp":"2025-11-10 11:53:47"}
{"level":"info","message":"🚀 Multiplicador Spaceman 1: 11041642913 = 1.22x","timestamp":"2025-11-10 11:53:47"}
{"level":"info","message":"🚀 Multiplicador Spaceman 1: 11041642913 = 1.23x","timestamp":"2025-11-10 11:53:47"}
{"level":"info","message":"🚀 Multiplicador Spaceman 1: 11041642913 = 1.24x","timestamp":"2025-11-10 11:53:47"}
{"level":"info","message":"🚀 Multiplicador Spaceman 1: 11041642913 = 1.25x","timestamp":"2025-11-10 11:53:47"}
{"level":"info","message":"🚀 Multiplicador Spaceman 1: 11041642913 = 1.26x","timestamp":"2025-11-10 11:53:47"}
{"level":"info","message":"🚀 Multiplicador Spaceman 1: 11041642913 = 1.27x","timestamp":"2025-11-10 11:53:47"}
{"level":"info","message":"🚀 Multiplicador Spaceman 1: 11041642913 = 1.28x","timestamp":"2025-11-10 11:53:47"}
{"level":"info","message":"🚀 Multiplicador Spaceman 1: 11041642913 = 1.29x","timestamp":"2025-11-10 11:53:48"}
{"level":"info","message":"🚀 Multiplicador Spaceman 1: 11041642913 = 1.3x","timestamp":"2025-11-10 11:53:48"}
{"level":"info","message":"🚀 Multiplicador Spaceman 1: 11041642913 = 1.31x","timestamp":"2025-11-10 11:53:48"}
{"level":"info","message":"🚀 Multiplicador Spaceman 1: 11041642913 = 1.32x","timestamp":"2025-11-10 11:53:48"}
{"level":"info","message":"🚀 Multiplicador Spaceman 1: 11041642913 = 1.33x","timestamp":"2025-11-10 11:53:48"}
{"level":"info","message":"🚀 Multiplicador Spaceman 1: 11041642913 = 1.34x","timestamp":"2025-11-10 11:53:48"}
{"level":"info","message":"🚀 Multiplicador Spaceman 1: 11041642913 = 1.35x","timestamp":"2025-11-10 11:53:48"}
{"level":"info","message":"🚀 Multiplicador Spaceman 1: 11041642913 = 1.36x","timestamp":"2025-11-10 11:53:48"}
{"level":"info","message":"🚀 Multiplicador Spaceman 1: 11041642913 = 1.37x","timestamp":"2025-11-10 11:53:48"}
{"level":"info","message":"🚀 Multiplicador Spaceman 1: 11041642913 = 1.38x","timestamp":"2025-11-10 11:53:48"}
{"level":"info","message":"🚀 Multiplicador Spaceman 1: 11041642913 = 1.39x","timestamp":"2025-11-10 11:53:48"}
{"level":"info","message":"🚀 Multiplicador Spaceman 1: 11041642913 = 1.4x","timestamp":"2025-11-10 11:53:49"}
{"level":"info","message":"🚀 Multiplicador Spaceman 1: 11041642913 = 1.41x","timestamp":"2025-11-10 11:53:49"}
{"level":"info","message":"🚀 Multiplicador Spaceman 1: 11041642913 = 1.42x","timestamp":"2025-11-10 11:53:49"}
{"level":"info","message":"🚀 Multiplicador Spaceman 1: 11041642913 = 1.43x","timestamp":"2025-11-10 11:53:49"}
{"level":"info","message":"🚀 Multiplicador Spaceman 1: 11041642913 = 1.44x","timestamp":"2025-11-10 11:53:49"}
{"level":"info","message":"🚀 Multiplicador Spaceman 1: 11041642913 = 1.45x","timestamp":"2025-11-10 11:53:49"}
{"level":"info","message":"🚀 Multiplicador Spaceman 1: 11041642913 = 1.46x","timestamp":"2025-11-10 11:53:49"}
{"level":"info","message":"🚀 Multiplicador Spaceman 1: 11041642913 = 1.47x","timestamp":"2025-11-10 11:53:49"}
{"level":"info","message":"🚀 Multiplicador Spaceman 1: 11041642913 = 1.48x","timestamp":"2025-11-10 11:53:49"}
{"level":"info","message":"🚀 Multiplicador Spaceman 1: 11041642913 = 1.49x","timestamp":"2025-11-10 11:53:49"}
{"level":"info","message":"🚀 Multiplicador Spaceman 1: 11041642913 = 1.5x","timestamp":"2025-11-10 11:53:49"}
{"level":"info","message":"🚀 Multiplicador Spaceman 1: 11041642913 = 1.51x","timestamp":"2025-11-10 11:53:49"}
{"level":"info","message":"🚀 Multiplicador Spaceman 1: 11041642913 = 1.52x","timestamp":"2025-11-10 11:53:50"}
{"level":"info","message":"🚀 Multiplicador Spaceman 1: 11041642913 = 1.53x","timestamp":"2025-11-10 11:53:50"}
{"level":"info","message":"🚀 Multiplicador Spaceman 1: 11041642913 = 1.54x","timestamp":"2025-11-10 11:53:50"}
{"level":"info","message":"🚀 Multiplicador Spaceman 1: 11041642913 = 1.55x","timestamp":"2025-11-10 11:53:50"}
{"level":"info","message":"🚀 Multiplicador Spaceman 1: 11041642913 = 1.56x","timestamp":"2025-11-10 11:53:50"}
{"level":"info","message":"🚀 Multiplicador Spaceman 1: 11041642913 = 1.57x","timestamp":"2025-11-10 11:53:50"}
{"level":"info","message":"🚀 Multiplicador Spaceman 1: 11041642913 = 1.58x","timestamp":"2025-11-10 11:53:50"}
{"level":"info","message":"🚀 Multiplicador Spaceman 1: 11041642913 = 1.59x","timestamp":"2025-11-10 11:53:50"}
{"level":"info","message":"🚀 Multiplicador Spaceman 1: 11041642913 = 1.6x","timestamp":"2025-11-10 11:53:50"}
{"level":"info","message":"🚀 Multiplicador Spaceman 1: 11041642913 = 1.61x","timestamp":"2025-11-10 11:53:50"}
{"level":"info","message":"🚀 Multiplicador Spaceman 1: 11041642913 = 1.62x","timestamp":"2025-11-10 11:53:50"}
{"level":"info","message":"🚀 Multiplicador Spaceman 1: 11041642913 = 1.63x","timestamp":"2025-11-10 11:53:50"}
{"level":"info","message":"🚀 Multiplicador Spaceman 1: 11041642913 = 1.64x","timestamp":"2025-11-10 11:53:50"}
{"level":"info","message":"🚀 Multiplicador Spaceman 1: 11041642913 = 1.65x","timestamp":"2025-11-10 11:53:51"}
{"level":"info","message":"🚀 Multiplicador Spaceman 1: 11041642913 = 1.66x","timestamp":"2025-11-10 11:53:51"}
{"level":"info","message":"🚀 Multiplicador Spaceman 1: 11041642913 = 1.67x","timestamp":"2025-11-10 11:53:51"}
{"level":"info","message":"🚀 Multiplicador Spaceman 1: 11041642913 = 1.68x","timestamp":"2025-11-10 11:53:51"}
{"level":"info","message":"🚀 Multiplicador Spaceman 1: 11041642913 = 1.69x","timestamp":"2025-11-10 11:53:51"}
{"level":"info","message":"🚀 Multiplicador Spaceman 1: 11041642913 = 1.7x","timestamp":"2025-11-10 11:53:51"}
{"level":"info","message":"🚀 Multiplicador Spaceman 1: 11041642913 = 1.71x","timestamp":"2025-11-10 11:53:51"}
{"level":"info","message":"🚀 Multiplicador Spaceman 1: 11041642913 = 1.72x","timestamp":"2025-11-10 11:53:51"}
{"level":"info","message":"🚀 Multiplicador Spaceman 1: 11041642913 = 1.73x","timestamp":"2025-11-10 11:53:51"}
{"level":"info","message":"🚀 Multiplicador Spaceman 1: 11041642913 = 1.74x","timestamp":"2025-11-10 11:53:51"}
{"level":"info","message":"🚀 Multiplicador Spaceman 1: 11041642913 = 1.75x","timestamp":"2025-11-10 11:53:51"}
{"level":"info","message":"🚀 Multiplicador Spaceman 1: 11041642913 = 1.76x","timestamp":"2025-11-10 11:53:51"}
{"level":"info","message":"🚀 Multiplicador Spaceman 1: 11041642913 = 1.77x","timestamp":"2025-11-10 11:53:51"}
{"level":"info","message":"🚀 Multiplicador Spaceman 1: 11041642913 = 1.78x","timestamp":"2025-11-10 11:53:51"}
{"level":"info","message":"🚀 Multiplicador Spaceman 1: 11041642913 = 1.79x","timestamp":"2025-11-10 11:53:51"}
{"level":"info","message":"🚀 Multiplicador Spaceman 1: 11041642913 = 1.8x","timestamp":"2025-11-10 11:53:52"}
{"level":"info","message":"🚀 Multiplicador Spaceman 1: 11041642913 = 1.81x","timestamp":"2025-11-10 11:53:52"}
{"level":"info","message":"🚀 Multiplicador Spaceman 1: 11041642913 = 1.82x","timestamp":"2025-11-10 11:53:52"}
{"level":"info","message":"🚀 Multiplicador Spaceman 1: 11041642913 = 1.83x","timestamp":"2025-11-10 11:53:52"}
{"level":"info","message":"🚀 Multiplicador Spaceman 1: 11041642913 = 1.84x","timestamp":"2025-11-10 11:53:52"}
{"level":"info","message":"🚀 Multiplicador Spaceman 1: 11041642913 = 1.85x","timestamp":"2025-11-10 11:53:52"}
{"level":"info","message":"🚀 Multiplicador Spaceman 1: 11041642913 = 1.86x","timestamp":"2025-11-10 11:53:52"}
{"level":"info","message":"🚀 Multiplicador Spaceman 1: 11041642913 = 1.87x","timestamp":"2025-11-10 11:53:52"}
{"level":"info","message":"🚀 Multiplicador Spaceman 1: 11041642913 = 1.88x","timestamp":"2025-11-10 11:53:52"}
{"level":"info","message":"🚀 Multiplicador Spaceman 1: 11041642913 = 1.89x","timestamp":"2025-11-10 11:53:52"}
{"level":"info","message":"🚀 Multiplicador Spaceman 1: 11041642913 = 1.9x","timestamp":"2025-11-10 11:53:52"}
{"level":"info","message":"🚀 Multiplicador Spaceman 1: 11041642913 = 1.91x","timestamp":"2025-11-10 11:53:52"}
{"level":"info","message":"🚀 Multiplicador Spaceman 1: 11041642913 = 1.92x","timestamp":"2025-11-10 11:53:52"}
{"level":"info","message":"🚀 Multiplicador Spaceman 1: 11041642913 = 1.93x","timestamp":"2025-11-10 11:53:52"}
{"level":"info","message":"🚀 Multiplicador Spaceman 1: 11041642913 = 1.94x","timestamp":"2025-11-10 11:53:53"}
{"level":"info","message":"🚀 Multiplicador Spaceman 1: 11041642913 = 1.95x","timestamp":"2025-11-10 11:53:53"}
{"level":"info","message":"🚀 Multiplicador Spaceman 1: 11041642913 = 1.96x","timestamp":"2025-11-10 11:53:53"}
{"level":"info","message":"🚀 Multiplicador Spaceman 1: 11041642913 = 1.97x","timestamp":"2025-11-10 11:53:53"}
{"level":"info","message":"🚀 Multiplicador Spaceman 1: 11041642913 = 1.98x","timestamp":"2025-11-10 11:53:53"}
{"level":"info","message":"🚀 Multiplicador Spaceman 1: 11041642913 = 1.99x","timestamp":"2025-11-10 11:53:53"}
{"level":"info","message":"🚀 Multiplicador Spaceman 1: 11041642913 = 2x","timestamp":"2025-11-10 11:53:53"}
{"level":"info","message":"🚀 Multiplicador Spaceman 1: 11041642913 = 2.01x","timestamp":"2025-11-10 11:53:53"}
{"level":"info","message":"🚀 Multiplicador Spaceman 1: 11041642913 = 2.02x","timestamp":"2025-11-10 11:53:53"}
{"level":"info","message":"🚀 Multiplicador Spaceman 1: 11041642913 = 2.03x","timestamp":"2025-11-10 11:53:53"}
{"level":"info","message":"🚀 Multiplicador Spaceman 1: 11041642913 = 2.04x","timestamp":"2025-11-10 11:53:53"}
{"level":"info","message":"🚀 Multiplicador Spaceman 1: 11041642913 = 2.05x","timestamp":"2025-11-10 11:53:53"}
{"level":"info","message":"🚀 Multiplicador Spaceman 1: 11041642913 = 2.06x","timestamp":"2025-11-10 11:53:53"}
{"level":"info","message":"🚀 Multiplicador Spaceman 1: 11041642913 = 2.07x","timestamp":"2025-11-10 11:53:53"}
{"level":"info","message":"🚀 Multiplicador Spaceman 1: 11041642913 = 2.08x","timestamp":"2025-11-10 11:53:53"}
{"level":"info","message":"🚀 Multiplicador Spaceman 1: 11041642913 = 2.09x","timestamp":"2025-11-10 11:53:53"}
{"level":"info","message":"🚀 Multiplicador Spaceman 1: 11041642913 = 2.1x","timestamp":"2025-11-10 11:53:53"}
{"level":"info","message":"🚀 Multiplicador Spaceman 1: 11041642913 = 2.11x","timestamp":"2025-11-10 11:53:54"}
{"level":"info","message":"🚀 Multiplicador Spaceman 1: 11041642913 = 2.12x","timestamp":"2025-11-10 11:53:54"}
{"level":"info","message":"🚀 Multiplicador Spaceman 1: 11041642913 = 2.13x","timestamp":"2025-11-10 11:53:54"}
{"level":"info","message":"🚀 Multiplicador Spaceman 1: 11041642913 = 2.14x","timestamp":"2025-11-10 11:53:54"}
{"level":"info","message":"🚀 Multiplicador Spaceman 1: 11041642913 = 2.15x","timestamp":"2025-11-10 11:53:54"}
{"level":"info","message":"🚀 Multiplicador Spaceman 1: 11041642913 = 2.16x","timestamp":"2025-11-10 11:53:54"}
{"level":"info","message":"🚀 Multiplicador Spaceman 1: 11041642913 = 2.17x","timestamp":"2025-11-10 11:53:54"}
{"level":"info","message":"🚀 Multiplicador Spaceman 1: 11041642913 = 2.18x","timestamp":"2025-11-10 11:53:54"}
{"level":"info","message":"🚀 Multiplicador Spaceman 1: 11041642913 = 2.19x","timestamp":"2025-11-10 11:53:54"}
{"level":"info","message":"🚀 Multiplicador Spaceman 1: 11041642913 = 2.2x","timestamp":"2025-11-10 11:53:54"}
{"level":"info","message":"🚀 Multiplicador Spaceman 1: 11041642913 = 2.21x","timestamp":"2025-11-10 11:53:54"}
{"level":"info","message":"🚀 Multiplicador Spaceman 1: 11041642913 = 2.22x","timestamp":"2025-11-10 11:53:54"}
{"level":"info","message":"🚀 Multiplicador Spaceman 1: 11041642913 = 2.23x","timestamp":"2025-11-10 11:53:54"}
{"level":"info","message":"🚀 Multiplicador Spaceman 1: 11041642913 = 2.24x","timestamp":"2025-11-10 11:53:54"}
{"level":"info","message":"🚀 Multiplicador Spaceman 1: 11041642913 = 2.25x","timestamp":"2025-11-10 11:53:54"}
{"level":"info","message":"🚀 Multiplicador Spaceman 1: 11041642913 = 2.26x","timestamp":"2025-11-10 11:53:54"}
{"level":"info","message":"🚀 Multiplicador Spaceman 1: 11041642913 = 2.27x","timestamp":"2025-11-10 11:53:54"}
{"level":"info","message":"🚀 Multiplicador Spaceman 1: 11041642913 = 2.28x","timestamp":"2025-11-10 11:53:54"}
{"level":"info","message":"🚀 Multiplicador Spaceman 1: 11041642913 = 2.29x","timestamp":"2025-11-10 11:53:55"}
{"level":"info","message":"🚀 Multiplicador Spaceman 1: 11041642913 = 2.3x","timestamp":"2025-11-10 11:53:55"}
{"level":"info","message":"🚀 Multiplicador Spaceman 1: 11041642913 = 2.31x","timestamp":"2025-11-10 11:53:55"}
{"level":"info","message":"🚀 Multiplicador Spaceman 1: 11041642913 = 2.32x","timestamp":"2025-11-10 11:53:55"}
{"level":"info","message":"🚀 Multiplicador Spaceman 1: 11041642913 = 2.33x","timestamp":"2025-11-10 11:53:55"}
{"level":"info","message":"🚀 Multiplicador Spaceman 1: 11041642913 = 2.34x","timestamp":"2025-11-10 11:53:55"}
{"level":"info","message":"🚀 Multiplicador Spaceman 1: 11041642913 = 2.35x","timestamp":"2025-11-10 11:53:55"}
{"level":"info","message":"🚀 Multiplicador Spaceman 1: 11041642913 = 2.36x","timestamp":"2025-11-10 11:53:55"}
{"level":"info","message":"🚀 Multiplicador Spaceman 1: 11041642913 = 2.37x","timestamp":"2025-11-10 11:53:55"}
{"level":"info","message":"🚀 Multiplicador Spaceman 1: 11041642913 = 2.38x","timestamp":"2025-11-10 11:53:55"}
{"level":"info","message":"🚀 Multiplicador Spaceman 1: 11041642913 = 2.39x","timestamp":"2025-11-10 11:53:55"}
{"level":"info","message":"🚀 Multiplicador Spaceman 1: 11041642913 = 2.4x","timestamp":"2025-11-10 11:53:55"}
{"level":"info","message":"🚀 Multiplicador Spaceman 1: 11041642913 = 2.41x","timestamp":"2025-11-10 11:53:55"}
{"level":"info","message":"🚀 Multiplicador Spaceman 1: 11041642913 = 2.42x","timestamp":"2025-11-10 11:53:55"}
{"level":"info","message":"🚀 Multiplicador Spaceman 1: 11041642913 = 2.43x","timestamp":"2025-11-10 11:53:55"}
{"level":"info","message":"🚀 Multiplicador Spaceman 1: 11041642913 = 2.44x","timestamp":"2025-11-10 11:53:55"}
{"level":"info","message":"🚀 Multiplicador Spaceman 1: 11041642913 = 2.45x","timestamp":"2025-11-10 11:53:55"}
{"level":"info","message":"🚀 Multiplicador Spaceman 1: 11041642913 = 2.46x","timestamp":"2025-11-10 11:53:55"}
{"level":"info","message":"🚀 Multiplicador Spaceman 1: 11041642913 = 2.47x","timestamp":"2025-11-10 11:53:55"}
{"level":"info","message":"🚀 Multiplicador Spaceman 1: 11041642913 = 2.48x","timestamp":"2025-11-10 11:53:55"}
{"level":"info","message":"🚀 Multiplicador Spaceman 1: 11041642913 = 2.49x","timestamp":"2025-11-10 11:53:55"}
{"level":"info","message":"🚀 Multiplicador Spaceman 1: 11041642913 = 2.5x","timestamp":"2025-11-10 11:53:56"}
{"level":"info","message":"🚀 Multiplicador Spaceman 1: 11041642913 = 2.51x","timestamp":"2025-11-10 11:53:56"}
{"level":"info","message":"🚀 Multiplicador Spaceman 1: 11041642913 = 2.52x","timestamp":"2025-11-10 11:53:56"}
{"level":"info","message":"🚀 Multiplicador Spaceman 1: 11041642913 = 2.53x","timestamp":"2025-11-10 11:53:56"}
{"level":"info","message":"🚀 Multiplicador Spaceman 1: 11041642913 = 2.54x","timestamp":"2025-11-10 11:53:56"}
{"level":"info","message":"🚀 Multiplicador Spaceman 1: 11041642913 = 2.55x","timestamp":"2025-11-10 11:53:56"}
{"level":"info","message":"🚀 Multiplicador Spaceman 1: 11041642913 = 2.56x","timestamp":"2025-11-10 11:53:56"}
{"level":"info","message":"🚀 Multiplicador Spaceman 1: 11041642913 = 2.57x","timestamp":"2025-11-10 11:53:56"}
{"level":"info","message":"🚀 Multiplicador Spaceman 1: 11041642913 = 2.58x","timestamp":"2025-11-10 11:53:56"}
{"level":"info","message":"🚀 Multiplicador Spaceman 1: 11041642913 = 2.59x","timestamp":"2025-11-10 11:53:56"}
{"level":"info","message":"🚀 Multiplicador Spaceman 1: 11041642913 = 2.6x","timestamp":"2025-11-10 11:53:56"}
{"level":"info","message":"🚀 Multiplicador Spaceman 1: 11041642913 = 2.61x","timestamp":"2025-11-10 11:53:56"}
{"level":"info","message":"🚀 Multiplicador Spaceman 1: 11041642913 = 2.62x","timestamp":"2025-11-10 11:53:56"}
{"level":"info","message":"🚀 Multiplicador Spaceman 1: 11041642913 = 2.64x","timestamp":"2025-11-10 11:53:56"}
{"level":"info","message":"🚀 Multiplicador Spaceman 1: 11041642913 = 2.65x","timestamp":"2025-11-10 11:53:56"}
{"level":"info","message":"🚀 Multiplicador Spaceman 1: 11041642913 = 2.66x","timestamp":"2025-11-10 11:53:56"}
{"level":"info","message":"🚀 Multiplicador Spaceman 1: 11041642913 = 2.67x","timestamp":"2025-11-10 11:53:56"}
{"level":"info","message":"🚀 Multiplicador Spaceman 1: 11041642913 = 2.68x","timestamp":"2025-11-10 11:53:56"}
{"level":"info","message":"🚀 Multiplicador Spaceman 1: 11041642913 = 2.7x","timestamp":"2025-11-10 11:53:56"}
{"level":"info","message":"🚀 Multiplicador Spaceman 1: 11041642913 = 2.71x","timestamp":"2025-11-10 11:53:56"}
{"level":"info","message":"🚀 Multiplicador Spaceman 1: 11041642913 = 2.72x","timestamp":"2025-11-10 11:53:57"}
{"level":"info","message":"🚀 Multiplicador Spaceman 1: 11041642913 = 2.73x","timestamp":"2025-11-10 11:53:57"}
{"level":"info","message":"🚀 Multiplicador Spaceman 1: 11041642913 = 2.74x","timestamp":"2025-11-10 11:53:57"}
{"level":"info","message":"🚀 Multiplicador Spaceman 1: 11041642913 = 2.75x","timestamp":"2025-11-10 11:53:57"}
{"level":"info","message":"🚀 Multiplicador Spaceman 1: 11041642913 = 2.77x","timestamp":"2025-11-10 11:53:57"}
{"level":"info","message":"🚀 Multiplicador Spaceman 1: 11041642913 = 2.78x","timestamp":"2025-11-10 11:53:57"}
{"level":"info","message":"🚀 Multiplicador Spaceman 1: 11041642913 = 2.79x","timestamp":"2025-11-10 11:53:57"}
{"level":"info","message":"🚀 Multiplicador Spaceman 1: 11041642913 = 2.8x","timestamp":"2025-11-10 11:53:57"}
{"level":"info","message":"🚀 Multiplicador Spaceman 1: 11041642913 = 2.81x","timestamp":"2025-11-10 11:53:57"}
{"level":"info","message":"🚀 Multiplicador Spaceman 1: 11041642913 = 2.82x","timestamp":"2025-11-10 11:53:57"}
{"level":"info","message":"🚀 Multiplicador Spaceman 1: 11041642913 = 2.84x","timestamp":"2025-11-10 11:53:57"}
{"level":"info","message":"🚀 Multiplicador Spaceman 1: 11041642913 = 2.85x","timestamp":"2025-11-10 11:53:57"}
{"level":"info","message":"🚀 Multiplicador Spaceman 1: 11041642913 = 2.86x","timestamp":"2025-11-10 11:53:57"}
{"level":"info","message":"🚀 Multiplicador Spaceman 1: 11041642913 = 2.87x","timestamp":"2025-11-10 11:53:57"}
{"level":"info","message":"🚀 Multiplicador Spaceman 1: 11041642913 = 2.89x","timestamp":"2025-11-10 11:53:57"}
{"level":"info","message":"🚀 Multiplicador Spaceman 1: 11041642913 = 2.9x","timestamp":"2025-11-10 11:53:57"}
{"level":"info","message":"🚀 Multiplicador Spaceman 1: 11041642913 = 2.91x","timestamp":"2025-11-10 11:53:57"}
{"level":"info","message":"🚀 Multiplicador Spaceman 1: 11041642913 = 2.92x","timestamp":"2025-11-10 11:53:57"}
{"level":"info","message":"🚀 Multiplicador Spaceman 1: 11041642913 = 2.93x","timestamp":"2025-11-10 11:53:58"}
{"level":"info","message":"🚀 Multiplicador Spaceman 1: 11041642913 = 2.95x","timestamp":"2025-11-10 11:53:58"}
{"level":"info","message":"🚀 Multiplicador Spaceman 1: 11041642913 = 2.96x","timestamp":"2025-11-10 11:53:58"}
{"level":"info","message":"🚀 Multiplicador Spaceman 1: 11041642913 = 2.97x","timestamp":"2025-11-10 11:53:58"}
{"level":"info","message":"🚀 Multiplicador Spaceman 1: 11041642913 = 2.98x","timestamp":"2025-11-10 11:53:58"}
{"level":"info","message":"🚀 Multiplicador Spaceman 1: 11041642913 = 3x","timestamp":"2025-11-10 11:53:58"}
{"level":"info","message":"🚀 Multiplicador Spaceman 1: 11041642913 = 3.01x","timestamp":"2025-11-10 11:53:58"}
{"level":"info","message":"🚀 Multiplicador Spaceman 1: 11041642913 = 3.02x","timestamp":"2025-11-10 11:53:58"}
{"level":"info","message":"🚀 Multiplicador Spaceman 1: 11041642913 = 3.03x","timestamp":"2025-11-10 11:53:58"}
{"level":"info","message":"🚀 Multiplicador Spaceman 1: 11041642913 = 3.05x","timestamp":"2025-11-10 11:53:58"}
{"level":"info","message":"🚀 Multiplicador Spaceman 1: 11041642913 = 3.06x","timestamp":"2025-11-10 11:53:58"}
{"level":"info","message":"🚀 Multiplicador Spaceman 1: 11041642913 = 3.07x","timestamp":"2025-11-10 11:53:58"}
{"level":"info","message":"🚀 Multiplicador Spaceman 1: 11041642913 = 3.08x","timestamp":"2025-11-10 11:53:58"}
{"level":"info","message":"🚀 Multiplicador Spaceman 1: 11041642913 = 3.1x","timestamp":"2025-11-10 11:53:58"}
{"level":"info","message":"🚀 Multiplicador Spaceman 1: 11041642913 = 3.11x","timestamp":"2025-11-10 11:53:58"}
{"level":"info","message":"🚀 Multiplicador Spaceman 1: 11041642913 = 3.12x","timestamp":"2025-11-10 11:53:58"}
{"level":"info","message":"🚀 Multiplicador Spaceman 1: 11041642913 = 3.14x","timestamp":"2025-11-10 11:53:58"}
{"level":"info","message":"🚀 Multiplicador Spaceman 1: 11041642913 = 3.15x","timestamp":"2025-11-10 11:53:58"}
{"level":"info","message":"🚀 Multiplicador Spaceman 1: 11041642913 = 3.17x","timestamp":"2025-11-10 11:53:58"}
{"level":"info","message":"🚀 Multiplicador Spaceman 1: 11041642913 = 3.18x","timestamp":"2025-11-10 11:53:58"}
{"level":"info","message":"🚀 Multiplicador Spaceman 1: 11041642913 = 3.19x","timestamp":"2025-11-10 11:53:58"}
{"level":"info","message":"🚀 Multiplicador Spaceman 1: 11041642913 = 3.2x","timestamp":"2025-11-10 11:53:59"}
{"level":"info","message":"🚀 Multiplicador Spaceman 1: 11041642913 = 3.22x","timestamp":"2025-11-10 11:53:59"}
{"level":"info","message":"🚀 Multiplicador Spaceman 1: 11041642913 = 3.23x","timestamp":"2025-11-10 11:53:59"}
{"level":"info","message":"🚀 Multiplicador Spaceman 1: 11041642913 = 3.25x","timestamp":"2025-11-10 11:53:59"}
{"level":"info","message":"🚀 Multiplicador Spaceman 1: 11041642913 = 3.26x","timestamp":"2025-11-10 11:53:59"}
{"level":"info","message":"🚀 Multiplicador Spaceman 1: 11041642913 = 3.27x","timestamp":"2025-11-10 11:53:59"}
{"level":"info","message":"🚀 Multiplicador Spaceman 1: 11041642913 = 3.29x","timestamp":"2025-11-10 11:53:59"}
{"level":"info","message":"🚀 Multiplicador Spaceman 1: 11041642913 = 3.31x","timestamp":"2025-11-10 11:53:59"}
{"level":"info","message":"🚀 Multiplicador Spaceman 1: 11041642913 = 3.32x","timestamp":"2025-11-10 11:53:59"}
{"level":"info","message":"🚀 Multiplicador Spaceman 1: 11041642913 = 3.34x","timestamp":"2025-11-10 11:53:59"}
{"level":"info","message":"🚀 Multiplicador Spaceman 1: 11041642913 = 3.35x","timestamp":"2025-11-10 11:53:59"}
{"level":"info","message":"🚀 Multiplicador Spaceman 1: 11041642913 = 3.36x","timestamp":"2025-11-10 11:53:59"}
{"level":"info","message":"🚀 Multiplicador Spaceman 1: 11041642913 = 3.38x","timestamp":"2025-11-10 11:53:59"}
{"level":"info","message":"🚀 Multiplicador Spaceman 1: 11041642913 = 3.39x","timestamp":"2025-11-10 11:53:59"}
{"level":"info","message":"🚀 Multiplicador Spaceman 1: 11041642913 = 3.41x","timestamp":"2025-11-10 11:53:59"}
{"level":"info","message":"🚀 Multiplicador Spaceman 1: 11041642913 = 3.42x","timestamp":"2025-11-10 11:53:59"}
{"level":"info","message":"🚀 Multiplicador Spaceman 1: 11041642913 = 3.43x","timestamp":"2025-11-10 11:53:59"}
{"level":"info","message":"🚀 Multiplicador Spaceman 1: 11041642913 = 3.45x","timestamp":"2025-11-10 11:53:59"}
{"level":"info","message":"🚀 Multiplicador Spaceman 1: 11041642913 = 3.46x","timestamp":"2025-11-10 11:53:59"}
{"level":"info","message":"🚀 Multiplicador Spaceman 1: 11041642913 = 3.48x","timestamp":"2025-11-10 11:54:00"}
{"level":"info","message":"🚀 Multiplicador Spaceman 1: 11041642913 = 3.49x","timestamp":"2025-11-10 11:54:00"}
{"level":"info","message":"🚀 Multiplicador Spaceman 1: 11041642913 = 3.51x","timestamp":"2025-11-10 11:54:00"}
{"level":"info","message":"🚀 Multiplicador Spaceman 1: 11041642913 = 3.52x","timestamp":"2025-11-10 11:54:00"}
{"level":"info","message":"🚀 Multiplicador Spaceman 1: 11041642913 = 3.54x","timestamp":"2025-11-10 11:54:00"}
{"level":"info","message":"🚀 Multiplicador Spaceman 1: 11041642913 = 3.56x","timestamp":"2025-11-10 11:54:00"}
{"level":"info","message":"🚀 Multiplicador Spaceman 1: 11041642913 = 3.57x","timestamp":"2025-11-10 11:54:00"}
{"level":"info","message":"🚀 Multiplicador Spaceman 1: 11041642913 = 3.59x","timestamp":"2025-11-10 11:54:00"}
{"level":"info","message":"🚀 Multiplicador Spaceman 1: 11041642913 = 3.6x","timestamp":"2025-11-10 11:54:00"}
{"level":"info","message":"🚀 Multiplicador Spaceman 1: 11041642913 = 3.62x","timestamp":"2025-11-10 11:54:00"}
{"level":"info","message":"🚀 Multiplicador Spaceman 1: 11041642913 = 3.63x","timestamp":"2025-11-10 11:54:00"}
{"level":"info","message":"🚀 Multiplicador Spaceman 1: 11041642913 = 3.65x","timestamp":"2025-11-10 11:54:00"}
{"level":"info","message":"🚀 Multiplicador Spaceman 1: 11041642913 = 3.66x","timestamp":"2025-11-10 11:54:00"}
{"level":"info","message":"🚀 Multiplicador Spaceman 1: 11041642913 = 3.68x","timestamp":"2025-11-10 11:54:00"}
{"level":"info","message":"🚀 Multiplicador Spaceman 1: 11041642913 = 3.69x","timestamp":"2025-11-10 11:54:00"}
{"level":"info","message":"🚀 Multiplicador Spaceman 1: 11041642913 = 3.71x","timestamp":"2025-11-10 11:54:00"}
{"level":"info","message":"🚀 Multiplicador Spaceman 1: 11041642913 = 3.72x","timestamp":"2025-11-10 11:54:00"}
{"level":"info","message":"🚀 Multiplicador Spaceman 1: 11041642913 = 3.74x","timestamp":"2025-11-10 11:54:00"}
{"level":"info","message":"🚀 Multiplicador Spaceman 1: 11041642913 = 3.75x","timestamp":"2025-11-10 11:54:00"}
{"level":"info","message":"🚀 Multiplicador Spaceman 1: 11041642913 = 3.77x","timestamp":"2025-11-10 11:54:00"}
{"level":"info","message":"🚀 Multiplicador Spaceman 1: 11041642913 = 3.79x","timestamp":"2025-11-10 11:54:01"}
{"level":"info","message":"🚀 Multiplicador Spaceman 1: 11041642913 = 3.8x","timestamp":"2025-11-10 11:54:01"}
{"level":"info","message":"🚀 Multiplicador Spaceman 1: 11041642913 = 3.82x","timestamp":"2025-11-10 11:54:01"}
{"level":"info","message":"🚀 Multiplicador Spaceman 1: 11041642913 = 3.84x","timestamp":"2025-11-10 11:54:01"}
{"level":"info","message":"🚀 Multiplicador Spaceman 1: 11041642913 = 3.86x","timestamp":"2025-11-10 11:54:01"}
{"level":"info","message":"🚀 Multiplicador Spaceman 1: 11041642913 = 3.87x","timestamp":"2025-11-10 11:54:01"}
{"level":"info","message":"🚀 Multiplicador Spaceman 1: 11041642913 = 3.89x","timestamp":"2025-11-10 11:54:01"}
{"level":"info","message":"🚀 Multiplicador Spaceman 1: 11041642913 = 3.9x","timestamp":"2025-11-10 11:54:01"}
{"level":"info","message":"🚀 Multiplicador Spaceman 1: 11041642913 = 3.92x","timestamp":"2025-11-10 11:54:01"}
{"level":"info","message":"🚀 Multiplicador Spaceman 1: 11041642913 = 3.94x","timestamp":"2025-11-10 11:54:01"}
{"level":"info","message":"🚀 Multiplicador Spaceman 1: 11041642913 = 3.95x","timestamp":"2025-11-10 11:54:01"}
{"level":"info","message":"🚀 Multiplicador Spaceman 1: 11041642913 = 3.97x","timestamp":"2025-11-10 11:54:01"}
{"level":"info","message":"🚀 Multiplicador Spaceman 1: 11041642913 = 3.99x","timestamp":"2025-11-10 11:54:01"}
{"level":"info","message":"🚀 Multiplicador Spaceman 1: 11041642913 = 4x","timestamp":"2025-11-10 11:54:01"}
{"level":"info","message":"🚀 Multiplicador Spaceman 1: 11041642913 = 4.02x","timestamp":"2025-11-10 11:54:01"}
{"level":"info","message":"🚀 Multiplicador Spaceman 1: 11041642913 = 4.04x","timestamp":"2025-11-10 11:54:01"}
{"level":"info","message":"🚀 Multiplicador Spaceman 1: 11041642913 = 4.06x","timestamp":"2025-11-10 11:54:01"}
{"level":"info","message":"🚀 Multiplicador Spaceman 1: 11041642913 = 4.08x","timestamp":"2025-11-10 11:54:01"}
{"level":"info","message":"🚀 Multiplicador Spaceman 1: 11041642913 = 4.1x","timestamp":"2025-11-10 11:54:02"}
{"level":"info","message":"🚀 Multiplicador Spaceman 1: 11041642913 = 4.12x","timestamp":"2025-11-10 11:54:02"}
{"level":"info","message":"🚀 Multiplicador Spaceman 1: 11041642913 = 4.14x","timestamp":"2025-11-10 11:54:02"}
{"level":"info","message":"🚀 Multiplicador Spaceman 1: 11041642913 = 4.15x","timestamp":"2025-11-10 11:54:02"}
{"level":"info","message":"🚀 Multiplicador Spaceman 1: 11041642913 = 4.17x","timestamp":"2025-11-10 11:54:02"}
{"level":"info","message":"🚀 Multiplicador Spaceman 1: 11041642913 = 4.19x","timestamp":"2025-11-10 11:54:02"}
{"level":"info","message":"🚀 Multiplicador Spaceman 1: 11041642913 = 4.2x","timestamp":"2025-11-10 11:54:02"}
{"level":"info","message":"🚀 Multiplicador Spaceman 1: 11041642913 = 4.22x","timestamp":"2025-11-10 11:54:02"}
{"level":"info","message":"🚀 Multiplicador Spaceman 1: 11041642913 = 4.24x","timestamp":"2025-11-10 11:54:02"}
{"level":"info","message":"🚀 Multiplicador Spaceman 1: 11041642913 = 4.26x","timestamp":"2025-11-10 11:54:02"}
{"level":"info","message":"🚀 Multiplicador Spaceman 1: 11041642913 = 4.28x","timestamp":"2025-11-10 11:54:02"}
{"level":"info","message":"🚀 Multiplicador Spaceman 1: 11041642913 = 4.3x","timestamp":"2025-11-10 11:54:02"}
{"level":"info","message":"🚀 Multiplicador Spaceman 1: 11041642913 = 4.32x","timestamp":"2025-11-10 11:54:02"}
{"level":"info","message":"🚀 Multiplicador Spaceman 1: 11041642913 = 4.34x","timestamp":"2025-11-10 11:54:02"}
{"level":"info","message":"🚀 Multiplicador Spaceman 1: 11041642913 = 4.35x","timestamp":"2025-11-10 11:54:02"}
{"level":"info","message":"🚀 Multiplicador Spaceman 1: 11041642913 = 4.37x","timestamp":"2025-11-10 11:54:02"}
{"level":"info","message":"🚀 Multiplicador Spaceman 1: 11041642913 = 4.39x","timestamp":"2025-11-10 11:54:02"}
{"level":"info","message":"🚀 Multiplicador Spaceman 1: 11041642913 = 4.4x","timestamp":"2025-11-10 11:54:02"}
{"level":"info","message":"🚀 Multiplicador Spaceman 1: 11041642913 = 4.42x","timestamp":"2025-11-10 11:54:02"}
{"level":"info","message":"🚀 Multiplicador Spaceman 1: 11041642913 = 4.44x","timestamp":"2025-11-10 11:54:02"}
{"level":"info","message":"🚀 Multiplicador Spaceman 1: 11041642913 = 4.46x","timestamp":"2025-11-10 11:54:03"}
{"level":"info","message":"🚀 Multiplicador Spaceman 1: 11041642913 = 4.48x","timestamp":"2025-11-10 11:54:03"}
{"level":"info","message":"🚀 Multiplicador Spaceman 1: 11041642913 = 4.5x","timestamp":"2025-11-10 11:54:03"}
{"level":"info","message":"🚀 Multiplicador Spaceman 1: 11041642913 = 4.52x","timestamp":"2025-11-10 11:54:03"}
{"level":"info","message":"🚀 Multiplicador Spaceman 1: 11041642913 = 4.54x","timestamp":"2025-11-10 11:54:03"}
{"level":"info","message":"🚀 Multiplicador Spaceman 1: 11041642913 = 4.55x","timestamp":"2025-11-10 11:54:03"}
{"level":"info","message":"🚀 Multiplicador Spaceman 1: 11041642913 = 4.57x","timestamp":"2025-11-10 11:54:03"}
{"level":"info","message":"🚀 Multiplicador Spaceman 1: 11041642913 = 4.59x","timestamp":"2025-11-10 11:54:03"}
{"level":"info","message":"🚀 Multiplicador Spaceman 1: 11041642913 = 4.61x","timestamp":"2025-11-10 11:54:03"}
{"level":"info","message":"🚀 Multiplicador Spaceman 1: 11041642913 = 4.63x","timestamp":"2025-11-10 11:54:03"}
{"level":"info","message":"🚀 Multiplicador Spaceman 1: 11041642913 = 4.65x","timestamp":"2025-11-10 11:54:03"}
{"level":"info","message":"🚀 Multiplicador Spaceman 1: 11041642913 = 4.67x","timestamp":"2025-11-10 11:54:03"}
{"level":"info","message":"🚀 Multiplicador Spaceman 1: 11041642913 = 4.69x","timestamp":"2025-11-10 11:54:03"}
{"level":"info","message":"🚀 Multiplicador Spaceman 1: 11041642913 = 4.71x","timestamp":"2025-11-10 11:54:03"}
{"level":"info","message":"🚀 Multiplicador Spaceman 1: 11041642913 = 4.73x","timestamp":"2025-11-10 11:54:03"}
{"level":"info","message":"🚀 Multiplicador Spaceman 1: 11041642913 = 4.75x","timestamp":"2025-11-10 11:54:03"}
{"level":"info","message":"🚀 Multiplicador Spaceman 1: 11041642913 = 4.77x","timestamp":"2025-11-10 11:54:03"}
{"level":"info","message":"🚀 Multiplicador Spaceman 1: 11041642913 = 4.79x","timestamp":"2025-11-10 11:54:03"}
{"level":"info","message":"🚀 Multiplicador Spaceman 1: 11041642913 = 4.81x","timestamp":"2025-11-10 11:54:03"}
{"level":"info","message":"🚀 Multiplicador Spaceman 1: 11041642913 = 4.83x","timestamp":"2025-11-10 11:54:03"}
{"level":"info","message":"🚀 Multiplicador Spaceman 1: 11041642913 = 4.85x","timestamp":"2025-11-10 11:54:04"}
{"level":"info","message":"🚀 Multiplicador Spaceman 1: 11041642913 = 4.87x","timestamp":"2025-11-10 11:54:04"}
{"level":"info","message":"🚀 Multiplicador Spaceman 1: 11041642913 = 4.89x","timestamp":"2025-11-10 11:54:04"}
{"level":"info","message":"🚀 Multiplicador Spaceman 1: 11041642913 = 4.91x","timestamp":"2025-11-10 11:54:04"}
{"level":"info","message":"🚀 Multiplicador Spaceman 1: 11041642913 = 4.93x","timestamp":"2025-11-10 11:54:04"}
{"level":"info","message":"🚀 Multiplicador Spaceman 1: 11041642913 = 4.95x","timestamp":"2025-11-10 11:54:04"}
{"level":"info","message":"🚀 Multiplicador Spaceman 1: 11041642913 = 4.97x","timestamp":"2025-11-10 11:54:04"}
{"level":"info","message":"🚀 Multiplicador Spaceman 1: 11041642913 = 4.99x","timestamp":"2025-11-10 11:54:04"}
{"level":"info","message":"🚀 Multiplicador Spaceman 1: 11041642913 = 5.02x","timestamp":"2025-11-10 11:54:04"}
{"level":"info","message":"🚀 Multiplicador Spaceman 1: 11041642913 = 5.04x","timestamp":"2025-11-10 11:54:04"}
{"level":"info","message":"🚀 Multiplicador Spaceman 1: 11041642913 = 5.06x","timestamp":"2025-11-10 11:54:04"}
{"level":"info","message":"🚀 Multiplicador Spaceman 1: 11041642913 = 5.08x","timestamp":"2025-11-10 11:54:04"}
{"level":"info","message":"🚀 Multiplicador Spaceman 1: 11041642913 = 5.1x","timestamp":"2025-11-10 11:54:04"}
{"level":"info","message":"🚀 Multiplicador Spaceman 1: 11041642913 = 5.12x","timestamp":"2025-11-10 11:54:04"}
{"level":"info","message":"🚀 Multiplicador Spaceman 1: 11041642913 = 5.15x","timestamp":"2025-11-10 11:54:04"}
{"level":"info","message":"🚀 Multiplicador Spaceman 1: 11041642913 = 5.17x","timestamp":"2025-11-10 11:54:04"}
{"level":"info","message":"🚀 Multiplicador Spaceman 1: 11041642913 = 5.19x","timestamp":"2025-11-10 11:54:04"}
{"level":"info","message":"🚀 Multiplicador Spaceman 1: 11041642913 = 5.21x","timestamp":"2025-11-10 11:54:04"}
{"level":"info","message":"🚀 Multiplicador Spaceman 1: 11041642913 = 5.23x","timestamp":"2025-11-10 11:54:04"}
{"level":"info","message":"🚀 Multiplicador Spaceman 1: 11041642913 = 5.26x","timestamp":"2025-11-10 11:54:04"}
{"level":"info","message":"🚀 Multiplicador Spaceman 1: 11041642913 = 5.28x","timestamp":"2025-11-10 11:54:05"}
{"level":"info","message":"🚀 Multiplicador Spaceman 1: 11041642913 = 5.3x","timestamp":"2025-11-10 11:54:05"}
{"level":"info","message":"🚀 Multiplicador Spaceman 1: 11041642913 = 5.32x","timestamp":"2025-11-10 11:54:05"}
{"level":"info","message":"🚀 Multiplicador Spaceman 1: 11041642913 = 5.34x","timestamp":"2025-11-10 11:54:05"}
{"level":"info","message":"🚀 Multiplicador Spaceman 1: 11041642913 = 5.36x","timestamp":"2025-11-10 11:54:05"}
{"level":"info","message":"🚀 Multiplicador Spaceman 1: 11041642913 = 5.39x","timestamp":"2025-11-10 11:54:05"}
{"level":"info","message":"🚀 Multiplicador Spaceman 1: 11041642913 = 5.41x","timestamp":"2025-11-10 11:54:05"}
{"level":"info","message":"🚀 Multiplicador Spaceman 1: 11041642913 = 5.43x","timestamp":"2025-11-10 11:54:05"}
{"level":"info","message":"🚀 Multiplicador Spaceman 1: 11041642913 = 5.46x","timestamp":"2025-11-10 11:54:05"}
{"level":"info","message":"🚀 Multiplicador Spaceman 1: 11041642913 = 5.48x","timestamp":"2025-11-10 11:54:05"}
{"level":"info","message":"🚀 Multiplicador Spaceman 1: 11041642913 = 5.5x","timestamp":"2025-11-10 11:54:05"}
{"level":"info","message":"🚀 Multiplicador Spaceman 1: 11041642913 = 5.52x","timestamp":"2025-11-10 11:54:05"}
{"level":"info","message":"🚀 Multiplicador Spaceman 1: 11041642913 = 5.55x","timestamp":"2025-11-10 11:54:05"}
{"level":"info","message":"🚀 Multiplicador Spaceman 1: 11041642913 = 5.57x","timestamp":"2025-11-10 11:54:05"}
{"level":"info","message":"🚀 Multiplicador Spaceman 1: 11041642913 = 5.59x","timestamp":"2025-11-10 11:54:05"}
{"level":"info","message":"🚀 Multiplicador Spaceman 1: 11041642913 = 5.61x","timestamp":"2025-11-10 11:54:05"}
{"level":"info","message":"🚀 Multiplicador Spaceman 1: 11041642913 = 5.64x","timestamp":"2025-11-10 11:54:05"}
{"level":"info","message":"🚀 Multiplicador Spaceman 1: 11041642913 = 5.67x","timestamp":"2025-11-10 11:54:05"}
{"level":"info","message":"🚀 Multiplicador Spaceman 1: 11041642913 = 5.69x","timestamp":"2025-11-10 11:54:05"}
{"level":"info","message":"🚀 Multiplicador Spaceman 1: 11041642913 = 5.72x","timestamp":"2025-11-10 11:54:05"}
{"level":"info","message":"🚀 Multiplicador Spaceman 1: 11041642913 = 5.74x","timestamp":"2025-11-10 11:54:06"}
{"level":"info","message":"🚀 Multiplicador Spaceman 1: 11041642913 = 5.76x","timestamp":"2025-11-10 11:54:06"}
{"level":"info","message":"🚀 Multiplicador Spaceman 1: 11041642913 = 5.78x","timestamp":"2025-11-10 11:54:06"}
{"level":"info","message":"🚀 Multiplicador Spaceman 1: 11041642913 = 5.81x","timestamp":"2025-11-10 11:54:06"}
{"level":"info","message":"🚀 Multiplicador Spaceman 1: 11041642913 = 5.83x","timestamp":"2025-11-10 11:54:06"}
{"level":"info","message":"🚀 Multiplicador Spaceman 1: 11041642913 = 5.86x","timestamp":"2025-11-10 11:54:06"}
{"level":"info","message":"🚀 Multiplicador Spaceman 1: 11041642913 = 5.88x","timestamp":"2025-11-10 11:54:06"}
{"level":"info","message":"🚀 Multiplicador Spaceman 1: 11041642913 = 5.91x","timestamp":"2025-11-10 11:54:06"}
{"level":"info","message":"🚀 Multiplicador Spaceman 1: 11041642913 = 5.94x","timestamp":"2025-11-10 11:54:06"}
{"level":"info","message":"🚀 Multiplicador Spaceman 1: 11041642913 = 5.96x","timestamp":"2025-11-10 11:54:06"}
{"level":"info","message":"🚀 Multiplicador Spaceman 1: 11041642913 = 5.99x","timestamp":"2025-11-10 11:54:06"}
{"level":"info","message":"🚀 Multiplicador Spaceman 1: 11041642913 = 6.02x","timestamp":"2025-11-10 11:54:06"}
{"level":"info","message":"🚀 Multiplicador Spaceman 1: 11041642913 = 6.04x","timestamp":"2025-11-10 11:54:06"}
{"level":"info","message":"🚀 Multiplicador Spaceman 1: 11041642913 = 6.07x","timestamp":"2025-11-10 11:54:06"}
{"level":"info","message":"🚀 Multiplicador Spaceman 1: 11041642913 = 6.09x","timestamp":"2025-11-10 11:54:06"}
{"level":"info","message":"🚀 Multiplicador Spaceman 1: 11041642913 = 6.12x","timestamp":"2025-11-10 11:54:06"}
{"level":"info","message":"🚀 Multiplicador Spaceman 1: 11041642913 = 6.14x","timestamp":"2025-11-10 11:54:06"}
{"level":"info","message":"🚀 Multiplicador Spaceman 1: 11041642913 = 6.17x","timestamp":"2025-11-10 11:54:06"}
{"level":"info","message":"🚀 Multiplicador Spaceman 1: 11041642913 = 6.2x","timestamp":"2025-11-10 11:54:06"}
{"level":"info","message":"🚀 Multiplicador Spaceman 1: 11041642913 = 6.22x","timestamp":"2025-11-10 11:54:07"}
{"level":"info","message":"🚀 Multiplicador Spaceman 1: 11041642913 = 6.25x","timestamp":"2025-11-10 11:54:07"}
{"level":"info","message":"🚀 Multiplicador Spaceman 1: 11041642913 = 6.28x","timestamp":"2025-11-10 11:54:07"}
{"level":"info","message":"🚀 Multiplicador Spaceman 1: 11041642913 = 6.31x","timestamp":"2025-11-10 11:54:07"}
{"level":"info","message":"🚀 Multiplicador Spaceman 1: 11041642913 = 6.33x","timestamp":"2025-11-10 11:54:07"}
{"level":"info","message":"🚀 Multiplicador Spaceman 1: 11041642913 = 6.36x","timestamp":"2025-11-10 11:54:07"}
{"level":"info","message":"🚀 Multiplicador Spaceman 1: 11041642913 = 6.39x","timestamp":"2025-11-10 11:54:07"}
{"level":"info","message":"🚀 Multiplicador Spaceman 1: 11041642913 = 6.41x","timestamp":"2025-11-10 11:54:07"}
{"level":"info","message":"🚀 Multiplicador Spaceman 1: 11041642913 = 6.46x","timestamp":"2025-11-10 11:54:07"}
{"level":"info","message":"🚀 Multiplicador Spaceman 1: 11041642913 = 6.49x","timestamp":"2025-11-10 11:54:07"}
{"level":"info","message":"🚀 Multiplicador Spaceman 1: 11041642913 = 6.52x","timestamp":"2025-11-10 11:54:07"}
{"level":"info","message":"🚀 Multiplicador Spaceman 1: 11041642913 = 6.54x","timestamp":"2025-11-10 11:54:07"}
{"level":"info","message":"🚀 Multiplicador Spaceman 1: 11041642913 = 6.57x","timestamp":"2025-11-10 11:54:07"}
{"level":"info","message":"🚀 Multiplicador Spaceman 1: 11041642913 = 6.6x","timestamp":"2025-11-10 11:54:07"}
{"level":"info","message":"🚀 Multiplicador Spaceman 1: 11041642913 = 6.63x","timestamp":"2025-11-10 11:54:07"}
{"level":"info","message":"🚀 Multiplicador Spaceman 1: 11041642913 = 6.66x","timestamp":"2025-11-10 11:54:07"}
{"level":"info","message":"🚀 Multiplicador Spaceman 1: 11041642913 = 6.69x","timestamp":"2025-11-10 11:54:07"}
{"level":"info","message":"🚀 Multiplicador Spaceman 1: 11041642913 = 6.71x","timestamp":"2025-11-10 11:54:07"}
{"level":"info","message":"🚀 Multiplicador Spaceman 1: 11041642913 = 6.74x","timestamp":"2025-11-10 11:54:07"}
{"level":"info","message":"🚀 Multiplicador Spaceman 1: 11041642913 = 6.77x","timestamp":"2025-11-10 11:54:08"}
{"level":"info","message":"🚀 Multiplicador Spaceman 1: 11041642913 = 6.8x","timestamp":"2025-11-10 11:54:08"}
{"level":"info","message":"🚀 Multiplicador Spaceman 1: 11041642913 = 6.83x","timestamp":"2025-11-10 11:54:08"}
{"level":"info","message":"🚀 Multiplicador Spaceman 1: 11041642913 = 6.86x","timestamp":"2025-11-10 11:54:08"}
{"level":"info","message":"🚀 Multiplicador Spaceman 1: 11041642913 = 6.89x","timestamp":"2025-11-10 11:54:08"}
{"level":"info","message":"🚀 Multiplicador Spaceman 1: 11041642913 = 6.91x","timestamp":"2025-11-10 11:54:08"}
{"level":"info","message":"🚀 Multiplicador Spaceman 1: 11041642913 = 6.95x","timestamp":"2025-11-10 11:54:08"}
{"level":"info","message":"🚀 Multiplicador Spaceman 1: 11041642913 = 6.97x","timestamp":"2025-11-10 11:54:08"}
{"level":"info","message":"🚀 Multiplicador Spaceman 1: 11041642913 = 7x","timestamp":"2025-11-10 11:54:08"}
{"level":"info","message":"🚀 Multiplicador Spaceman 1: 11041642913 = 7.03x","timestamp":"2025-11-10 11:54:08"}
{"level":"info","message":"🚀 Multiplicador Spaceman 1: 11041642913 = 7.06x","timestamp":"2025-11-10 11:54:08"}
{"level":"info","message":"🚀 Multiplicador Spaceman 1: 11041642913 = 7.09x","timestamp":"2025-11-10 11:54:08"}
{"level":"info","message":"🚀 Multiplicador Spaceman 1: 11041642913 = 7.12x","timestamp":"2025-11-10 11:54:08"}
{"level":"info","message":"🚀 Multiplicador Spaceman 1: 11041642913 = 7.15x","timestamp":"2025-11-10 11:54:08"}
{"level":"info","message":"🚀 Multiplicador Spaceman 1: 11041642913 = 7.18x","timestamp":"2025-11-10 11:54:08"}
{"level":"info","message":"🚀 Multiplicador Spaceman 1: 11041642913 = 7.21x","timestamp":"2025-11-10 11:54:08"}
{"level":"info","message":"🚀 Multiplicador Spaceman 1: 11041642913 = 7.24x","timestamp":"2025-11-10 11:54:08"}
{"level":"info","message":"🚀 Multiplicador Spaceman 1: 11041642913 = 7.27x","timestamp":"2025-11-10 11:54:08"}
{"level":"info","message":"🚀 Multiplicador Spaceman 1: 11041642913 = 7.31x","timestamp":"2025-11-10 11:54:08"}
{"level":"info","message":"🚀 Multiplicador Spaceman 1: 11041642913 = 7.34x","timestamp":"2025-11-10 11:54:09"}
{"level":"info","message":"🚀 Multiplicador Spaceman 1: 11041642913 = 7.37x","timestamp":"2025-11-10 11:54:09"}
{"level":"info","message":"🚀 Multiplicador Spaceman 1: 11041642913 = 7.4x","timestamp":"2025-11-10 11:54:09"}
{"level":"info","message":"🚀 Multiplicador Spaceman 1: 11041642913 = 7.43x","timestamp":"2025-11-10 11:54:09"}
{"level":"info","message":"🚀 Multiplicador Spaceman 1: 11041642913 = 7.46x","timestamp":"2025-11-10 11:54:09"}
{"level":"info","message":"🚀 Multiplicador Spaceman 1: 11041642913 = 7.49x","timestamp":"2025-11-10 11:54:09"}
{"level":"info","message":"🚀 Multiplicador Spaceman 1: 11041642913 = 7.53x","timestamp":"2025-11-10 11:54:09"}
{"level":"info","message":"🚀 Multiplicador Spaceman 1: 11041642913 = 7.56x","timestamp":"2025-11-10 11:54:09"}
{"level":"info","message":"🚀 Multiplicador Spaceman 1: 11041642913 = 7.59x","timestamp":"2025-11-10 11:54:09"}
{"level":"info","message":"🚀 Multiplicador Spaceman 1: 11041642913 = 7.62x","timestamp":"2025-11-10 11:54:09"}
{"level":"info","message":"🚀 Multiplicador Spaceman 1: 11041642913 = 7.66x","timestamp":"2025-11-10 11:54:09"}
{"level":"info","message":"🚀 Multiplicador Spaceman 1: 11041642913 = 7.69x","timestamp":"2025-11-10 11:54:09"}
{"level":"info","message":"🚀 Multiplicador Spaceman 1: 11041642913 = 7.73x","timestamp":"2025-11-10 11:54:09"}
{"level":"info","message":"🚀 Multiplicador Spaceman 1: 11041642913 = 7.76x","timestamp":"2025-11-10 11:54:09"}
{"level":"info","message":"🚀 Multiplicador Spaceman 1: 11041642913 = 7.79x","timestamp":"2025-11-10 11:54:09"}
{"level":"info","message":"🚀 Multiplicador Spaceman 1: 11041642913 = 7.82x","timestamp":"2025-11-10 11:54:09"}
{"level":"info","message":"🚀 Multiplicador Spaceman 1: 11041642913 = 7.85x","timestamp":"2025-11-10 11:54:09"}
{"level":"info","message":"🚀 Multiplicador Spaceman 1: 11041642913 = 7.88x","timestamp":"2025-11-10 11:54:09"}
{"level":"info","message":"🚀 Multiplicador Spaceman 1: 11041642913 = 7.91x","timestamp":"2025-11-10 11:54:09"}
{"level":"info","message":"🚀 Multiplicador Spaceman 1: 11041642913 = 7.94x","timestamp":"2025-11-10 11:54:09"}
{"level":"info","message":"🚀 Multiplicador Spaceman 1: 11041642913 = 7.98x","timestamp":"2025-11-10 11:54:10"}
{"level":"info","message":"🚀 Multiplicador Spaceman 1: 11041642913 = 8.02x","timestamp":"2025-11-10 11:54:10"}
{"level":"info","message":"🚀 Multiplicador Spaceman 1: 11041642913 = 8.05x","timestamp":"2025-11-10 11:54:10"}
{"level":"info","message":"🚀 Multiplicador Spaceman 1: 11041642913 = 8.09x","timestamp":"2025-11-10 11:54:10"}
{"level":"info","message":"🚀 Multiplicador Spaceman 1: 11041642913 = 8.12x","timestamp":"2025-11-10 11:54:10"}
{"level":"info","message":"🚀 Multiplicador Spaceman 1: 11041642913 = 8.16x","timestamp":"2025-11-10 11:54:10"}
{"level":"info","message":"🚀 Multiplicador Spaceman 1: 11041642913 = 8.2x","timestamp":"2025-11-10 11:54:10"}
{"level":"info","message":"🚀 Multiplicador Spaceman 1: 11041642913 = 8.23x","timestamp":"2025-11-10 11:54:10"}
{"level":"info","message":"🚀 Multiplicador Spaceman 1: 11041642913 = 8.26x","timestamp":"2025-11-10 11:54:10"}
{"level":"info","message":"🚀 Multiplicador Spaceman 1: 11041642913 = 8.3x","timestamp":"2025-11-10 11:54:10"}
{"level":"info","message":"🚀 Multiplicador Spaceman 1: 11041642913 = 8.33x","timestamp":"2025-11-10 11:54:10"}
{"level":"info","message":"🚀 Multiplicador Spaceman 1: 11041642913 = 8.36x","timestamp":"2025-11-10 11:54:10"}
{"level":"info","message":"🚀 Multiplicador Spaceman 1: 11041642913 = 8.4x","timestamp":"2025-11-10 11:54:10"}
{"level":"info","message":"🚀 Multiplicador Spaceman 1: 11041642913 = 8.43x","timestamp":"2025-11-10 11:54:10"}
{"level":"info","message":"🚀 Multiplicador Spaceman 1: 11041642913 = 8.47x","timestamp":"2025-11-10 11:54:10"}
{"level":"info","message":"🚀 Multiplicador Spaceman 1: 11041642913 = 8.5x","timestamp":"2025-11-10 11:54:10"}
{"level":"info","message":"🚀 Multiplicador Spaceman 1: 11041642913 = 8.53x","timestamp":"2025-11-10 11:54:10"}
{"level":"info","message":"🚀 Multiplicador Spaceman 1: 11041642913 = 8.57x","timestamp":"2025-11-10 11:54:10"}
{"level":"info","message":"🚀 Multiplicador Spaceman 1: 11041642913 = 8.61x","timestamp":"2025-11-10 11:54:10"}
{"level":"info","message":"🚀 Multiplicador Spaceman 1: 11041642913 = 8.65x","timestamp":"2025-11-10 11:54:11"}
{"level":"info","message":"🚀 Multiplicador Spaceman 1: 11041642913 = 8.69x","timestamp":"2025-11-10 11:54:11"}
{"level":"info","message":"🚀 Multiplicador Spaceman 1: 11041642913 = 8.73x","timestamp":"2025-11-10 11:54:11"}
{"level":"info","message":"🚀 Multiplicador Spaceman 1: 11041642913 = 8.77x","timestamp":"2025-11-10 11:54:11"}
{"level":"info","message":"🚀 Multiplicador Spaceman 1: 11041642913 = 8.81x","timestamp":"2025-11-10 11:54:11"}
{"level":"info","message":"🚀 Multiplicador Spaceman 1: 11041642913 = 8.85x","timestamp":"2025-11-10 11:54:11"}
{"level":"info","message":"🚀 Multiplicador Spaceman 1: 11041642913 = 8.88x","timestamp":"2025-11-10 11:54:11"}
{"level":"info","message":"🚀 Multiplicador Spaceman 1: 11041642913 = 8.92x","timestamp":"2025-11-10 11:54:11"}
{"level":"info","message":"🚀 Multiplicador Spaceman 1: 11041642913 = 8.95x","timestamp":"2025-11-10 11:54:11"}
{"level":"info","message":"🚀 Multiplicador Spaceman 1: 11041642913 = 8.99x","timestamp":"2025-11-10 11:54:11"}
{"level":"info","message":"🚀 Multiplicador Spaceman 1: 11041642913 = 9.03x","timestamp":"2025-11-10 11:54:11"}
{"level":"info","message":"🚀 Multiplicador Spaceman 1: 11041642913 = 9.06x","timestamp":"2025-11-10 11:54:11"}
{"level":"info","message":"🚀 Multiplicador Spaceman 1: 11041642913 = 9.1x","timestamp":"2025-11-10 11:54:11"}
{"level":"info","message":"🚀 Multiplicador Spaceman 1: 11041642913 = 9.14x","timestamp":"2025-11-10 11:54:11"}
{"level":"info","message":"🚀 Multiplicador Spaceman 1: 11041642913 = 9.17x","timestamp":"2025-11-10 11:54:11"}
{"level":"info","message":"🚀 Multiplicador Spaceman 1: 11041642913 = 9.23x","timestamp":"2025-11-10 11:54:11"}
{"level":"info","message":"🚀 Multiplicador Spaceman 1: 11041642913 = 9.26x","timestamp":"2025-11-10 11:54:11"}
{"level":"info","message":"🚀 Multiplicador Spaceman 1: 11041642913 = 9.3x","timestamp":"2025-11-10 11:54:11"}
{"level":"info","message":"🚀 Multiplicador Spaceman 1: 11041642913 = 9.35x","timestamp":"2025-11-10 11:54:11"}
{"level":"info","message":"🚀 Multiplicador Spaceman 1: 11041642913 = 9.39x","timestamp":"2025-11-10 11:54:11"}
{"level":"info","message":"🚀 Multiplicador Spaceman 1: 11041642913 = 9.43x","timestamp":"2025-11-10 11:54:12"}
{"level":"info","message":"🚀 Multiplicador Spaceman 1: 11041642913 = 9.46x","timestamp":"2025-11-10 11:54:12"}
{"level":"info","message":"🚀 Multiplicador Spaceman 1: 11041642913 = 9.51x","timestamp":"2025-11-10 11:54:12"}
{"level":"info","message":"🚀 Multiplicador Spaceman 1: 11041642913 = 9.54x","timestamp":"2025-11-10 11:54:12"}
{"level":"info","message":"🚀 Multiplicador Spaceman 1: 11041642913 = 9.59x","timestamp":"2025-11-10 11:54:12"}
{"level":"info","message":"🚀 Multiplicador Spaceman 1: 11041642913 = 9.63x","timestamp":"2025-11-10 11:54:12"}
{"level":"info","message":"🚀 Multiplicador Spaceman 1: 11041642913 = 9.67x","timestamp":"2025-11-10 11:54:12"}
{"level":"info","message":"🚀 Multiplicador Spaceman 1: 11041642913 = 9.71x","timestamp":"2025-11-10 11:54:12"}
{"level":"info","message":"🚀 Multiplicador Spaceman 1: 11041642913 = 9.76x","timestamp":"2025-11-10 11:54:12"}
{"level":"info","message":"🚀 Multiplicador Spaceman 1: 11041642913 = 9.8x","timestamp":"2025-11-10 11:54:12"}
{"level":"info","message":"🚀 Multiplicador Spaceman 1: 11041642913 = 9.84x","timestamp":"2025-11-10 11:54:12"}
{"level":"info","message":"🚀 Multiplicador Spaceman 1: 11041642913 = 9.88x","timestamp":"2025-11-10 11:54:12"}
{"level":"info","message":"🚀 Multiplicador Spaceman 1: 11041642913 = 9.92x","timestamp":"2025-11-10 11:54:12"}
{"level":"info","message":"🚀 Multiplicador Spaceman 1: 11041642913 = 9.97x","timestamp":"2025-11-10 11:54:12"}
{"level":"info","message":"🚀 Multiplicador Spaceman 1: 11041642913 = 10.01x","timestamp":"2025-11-10 11:54:12"}
{"level":"info","message":"🚀 Multiplicador Spaceman 1: 11041642913 = 10.05x","timestamp":"2025-11-10 11:54:12"}
{"level":"info","message":"🚀 Multiplicador Spaceman 1: 11041642913 = 10.09x","timestamp":"2025-11-10 11:54:12"}
{"level":"info","message":"🚀 Multiplicador Spaceman 1: 11041642913 = 10.13x","timestamp":"2025-11-10 11:54:12"}
{"level":"info","message":"🚀 Multiplicador Spaceman 1: 11041642913 = 10.18x","timestamp":"2025-11-10 11:54:12"}
{"level":"info","message":"🚀 Multiplicador Spaceman 1: 11041642913 = 10.22x","timestamp":"2025-11-10 11:54:12"}
{"level":"info","message":"🚀 Multiplicador Spaceman 1: 11041642913 = 10.26x","timestamp":"2025-11-10 11:54:13"}
{"level":"info","message":"🚀 Multiplicador Spaceman 1: 11041642913 = 10.31x","timestamp":"2025-11-10 11:54:13"}
{"level":"info","message":"🚀 Multiplicador Spaceman 1: 11041642913 = 10.35x","timestamp":"2025-11-10 11:54:13"}
{"level":"info","message":"🚀 Multiplicador Spaceman 1: 11041642913 = 10.4x","timestamp":"2025-11-10 11:54:13"}
{"level":"info","message":"🚀 Multiplicador Spaceman 1: 11041642913 = 10.44x","timestamp":"2025-11-10 11:54:13"}
{"level":"info","message":"🚀 Multiplicador Spaceman 1: 11041642913 = 10.48x","timestamp":"2025-11-10 11:54:13"}
{"level":"info","message":"🚀 Multiplicador Spaceman 1: 11041642913 = 10.53x","timestamp":"2025-11-10 11:54:13"}
{"level":"info","message":"🚀 Multiplicador Spaceman 1: 11041642913 = 10.57x","timestamp":"2025-11-10 11:54:13"}
{"level":"info","message":"🚀 Multiplicador Spaceman 1: 11041642913 = 10.61x","timestamp":"2025-11-10 11:54:13"}
{"level":"info","message":"🚀 Multiplicador Spaceman 1: 11041642913 = 10.66x","timestamp":"2025-11-10 11:54:13"}
{"level":"info","message":"🚀 Multiplicador Spaceman 1: 11041642913 = 10.7x","timestamp":"2025-11-10 11:54:13"}
{"level":"info","message":"🚀 Multiplicador Spaceman 1: 11041642913 = 10.75x","timestamp":"2025-11-10 11:54:13"}
{"level":"info","message":"🚀 Multiplicador Spaceman 1: 11041642913 = 10.79x","timestamp":"2025-11-10 11:54:13"}
{"level":"info","message":"🚀 Multiplicador Spaceman 1: 11041642913 = 10.84x","timestamp":"2025-11-10 11:54:13"}
{"level":"info","message":"🚀 Multiplicador Spaceman 1: 11041642913 = 10.88x","timestamp":"2025-11-10 11:54:13"}
{"level":"info","message":"🚀 Multiplicador Spaceman 1: 11041642913 = 10.93x","timestamp":"2025-11-10 11:54:13"}
{"level":"info","message":"🚀 Multiplicador Spaceman 1: 11041642913 = 10.97x","timestamp":"2025-11-10 11:54:13"}
{"level":"info","message":"🚀 Multiplicador Spaceman 1: 11041642913 = 11.03x","timestamp":"2025-11-10 11:54:13"}
{"level":"info","message":"🚀 Multiplicador Spaceman 1: 11041642913 = 11.07x","timestamp":"2025-11-10 11:54:13"}
{"level":"info","message":"🚀 Multiplicador Spaceman 1: 11041642913 = 11.11x","timestamp":"2025-11-10 11:54:13"}
{"level":"info","message":"🚀 Multiplicador Spaceman 1: 11041642913 = 11.16x","timestamp":"2025-11-10 11:54:14"}
{"level":"info","message":"🚀 Multiplicador Spaceman 1: 11041642913 = 11.21x","timestamp":"2025-11-10 11:54:14"}
{"level":"info","message":"🚀 Multiplicador Spaceman 1: 11041642913 = 11.26x","timestamp":"2025-11-10 11:54:14"}
{"level":"info","message":"🚀 Multiplicador Spaceman 1: 11041642913 = 11.31x","timestamp":"2025-11-10 11:54:14"}
{"level":"info","message":"🚀 Multiplicador Spaceman 1: 11041642913 = 11.35x","timestamp":"2025-11-10 11:54:14"}
{"level":"info","message":"🚀 Multiplicador Spaceman 1: 11041642913 = 11.4x","timestamp":"2025-11-10 11:54:14"}
{"level":"info","message":"🚀 Multiplicador Spaceman 1: 11041642913 = 11.45x","timestamp":"2025-11-10 11:54:14"}
{"level":"info","message":"🚀 Multiplicador Spaceman 1: 11041642913 = 11.49x","timestamp":"2025-11-10 11:54:14"}
{"level":"info","message":"🚀 Multiplicador Spaceman 1: 11041642913 = 11.54x","timestamp":"2025-11-10 11:54:14"}
{"level":"info","message":"🚀 Multiplicador Spaceman 1: 11041642913 = 11.59x","timestamp":"2025-11-10 11:54:14"}
{"level":"info","message":"🚀 Multiplicador Spaceman 1: 11041642913 = 11.64x","timestamp":"2025-11-10 11:54:14"}
{"level":"info","message":"🚀 Multiplicador Spaceman 1: 11041642913 = 11.69x","timestamp":"2025-11-10 11:54:14"}
{"level":"info","message":"🚀 Multiplicador Spaceman 1: 11041642913 = 11.74x","timestamp":"2025-11-10 11:54:14"}
{"level":"info","message":"🚀 Multiplicador Spaceman 1: 11041642913 = 11.79x","timestamp":"2025-11-10 11:54:14"}
{"level":"info","message":"🚀 Multiplicador Spaceman 1: 11041642913 = 11.84x","timestamp":"2025-11-10 11:54:14"}
{"level":"info","message":"🚀 Multiplicador Spaceman 1: 11041642913 = 11.89x","timestamp":"2025-11-10 11:54:14"}
{"level":"info","message":"🚀 Multiplicador Spaceman 1: 11041642913 = 11.94x","timestamp":"2025-11-10 11:54:14"}
{"level":"info","message":"🚀 Multiplicador Spaceman 1: 11041642913 = 11.99x","timestamp":"2025-11-10 11:54:14"}
{"level":"info","message":"🚀 Multiplicador Spaceman 1: 11041642913 = 12.04x","timestamp":"2025-11-10 11:54:14"}
{"level":"info","message":"🚀 Multiplicador Spaceman 1: 11041642913 = 12.09x","timestamp":"2025-11-10 11:54:15"}
{"level":"info","message":"🚀 Multiplicador Spaceman 1: 11041642913 = 12.14x","timestamp":"2025-11-10 11:54:15"}
{"level":"info","message":"🚀 Multiplicador Spaceman 1: 11041642913 = 12.19x","timestamp":"2025-11-10 11:54:15"}
{"level":"info","message":"🚀 Multiplicador Spaceman 1: 11041642913 = 12.24x","timestamp":"2025-11-10 11:54:15"}
{"level":"info","message":"🚀 Multiplicador Spaceman 1: 11041642913 = 12.28x","timestamp":"2025-11-10 11:54:15"}
{"level":"info","message":"🚀 Multiplicador Spaceman 1: 11041642913 = 12.33x","timestamp":"2025-11-10 11:54:15"}
{"level":"info","message":"🚀 Multiplicador Spaceman 1: 11041642913 = 12.38x","timestamp":"2025-11-10 11:54:15"}
{"level":"info","message":"🚀 Multiplicador Spaceman 1: 11041642913 = 12.44x","timestamp":"2025-11-10 11:54:15"}
{"level":"info","message":"🚀 Multiplicador Spaceman 1: 11041642913 = 12.49x","timestamp":"2025-11-10 11:54:15"}
{"level":"info","message":"🚀 Multiplicador Spaceman 1: 11041642913 = 12.55x","timestamp":"2025-11-10 11:54:15"}
{"level":"info","message":"🚀 Multiplicador Spaceman 1: 11041642913 = 12.6x","timestamp":"2025-11-10 11:54:15"}
{"level":"info","message":"🚀 Multiplicador Spaceman 1: 11041642913 = 12.71x","timestamp":"2025-11-10 11:54:15"}
{"level":"info","message":"🚀 Multiplicador Spaceman 1: 11041642913 = 12.77x","timestamp":"2025-11-10 11:54:15"}
{"level":"info","message":"🚀 Multiplicador Spaceman 1: 11041642913 = 12.82x","timestamp":"2025-11-10 11:54:15"}
{"level":"info","message":"🚀 Multiplicador Spaceman 1: 11041642913 = 12.88x","timestamp":"2025-11-10 11:54:15"}
{"level":"info","message":"🚀 Multiplicador Spaceman 1: 11041642913 = 12.93x","timestamp":"2025-11-10 11:54:15"}
{"level":"info","message":"🚀 Multiplicador Spaceman 1: 11041642913 = 12.98x","timestamp":"2025-11-10 11:54:15"}
{"level":"info","message":"🚀 Multiplicador Spaceman 1: 11041642913 = 13.04x","timestamp":"2025-11-10 11:54:15"}
{"level":"info","message":"🚀 Multiplicador Spaceman 1: 11041642913 = 13.1x","timestamp":"2025-11-10 11:54:15"}
{"level":"info","message":"🚀 Multiplicador Spaceman 1: 11041642913 = 13.15x","timestamp":"2025-11-10 11:54:16"}
{"level":"info","message":"🚀 Multiplicador Spaceman 1: 11041642913 = 13.21x","timestamp":"2025-11-10 11:54:16"}
{"level":"info","message":"🚀 Multiplicador Spaceman 1: 11041642913 = 13.26x","timestamp":"2025-11-10 11:54:16"}
{"level":"info","message":"🚀 Multiplicador Spaceman 1: 11041642913 = 13.32x","timestamp":"2025-11-10 11:54:16"}
{"level":"info","message":"🚀 Multiplicador Spaceman 1: 11041642913 = 13.38x","timestamp":"2025-11-10 11:54:16"}
{"level":"info","message":"🚀 Multiplicador Spaceman 1: 11041642913 = 13.44x","timestamp":"2025-11-10 11:54:16"}
{"level":"info","message":"🚀 Multiplicador Spaceman 1: 11041642913 = 13.49x","timestamp":"2025-11-10 11:54:16"}
{"level":"info","message":"🚀 Multiplicador Spaceman 1: 11041642913 = 13.55x","timestamp":"2025-11-10 11:54:16"}
{"level":"info","message":"🚀 Multiplicador Spaceman 1: 11041642913 = 13.61x","timestamp":"2025-11-10 11:54:16"}
{"level":"info","message":"🚀 Multiplicador Spaceman 1: 11041642913 = 13.67x","timestamp":"2025-11-10 11:54:16"}
{"level":"info","message":"🚀 Multiplicador Spaceman 1: 11041642913 = 13.73x","timestamp":"2025-11-10 11:54:16"}
{"level":"info","message":"🚀 Multiplicador Spaceman 1: 11041642913 = 13.78x","timestamp":"2025-11-10 11:54:16"}
{"level":"info","message":"🚀 Multiplicador Spaceman 1: 11041642913 = 13.84x","timestamp":"2025-11-10 11:54:16"}
{"level":"info","message":"🚀 Multiplicador Spaceman 1: 11041642913 = 13.91x","timestamp":"2025-11-10 11:54:16"}
{"level":"info","message":"🚀 Multiplicador Spaceman 1: 11041642913 = 13.97x","timestamp":"2025-11-10 11:54:16"}
{"level":"info","message":"🚀 Multiplicador Spaceman 1: 11041642913 = 14.02x","timestamp":"2025-11-10 11:54:16"}
{"level":"info","message":"🚀 Multiplicador Spaceman 1: 11041642913 = 14.08x","timestamp":"2025-11-10 11:54:16"}
{"level":"info","message":"🚀 Multiplicador Spaceman 1: 11041642913 = 14.14x","timestamp":"2025-11-10 11:54:16"}
{"level":"info","message":"🚀 Multiplicador Spaceman 1: 11041642913 = 14.2x","timestamp":"2025-11-10 11:54:16"}
{"level":"info","message":"🚀 Multiplicador Spaceman 1: 11041642913 = 14.25x","timestamp":"2025-11-10 11:54:17"}
{"level":"info","message":"🚀 Multiplicador Spaceman 1: 11041642913 = 14.32x","timestamp":"2025-11-10 11:54:17"}
{"level":"info","message":"🚀 Multiplicador Spaceman 1: 11041642913 = 14.37x","timestamp":"2025-11-10 11:54:17"}
{"level":"info","message":"🚀 Multiplicador Spaceman 1: 11041642913 = 14.44x","timestamp":"2025-11-10 11:54:17"}
{"level":"info","message":"🚀 Multiplicador Spaceman 1: 11041642913 = 14.5x","timestamp":"2025-11-10 11:54:17"}
{"level":"info","message":"🚀 Multiplicador Spaceman 1: 11041642913 = 14.56x","timestamp":"2025-11-10 11:54:17"}
{"level":"info","message":"🚀 Multiplicador Spaceman 1: 11041642913 = 14.62x","timestamp":"2025-11-10 11:54:17"}
{"level":"info","message":"🚀 Multiplicador Spaceman 1: 11041642913 = 14.69x","timestamp":"2025-11-10 11:54:17"}
{"level":"info","message":"🚀 Multiplicador Spaceman 1: 11041642913 = 14.76x","timestamp":"2025-11-10 11:54:17"}
{"level":"info","message":"🚀 Multiplicador Spaceman 1: 11041642913 = 14.82x","timestamp":"2025-11-10 11:54:17"}
{"level":"info","message":"🚀 Multiplicador Spaceman 1: 11041642913 = 14.88x","timestamp":"2025-11-10 11:54:17"}
{"level":"info","message":"🚀 Multiplicador Spaceman 1: 11041642913 = 14.95x","timestamp":"2025-11-10 11:54:17"}
{"level":"info","message":"🚀 Multiplicador Spaceman 1: 11041642913 = 15x","timestamp":"2025-11-10 11:54:17"}
{"level":"info","message":"🚀 Multiplicador Spaceman 1: 11041642913 = 15.07x","timestamp":"2025-11-10 11:54:17"}
{"level":"info","message":"🚀 Multiplicador Spaceman 1: 11041642913 = 15.14x","timestamp":"2025-11-10 11:54:17"}
{"level":"info","message":"🚀 Multiplicador Spaceman 1: 11041642913 = 15.21x","timestamp":"2025-11-10 11:54:17"}
{"level":"info","message":"🚀 Multiplicador Spaceman 1: 11041642913 = 15.27x","timestamp":"2025-11-10 11:54:17"}
{"level":"info","message":"🚀 Multiplicador Spaceman 1: 11041642913 = 15.33x","timestamp":"2025-11-10 11:54:17"}
{"level":"info","message":"🚀 Multiplicador Spaceman 1: 11041642913 = 15.4x","timestamp":"2025-11-10 11:54:17"}
{"level":"info","message":"🚀 Multiplicador Spaceman 1: 11041642913 = 15.47x","timestamp":"2025-11-10 11:54:17"}
{"level":"info","message":"🚀 Multiplicador Spaceman 1: 11041642913 = 15.54x","timestamp":"2025-11-10 11:54:18"}
{"level":"info","message":"🚀 Multiplicador Spaceman 1: 11041642913 = 15.61x","timestamp":"2025-11-10 11:54:18"}
{"level":"info","message":"🚀 Multiplicador Spaceman 1: 11041642913 = 15.68x","timestamp":"2025-11-10 11:54:18"}
{"level":"info","message":"🚀 Multiplicador Spaceman 1: 11041642913 = 15.75x","timestamp":"2025-11-10 11:54:18"}
{"level":"info","message":"🚀 Multiplicador Spaceman 1: 11041642913 = 15.81x","timestamp":"2025-11-10 11:54:18"}
{"level":"info","message":"🚀 Multiplicador Spaceman 1: 11041642913 = 15.89x","timestamp":"2025-11-10 11:54:18"}
{"level":"info","message":"🚀 Multiplicador Spaceman 1: 11041642913 = 15.95x","timestamp":"2025-11-10 11:54:18"}
{"level":"info","message":"🚀 Multiplicador Spaceman 1: 11041642913 = 16.02x","timestamp":"2025-11-10 11:54:18"}
{"level":"info","message":"🚀 Multiplicador Spaceman 1: 11041642913 = 16.09x","timestamp":"2025-11-10 11:54:18"}
{"level":"info","message":"🚀 Multiplicador Spaceman 1: 11041642913 = 16.16x","timestamp":"2025-11-10 11:54:18"}
{"level":"info","message":"🚀 Multiplicador Spaceman 1: 11041642913 = 16.23x","timestamp":"2025-11-10 11:54:18"}
{"level":"info","message":"🚀 Multiplicador Spaceman 1: 11041642913 = 16.29x","timestamp":"2025-11-10 11:54:18"}
{"level":"info","message":"🚀 Multiplicador Spaceman 1: 11041642913 = 16.36x","timestamp":"2025-11-10 11:54:18"}
{"level":"info","message":"🚀 Multiplicador Spaceman 1: 11041642913 = 16.42x","timestamp":"2025-11-10 11:54:18"}
{"level":"info","message":"🚀 Multiplicador Spaceman 1: 11041642913 = 16.49x","timestamp":"2025-11-10 11:54:18"}
{"level":"info","message":"🚀 Multiplicador Spaceman 1: 11041642913 = 16.55x","timestamp":"2025-11-10 11:54:18"}
{"level":"info","message":"🚀 Multiplicador Spaceman 1: 11041642913 = 16.63x","timestamp":"2025-11-10 11:54:18"}
{"level":"info","message":"🚀 Multiplicador Spaceman 1: 11041642913 = 16.7x","timestamp":"2025-11-10 11:54:18"}
{"level":"info","message":"🚀 Multiplicador Spaceman 1: 11041642913 = 16.78x","timestamp":"2025-11-10 11:54:18"}
{"level":"info","message":"🚀 Multiplicador Spaceman 1: 11041642913 = 16.85x","timestamp":"2025-11-10 11:54:19"}
{"level":"info","message":"🚀 Multiplicador Spaceman 1: 11041642913 = 16.92x","timestamp":"2025-11-10 11:54:19"}
{"level":"info","message":"🚀 Multiplicador Spaceman 1: 11041642913 = 16.99x","timestamp":"2025-11-10 11:54:19"}
{"level":"info","message":"🚀 Multiplicador Spaceman 1: 11041642913 = 17.06x","timestamp":"2025-11-10 11:54:19"}
{"level":"info","message":"🚀 Multiplicador Spaceman 1: 11041642913 = 17.13x","timestamp":"2025-11-10 11:54:19"}
{"level":"info","message":"🚀 Multiplicador Spaceman 1: 11041642913 = 17.2x","timestamp":"2025-11-10 11:54:19"}
{"level":"info","message":"🚀 Multiplicador Spaceman 1: 11041642913 = 17.28x","timestamp":"2025-11-10 11:54:19"}
{"level":"info","message":"🚀 Multiplicador Spaceman 1: 11041642913 = 17.35x","timestamp":"2025-11-10 11:54:19"}
{"level":"info","message":"🚀 Multiplicador Spaceman 1: 11041642913 = 17.43x","timestamp":"2025-11-10 11:54:19"}
{"level":"info","message":"🚀 Multiplicador Spaceman 1: 11041642913 = 17.5x","timestamp":"2025-11-10 11:54:19"}
{"level":"info","message":"🚀 Multiplicador Spaceman 1: 11041642913 = 17.59x","timestamp":"2025-11-10 11:54:19"}
{"level":"info","message":"🚀 Multiplicador Spaceman 1: 11041642913 = 17.67x","timestamp":"2025-11-10 11:54:19"}
{"level":"info","message":"🚀 Multiplicador Spaceman 1: 11041642913 = 17.75x","timestamp":"2025-11-10 11:54:19"}
{"level":"info","message":"🚀 Multiplicador Spaceman 1: 11041642913 = 17.82x","timestamp":"2025-11-10 11:54:19"}
{"level":"info","message":"🚀 Multiplicador Spaceman 1: 11041642913 = 17.9x","timestamp":"2025-11-10 11:54:19"}
{"level":"info","message":"🚀 Multiplicador Spaceman 1: 11041642913 = 17.99x","timestamp":"2025-11-10 11:54:19"}
{"level":"info","message":"🚀 Multiplicador Spaceman 1: 11041642913 = 18.06x","timestamp":"2025-11-10 11:54:19"}
{"level":"info","message":"🚀 Multiplicador Spaceman 1: 11041642913 = 18.13x","timestamp":"2025-11-10 11:54:19"}
{"level":"info","message":"🚀 Multiplicador Spaceman 1: 11041642913 = 18.21x","timestamp":"2025-11-10 11:54:19"}
{"level":"info","message":"🚀 Multiplicador Spaceman 1: 11041642913 = 18.29x","timestamp":"2025-11-10 11:54:20"}
{"level":"info","message":"🚀 Multiplicador Spaceman 1: 11041642913 = 18.34x","timestamp":"2025-11-10 11:54:20"}
{"level":"info","message":"🚀 Multiplicador Spaceman 1: 11041643013 = 1.01x","timestamp":"2025-11-10 11:54:30"}
{"level":"info","message":"🚀 Multiplicador Spaceman 1: 11041643013 = 1.02x","timestamp":"2025-11-10 11:54:30"}
{"level":"info","message":"🚀 Multiplicador Spaceman 1: 11041643013 = 1.03x","timestamp":"2025-11-10 11:54:30"}
{"level":"info","message":"🚀 Multiplicador Spaceman 1: 11041643013 = 1.04x","timestamp":"2025-11-10 11:54:30"}
{"level":"info","message":"🚀 Multiplicador Spaceman 1: 11041643013 = 1.05x","timestamp":"2025-11-10 11:54:30"}
{"level":"info","message":"🚀 Multiplicador Spaceman 1: 11041643013 = 1.06x","timestamp":"2025-11-10 11:54:30"}
{"level":"info","message":"🚀 Multiplicador Spaceman 1: 11041643013 = 1.07x","timestamp":"2025-11-10 11:54:30"}
{"level":"info","message":"🚀 Multiplicador Spaceman 1: 11041643013 = 1.08x","timestamp":"2025-11-10 11:54:31"}
{"level":"info","message":"🚀 Multiplicador Spaceman 1: 11041643013 = 1.09x","timestamp":"2025-11-10 11:54:31"}
{"level":"info","message":"🚀 Multiplicador Spaceman 1: 11041643013 = 1.1x","timestamp":"2025-11-10 11:54:31"}
{"level":"info","message":"🚀 Multiplicador Spaceman 1: 11041643013 = 1.11x","timestamp":"2025-11-10 11:54:31"}
{"level":"info","message":"🚀 Multiplicador Spaceman 1: 11041643013 = 1.12x","timestamp":"2025-11-10 11:54:31"}
{"level":"info","message":"🚀 Multiplicador Spaceman 1: 11041643013 = 1.13x","timestamp":"2025-11-10 11:54:31"}
{"level":"info","message":"🚀 Multiplicador Spaceman 1: 11041643013 = 1.14x","timestamp":"2025-11-10 11:54:31"}
{"level":"info","message":"🚀 Multiplicador Spaceman 1: 11041643013 = 1.15x","timestamp":"2025-11-10 11:54:31"}
{"level":"info","message":"🚀 Multiplicador Spaceman 1: 11041643013 = 1.16x","timestamp":"2025-11-10 11:54:31"}
{"level":"info","message":"🚀 Multiplicador Spaceman 1: 11041643013 = 1.17x","timestamp":"2025-11-10 11:54:32"}
{"level":"info","message":"🚀 Multiplicador Spaceman 1: 11041643013 = 1.18x","timestamp":"2025-11-10 11:54:32"}
{"level":"info","message":"🚀 Multiplicador Spaceman 1: 11041643013 = 1.19x","timestamp":"2025-11-10 11:54:32"}
{"level":"info","message":"🚀 Multiplicador Spaceman 1: 11041643013 = 1.2x","timestamp":"2025-11-10 11:54:32"}
{"level":"info","message":"🚀 Multiplicador Spaceman 1: 11041643013 = 1.21x","timestamp":"2025-11-10 11:54:32"}
{"level":"info","message":"🚀 Multiplicador Spaceman 1: 11041643013 = 1.22x","timestamp":"2025-11-10 11:54:32"}
{"level":"info","message":"🚀 Multiplicador Spaceman 1: 11041643013 = 1.23x","timestamp":"2025-11-10 11:54:32"}
{"level":"info","message":"🚀 Multiplicador Spaceman 1: 11041643013 = 1.24x","timestamp":"2025-11-10 11:54:32"}
{"level":"info","message":"🚀 Multiplicador Spaceman 1: 11041643013 = 1.25x","timestamp":"2025-11-10 11:54:32"}
{"level":"info","message":"🚀 Multiplicador Spaceman 1: 11041643013 = 1.26x","timestamp":"2025-11-10 11:54:32"}
{"level":"info","message":"🚀 Multiplicador Spaceman 1: 11041643013 = 1.27x","timestamp":"2025-11-10 11:54:33"}
{"level":"info","message":"🚀 Multiplicador Spaceman 1: 11041643013 = 1.28x","timestamp":"2025-11-10 11:54:33"}
{"level":"info","message":"🚀 Multiplicador Spaceman 1: 11041643013 = 1.29x","timestamp":"2025-11-10 11:54:33"}
{"level":"info","message":"🚀 Multiplicador Spaceman 1: 11041643013 = 1.3x","timestamp":"2025-11-10 11:54:33"}
{"level":"info","message":"🚀 Multiplicador Spaceman 1: 11041643013 = 1.31x","timestamp":"2025-11-10 11:54:33"}
{"level":"info","message":"🚀 Multiplicador Spaceman 1: 11041643013 = 1.32x","timestamp":"2025-11-10 11:54:33"}
{"level":"info","message":"🚀 Multiplicador Spaceman 1: 11041643013 = 1.33x","timestamp":"2025-11-10 11:54:33"}
{"level":"info","message":"🚀 Multiplicador Spaceman 1: 11041643013 = 1.34x","timestamp":"2025-11-10 11:54:33"}
{"level":"info","message":"🚀 Multiplicador Spaceman 1: 11041643013 = 1.35x","timestamp":"2025-11-10 11:54:33"}
{"level":"info","message":"🚀 Multiplicador Spaceman 1: 11041643013 = 1.36x","timestamp":"2025-11-10 11:54:33"}
{"level":"info","message":"🚀 Multiplicador Spaceman 1: 11041643013 = 1.37x","timestamp":"2025-11-10 11:54:33"}
{"level":"info","message":"🚀 Multiplicador Spaceman 1: 11041643013 = 1.38x","timestamp":"2025-11-10 11:54:33"}
{"level":"info","message":"🚀 Multiplicador Spaceman 1: 11041643013 = 1.39x","timestamp":"2025-11-10 11:54:34"}
{"level":"info","message":"🚀 Multiplicador Spaceman 1: 11041643013 = 1.4x","timestamp":"2025-11-10 11:54:34"}
{"level":"info","message":"🚀 Multiplicador Spaceman 1: 11041643013 = 1.41x","timestamp":"2025-11-10 11:54:34"}
{"level":"info","message":"🚀 Multiplicador Spaceman 1: 11041643013 = 1.42x","timestamp":"2025-11-10 11:54:34"}
{"level":"info","message":"🚀 Multiplicador Spaceman 1: 11041643013 = 1.43x","timestamp":"2025-11-10 11:54:34"}
{"level":"info","message":"🚀 Multiplicador Spaceman 1: 11041643013 = 1.44x","timestamp":"2025-11-10 11:54:34"}
{"level":"info","message":"🚀 Multiplicador Spaceman 1: 11041643013 = 1.45x","timestamp":"2025-11-10 11:54:34"}
{"level":"info","message":"🚀 Multiplicador Spaceman 1: 11041643013 = 1.46x","timestamp":"2025-11-10 11:54:34"}
{"level":"info","message":"🚀 Multiplicador Spaceman 1: 11041643013 = 1.47x","timestamp":"2025-11-10 11:54:34"}
{"level":"info","message":"🚀 Multiplicador Spaceman 1: 11041643013 = 1.48x","timestamp":"2025-11-10 11:54:34"}
{"level":"info","message":"🚀 Multiplicador Spaceman 1: 11041643013 = 1.49x","timestamp":"2025-11-10 11:54:34"}
{"level":"info","message":"🚀 Multiplicador Spaceman 1: 11041643013 = 1.5x","timestamp":"2025-11-10 11:54:35"}
{"level":"info","message":"🚀 Multiplicador Spaceman 1: 11041643013 = 1.51x","timestamp":"2025-11-10 11:54:35"}
{"level":"info","message":"🚀 Multiplicador Spaceman 1: 11041643013 = 1.52x","timestamp":"2025-11-10 11:54:35"}
{"level":"info","message":"🚀 Multiplicador Spaceman 1: 11041643013 = 1.53x","timestamp":"2025-11-10 11:54:35"}
{"level":"info","message":"🚀 Multiplicador Spaceman 1: 11041643013 = 1.54x","timestamp":"2025-11-10 11:54:35"}
{"level":"info","message":"🚀 Multiplicador Spaceman 1: 11041643013 = 1.55x","timestamp":"2025-11-10 11:54:35"}
{"level":"info","message":"🚀 Multiplicador Spaceman 1: 11041643013 = 1.56x","timestamp":"2025-11-10 11:54:35"}
{"level":"info","message":"🚀 Multiplicador Spaceman 1: 11041643013 = 1.57x","timestamp":"2025-11-10 11:54:35"}
{"level":"info","message":"🚀 Multiplicador Spaceman 1: 11041643013 = 1.58x","timestamp":"2025-11-10 11:54:35"}
{"level":"info","message":"🚀 Multiplicador Spaceman 1: 11041643013 = 1.59x","timestamp":"2025-11-10 11:54:35"}
{"level":"info","message":"🚀 Multiplicador Spaceman 1: 11041643013 = 1.6x","timestamp":"2025-11-10 11:54:35"}
{"level":"info","message":"🚀 Multiplicador Spaceman 1: 11041643013 = 1.61x","timestamp":"2025-11-10 11:54:35"}
{"level":"info","message":"🚀 Multiplicador Spaceman 1: 11041643013 = 1.63x","timestamp":"2025-11-10 11:54:35"}
{"level":"info","message":"🚀 Multiplicador Spaceman 1: 11041643013 = 1.64x","timestamp":"2025-11-10 11:54:36"}
{"level":"info","message":"🚀 Multiplicador Spaceman 1: 11041643013 = 1.65x","timestamp":"2025-11-10 11:54:36"}
{"level":"info","message":"🚀 Multiplicador Spaceman 1: 11041643013 = 1.66x","timestamp":"2025-11-10 11:54:36"}
{"level":"info","message":"🚀 Multiplicador Spaceman 1: 11041643013 = 1.67x","timestamp":"2025-11-10 11:54:36"}
{"level":"info","message":"🚀 Multiplicador Spaceman 1: 11041643013 = 1.68x","timestamp":"2025-11-10 11:54:36"}
{"level":"info","message":"🚀 Multiplicador Spaceman 1: 11041643013 = 1.69x","timestamp":"2025-11-10 11:54:36"}
{"level":"info","message":"🚀 Multiplicador Spaceman 1: 11041643013 = 1.7x","timestamp":"2025-11-10 11:54:36"}
{"level":"info","message":"🚀 Multiplicador Spaceman 1: 11041643013 = 1.71x","timestamp":"2025-11-10 11:54:36"}
{"level":"info","message":"🚀 Multiplicador Spaceman 1: 11041643013 = 1.72x","timestamp":"2025-11-10 11:54:36"}
{"level":"info","message":"🚀 Multiplicador Spaceman 1: 11041643013 = 1.73x","timestamp":"2025-11-10 11:54:36"}
{"level":"info","message":"🚀 Multiplicador Spaceman 1: 11041643013 = 1.74x","timestamp":"2025-11-10 11:54:36"}
{"level":"info","message":"🚀 Multiplicador Spaceman 1: 11041643013 = 1.75x","timestamp":"2025-11-10 11:54:36"}
{"level":"info","message":"🚀 Multiplicador Spaceman 1: 11041643013 = 1.76x","timestamp":"2025-11-10 11:54:36"}
{"level":"info","message":"🚀 Multiplicador Spaceman 1: 11041643013 = 1.77x","timestamp":"2025-11-10 11:54:37"}
{"level":"info","message":"🚀 Multiplicador Spaceman 1: 11041643013 = 1.78x","timestamp":"2025-11-10 11:54:37"}
{"level":"info","message":"🚀 Multiplicador Spaceman 1: 11041643013 = 1.79x","timestamp":"2025-11-10 11:54:37"}
{"level":"info","message":"🚀 Multiplicador Spaceman 1: 11041643013 = 1.8x","timestamp":"2025-11-10 11:54:37"}
{"level":"info","message":"🚀 Multiplicador Spaceman 1: 11041643013 = 1.81x","timestamp":"2025-11-10 11:54:37"}
{"level":"info","message":"🚀 Multiplicador Spaceman 1: 11041643013 = 1.82x","timestamp":"2025-11-10 11:54:37"}
{"level":"info","message":"🚀 Multiplicador Spaceman 1: 11041643013 = 1.83x","timestamp":"2025-11-10 11:54:37"}
{"level":"info","message":"🚀 Multiplicador Spaceman 1: 11041643013 = 1.85x","timestamp":"2025-11-10 11:54:37"}
{"level":"info","message":"🚀 Multiplicador Spaceman 1: 11041643013 = 1.86x","timestamp":"2025-11-10 11:54:37"}
{"level":"info","message":"🚀 Multiplicador Spaceman 1: 11041643013 = 1.87x","timestamp":"2025-11-10 11:54:37"}
{"level":"info","message":"🚀 Multiplicador Spaceman 1: 11041643013 = 1.88x","timestamp":"2025-11-10 11:54:37"}
{"level":"info","message":"🚀 Multiplicador Spaceman 1: 11041643013 = 1.89x","timestamp":"2025-11-10 11:54:37"}
{"level":"info","message":"🚀 Multiplicador Spaceman 1: 11041643013 = 1.9x","timestamp":"2025-11-10 11:54:37"}
{"level":"info","message":"🚀 Multiplicador Spaceman 1: 11041643013 = 1.91x","timestamp":"2025-11-10 11:54:37"}
{"level":"info","message":"🚀 Multiplicador Spaceman 1: 11041643013 = 1.92x","timestamp":"2025-11-10 11:54:37"}
{"level":"info","message":"🚀 Multiplicador Spaceman 1: 11041643013 = 1.93x","timestamp":"2025-11-10 11:54:38"}
{"level":"info","message":"🚀 Multiplicador Spaceman 1: 11041643013 = 1.95x","timestamp":"2025-11-10 11:54:38"}
{"level":"info","message":"🚀 Multiplicador Spaceman 1: 11041643013 = 1.96x","timestamp":"2025-11-10 11:54:38"}
{"level":"info","message":"🚀 Multiplicador Spaceman 1: 11041643013 = 1.97x","timestamp":"2025-11-10 11:54:38"}
{"level":"info","message":"🚀 Multiplicador Spaceman 1: 11041643013 = 1.98x","timestamp":"2025-11-10 11:54:38"}
{"level":"info","message":"🚀 Multiplicador Spaceman 1: 11041643013 = 1.99x","timestamp":"2025-11-10 11:54:38"}
{"level":"info","message":"🚀 Multiplicador Spaceman 1: 11041643013 = 2x","timestamp":"2025-11-10 11:54:38"}
{"level":"info","message":"🚀 Multiplicador Spaceman 1: 11041643013 = 2.01x","timestamp":"2025-11-10 11:54:38"}
{"level":"info","message":"🚀 Multiplicador Spaceman 1: 11041643013 = 2.02x","timestamp":"2025-11-10 11:54:38"}
{"level":"info","message":"🚀 Multiplicador Spaceman 1: 11041643013 = 2.03x","timestamp":"2025-11-10 11:54:38"}
{"level":"info","message":"🚀 Multiplicador Spaceman 1: 11041643013 = 2.04x","timestamp":"2025-11-10 11:54:38"}
{"level":"info","message":"🚀 Multiplicador Spaceman 1: 11041643013 = 2.05x","timestamp":"2025-11-10 11:54:38"}
{"level":"info","message":"🚀 Multiplicador Spaceman 1: 11041643013 = 2.06x","timestamp":"2025-11-10 11:54:38"}
{"level":"info","message":"🚀 Multiplicador Spaceman 1: 11041643013 = 2.07x","timestamp":"2025-11-10 11:54:38"}
{"level":"info","message":"🚀 Multiplicador Spaceman 1: 11041643013 = 2.08x","timestamp":"2025-11-10 11:54:38"}
{"level":"info","message":"🚀 Multiplicador Spaceman 1: 11041643013 = 2.09x","timestamp":"2025-11-10 11:54:39"}
{"level":"info","message":"🚀 Multiplicador Spaceman 1: 11041643013 = 2.1x","timestamp":"2025-11-10 11:54:39"}
{"level":"info","message":"🚀 Multiplicador Spaceman 1: 11041643013 = 2.11x","timestamp":"2025-11-10 11:54:39"}
{"level":"info","message":"🚀 Multiplicador Spaceman 1: 11041643013 = 2.12x","timestamp":"2025-11-10 11:54:39"}
{"level":"info","message":"🚀 Multiplicador Spaceman 1: 11041643013 = 2.13x","timestamp":"2025-11-10 11:54:39"}
{"level":"info","message":"🚀 Multiplicador Spaceman 1: 11041643013 = 2.14x","timestamp":"2025-11-10 11:54:39"}
{"level":"info","message":"🚀 Multiplicador Spaceman 1: 11041643013 = 2.15x","timestamp":"2025-11-10 11:54:39"}
{"level":"info","message":"🚀 Multiplicador Spaceman 1: 11041643013 = 2.16x","timestamp":"2025-11-10 11:54:39"}
{"level":"info","message":"🚀 Multiplicador Spaceman 1: 11041643013 = 2.17x","timestamp":"2025-11-10 11:54:39"}
{"level":"info","message":"🚀 Multiplicador Spaceman 1: 11041643013 = 2.18x","timestamp":"2025-11-10 11:54:39"}
{"level":"info","message":"🚀 Multiplicador Spaceman 1: 11041643013 = 2.19x","timestamp":"2025-11-10 11:54:39"}
{"level":"info","message":"🚀 Multiplicador Spaceman 1: 11041643013 = 2.2x","timestamp":"2025-11-10 11:54:39"}
{"level":"info","message":"🚀 Multiplicador Spaceman 1: 11041643013 = 2.21x","timestamp":"2025-11-10 11:54:39"}
{"level":"info","message":"🚀 Multiplicador Spaceman 1: 11041643113 = 1.01x","timestamp":"2025-11-10 11:54:49"}
{"level":"info","message":"🚀 Multiplicador Spaceman 1: 11041643113 = 1.02x","timestamp":"2025-11-10 11:54:50"}
{"level":"info","message":"🚀 Multiplicador Spaceman 1: 11041643113 = 1.03x","timestamp":"2025-11-10 11:54:50"}
{"level":"info","message":"🚀 Multiplicador Spaceman 1: 11041643113 = 1.04x","timestamp":"2025-11-10 11:54:50"}
{"level":"info","message":"🚀 Multiplicador Spaceman 1: 11041643113 = 1.05x","timestamp":"2025-11-10 11:54:50"}
{"level":"info","message":"🚀 Multiplicador Spaceman 1: 11041643113 = 1.06x","timestamp":"2025-11-10 11:54:50"}
{"level":"info","message":"🚀 Multiplicador Spaceman 1: 11041643113 = 1.07x","timestamp":"2025-11-10 11:54:50"}
{"level":"info","message":"🚀 Multiplicador Spaceman 1: 11041643113 = 1.08x","timestamp":"2025-11-10 11:54:50"}
{"level":"info","message":"🚀 Multiplicador Spaceman 1: 11041643113 = 1.09x","timestamp":"2025-11-10 11:54:50"}
{"level":"info","message":"🚀 Multiplicador Spaceman 1: 11041643113 = 1.1x","timestamp":"2025-11-10 11:54:50"}
{"level":"info","message":"🚀 Multiplicador Spaceman 1: 11041643113 = 1.11x","timestamp":"2025-11-10 11:54:51"}
{"level":"info","message":"🚀 Multiplicador Spaceman 1: 11041643113 = 1.12x","timestamp":"2025-11-10 11:54:51"}
{"level":"info","message":"🚀 Multiplicador Spaceman 1: 11041643113 = 1.13x","timestamp":"2025-11-10 11:54:51"}
{"level":"info","message":"🚀 Multiplicador Spaceman 1: 11041643113 = 1.14x","timestamp":"2025-11-10 11:54:51"}
{"level":"info","message":"🚀 Multiplicador Spaceman 1: 11041643113 = 1.15x","timestamp":"2025-11-10 11:54:51"}
{"level":"info","message":"🚀 Multiplicador Spaceman 1: 11041643113 = 1.16x","timestamp":"2025-11-10 11:54:51"}
{"level":"info","message":"🚀 Multiplicador Spaceman 1: 11041643113 = 1.17x","timestamp":"2025-11-10 11:54:51"}
{"level":"info","message":"🚀 Multiplicador Spaceman 1: 11041643113 = 1.18x","timestamp":"2025-11-10 11:54:51"}
{"level":"info","message":"🚀 Multiplicador Spaceman 1: 11041643113 = 1.19x","timestamp":"2025-11-10 11:54:51"}
{"level":"info","message":"🚀 Multiplicador Spaceman 1: 11041643113 = 1.2x","timestamp":"2025-11-10 11:54:51"}
{"level":"info","message":"🚀 Multiplicador Spaceman 1: 11041643113 = 1.21x","timestamp":"2025-11-10 11:54:52"}
{"level":"info","message":"🚀 Multiplicador Spaceman 1: 11041643113 = 1.22x","timestamp":"2025-11-10 11:54:52"}
{"level":"info","message":"🚀 Multiplicador Spaceman 1: 11041643113 = 1.23x","timestamp":"2025-11-10 11:54:52"}
{"level":"info","message":"🚀 Multiplicador Spaceman 1: 11041643113 = 1.24x","timestamp":"2025-11-10 11:54:52"}
{"level":"info","message":"🚀 Multiplicador Spaceman 1: 11041643113 = 1.25x","timestamp":"2025-11-10 11:54:52"}
{"level":"info","message":"🚀 Multiplicador Spaceman 1: 11041643113 = 1.26x","timestamp":"2025-11-10 11:54:52"}
{"level":"info","message":"🚀 Multiplicador Spaceman 1: 11041643113 = 1.27x","timestamp":"2025-11-10 11:54:52"}
{"level":"info","message":"🚀 Multiplicador Spaceman 1: 11041643113 = 1.28x","timestamp":"2025-11-10 11:54:52"}
{"level":"info","message":"🚀 Multiplicador Spaceman 1: 11041643113 = 1.29x","timestamp":"2025-11-10 11:54:52"}
{"level":"info","message":"🚀 Multiplicador Spaceman 1: 11041643113 = 1.3x","timestamp":"2025-11-10 11:54:52"}
{"level":"info","message":"🚀 Multiplicador Spaceman 1: 11041643113 = 1.31x","timestamp":"2025-11-10 11:54:53"}
{"level":"info","message":"🚀 Multiplicador Spaceman 1: 11041643113 = 1.32x","timestamp":"2025-11-10 11:54:53"}
{"level":"info","message":"🚀 Multiplicador Spaceman 1: 11041643113 = 1.33x","timestamp":"2025-11-10 11:54:53"}
{"level":"info","message":"🚀 Multiplicador Spaceman 1: 11041643113 = 1.34x","timestamp":"2025-11-10 11:54:53"}
{"level":"info","message":"🚀 Multiplicador Spaceman 1: 11041643113 = 1.35x","timestamp":"2025-11-10 11:54:53"}
{"level":"info","message":"🚀 Multiplicador Spaceman 1: 11041643113 = 1.36x","timestamp":"2025-11-10 11:54:53"}
{"level":"info","message":"🚀 Multiplicador Spaceman 1: 11041643113 = 1.37x","timestamp":"2025-11-10 11:54:53"}
{"level":"info","message":"🚀 Multiplicador Spaceman 1: 11041643113 = 1.38x","timestamp":"2025-11-10 11:54:53"}
{"level":"info","message":"🚀 Multiplicador Spaceman 1: 11041643113 = 1.39x","timestamp":"2025-11-10 11:54:53"}
{"level":"info","message":"🚀 Multiplicador Spaceman 1: 11041643113 = 1.4x","timestamp":"2025-11-10 11:54:53"}
{"level":"info","message":"🚀 Multiplicador Spaceman 1: 11041643113 = 1.41x","timestamp":"2025-11-10 11:54:53"}
{"level":"info","message":"🚀 Multiplicador Spaceman 1: 11041643113 = 1.42x","timestamp":"2025-11-10 11:54:54"}
{"level":"info","message":"🚀 Multiplicador Spaceman 1: 11041643113 = 1.43x","timestamp":"2025-11-10 11:54:54"}
{"level":"info","message":"🚀 Multiplicador Spaceman 1: 11041643113 = 1.44x","timestamp":"2025-11-10 11:54:54"}
{"level":"info","message":"🚀 Multiplicador Spaceman 1: 11041643113 = 1.45x","timestamp":"2025-11-10 11:54:54"}
{"level":"info","message":"🚀 Multiplicador Spaceman 1: 11041643113 = 1.46x","timestamp":"2025-11-10 11:54:54"}
{"level":"info","message":"🚀 Multiplicador Spaceman 1: 11041643113 = 1.47x","timestamp":"2025-11-10 11:54:54"}
{"level":"info","message":"🚀 Multiplicador Spaceman 1: 11041643113 = 1.48x","timestamp":"2025-11-10 11:54:54"}
{"level":"info","message":"🚀 Multiplicador Spaceman 1: 11041643113 = 1.49x","timestamp":"2025-11-10 11:54:54"}
{"level":"info","message":"🚀 Multiplicador Spaceman 1: 11041643113 = 1.5x","timestamp":"2025-11-10 11:54:54"}
{"level":"info","message":"🚀 Multiplicador Spaceman 1: 11041643113 = 1.51x","timestamp":"2025-11-10 11:54:54"}
{"level":"info","message":"🚀 Multiplicador Spaceman 1: 11041643113 = 1.52x","timestamp":"2025-11-10 11:54:54"}
{"level":"info","message":"🚀 Multiplicador Spaceman 1: 11041643113 = 1.53x","timestamp":"2025-11-10 11:54:54"}
{"level":"info","message":"🚀 Multiplicador Spaceman 1: 11041643113 = 1.54x","timestamp":"2025-11-10 11:54:55"}
{"level":"info","message":"🚀 Multiplicador Spaceman 1: 11041643113 = 1.55x","timestamp":"2025-11-10 11:54:55"}
{"level":"info","message":"🚀 Multiplicador Spaceman 1: 11041643113 = 1.56x","timestamp":"2025-11-10 11:54:55"}
{"level":"info","message":"🚀 Multiplicador Spaceman 1: 11041643113 = 1.57x","timestamp":"2025-11-10 11:54:55"}
{"level":"info","message":"🚀 Multiplicador Spaceman 1: 11041643113 = 1.58x","timestamp":"2025-11-10 11:54:55"}
{"level":"info","message":"🚀 Multiplicador Spaceman 1: 11041643113 = 1.59x","timestamp":"2025-11-10 11:54:55"}
{"level":"info","message":"🚀 Multiplicador Spaceman 1: 11041643113 = 1.6x","timestamp":"2025-11-10 11:54:55"}
{"level":"info","message":"🚀 Multiplicador Spaceman 1: 11041643113 = 1.61x","timestamp":"2025-11-10 11:54:55"}
{"level":"info","message":"🚀 Multiplicador Spaceman 1: 11041643113 = 1.62x","timestamp":"2025-11-10 11:54:55"}
{"level":"info","message":"🚀 Multiplicador Spaceman 1: 11041643113 = 1.63x","timestamp":"2025-11-10 11:54:55"}
{"level":"info","message":"🚀 Multiplicador Spaceman 1: 11041643113 = 1.64x","timestamp":"2025-11-10 11:54:55"}
{"level":"info","message":"🚀 Multiplicador Spaceman 1: 11041643113 = 1.65x","timestamp":"2025-11-10 11:54:55"}
{"level":"info","message":"🚀 Multiplicador Spaceman 1: 11041643113 = 1.66x","timestamp":"2025-11-10 11:54:55"}
{"level":"info","message":"🚀 Multiplicador Spaceman 1: 11041643113 = 1.67x","timestamp":"2025-11-10 11:54:55"}
{"level":"info","message":"🚀 Multiplicador Spaceman 1: 11041643113 = 1.68x","timestamp":"2025-11-10 11:54:56"}
{"level":"info","message":"🚀 Multiplicador Spaceman 1: 11041643113 = 1.69x","timestamp":"2025-11-10 11:54:56"}
{"level":"info","message":"🚀 Multiplicador Spaceman 1: 11041643113 = 1.7x","timestamp":"2025-11-10 11:54:56"}
{"level":"info","message":"🚀 Multiplicador Spaceman 1: 11041643113 = 1.71x","timestamp":"2025-11-10 11:54:56"}
{"level":"info","message":"🚀 Multiplicador Spaceman 1: 11041643113 = 1.72x","timestamp":"2025-11-10 11:54:56"}
{"level":"info","message":"🚀 Multiplicador Spaceman 1: 11041643113 = 1.73x","timestamp":"2025-11-10 11:54:56"}
{"level":"info","message":"🚀 Multiplicador Spaceman 1: 11041643113 = 1.74x","timestamp":"2025-11-10 11:54:56"}
{"level":"info","message":"🚀 Multiplicador Spaceman 1: 11041643113 = 1.75x","timestamp":"2025-11-10 11:54:56"}
{"level":"info","message":"🚀 Multiplicador Spaceman 1: 11041643113 = 1.76x","timestamp":"2025-11-10 11:54:56"}
{"level":"info","message":"🚀 Multiplicador Spaceman 1: 11041643113 = 1.77x","timestamp":"2025-11-10 11:54:56"}
{"level":"info","message":"🚀 Multiplicador Spaceman 1: 11041643113 = 1.78x","timestamp":"2025-11-10 11:54:56"}
{"level":"info","message":"🚀 Multiplicador Spaceman 1: 11041643113 = 1.79x","timestamp":"2025-11-10 11:54:56"}
{"level":"info","message":"🚀 Multiplicador Spaceman 1: 11041643113 = 1.8x","timestamp":"2025-11-10 11:54:56"}
{"level":"info","message":"🚀 Multiplicador Spaceman 1: 11041643113 = 1.81x","timestamp":"2025-11-10 11:54:56"}
{"level":"info","message":"🚀 Multiplicador Spaceman 1: 11041643113 = 1.82x","timestamp":"2025-11-10 11:54:57"}
{"level":"info","message":"🚀 Multiplicador Spaceman 1: 11041643113 = 1.83x","timestamp":"2025-11-10 11:54:57"}
{"level":"info","message":"🚀 Multiplicador Spaceman 1: 11041643113 = 1.84x","timestamp":"2025-11-10 11:54:57"}
{"level":"info","message":"🚀 Multiplicador Spaceman 1: 11041643113 = 1.85x","timestamp":"2025-11-10 11:54:57"}
{"level":"info","message":"🚀 Multiplicador Spaceman 1: 11041643113 = 1.86x","timestamp":"2025-11-10 11:54:57"}
{"level":"info","message":"🚀 Multiplicador Spaceman 1: 11041643113 = 1.87x","timestamp":"2025-11-10 11:54:57"}
{"level":"info","message":"🚀 Multiplicador Spaceman 1: 11041643113 = 1.88x","timestamp":"2025-11-10 11:54:57"}
{"level":"info","message":"🚀 Multiplicador Spaceman 1: 11041643113 = 1.89x","timestamp":"2025-11-10 11:54:57"}
{"level":"info","message":"🚀 Multiplicador Spaceman 1: 11041643113 = 1.9x","timestamp":"2025-11-10 11:54:57"}
{"level":"info","message":"🚀 Multiplicador Spaceman 1: 11041643113 = 1.91x","timestamp":"2025-11-10 11:54:57"}
{"level":"info","message":"🚀 Multiplicador Spaceman 1: 11041643113 = 1.92x","timestamp":"2025-11-10 11:54:57"}
{"level":"info","message":"🚀 Multiplicador Spaceman 1: 11041643113 = 1.93x","timestamp":"2025-11-10 11:54:57"}
{"level":"info","message":"🚀 Multiplicador Spaceman 1: 11041643113 = 1.94x","timestamp":"2025-11-10 11:54:57"}
{"level":"info","message":"🚀 Multiplicador Spaceman 1: 11041643113 = 1.95x","timestamp":"2025-11-10 11:54:57"}
{"level":"info","message":"🚀 Multiplicador Spaceman 1: 11041643113 = 1.96x","timestamp":"2025-11-10 11:54:57"}
{"level":"info","message":"🚀 Multiplicador Spaceman 1: 11041643113 = 1.97x","timestamp":"2025-11-10 11:54:57"}
{"level":"info","message":"🚀 Multiplicador Spaceman 1: 11041643113 = 1.98x","timestamp":"2025-11-10 11:54:58"}
{"level":"info","message":"🚀 Multiplicador Spaceman 1: 11041643113 = 2x","timestamp":"2025-11-10 11:54:58"}
{"level":"info","message":"🚀 Multiplicador Spaceman 1: 11041643113 = 2.01x","timestamp":"2025-11-10 11:54:58"}
{"level":"info","message":"🚀 Multiplicador Spaceman 1: 11041643113 = 2.02x","timestamp":"2025-11-10 11:54:58"}
{"level":"info","message":"🚀 Multiplicador Spaceman 1: 11041643113 = 2.03x","timestamp":"2025-11-10 11:54:58"}
{"level":"info","message":"🚀 Multiplicador Spaceman 1: 11041643113 = 2.04x","timestamp":"2025-11-10 11:54:58"}
{"level":"info","message":"🚀 Multiplicador Spaceman 1: 11041643113 = 2.05x","timestamp":"2025-11-10 11:54:58"}
{"level":"info","message":"🚀 Multiplicador Spaceman 1: 11041643113 = 2.06x","timestamp":"2025-11-10 11:54:58"}
{"level":"info","message":"🚀 Multiplicador Spaceman 1: 11041643113 = 2.07x","timestamp":"2025-11-10 11:54:58"}
{"level":"info","message":"🚀 Multiplicador Spaceman 1: 11041643113 = 2.08x","timestamp":"2025-11-10 11:54:58"}
{"level":"info","message":"🚀 Multiplicador Spaceman 1: 11041643113 = 2.09x","timestamp":"2025-11-10 11:54:58"}
{"level":"info","message":"🚀 Multiplicador Spaceman 1: 11041643113 = 2.1x","timestamp":"2025-11-10 11:54:58"}
{"level":"info","message":"🚀 Multiplicador Spaceman 1: 11041643113 = 2.12x","timestamp":"2025-11-10 11:54:58"}
{"level":"info","message":"🚀 Multiplicador Spaceman 1: 11041643113 = 2.13x","timestamp":"2025-11-10 11:54:58"}
{"level":"info","message":"🚀 Multiplicador Spaceman 1: 11041643113 = 2.14x","timestamp":"2025-11-10 11:54:58"}
{"level":"info","message":"🚀 Multiplicador Spaceman 1: 11041643113 = 2.15x","timestamp":"2025-11-10 11:54:59"}
{"level":"info","message":"🚀 Multiplicador Spaceman 1: 11041643113 = 2.16x","timestamp":"2025-11-10 11:54:59"}
{"level":"info","message":"🚀 Multiplicador Spaceman 1: 11041643113 = 2.17x","timestamp":"2025-11-10 11:54:59"}
{"level":"info","message":"🚀 Multiplicador Spaceman 1: 11041643113 = 2.18x","timestamp":"2025-11-10 11:54:59"}
{"level":"info","message":"🚀 Multiplicador Spaceman 1: 11041643113 = 2.19x","timestamp":"2025-11-10 11:54:59"}
{"level":"info","message":"🚀 Multiplicador Spaceman 1: 11041643113 = 2.2x","timestamp":"2025-11-10 11:54:59"}
{"level":"info","message":"🚀 Multiplicador Spaceman 1: 11041643113 = 2.21x","timestamp":"2025-11-10 11:54:59"}
{"level":"info","message":"🚀 Multiplicador Spaceman 1: 11041643113 = 2.22x","timestamp":"2025-11-10 11:54:59"}
{"level":"info","message":"🚀 Multiplicador Spaceman 1: 11041643113 = 2.23x","timestamp":"2025-11-10 11:54:59"}
{"level":"info","message":"🚀 Multiplicador Spaceman 1: 11041643113 = 2.24x","timestamp":"2025-11-10 11:54:59"}
{"level":"info","message":"🚀 Multiplicador Spaceman 1: 11041643113 = 2.25x","timestamp":"2025-11-10 11:54:59"}
{"level":"info","message":"🚀 Multiplicador Spaceman 1: 11041643113 = 2.26x","timestamp":"2025-11-10 11:54:59"}
{"level":"info","message":"🚀 Multiplicador Spaceman 1: 11041643113 = 2.27x","timestamp":"2025-11-10 11:54:59"}
{"level":"info","message":"🚀 Multiplicador Spaceman 1: 11041643113 = 2.28x","timestamp":"2025-11-10 11:54:59"}
{"level":"info","message":"🚀 Multiplicador Spaceman 1: 11041643113 = 2.29x","timestamp":"2025-11-10 11:54:59"}
{"level":"info","message":"🚀 Multiplicador Spaceman 1: 11041643113 = 2.3x","timestamp":"2025-11-10 11:54:59"}
{"level":"info","message":"🚀 Multiplicador Spaceman 1: 11041643113 = 2.31x","timestamp":"2025-11-10 11:54:59"}
{"level":"info","message":"🚀 Multiplicador Spaceman 1: 11041643113 = 2.32x","timestamp":"2025-11-10 11:54:59"}
{"level":"info","message":"🔄 Reconexión automática programada (5 min) para Spaceman ID: 1","timestamp":"2025-11-10 11:55:06"}
{"level":"warn","message":"Multiplicador Spaceman 1 desconectado. Código: 4002, Razón: Auto reconnect - 5 min","timestamp":"2025-11-10 11:55:07"}
{"level":"warn","message":"Programando reconexión multiplicador Spaceman ID: 1, intento 1/3","timestamp":"2025-11-10 11:55:07"}
{"level":"info","message":"Estado WebSocket actualizado en BD para spaceman 1: DISCONNECTED","timestamp":"2025-11-10 11:55:07"}
{"level":"info","message":"🔄 Ejecutando reconexión automática con reconnect=true para Spaceman ID: 1","timestamp":"2025-11-10 11:55:09"}
{"level":"warn","message":"🔄 updateTokenAndConnect llamado para Spaceman 1 desde: at Timeout._onTimeout (C:\\Users\\LENOVO\\Desktop\\AVIARIX2\\backend\\src\\logic-apps\\Spaceman\\spaceman-websocket.service.ts:134:24)","timestamp":"2025-11-10 11:55:09"}
{"level":"warn","message":"Spaceman 1: Bookmaker 9 está inactivo, saltando conexión","timestamp":"2025-11-10 11:55:09"}
{"level":"warn","message":"🔄 updateTokenAndConnect llamado para Spaceman 1 desde: at Timeout._onTimeout (C:\\Users\\LENOVO\\Desktop\\AVIARIX2\\backend\\src\\logic-apps\\Spaceman\\spaceman-websocket.service.ts:704:24)","timestamp":"2025-11-10 11:55:12"}
{"level":"info","message":"✅ Usando JSESSIONID configurado manualmente para Spaceman 1","timestamp":"2025-11-10 11:55:12"}
{"level":"info","message":"Token actualizado exitosamente para Spaceman 1, iniciando conexiones...","timestamp":"2025-11-10 11:55:13"}
{"level":"info","message":"🔄 Reconectando multiplicador con reconnect=true para Spaceman ID: 1","timestamp":"2025-11-10 11:55:13"}
{"level":"info","message":"Conexión finanzas establecida para Spaceman ID: 1","timestamp":"2025-11-10 11:55:13"}
{"level":"info","message":"URL de finanzas conectada: wss://gs12.pragmaticplaylive.net/game?bcs=true&JSESSIONID=XnpuqNrENDPQn9hqXuvKtlspf5bC2hmLqww5EZBb1JAPVg3G62eu%21-720566706-c1138735&tableId=spacemanyxe123nh","timestamp":"2025-11-10 11:55:13"}
{"level":"warn","message":"Finanzas Spaceman 1 desconectado. Código: 1000, Razón: ","timestamp":"2025-11-10 11:55:13"}
{"level":"warn","message":"Tiempo de conexión: desde 11:55:13 a. m.","timestamp":"2025-11-10 11:55:13"}
{"level":"info","message":"Finanzas Spaceman 1: Cierre normal, no se reintentará","timestamp":"2025-11-10 11:55:13"}
{"level":"info","message":"Conexión multiplicador establecida para Spaceman ID: 1","timestamp":"2025-11-10 11:55:13"}
{"level":"info","message":"✅ Reconexión automática cada 5 minutos iniciada para Spaceman ID: 1","timestamp":"2025-11-10 11:55:13"}
{"level":"info","message":"Estado WebSocket actualizado en BD para spaceman 1: CONNECTED","timestamp":"2025-11-10 11:55:14"}
{"level":"info","message":"Estado WebSocket actualizado en BD para spaceman 1: CONNECTED","timestamp":"2025-11-10 11:55:14"}
{"level":"info","message":"Estado WebSocket actualizado en BD para spaceman 1: DISCONNECTED","timestamp":"2025-11-10 11:55:14"}
{"level":"info","message":"🚀 Multiplicador Spaceman 1: 11041643313 = 1.01x","timestamp":"2025-11-10 11:55:22"}
{"level":"info","message":"🚀 Multiplicador Spaceman 1: 11041643313 = 1.02x","timestamp":"2025-11-10 11:55:22"}
{"level":"info","message":"🚀 Multiplicador Spaceman 1: 11041643313 = 1.03x","timestamp":"2025-11-10 11:55:22"}
{"level":"info","message":"🚀 Multiplicador Spaceman 1: 11041643313 = 1.04x","timestamp":"2025-11-10 11:55:22"}
{"level":"info","message":"🚀 Multiplicador Spaceman 1: 11041643313 = 1.05x","timestamp":"2025-11-10 11:55:22"}
{"level":"info","message":"🚀 Multiplicador Spaceman 1: 11041643313 = 1.06x","timestamp":"2025-11-10 11:55:22"}
{"level":"info","message":"🚀 Multiplicador Spaceman 1: 11041643313 = 1.07x","timestamp":"2025-11-10 11:55:23"}
{"level":"info","message":"🚀 Multiplicador Spaceman 1: 11041643313 = 1.08x","timestamp":"2025-11-10 11:55:23"}
{"level":"info","message":"🚀 Multiplicador Spaceman 1: 11041643313 = 1.09x","timestamp":"2025-11-10 11:55:23"}
{"level":"info","message":"🚀 Multiplicador Spaceman 1: 11041643313 = 1.1x","timestamp":"2025-11-10 11:55:23"}
{"level":"info","message":"🚀 Multiplicador Spaceman 1: 11041643313 = 1.11x","timestamp":"2025-11-10 11:55:23"}
{"level":"info","message":"🚀 Multiplicador Spaceman 1: 11041643313 = 1.12x","timestamp":"2025-11-10 11:55:23"}
{"level":"info","message":"🚀 Multiplicador Spaceman 1: 11041643313 = 1.13x","timestamp":"2025-11-10 11:55:23"}
{"level":"info","message":"🚀 Multiplicador Spaceman 1: 11041643313 = 1.14x","timestamp":"2025-11-10 11:55:23"}
{"level":"info","message":"🚀 Multiplicador Spaceman 1: 11041643313 = 1.15x","timestamp":"2025-11-10 11:55:23"}
{"level":"info","message":"🚀 Multiplicador Spaceman 1: 11041643413 = 1.01x","timestamp":"2025-11-10 11:55:34"}
{"level":"info","message":"🚀 Multiplicador Spaceman 1: 11041643413 = 1.02x","timestamp":"2025-11-10 11:55:34"}
{"level":"info","message":"🚀 Multiplicador Spaceman 1: 11041643413 = 1.03x","timestamp":"2025-11-10 11:55:34"}
{"level":"info","message":"🚀 Multiplicador Spaceman 1: 11041643413 = 1.04x","timestamp":"2025-11-10 11:55:34"}
{"level":"info","message":"🚀 Multiplicador Spaceman 1: 11041643413 = 1.05x","timestamp":"2025-11-10 11:55:34"}
{"level":"info","message":"🚀 Multiplicador Spaceman 1: 11041643413 = 1.06x","timestamp":"2025-11-10 11:55:34"}
{"level":"info","message":"🚀 Multiplicador Spaceman 1: 11041643413 = 1.07x","timestamp":"2025-11-10 11:55:34"}
{"level":"info","message":"🚀 Multiplicador Spaceman 1: 11041643413 = 1.08x","timestamp":"2025-11-10 11:55:34"}
{"level":"info","message":"🚀 Multiplicador Spaceman 1: 11041643413 = 1.09x","timestamp":"2025-11-10 11:55:34"}
{"level":"info","message":"🚀 Multiplicador Spaceman 1: 11041643413 = 1.1x","timestamp":"2025-11-10 11:55:35"}
{"level":"info","message":"🚀 Multiplicador Spaceman 1: 11041643413 = 1.11x","timestamp":"2025-11-10 11:55:35"}
{"level":"info","message":"🚀 Multiplicador Spaceman 1: 11041643413 = 1.12x","timestamp":"2025-11-10 11:55:35"}
{"level":"info","message":"🚀 Multiplicador Spaceman 1: 11041643413 = 1.13x","timestamp":"2025-11-10 11:55:35"}
{"level":"info","message":"🚀 Multiplicador Spaceman 1: 11041643413 = 1.14x","timestamp":"2025-11-10 11:55:35"}
{"level":"info","message":"🚀 Multiplicador Spaceman 1: 11041643413 = 1.15x","timestamp":"2025-11-10 11:55:35"}
{"level":"info","message":"🚀 Multiplicador Spaceman 1: 11041643413 = 1.16x","timestamp":"2025-11-10 11:55:35"}
{"level":"info","message":"🚀 Multiplicador Spaceman 1: 11041643413 = 1.17x","timestamp":"2025-11-10 11:55:35"}
{"level":"info","message":"🚀 Multiplicador Spaceman 1: 11041643413 = 1.18x","timestamp":"2025-11-10 11:55:35"}
{"level":"info","message":"🚀 Multiplicador Spaceman 1: 11041643413 = 1.19x","timestamp":"2025-11-10 11:55:36"}
{"level":"info","message":"🚀 Multiplicador Spaceman 1: 11041643413 = 1.2x","timestamp":"2025-11-10 11:55:36"}
{"level":"info","message":"🚀 Multiplicador Spaceman 1: 11041643413 = 1.21x","timestamp":"2025-11-10 11:55:36"}
{"level":"info","message":"🚀 Multiplicador Spaceman 1: 11041643413 = 1.22x","timestamp":"2025-11-10 11:55:36"}
{"level":"info","message":"🚀 Multiplicador Spaceman 1: 11041643413 = 1.23x","timestamp":"2025-11-10 11:55:36"}
{"level":"info","message":"🚀 Multiplicador Spaceman 1: 11041643413 = 1.24x","timestamp":"2025-11-10 11:55:36"}
{"level":"info","message":"🚀 Multiplicador Spaceman 1: 11041643413 = 1.25x","timestamp":"2025-11-10 11:55:36"}
{"level":"info","message":"🚀 Multiplicador Spaceman 1: 11041643413 = 1.26x","timestamp":"2025-11-10 11:55:36"}
{"level":"info","message":"🚀 Multiplicador Spaceman 1: 11041643413 = 1.27x","timestamp":"2025-11-10 11:55:36"}
{"level":"info","message":"🚀 Multiplicador Spaceman 1: 11041643413 = 1.28x","timestamp":"2025-11-10 11:55:36"}
{"level":"info","message":"🚀 Multiplicador Spaceman 1: 11041643413 = 1.29x","timestamp":"2025-11-10 11:55:37"}
{"level":"info","message":"🚀 Multiplicador Spaceman 1: 11041643413 = 1.3x","timestamp":"2025-11-10 11:55:37"}
{"level":"info","message":"🚀 Multiplicador Spaceman 1: 11041643413 = 1.31x","timestamp":"2025-11-10 11:55:37"}
{"level":"info","message":"🚀 Multiplicador Spaceman 1: 11041643413 = 1.32x","timestamp":"2025-11-10 11:55:37"}
{"level":"info","message":"🚀 Multiplicador Spaceman 1: 11041643413 = 1.33x","timestamp":"2025-11-10 11:55:37"}
{"level":"info","message":"🚀 Multiplicador Spaceman 1: 11041643413 = 1.34x","timestamp":"2025-11-10 11:55:37"}
{"level":"info","message":"🚀 Multiplicador Spaceman 1: 11041643413 = 1.35x","timestamp":"2025-11-10 11:55:37"}
{"level":"info","message":"🚀 Multiplicador Spaceman 1: 11041643413 = 1.36x","timestamp":"2025-11-10 11:55:37"}
{"level":"info","message":"🚀 Multiplicador Spaceman 1: 11041643413 = 1.37x","timestamp":"2025-11-10 11:55:37"}
{"level":"info","message":"🚀 Multiplicador Spaceman 1: 11041643413 = 1.38x","timestamp":"2025-11-10 11:55:37"}
{"level":"info","message":"🚀 Multiplicador Spaceman 1: 11041643413 = 1.39x","timestamp":"2025-11-10 11:55:37"}
{"level":"info","message":"🚀 Multiplicador Spaceman 1: 11041643413 = 1.4x","timestamp":"2025-11-10 11:55:37"}
{"level":"info","message":"🚀 Multiplicador Spaceman 1: 11041643413 = 1.41x","timestamp":"2025-11-10 11:55:38"}
{"level":"info","message":"🚀 Multiplicador Spaceman 1: 11041643413 = 1.42x","timestamp":"2025-11-10 11:55:38"}
{"level":"info","message":"🚀 Multiplicador Spaceman 1: 11041643413 = 1.43x","timestamp":"2025-11-10 11:55:38"}
{"level":"info","message":"🚀 Multiplicador Spaceman 1: 11041643413 = 1.44x","timestamp":"2025-11-10 11:55:38"}
{"level":"info","message":"🚀 Multiplicador Spaceman 1: 11041643413 = 1.45x","timestamp":"2025-11-10 11:55:38"}
{"level":"info","message":"🚀 Multiplicador Spaceman 1: 11041643413 = 1.46x","timestamp":"2025-11-10 11:55:38"}
{"level":"info","message":"🚀 Multiplicador Spaceman 1: 11041643413 = 1.47x","timestamp":"2025-11-10 11:55:38"}
{"level":"info","message":"🚀 Multiplicador Spaceman 1: 11041643413 = 1.48x","timestamp":"2025-11-10 11:55:38"}
{"level":"info","message":"🚀 Multiplicador Spaceman 1: 11041643413 = 1.49x","timestamp":"2025-11-10 11:55:38"}
{"level":"info","message":"🚀 Multiplicador Spaceman 1: 11041643413 = 1.5x","timestamp":"2025-11-10 11:55:38"}
{"level":"info","message":"🚀 Multiplicador Spaceman 1: 11041643413 = 1.51x","timestamp":"2025-11-10 11:55:38"}
{"level":"info","message":"🚀 Multiplicador Spaceman 1: 11041643413 = 1.52x","timestamp":"2025-11-10 11:55:38"}
{"level":"info","message":"🚀 Multiplicador Spaceman 1: 11041643413 = 1.53x","timestamp":"2025-11-10 11:55:39"}
{"level":"info","message":"🚀 Multiplicador Spaceman 1: 11041643413 = 1.54x","timestamp":"2025-11-10 11:55:39"}
{"level":"info","message":"🚀 Multiplicador Spaceman 1: 11041643413 = 1.55x","timestamp":"2025-11-10 11:55:39"}
{"level":"info","message":"🚀 Multiplicador Spaceman 1: 11041643413 = 1.56x","timestamp":"2025-11-10 11:55:39"}
{"level":"info","message":"🚀 Multiplicador Spaceman 1: 11041643413 = 1.57x","timestamp":"2025-11-10 11:55:39"}
{"level":"info","message":"🚀 Multiplicador Spaceman 1: 11041643413 = 1.58x","timestamp":"2025-11-10 11:55:39"}
{"level":"info","message":"🚀 Multiplicador Spaceman 1: 11041643413 = 1.59x","timestamp":"2025-11-10 11:55:39"}
{"level":"info","message":"🚀 Multiplicador Spaceman 1: 11041643413 = 1.6x","timestamp":"2025-11-10 11:55:39"}
{"level":"info","message":"🚀 Multiplicador Spaceman 1: 11041643413 = 1.61x","timestamp":"2025-11-10 11:55:39"}
{"level":"info","message":"🚀 Multiplicador Spaceman 1: 11041643413 = 1.62x","timestamp":"2025-11-10 11:55:39"}
{"level":"info","message":"🚀 Multiplicador Spaceman 1: 11041643413 = 1.63x","timestamp":"2025-11-10 11:55:39"}
{"level":"info","message":"🚀 Multiplicador Spaceman 1: 11041643413 = 1.64x","timestamp":"2025-11-10 11:55:39"}
{"level":"info","message":"🚀 Multiplicador Spaceman 1: 11041643413 = 1.65x","timestamp":"2025-11-10 11:55:39"}
{"level":"info","message":"🚀 Multiplicador Spaceman 1: 11041643413 = 1.66x","timestamp":"2025-11-10 11:55:40"}
{"level":"info","message":"🚀 Multiplicador Spaceman 1: 11041643413 = 1.67x","timestamp":"2025-11-10 11:55:40"}
{"level":"info","message":"🚀 Multiplicador Spaceman 1: 11041643413 = 1.68x","timestamp":"2025-11-10 11:55:40"}
{"level":"info","message":"🚀 Multiplicador Spaceman 1: 11041643413 = 1.69x","timestamp":"2025-11-10 11:55:40"}
{"level":"info","message":"🚀 Multiplicador Spaceman 1: 11041643413 = 1.7x","timestamp":"2025-11-10 11:55:40"}
{"level":"info","message":"🚀 Multiplicador Spaceman 1: 11041643413 = 1.71x","timestamp":"2025-11-10 11:55:40"}
{"level":"info","message":"🚀 Multiplicador Spaceman 1: 11041643413 = 1.72x","timestamp":"2025-11-10 11:55:40"}
{"level":"info","message":"🚀 Multiplicador Spaceman 1: 11041643413 = 1.73x","timestamp":"2025-11-10 11:55:40"}
{"level":"info","message":"🚀 Multiplicador Spaceman 1: 11041643413 = 1.74x","timestamp":"2025-11-10 11:55:40"}
{"level":"info","message":"🚀 Multiplicador Spaceman 1: 11041643413 = 1.75x","timestamp":"2025-11-10 11:55:40"}
{"level":"info","message":"🚀 Multiplicador Spaceman 1: 11041643413 = 1.76x","timestamp":"2025-11-10 11:55:40"}
{"level":"info","message":"🚀 Multiplicador Spaceman 1: 11041643413 = 1.77x","timestamp":"2025-11-10 11:55:40"}
{"level":"info","message":"🚀 Multiplicador Spaceman 1: 11041643413 = 1.78x","timestamp":"2025-11-10 11:55:40"}
{"level":"info","message":"🚀 Multiplicador Spaceman 1: 11041643413 = 1.79x","timestamp":"2025-11-10 11:55:40"}
{"level":"info","message":"🚀 Multiplicador Spaceman 1: 11041643413 = 1.8x","timestamp":"2025-11-10 11:55:41"}
{"level":"info","message":"🚀 Multiplicador Spaceman 1: 11041643413 = 1.81x","timestamp":"2025-11-10 11:55:41"}
{"level":"info","message":"🚀 Multiplicador Spaceman 1: 11041643413 = 1.82x","timestamp":"2025-11-10 11:55:41"}
{"level":"info","message":"🚀 Multiplicador Spaceman 1: 11041643413 = 1.83x","timestamp":"2025-11-10 11:55:41"}
{"level":"info","message":"🚀 Multiplicador Spaceman 1: 11041643413 = 1.84x","timestamp":"2025-11-10 11:55:41"}
{"level":"info","message":"🚀 Multiplicador Spaceman 1: 11041643413 = 1.85x","timestamp":"2025-11-10 11:55:41"}
{"level":"info","message":"🚀 Multiplicador Spaceman 1: 11041643413 = 1.86x","timestamp":"2025-11-10 11:55:41"}
{"level":"info","message":"🚀 Multiplicador Spaceman 1: 11041643513 = 1.01x","timestamp":"2025-11-10 11:55:51"}
{"level":"info","message":"🚀 Multiplicador Spaceman 1: 11041643513 = 1.02x","timestamp":"2025-11-10 11:55:51"}
{"level":"info","message":"🚀 Multiplicador Spaceman 1: 11041643513 = 1.03x","timestamp":"2025-11-10 11:55:51"}
{"level":"info","message":"🚀 Multiplicador Spaceman 1: 11041643513 = 1.04x","timestamp":"2025-11-10 11:55:51"}
{"level":"info","message":"🚀 Multiplicador Spaceman 1: 11041643513 = 1.05x","timestamp":"2025-11-10 11:55:52"}
{"level":"info","message":"🚀 Multiplicador Spaceman 1: 11041643513 = 1.06x","timestamp":"2025-11-10 11:55:52"}
{"level":"info","message":"🚀 Multiplicador Spaceman 1: 11041643513 = 1.07x","timestamp":"2025-11-10 11:55:52"}
{"level":"info","message":"🚀 Multiplicador Spaceman 1: 11041643513 = 1.08x","timestamp":"2025-11-10 11:55:52"}
{"level":"info","message":"🚀 Multiplicador Spaceman 1: 11041643513 = 1.09x","timestamp":"2025-11-10 11:55:52"}
{"level":"info","message":"🚀 Multiplicador Spaceman 1: 11041643513 = 1.1x","timestamp":"2025-11-10 11:55:52"}
{"level":"info","message":"🚀 Multiplicador Spaceman 1: 11041643513 = 1.11x","timestamp":"2025-11-10 11:55:52"}
{"level":"info","message":"🚀 Multiplicador Spaceman 1: 11041643513 = 1.12x","timestamp":"2025-11-10 11:55:52"}
{"level":"info","message":"🚀 Multiplicador Spaceman 1: 11041643513 = 1.13x","timestamp":"2025-11-10 11:55:53"}
{"level":"info","message":"🚀 Multiplicador Spaceman 1: 11041643513 = 1.14x","timestamp":"2025-11-10 11:55:53"}
{"level":"info","message":"🚀 Multiplicador Spaceman 1: 11041643513 = 1.15x","timestamp":"2025-11-10 11:55:53"}
{"level":"info","message":"🚀 Multiplicador Spaceman 1: 11041643513 = 1.16x","timestamp":"2025-11-10 11:55:53"}
{"level":"info","message":"🚀 Multiplicador Spaceman 1: 11041643513 = 1.17x","timestamp":"2025-11-10 11:55:53"}
{"level":"info","message":"🚀 Multiplicador Spaceman 1: 11041643513 = 1.18x","timestamp":"2025-11-10 11:55:53"}
{"level":"info","message":"🚀 Multiplicador Spaceman 1: 11041643513 = 1.19x","timestamp":"2025-11-10 11:55:53"}
{"level":"info","message":"🚀 Multiplicador Spaceman 1: 11041643513 = 1.2x","timestamp":"2025-11-10 11:55:53"}
{"level":"info","message":"🚀 Multiplicador Spaceman 1: 11041643513 = 1.21x","timestamp":"2025-11-10 11:55:53"}
{"level":"info","message":"🚀 Multiplicador Spaceman 1: 11041643513 = 1.22x","timestamp":"2025-11-10 11:55:53"}
{"level":"info","message":"🚀 Multiplicador Spaceman 1: 11041643513 = 1.23x","timestamp":"2025-11-10 11:55:54"}
{"level":"info","message":"🚀 Multiplicador Spaceman 1: 11041643513 = 1.24x","timestamp":"2025-11-10 11:55:54"}
{"level":"info","message":"🚀 Multiplicador Spaceman 1: 11041643513 = 1.25x","timestamp":"2025-11-10 11:55:54"}
{"level":"info","message":"🚀 Multiplicador Spaceman 1: 11041643513 = 1.26x","timestamp":"2025-11-10 11:55:54"}
{"level":"info","message":"🚀 Multiplicador Spaceman 1: 11041643513 = 1.27x","timestamp":"2025-11-10 11:55:54"}
{"level":"info","message":"🚀 Multiplicador Spaceman 1: 11041643513 = 1.28x","timestamp":"2025-11-10 11:55:54"}
{"level":"info","message":"🚀 Multiplicador Spaceman 1: 11041643513 = 1.44x","timestamp":"2025-11-10 11:55:56"}
{"level":"info","message":"🚀 Multiplicador Spaceman 1: 11041643613 = 1.01x","timestamp":"2025-11-10 11:56:06"}
{"level":"info","message":"🚀 Multiplicador Spaceman 1: 11041643613 = 1.02x","timestamp":"2025-11-10 11:56:06"}
{"level":"info","message":"🚀 Multiplicador Spaceman 1: 11041643613 = 1.03x","timestamp":"2025-11-10 11:56:06"}
{"level":"info","message":"🚀 Multiplicador Spaceman 1: 11041643613 = 1.04x","timestamp":"2025-11-10 11:56:06"}
{"level":"info","message":"🚀 Multiplicador Spaceman 1: 11041643613 = 1.05x","timestamp":"2025-11-10 11:56:06"}
{"level":"info","message":"🚀 Multiplicador Spaceman 1: 11041643613 = 1.06x","timestamp":"2025-11-10 11:56:06"}
{"level":"info","message":"🚀 Multiplicador Spaceman 1: 11041643613 = 1.07x","timestamp":"2025-11-10 11:56:06"}
{"level":"info","message":"🚀 Multiplicador Spaceman 1: 11041643613 = 1.08x","timestamp":"2025-11-10 11:56:06"}
{"level":"info","message":"🚀 Multiplicador Spaceman 1: 11041643613 = 1.09x","timestamp":"2025-11-10 11:56:07"}
{"level":"info","message":"🚀 Multiplicador Spaceman 1: 11041643613 = 1.1x","timestamp":"2025-11-10 11:56:07"}
{"level":"info","message":"🚀 Multiplicador Spaceman 1: 11041643613 = 1.11x","timestamp":"2025-11-10 11:56:07"}
{"level":"info","message":"🚀 Multiplicador Spaceman 1: 11041643613 = 1.12x","timestamp":"2025-11-10 11:56:07"}
{"level":"info","message":"🚀 Multiplicador Spaceman 1: 11041643613 = 1.13x","timestamp":"2025-11-10 11:56:07"}
{"level":"info","message":"🚀 Multiplicador Spaceman 1: 11041643613 = 1.14x","timestamp":"2025-11-10 11:56:07"}
{"level":"info","message":"🚀 Multiplicador Spaceman 1: 11041643613 = 1.15x","timestamp":"2025-11-10 11:56:07"}
{"level":"info","message":"🚀 Multiplicador Spaceman 1: 11041643613 = 1.16x","timestamp":"2025-11-10 11:56:07"}
{"level":"info","message":"🚀 Multiplicador Spaceman 1: 11041643613 = 1.17x","timestamp":"2025-11-10 11:56:07"}
{"level":"info","message":"🚀 Multiplicador Spaceman 1: 11041643613 = 1.18x","timestamp":"2025-11-10 11:56:08"}
{"level":"info","message":"🚀 Multiplicador Spaceman 1: 11041643613 = 1.19x","timestamp":"2025-11-10 11:56:08"}
{"level":"info","message":"🚀 Multiplicador Spaceman 1: 11041643613 = 1.2x","timestamp":"2025-11-10 11:56:08"}
{"level":"info","message":"🚀 Multiplicador Spaceman 1: 11041643613 = 1.21x","timestamp":"2025-11-10 11:56:08"}
{"level":"info","message":"🚀 Multiplicador Spaceman 1: 11041643613 = 1.22x","timestamp":"2025-11-10 11:56:08"}
{"level":"info","message":"🚀 Multiplicador Spaceman 1: 11041643613 = 1.23x","timestamp":"2025-11-10 11:56:08"}
{"level":"info","message":"🚀 Multiplicador Spaceman 1: 11041643613 = 1.24x","timestamp":"2025-11-10 11:56:08"}
{"level":"info","message":"🚀 Multiplicador Spaceman 1: 11041643613 = 1.25x","timestamp":"2025-11-10 11:56:08"}
{"level":"info","message":"🚀 Multiplicador Spaceman 1: 11041643613 = 1.26x","timestamp":"2025-11-10 11:56:08"}
{"level":"info","message":"🚀 Multiplicador Spaceman 1: 11041643613 = 1.27x","timestamp":"2025-11-10 11:56:08"}
{"level":"info","message":"🚀 Multiplicador Spaceman 1: 11041643613 = 1.28x","timestamp":"2025-11-10 11:56:08"}
{"level":"info","message":"🚀 Multiplicador Spaceman 1: 11041643613 = 1.29x","timestamp":"2025-11-10 11:56:09"}
{"level":"info","message":"🚀 Multiplicador Spaceman 1: 11041643613 = 1.3x","timestamp":"2025-11-10 11:56:09"}
{"level":"info","message":"🚀 Multiplicador Spaceman 1: 11041643613 = 1.31x","timestamp":"2025-11-10 11:56:09"}
{"level":"info","message":"🚀 Multiplicador Spaceman 1: 11041643613 = 1.32x","timestamp":"2025-11-10 11:56:09"}
{"level":"info","message":"🚀 Multiplicador Spaceman 1: 11041643613 = 1.33x","timestamp":"2025-11-10 11:56:09"}
{"level":"info","message":"🚀 Multiplicador Spaceman 1: 11041643613 = 1.34x","timestamp":"2025-11-10 11:56:09"}
{"level":"info","message":"🚀 Multiplicador Spaceman 1: 11041643613 = 1.35x","timestamp":"2025-11-10 11:56:09"}
{"level":"info","message":"🚀 Multiplicador Spaceman 1: 11041643613 = 1.36x","timestamp":"2025-11-10 11:56:09"}
{"level":"info","message":"🚀 Multiplicador Spaceman 1: 11041643613 = 1.37x","timestamp":"2025-11-10 11:56:09"}
{"level":"info","message":"🚀 Multiplicador Spaceman 1: 11041643613 = 1.38x","timestamp":"2025-11-10 11:56:09"}
{"level":"info","message":"🚀 Multiplicador Spaceman 1: 11041643613 = 1.39x","timestamp":"2025-11-10 11:56:10"}
{"level":"info","message":"🚀 Multiplicador Spaceman 1: 11041643613 = 1.4x","timestamp":"2025-11-10 11:56:10"}
{"level":"info","message":"🚀 Multiplicador Spaceman 1: 11041643613 = 1.41x","timestamp":"2025-11-10 11:56:10"}
{"level":"info","message":"🚀 Multiplicador Spaceman 1: 11041643613 = 1.42x","timestamp":"2025-11-10 11:56:10"}
{"level":"info","message":"🚀 Multiplicador Spaceman 1: 11041643613 = 1.43x","timestamp":"2025-11-10 11:56:10"}
{"level":"info","message":"🚀 Multiplicador Spaceman 1: 11041643613 = 1.44x","timestamp":"2025-11-10 11:56:10"}
{"level":"info","message":"🚀 Multiplicador Spaceman 1: 11041643613 = 1.45x","timestamp":"2025-11-10 11:56:10"}
{"level":"info","message":"🚀 Multiplicador Spaceman 1: 11041643613 = 1.46x","timestamp":"2025-11-10 11:56:10"}
{"level":"info","message":"🚀 Multiplicador Spaceman 1: 11041643613 = 1.47x","timestamp":"2025-11-10 11:56:12"}
{"level":"info","message":"🚀 Multiplicador Spaceman 1: 11041643613 = 1.48x","timestamp":"2025-11-10 11:56:12"}
{"level":"info","message":"🚀 Multiplicador Spaceman 1: 11041643613 = 1.49x","timestamp":"2025-11-10 11:56:12"}
{"level":"info","message":"🚀 Multiplicador Spaceman 1: 11041643613 = 1.5x","timestamp":"2025-11-10 11:56:12"}
{"level":"info","message":"🚀 Multiplicador Spaceman 1: 11041643613 = 1.51x","timestamp":"2025-11-10 11:56:12"}
{"level":"info","message":"🚀 Multiplicador Spaceman 1: 11041643613 = 1.52x","timestamp":"2025-11-10 11:56:12"}
{"level":"info","message":"🚀 Multiplicador Spaceman 1: 11041643613 = 1.53x","timestamp":"2025-11-10 11:56:12"}
{"level":"info","message":"🚀 Multiplicador Spaceman 1: 11041643613 = 1.54x","timestamp":"2025-11-10 11:56:12"}
{"level":"info","message":"🚀 Multiplicador Spaceman 1: 11041643613 = 1.55x","timestamp":"2025-11-10 11:56:12"}
{"level":"info","message":"🚀 Multiplicador Spaceman 1: 11041643613 = 1.56x","timestamp":"2025-11-10 11:56:12"}
{"level":"info","message":"🚀 Multiplicador Spaceman 1: 11041643613 = 1.57x","timestamp":"2025-11-10 11:56:12"}
{"level":"info","message":"🚀 Multiplicador Spaceman 1: 11041643613 = 1.58x","timestamp":"2025-11-10 11:56:12"}
{"level":"info","message":"🚀 Multiplicador Spaceman 1: 11041643613 = 1.59x","timestamp":"2025-11-10 11:56:12"}
{"level":"info","message":"🚀 Multiplicador Spaceman 1: 11041643613 = 1.6x","timestamp":"2025-11-10 11:56:12"}
{"level":"info","message":"🚀 Multiplicador Spaceman 1: 11041643613 = 1.61x","timestamp":"2025-11-10 11:56:12"}
{"level":"info","message":"🚀 Multiplicador Spaceman 1: 11041643613 = 1.62x","timestamp":"2025-11-10 11:56:12"}
{"level":"info","message":"🚀 Multiplicador Spaceman 1: 11041643613 = 1.63x","timestamp":"2025-11-10 11:56:12"}
{"level":"info","message":"🚀 Multiplicador Spaceman 1: 11041643613 = 1.64x","timestamp":"2025-11-10 11:56:12"}
{"level":"info","message":"🚀 Multiplicador Spaceman 1: 11041643613 = 1.65x","timestamp":"2025-11-10 11:56:12"}
{"level":"info","message":"🚀 Multiplicador Spaceman 1: 11041643613 = 1.66x","timestamp":"2025-11-10 11:56:12"}
{"level":"info","message":"🚀 Multiplicador Spaceman 1: 11041643613 = 1.67x","timestamp":"2025-11-10 11:56:12"}
{"level":"info","message":"🚀 Multiplicador Spaceman 1: 11041643613 = 1.68x","timestamp":"2025-11-10 11:56:12"}
{"level":"info","message":"🚀 Multiplicador Spaceman 1: 11041643613 = 1.69x","timestamp":"2025-11-10 11:56:12"}
{"level":"info","message":"🚀 Multiplicador Spaceman 1: 11041643613 = 1.7x","timestamp":"2025-11-10 11:56:12"}
{"level":"info","message":"🚀 Multiplicador Spaceman 1: 11041643613 = 1.71x","timestamp":"2025-11-10 11:56:12"}
{"level":"info","message":"🚀 Multiplicador Spaceman 1: 11041643713 = 1.01x","timestamp":"2025-11-10 11:56:22"}
{"level":"info","message":"🚀 Multiplicador Spaceman 1: 11041643713 = 1.02x","timestamp":"2025-11-10 11:56:22"}
{"level":"info","message":"🚀 Multiplicador Spaceman 1: 11041643713 = 1.03x","timestamp":"2025-11-10 11:56:22"}
{"level":"info","message":"🚀 Multiplicador Spaceman 1: 11041643713 = 1.04x","timestamp":"2025-11-10 11:56:23"}
{"level":"info","message":"🚀 Multiplicador Spaceman 1: 11041643713 = 1.05x","timestamp":"2025-11-10 11:56:23"}
{"level":"info","message":"🚀 Multiplicador Spaceman 1: 11041643713 = 1.06x","timestamp":"2025-11-10 11:56:23"}
{"level":"info","message":"🚀 Multiplicador Spaceman 1: 11041643713 = 1.07x","timestamp":"2025-11-10 11:56:23"}
{"level":"info","message":"🚀 Multiplicador Spaceman 1: 11041643713 = 1.08x","timestamp":"2025-11-10 11:56:23"}
{"level":"info","message":"🚀 Multiplicador Spaceman 1: 11041643713 = 1.09x","timestamp":"2025-11-10 11:56:23"}
{"level":"info","message":"🚀 Multiplicador Spaceman 1: 11041643713 = 1.1x","timestamp":"2025-11-10 11:56:23"}
{"level":"info","message":"🚀 Multiplicador Spaceman 1: 11041643713 = 1.11x","timestamp":"2025-11-10 11:56:23"}
{"level":"info","message":"🚀 Multiplicador Spaceman 1: 11041643713 = 1.12x","timestamp":"2025-11-10 11:56:23"}
{"level":"info","message":"🚀 Multiplicador Spaceman 1: 11041643713 = 1.13x","timestamp":"2025-11-10 11:56:24"}
{"level":"info","message":"🚀 Multiplicador Spaceman 1: 11041643713 = 1.14x","timestamp":"2025-11-10 11:56:24"}
{"level":"info","message":"🚀 Multiplicador Spaceman 1: 11041643713 = 1.15x","timestamp":"2025-11-10 11:56:24"}
{"level":"info","message":"🚀 Multiplicador Spaceman 1: 11041643713 = 1.16x","timestamp":"2025-11-10 11:56:24"}
{"level":"info","message":"🚀 Multiplicador Spaceman 1: 11041643713 = 1.17x","timestamp":"2025-11-10 11:56:24"}
{"level":"info","message":"🚀 Multiplicador Spaceman 1: 11041643713 = 1.18x","timestamp":"2025-11-10 11:56:24"}
{"level":"info","message":"🚀 Multiplicador Spaceman 1: 11041643713 = 1.19x","timestamp":"2025-11-10 11:56:24"}
{"level":"info","message":"🚀 Multiplicador Spaceman 1: 11041643713 = 1.2x","timestamp":"2025-11-10 11:56:24"}
{"level":"info","message":"🚀 Multiplicador Spaceman 1: 11041643713 = 1.21x","timestamp":"2025-11-10 11:56:24"}
{"level":"info","message":"🚀 Multiplicador Spaceman 1: 11041643713 = 1.22x","timestamp":"2025-11-10 11:56:24"}
{"level":"info","message":"🚀 Multiplicador Spaceman 1: 11041643713 = 1.23x","timestamp":"2025-11-10 11:56:25"}
{"level":"info","message":"🚀 Multiplicador Spaceman 1: 11041643713 = 1.24x","timestamp":"2025-11-10 11:56:25"}
{"level":"info","message":"🚀 Multiplicador Spaceman 1: 11041643713 = 1.25x","timestamp":"2025-11-10 11:56:25"}
{"level":"info","message":"🚀 Multiplicador Spaceman 1: 11041643713 = 1.26x","timestamp":"2025-11-10 11:56:25"}
{"level":"info","message":"🚀 Multiplicador Spaceman 1: 11041643713 = 1.27x","timestamp":"2025-11-10 11:56:25"}
{"level":"info","message":"🚀 Multiplicador Spaceman 1: 11041643713 = 1.28x","timestamp":"2025-11-10 11:56:25"}
{"level":"info","message":"🚀 Multiplicador Spaceman 1: 11041643713 = 1.29x","timestamp":"2025-11-10 11:56:25"}
{"level":"info","message":"🚀 Multiplicador Spaceman 1: 11041643713 = 1.3x","timestamp":"2025-11-10 11:56:25"}
{"level":"info","message":"🚀 Multiplicador Spaceman 1: 11041643713 = 1.31x","timestamp":"2025-11-10 11:56:25"}
{"level":"info","message":"🚀 Multiplicador Spaceman 1: 11041643713 = 1.32x","timestamp":"2025-11-10 11:56:25"}
{"level":"info","message":"🚀 Multiplicador Spaceman 1: 11041643713 = 1.33x","timestamp":"2025-11-10 11:56:25"}
{"level":"info","message":"🚀 Multiplicador Spaceman 1: 11041643713 = 1.34x","timestamp":"2025-11-10 11:56:26"}
{"level":"info","message":"🚀 Multiplicador Spaceman 1: 11041643713 = 1.35x","timestamp":"2025-11-10 11:56:26"}
{"level":"info","message":"🚀 Multiplicador Spaceman 1: 11041643713 = 1.36x","timestamp":"2025-11-10 11:56:26"}
{"level":"info","message":"🚀 Multiplicador Spaceman 1: 11041643713 = 1.37x","timestamp":"2025-11-10 11:56:26"}
{"level":"info","message":"🚀 Multiplicador Spaceman 1: 11041643713 = 1.38x","timestamp":"2025-11-10 11:56:26"}
{"level":"info","message":"🚀 Multiplicador Spaceman 1: 11041643713 = 1.39x","timestamp":"2025-11-10 11:56:26"}
{"level":"info","message":"🚀 Multiplicador Spaceman 1: 11041643713 = 1.4x","timestamp":"2025-11-10 11:56:26"}
{"level":"info","message":"🚀 Multiplicador Spaceman 1: 11041643713 = 1.41x","timestamp":"2025-11-10 11:56:26"}
{"level":"info","message":"🚀 Multiplicador Spaceman 1: 11041643713 = 1.42x","timestamp":"2025-11-10 11:56:26"}
{"level":"info","message":"🚀 Multiplicador Spaceman 1: 11041643713 = 1.44x","timestamp":"2025-11-10 11:56:26"}
{"level":"info","message":"🚀 Multiplicador Spaceman 1: 11041643713 = 1.45x","timestamp":"2025-11-10 11:56:27"}
{"level":"info","message":"🚀 Multiplicador Spaceman 1: 11041643713 = 1.46x","timestamp":"2025-11-10 11:56:27"}
{"level":"info","message":"🚀 Multiplicador Spaceman 1: 11041643713 = 1.47x","timestamp":"2025-11-10 11:56:27"}
{"level":"info","message":"🚀 Multiplicador Spaceman 1: 11041643713 = 1.48x","timestamp":"2025-11-10 11:56:27"}
{"level":"info","message":"🚀 Multiplicador Spaceman 1: 11041643713 = 1.49x","timestamp":"2025-11-10 11:56:27"}
{"level":"info","message":"🚀 Multiplicador Spaceman 1: 11041643713 = 1.5x","timestamp":"2025-11-10 11:56:27"}
{"level":"info","message":"🚀 Multiplicador Spaceman 1: 11041643713 = 1.51x","timestamp":"2025-11-10 11:56:27"}
{"level":"info","message":"🚀 Multiplicador Spaceman 1: 11041643713 = 1.52x","timestamp":"2025-11-10 11:56:27"}
{"level":"info","message":"🚀 Multiplicador Spaceman 1: 11041643713 = 1.53x","timestamp":"2025-11-10 11:56:27"}
{"level":"info","message":"🚀 Multiplicador Spaceman 1: 11041643713 = 1.54x","timestamp":"2025-11-10 11:56:27"}
{"level":"info","message":"🚀 Multiplicador Spaceman 1: 11041643713 = 1.55x","timestamp":"2025-11-10 11:56:27"}
{"level":"info","message":"🚀 Multiplicador Spaceman 1: 11041643713 = 1.56x","timestamp":"2025-11-10 11:56:27"}
{"level":"info","message":"🚀 Multiplicador Spaceman 1: 11041643713 = 1.57x","timestamp":"2025-11-10 11:56:27"}
{"level":"info","message":"🚀 Multiplicador Spaceman 1: 11041643713 = 1.58x","timestamp":"2025-11-10 11:56:28"}
{"level":"info","message":"🚀 Multiplicador Spaceman 1: 11041643713 = 1.59x","timestamp":"2025-11-10 11:56:28"}
{"level":"info","message":"🚀 Multiplicador Spaceman 1: 11041643713 = 1.6x","timestamp":"2025-11-10 11:56:28"}
{"level":"info","message":"🚀 Multiplicador Spaceman 1: 11041643713 = 1.61x","timestamp":"2025-11-10 11:56:28"}
{"level":"info","message":"🚀 Multiplicador Spaceman 1: 11041643713 = 1.62x","timestamp":"2025-11-10 11:56:28"}
{"level":"info","message":"🚀 Multiplicador Spaceman 1: 11041643713 = 1.63x","timestamp":"2025-11-10 11:56:28"}
{"level":"info","message":"🚀 Multiplicador Spaceman 1: 11041643713 = 1.64x","timestamp":"2025-11-10 11:56:28"}
{"level":"info","message":"🚀 Multiplicador Spaceman 1: 11041643713 = 1.65x","timestamp":"2025-11-10 11:56:28"}
{"level":"info","message":"🚀 Multiplicador Spaceman 1: 11041643713 = 1.66x","timestamp":"2025-11-10 11:56:28"}
{"level":"info","message":"🚀 Multiplicador Spaceman 1: 11041643713 = 1.67x","timestamp":"2025-11-10 11:56:28"}
{"level":"info","message":"🚀 Multiplicador Spaceman 1: 11041643713 = 1.68x","timestamp":"2025-11-10 11:56:28"}
{"level":"info","message":"🚀 Multiplicador Spaceman 1: 11041643713 = 1.69x","timestamp":"2025-11-10 11:56:28"}
{"level":"info","message":"🚀 Multiplicador Spaceman 1: 11041643713 = 1.7x","timestamp":"2025-11-10 11:56:28"}
{"level":"info","message":"🚀 Multiplicador Spaceman 1: 11041643713 = 1.71x","timestamp":"2025-11-10 11:56:29"}
{"level":"info","message":"🚀 Multiplicador Spaceman 1: 11041643713 = 1.72x","timestamp":"2025-11-10 11:56:29"}
{"level":"info","message":"🚀 Multiplicador Spaceman 1: 11041643713 = 1.73x","timestamp":"2025-11-10 11:56:29"}
{"level":"info","message":"🚀 Multiplicador Spaceman 1: 11041643713 = 1.74x","timestamp":"2025-11-10 11:56:29"}
{"level":"info","message":"🚀 Multiplicador Spaceman 1: 11041643713 = 1.75x","timestamp":"2025-11-10 11:56:29"}
{"level":"info","message":"🚀 Multiplicador Spaceman 1: 11041643713 = 1.76x","timestamp":"2025-11-10 11:56:29"}
{"level":"info","message":"🚀 Multiplicador Spaceman 1: 11041643713 = 1.77x","timestamp":"2025-11-10 11:56:29"}
{"level":"info","message":"🚀 Multiplicador Spaceman 1: 11041643713 = 1.78x","timestamp":"2025-11-10 11:56:29"}
{"level":"info","message":"🚀 Multiplicador Spaceman 1: 11041643713 = 1.79x","timestamp":"2025-11-10 11:56:29"}
{"level":"info","message":"🚀 Multiplicador Spaceman 1: 11041643713 = 1.8x","timestamp":"2025-11-10 11:56:29"}
{"level":"info","message":"🚀 Multiplicador Spaceman 1: 11041643713 = 1.81x","timestamp":"2025-11-10 11:56:29"}
{"level":"info","message":"🚀 Multiplicador Spaceman 1: 11041643713 = 1.82x","timestamp":"2025-11-10 11:56:29"}
{"level":"info","message":"🚀 Multiplicador Spaceman 1: 11041643713 = 1.84x","timestamp":"2025-11-10 11:56:29"}
{"level":"info","message":"🚀 Multiplicador Spaceman 1: 11041643713 = 1.85x","timestamp":"2025-11-10 11:56:29"}
{"level":"info","message":"🚀 Multiplicador Spaceman 1: 11041643713 = 1.86x","timestamp":"2025-11-10 11:56:30"}
{"level":"info","message":"🚀 Multiplicador Spaceman 1: 11041643713 = 1.87x","timestamp":"2025-11-10 11:56:30"}
{"level":"info","message":"🚀 Multiplicador Spaceman 1: 11041643713 = 1.88x","timestamp":"2025-11-10 11:56:30"}
{"level":"info","message":"🚀 Multiplicador Spaceman 1: 11041643713 = 1.89x","timestamp":"2025-11-10 11:56:30"}
{"level":"info","message":"🚀 Multiplicador Spaceman 1: 11041643713 = 1.9x","timestamp":"2025-11-10 11:56:30"}
{"level":"info","message":"🚀 Multiplicador Spaceman 1: 11041643713 = 1.91x","timestamp":"2025-11-10 11:56:30"}
{"level":"info","message":"🚀 Multiplicador Spaceman 1: 11041643713 = 1.92x","timestamp":"2025-11-10 11:56:30"}
{"level":"info","message":"🚀 Multiplicador Spaceman 1: 11041643713 = 1.93x","timestamp":"2025-11-10 11:56:30"}
{"level":"info","message":"🚀 Multiplicador Spaceman 1: 11041643713 = 1.94x","timestamp":"2025-11-10 11:56:30"}
{"level":"info","message":"🚀 Multiplicador Spaceman 1: 11041643713 = 1.95x","timestamp":"2025-11-10 11:56:30"}
{"level":"info","message":"🚀 Multiplicador Spaceman 1: 11041643713 = 1.96x","timestamp":"2025-11-10 11:56:30"}
{"level":"info","message":"🚀 Multiplicador Spaceman 1: 11041643713 = 1.97x","timestamp":"2025-11-10 11:56:30"}
{"level":"info","message":"🚀 Multiplicador Spaceman 1: 11041643713 = 1.98x","timestamp":"2025-11-10 11:56:30"}
{"level":"info","message":"🚀 Multiplicador Spaceman 1: 11041643713 = 1.99x","timestamp":"2025-11-10 11:56:30"}
{"level":"info","message":"🚀 Multiplicador Spaceman 1: 11041643713 = 2x","timestamp":"2025-11-10 11:56:30"}
{"level":"info","message":"🚀 Multiplicador Spaceman 1: 11041643713 = 2.01x","timestamp":"2025-11-10 11:56:30"}
{"level":"info","message":"🚀 Multiplicador Spaceman 1: 11041643713 = 2.02x","timestamp":"2025-11-10 11:56:31"}
{"level":"info","message":"🚀 Multiplicador Spaceman 1: 11041643713 = 2.03x","timestamp":"2025-11-10 11:56:31"}
{"level":"info","message":"🚀 Multiplicador Spaceman 1: 11041643713 = 2.04x","timestamp":"2025-11-10 11:56:31"}
{"level":"info","message":"🚀 Multiplicador Spaceman 1: 11041643713 = 2.05x","timestamp":"2025-11-10 11:56:31"}
{"level":"info","message":"🚀 Multiplicador Spaceman 1: 11041643713 = 2.07x","timestamp":"2025-11-10 11:56:31"}
{"level":"info","message":"🚀 Multiplicador Spaceman 1: 11041643713 = 2.08x","timestamp":"2025-11-10 11:56:31"}
{"level":"info","message":"🚀 Multiplicador Spaceman 1: 11041643713 = 2.09x","timestamp":"2025-11-10 11:56:31"}
{"level":"info","message":"🚀 Multiplicador Spaceman 1: 11041643713 = 2.1x","timestamp":"2025-11-10 11:56:31"}
{"level":"info","message":"🚀 Multiplicador Spaceman 1: 11041643713 = 2.11x","timestamp":"2025-11-10 11:56:31"}
{"level":"info","message":"🚀 Multiplicador Spaceman 1: 11041643713 = 2.12x","timestamp":"2025-11-10 11:56:31"}
{"level":"info","message":"🚀 Multiplicador Spaceman 1: 11041643713 = 2.13x","timestamp":"2025-11-10 11:56:31"}
{"level":"info","message":"🚀 Multiplicador Spaceman 1: 11041643713 = 2.14x","timestamp":"2025-11-10 11:56:31"}
{"level":"info","message":"🚀 Multiplicador Spaceman 1: 11041643713 = 2.15x","timestamp":"2025-11-10 11:56:31"}
{"level":"info","message":"🚀 Multiplicador Spaceman 1: 11041643713 = 2.16x","timestamp":"2025-11-10 11:56:31"}
{"level":"info","message":"🚀 Multiplicador Spaceman 1: 11041643713 = 2.17x","timestamp":"2025-11-10 11:56:31"}
{"level":"info","message":"🚀 Multiplicador Spaceman 1: 11041643713 = 2.18x","timestamp":"2025-11-10 11:56:31"}
{"level":"info","message":"🚀 Multiplicador Spaceman 1: 11041643713 = 2.19x","timestamp":"2025-11-10 11:56:31"}
{"level":"info","message":"🚀 Multiplicador Spaceman 1: 11041643713 = 2.2x","timestamp":"2025-11-10 11:56:32"}
{"level":"info","message":"🚀 Multiplicador Spaceman 1: 11041643713 = 2.21x","timestamp":"2025-11-10 11:56:32"}
{"level":"info","message":"🚀 Multiplicador Spaceman 1: 11041643713 = 2.22x","timestamp":"2025-11-10 11:56:32"}
{"level":"info","message":"🚀 Multiplicador Spaceman 1: 11041643713 = 2.23x","timestamp":"2025-11-10 11:56:32"}
{"level":"info","message":"🚀 Multiplicador Spaceman 1: 11041643713 = 2.24x","timestamp":"2025-11-10 11:56:32"}
{"level":"info","message":"🚀 Multiplicador Spaceman 1: 11041643713 = 2.25x","timestamp":"2025-11-10 11:56:32"}
{"level":"info","message":"🚀 Multiplicador Spaceman 1: 11041643713 = 2.26x","timestamp":"2025-11-10 11:56:32"}
{"level":"info","message":"🚀 Multiplicador Spaceman 1: 11041643713 = 2.27x","timestamp":"2025-11-10 11:56:32"}
{"level":"info","message":"🚀 Multiplicador Spaceman 1: 11041643713 = 2.28x","timestamp":"2025-11-10 11:56:32"}
{"level":"info","message":"🚀 Multiplicador Spaceman 1: 11041643713 = 2.29x","timestamp":"2025-11-10 11:56:32"}
{"level":"info","message":"🚀 Multiplicador Spaceman 1: 11041643713 = 2.3x","timestamp":"2025-11-10 11:56:32"}
{"level":"info","message":"🚀 Multiplicador Spaceman 1: 11041643713 = 2.31x","timestamp":"2025-11-10 11:56:32"}
{"level":"info","message":"🚀 Multiplicador Spaceman 1: 11041643713 = 2.32x","timestamp":"2025-11-10 11:56:32"}
{"level":"info","message":"🚀 Multiplicador Spaceman 1: 11041643713 = 2.34x","timestamp":"2025-11-10 11:56:32"}
{"level":"info","message":"🚀 Multiplicador Spaceman 1: 11041643713 = 2.35x","timestamp":"2025-11-10 11:56:32"}
{"level":"info","message":"🚀 Multiplicador Spaceman 1: 11041643713 = 2.36x","timestamp":"2025-11-10 11:56:32"}
{"level":"info","message":"🚀 Multiplicador Spaceman 1: 11041643713 = 2.37x","timestamp":"2025-11-10 11:56:32"}
{"level":"info","message":"🚀 Multiplicador Spaceman 1: 11041643713 = 2.38x","timestamp":"2025-11-10 11:56:32"}
{"level":"info","message":"🚀 Multiplicador Spaceman 1: 11041643713 = 2.39x","timestamp":"2025-11-10 11:56:33"}
{"level":"info","message":"🚀 Multiplicador Spaceman 1: 11041643713 = 2.4x","timestamp":"2025-11-10 11:56:33"}
{"level":"info","message":"🚀 Multiplicador Spaceman 1: 11041643713 = 2.41x","timestamp":"2025-11-10 11:56:33"}
{"level":"info","message":"🚀 Multiplicador Spaceman 1: 11041643713 = 2.42x","timestamp":"2025-11-10 11:56:33"}
{"level":"info","message":"🚀 Multiplicador Spaceman 1: 11041643713 = 2.43x","timestamp":"2025-11-10 11:56:33"}
{"level":"info","message":"🚀 Multiplicador Spaceman 1: 11041643713 = 2.44x","timestamp":"2025-11-10 11:56:33"}
{"level":"info","message":"🚀 Multiplicador Spaceman 1: 11041643713 = 2.45x","timestamp":"2025-11-10 11:56:33"}
{"level":"info","message":"🚀 Multiplicador Spaceman 1: 11041643713 = 2.46x","timestamp":"2025-11-10 11:56:33"}
{"level":"info","message":"🚀 Multiplicador Spaceman 1: 11041643713 = 2.47x","timestamp":"2025-11-10 11:56:33"}
{"level":"info","message":"🚀 Multiplicador Spaceman 1: 11041643713 = 2.48x","timestamp":"2025-11-10 11:56:33"}
{"level":"info","message":"🚀 Multiplicador Spaceman 1: 11041643713 = 2.49x","timestamp":"2025-11-10 11:56:33"}
{"level":"info","message":"🚀 Multiplicador Spaceman 1: 11041643713 = 2.5x","timestamp":"2025-11-10 11:56:33"}
{"level":"info","message":"🚀 Multiplicador Spaceman 1: 11041643713 = 2.51x","timestamp":"2025-11-10 11:56:33"}
{"level":"info","message":"🚀 Multiplicador Spaceman 1: 11041643713 = 2.53x","timestamp":"2025-11-10 11:56:33"}
{"level":"info","message":"🚀 Multiplicador Spaceman 1: 11041643713 = 2.54x","timestamp":"2025-11-10 11:56:33"}
{"level":"info","message":"🚀 Multiplicador Spaceman 1: 11041643713 = 2.55x","timestamp":"2025-11-10 11:56:33"}
{"level":"info","message":"🚀 Multiplicador Spaceman 1: 11041643713 = 2.56x","timestamp":"2025-11-10 11:56:33"}
{"level":"info","message":"🚀 Multiplicador Spaceman 1: 11041643713 = 2.57x","timestamp":"2025-11-10 11:56:33"}
{"level":"info","message":"🚀 Multiplicador Spaceman 1: 11041643713 = 2.58x","timestamp":"2025-11-10 11:56:33"}
{"level":"info","message":"🚀 Multiplicador Spaceman 1: 11041643713 = 2.59x","timestamp":"2025-11-10 11:56:34"}
{"level":"info","message":"🚀 Multiplicador Spaceman 1: 11041643713 = 2.6x","timestamp":"2025-11-10 11:56:34"}
{"level":"info","message":"🚀 Multiplicador Spaceman 1: 11041643713 = 2.62x","timestamp":"2025-11-10 11:56:34"}
{"level":"info","message":"🚀 Multiplicador Spaceman 1: 11041643713 = 2.63x","timestamp":"2025-11-10 11:56:34"}
{"level":"info","message":"🚀 Multiplicador Spaceman 1: 11041643713 = 2.65x","timestamp":"2025-11-10 11:56:34"}
{"level":"info","message":"🚀 Multiplicador Spaceman 1: 11041643713 = 2.66x","timestamp":"2025-11-10 11:56:34"}
{"level":"info","message":"🚀 Multiplicador Spaceman 1: 11041643713 = 2.67x","timestamp":"2025-11-10 11:56:34"}
{"level":"info","message":"🚀 Multiplicador Spaceman 1: 11041643713 = 2.68x","timestamp":"2025-11-10 11:56:34"}
{"level":"info","message":"🚀 Multiplicador Spaceman 1: 11041643713 = 2.69x","timestamp":"2025-11-10 11:56:34"}
{"level":"info","message":"🚀 Multiplicador Spaceman 1: 11041643713 = 2.7x","timestamp":"2025-11-10 11:56:34"}
{"level":"info","message":"🚀 Multiplicador Spaceman 1: 11041643713 = 2.71x","timestamp":"2025-11-10 11:56:34"}
{"level":"info","message":"🚀 Multiplicador Spaceman 1: 11041643713 = 2.73x","timestamp":"2025-11-10 11:56:34"}
{"level":"info","message":"🚀 Multiplicador Spaceman 1: 11041643713 = 2.74x","timestamp":"2025-11-10 11:56:34"}
{"level":"info","message":"🚀 Multiplicador Spaceman 1: 11041643713 = 2.75x","timestamp":"2025-11-10 11:56:34"}
{"level":"info","message":"🚀 Multiplicador Spaceman 1: 11041643713 = 2.76x","timestamp":"2025-11-10 11:56:34"}
{"level":"info","message":"🚀 Multiplicador Spaceman 1: 11041643713 = 2.77x","timestamp":"2025-11-10 11:56:34"}
{"level":"info","message":"🚀 Multiplicador Spaceman 1: 11041643713 = 2.78x","timestamp":"2025-11-10 11:56:34"}
{"level":"info","message":"🚀 Multiplicador Spaceman 1: 11041643713 = 2.8x","timestamp":"2025-11-10 11:56:34"}
{"level":"info","message":"🚀 Multiplicador Spaceman 1: 11041643713 = 2.81x","timestamp":"2025-11-10 11:56:34"}
{"level":"info","message":"🚀 Multiplicador Spaceman 1: 11041643713 = 2.82x","timestamp":"2025-11-10 11:56:35"}
{"level":"info","message":"🚀 Multiplicador Spaceman 1: 11041643713 = 2.83x","timestamp":"2025-11-10 11:56:35"}
{"level":"info","message":"🚀 Multiplicador Spaceman 1: 11041643713 = 2.84x","timestamp":"2025-11-10 11:56:35"}
{"level":"info","message":"🚀 Multiplicador Spaceman 1: 11041643713 = 2.85x","timestamp":"2025-11-10 11:56:35"}
{"level":"info","message":"🚀 Multiplicador Spaceman 1: 11041643713 = 2.87x","timestamp":"2025-11-10 11:56:35"}
{"level":"info","message":"🚀 Multiplicador Spaceman 1: 11041643713 = 2.88x","timestamp":"2025-11-10 11:56:35"}
{"level":"info","message":"🚀 Multiplicador Spaceman 1: 11041643713 = 2.89x","timestamp":"2025-11-10 11:56:35"}
{"level":"info","message":"🚀 Multiplicador Spaceman 1: 11041643713 = 2.9x","timestamp":"2025-11-10 11:56:35"}
{"level":"info","message":"🚀 Multiplicador Spaceman 1: 11041643713 = 2.91x","timestamp":"2025-11-10 11:56:35"}
{"level":"info","message":"🚀 Multiplicador Spaceman 1: 11041643713 = 2.93x","timestamp":"2025-11-10 11:56:35"}
{"level":"info","message":"🚀 Multiplicador Spaceman 1: 11041643713 = 2.94x","timestamp":"2025-11-10 11:56:35"}
{"level":"info","message":"🚀 Multiplicador Spaceman 1: 11041643713 = 2.95x","timestamp":"2025-11-10 11:56:35"}
{"level":"info","message":"🚀 Multiplicador Spaceman 1: 11041643713 = 2.96x","timestamp":"2025-11-10 11:56:35"}
{"level":"info","message":"🚀 Multiplicador Spaceman 1: 11041643713 = 2.98x","timestamp":"2025-11-10 11:56:35"}
{"level":"info","message":"🚀 Multiplicador Spaceman 1: 11041643713 = 3.01x","timestamp":"2025-11-10 11:56:35"}
{"level":"info","message":"🚀 Multiplicador Spaceman 1: 11041643713 = 3.02x","timestamp":"2025-11-10 11:56:35"}
{"level":"info","message":"🚀 Multiplicador Spaceman 1: 11041643713 = 3.04x","timestamp":"2025-11-10 11:56:35"}
{"level":"info","message":"🚀 Multiplicador Spaceman 1: 11041643713 = 3.05x","timestamp":"2025-11-10 11:56:35"}
{"level":"info","message":"🚀 Multiplicador Spaceman 1: 11041643713 = 3.06x","timestamp":"2025-11-10 11:56:36"}
{"level":"info","message":"🚀 Multiplicador Spaceman 1: 11041643713 = 3.08x","timestamp":"2025-11-10 11:56:36"}
{"level":"info","message":"🚀 Multiplicador Spaceman 1: 11041643713 = 3.09x","timestamp":"2025-11-10 11:56:36"}
{"level":"info","message":"🚀 Multiplicador Spaceman 1: 11041643713 = 3.1x","timestamp":"2025-11-10 11:56:36"}
{"level":"info","message":"🚀 Multiplicador Spaceman 1: 11041643713 = 3.12x","timestamp":"2025-11-10 11:56:36"}
{"level":"info","message":"🚀 Multiplicador Spaceman 1: 11041643713 = 3.13x","timestamp":"2025-11-10 11:56:36"}
{"level":"info","message":"🚀 Multiplicador Spaceman 1: 11041643713 = 3.14x","timestamp":"2025-11-10 11:56:36"}
{"level":"info","message":"🚀 Multiplicador Spaceman 1: 11041643713 = 3.16x","timestamp":"2025-11-10 11:56:36"}
{"level":"info","message":"🚀 Multiplicador Spaceman 1: 11041643713 = 3.17x","timestamp":"2025-11-10 11:56:36"}
{"level":"info","message":"🚀 Multiplicador Spaceman 1: 11041643713 = 3.18x","timestamp":"2025-11-10 11:56:36"}
{"level":"info","message":"🚀 Multiplicador Spaceman 1: 11041643713 = 3.2x","timestamp":"2025-11-10 11:56:36"}
{"level":"info","message":"🚀 Multiplicador Spaceman 1: 11041643713 = 3.21x","timestamp":"2025-11-10 11:56:36"}
{"level":"info","message":"🚀 Multiplicador Spaceman 1: 11041643713 = 3.23x","timestamp":"2025-11-10 11:56:36"}
{"level":"info","message":"🚀 Multiplicador Spaceman 1: 11041643713 = 3.24x","timestamp":"2025-11-10 11:56:36"}
{"level":"info","message":"🚀 Multiplicador Spaceman 1: 11041643713 = 3.25x","timestamp":"2025-11-10 11:56:36"}
{"level":"info","message":"🚀 Multiplicador Spaceman 1: 11041643713 = 3.27x","timestamp":"2025-11-10 11:56:36"}
{"level":"info","message":"🚀 Multiplicador Spaceman 1: 11041643713 = 3.28x","timestamp":"2025-11-10 11:56:36"}
{"level":"info","message":"🚀 Multiplicador Spaceman 1: 11041643713 = 3.3x","timestamp":"2025-11-10 11:56:36"}
{"level":"info","message":"🚀 Multiplicador Spaceman 1: 11041643713 = 3.31x","timestamp":"2025-11-10 11:56:36"}
{"level":"info","message":"🚀 Multiplicador Spaceman 1: 11041643713 = 3.33x","timestamp":"2025-11-10 11:56:37"}
{"level":"info","message":"🚀 Multiplicador Spaceman 1: 11041643713 = 3.34x","timestamp":"2025-11-10 11:56:37"}
{"level":"info","message":"🚀 Multiplicador Spaceman 1: 11041643713 = 3.35x","timestamp":"2025-11-10 11:56:37"}
{"level":"info","message":"🚀 Multiplicador Spaceman 1: 11041643713 = 3.37x","timestamp":"2025-11-10 11:56:37"}
{"level":"info","message":"🚀 Multiplicador Spaceman 1: 11041643713 = 3.39x","timestamp":"2025-11-10 11:56:37"}
{"level":"info","message":"🚀 Multiplicador Spaceman 1: 11041643713 = 3.4x","timestamp":"2025-11-10 11:56:37"}
{"level":"info","message":"🚀 Multiplicador Spaceman 1: 11041643713 = 3.42x","timestamp":"2025-11-10 11:56:37"}
{"level":"info","message":"🚀 Multiplicador Spaceman 1: 11041643713 = 3.43x","timestamp":"2025-11-10 11:56:37"}
{"level":"info","message":"🚀 Multiplicador Spaceman 1: 11041643713 = 3.44x","timestamp":"2025-11-10 11:56:37"}
{"level":"info","message":"🚀 Multiplicador Spaceman 1: 11041643713 = 3.46x","timestamp":"2025-11-10 11:56:37"}
{"level":"info","message":"🚀 Multiplicador Spaceman 1: 11041643713 = 3.47x","timestamp":"2025-11-10 11:56:37"}
{"level":"info","message":"🚀 Multiplicador Spaceman 1: 11041643713 = 3.49x","timestamp":"2025-11-10 11:56:37"}
{"level":"info","message":"🚀 Multiplicador Spaceman 1: 11041643713 = 3.5x","timestamp":"2025-11-10 11:56:37"}
{"level":"info","message":"🚀 Multiplicador Spaceman 1: 11041643713 = 3.52x","timestamp":"2025-11-10 11:56:37"}
{"level":"info","message":"🚀 Multiplicador Spaceman 1: 11041643713 = 3.53x","timestamp":"2025-11-10 11:56:37"}
{"level":"info","message":"🚀 Multiplicador Spaceman 1: 11041643713 = 3.55x","timestamp":"2025-11-10 11:56:37"}
{"level":"info","message":"🚀 Multiplicador Spaceman 1: 11041643713 = 3.56x","timestamp":"2025-11-10 11:56:37"}
{"level":"info","message":"🚀 Multiplicador Spaceman 1: 11041643713 = 3.58x","timestamp":"2025-11-10 11:56:37"}
{"level":"info","message":"🚀 Multiplicador Spaceman 1: 11041643713 = 3.61x","timestamp":"2025-11-10 11:56:38"}
{"level":"info","message":"🚀 Multiplicador Spaceman 1: 11041643713 = 3.63x","timestamp":"2025-11-10 11:56:38"}
{"level":"info","message":"🚀 Multiplicador Spaceman 1: 11041643713 = 3.64x","timestamp":"2025-11-10 11:56:38"}
{"level":"info","message":"🚀 Multiplicador Spaceman 1: 11041643713 = 3.66x","timestamp":"2025-11-10 11:56:38"}
{"level":"info","message":"🚀 Multiplicador Spaceman 1: 11041643713 = 3.68x","timestamp":"2025-11-10 11:56:38"}
{"level":"info","message":"🚀 Multiplicador Spaceman 1: 11041643713 = 3.69x","timestamp":"2025-11-10 11:56:38"}
{"level":"info","message":"🚀 Multiplicador Spaceman 1: 11041643713 = 3.71x","timestamp":"2025-11-10 11:56:38"}
{"level":"info","message":"🚀 Multiplicador Spaceman 1: 11041643713 = 3.72x","timestamp":"2025-11-10 11:56:38"}
{"level":"info","message":"🚀 Multiplicador Spaceman 1: 11041643713 = 3.74x","timestamp":"2025-11-10 11:56:38"}
{"level":"info","message":"🚀 Multiplicador Spaceman 1: 11041643713 = 3.75x","timestamp":"2025-11-10 11:56:38"}
{"level":"info","message":"🚀 Multiplicador Spaceman 1: 11041643713 = 3.77x","timestamp":"2025-11-10 11:56:38"}
{"level":"info","message":"🚀 Multiplicador Spaceman 1: 11041643713 = 3.79x","timestamp":"2025-11-10 11:56:38"}
{"level":"info","message":"🚀 Multiplicador Spaceman 1: 11041643713 = 3.82x","timestamp":"2025-11-10 11:56:38"}
{"level":"info","message":"🚀 Multiplicador Spaceman 1: 11041643713 = 3.83x","timestamp":"2025-11-10 11:56:38"}
{"level":"info","message":"🚀 Multiplicador Spaceman 1: 11041643713 = 3.85x","timestamp":"2025-11-10 11:56:38"}
{"level":"info","message":"🚀 Multiplicador Spaceman 1: 11041643713 = 3.87x","timestamp":"2025-11-10 11:56:38"}
{"level":"info","message":"🚀 Multiplicador Spaceman 1: 11041643713 = 3.89x","timestamp":"2025-11-10 11:56:38"}
{"level":"info","message":"🚀 Multiplicador Spaceman 1: 11041643713 = 3.9x","timestamp":"2025-11-10 11:56:38"}
{"level":"info","message":"🚀 Multiplicador Spaceman 1: 11041643713 = 3.92x","timestamp":"2025-11-10 11:56:38"}
{"level":"info","message":"🚀 Multiplicador Spaceman 1: 11041643713 = 3.93x","timestamp":"2025-11-10 11:56:39"}
{"level":"info","message":"🚀 Multiplicador Spaceman 1: 11041643713 = 3.95x","timestamp":"2025-11-10 11:56:39"}
{"level":"info","message":"🚀 Multiplicador Spaceman 1: 11041643713 = 3.96x","timestamp":"2025-11-10 11:56:39"}
{"level":"info","message":"🚀 Multiplicador Spaceman 1: 11041643713 = 3.98x","timestamp":"2025-11-10 11:56:39"}
{"level":"info","message":"🚀 Multiplicador Spaceman 1: 11041643713 = 4x","timestamp":"2025-11-10 11:56:39"}
{"level":"info","message":"🚀 Multiplicador Spaceman 1: 11041643713 = 4.02x","timestamp":"2025-11-10 11:56:39"}
{"level":"info","message":"🚀 Multiplicador Spaceman 1: 11041643713 = 4.03x","timestamp":"2025-11-10 11:56:39"}
{"level":"info","message":"🚀 Multiplicador Spaceman 1: 11041643713 = 4.05x","timestamp":"2025-11-10 11:56:39"}
{"level":"info","message":"🚀 Multiplicador Spaceman 1: 11041643713 = 4.08x","timestamp":"2025-11-10 11:56:39"}
{"level":"info","message":"🚀 Multiplicador Spaceman 1: 11041643713 = 4.1x","timestamp":"2025-11-10 11:56:39"}
{"level":"info","message":"🚀 Multiplicador Spaceman 1: 11041643713 = 4.12x","timestamp":"2025-11-10 11:56:39"}
{"level":"info","message":"🚀 Multiplicador Spaceman 1: 11041643713 = 4.13x","timestamp":"2025-11-10 11:56:39"}
{"level":"info","message":"🚀 Multiplicador Spaceman 1: 11041643713 = 4.15x","timestamp":"2025-11-10 11:56:39"}
{"level":"info","message":"🚀 Multiplicador Spaceman 1: 11041643713 = 4.17x","timestamp":"2025-11-10 11:56:39"}
{"level":"info","message":"🚀 Multiplicador Spaceman 1: 11041643713 = 4.19x","timestamp":"2025-11-10 11:56:39"}
{"level":"info","message":"🚀 Multiplicador Spaceman 1: 11041643713 = 4.2x","timestamp":"2025-11-10 11:56:39"}
{"level":"info","message":"🚀 Multiplicador Spaceman 1: 11041643713 = 4.22x","timestamp":"2025-11-10 11:56:39"}
{"level":"info","message":"🚀 Multiplicador Spaceman 1: 11041643713 = 4.24x","timestamp":"2025-11-10 11:56:39"}
{"level":"info","message":"🚀 Multiplicador Spaceman 1: 11041643713 = 4.25x","timestamp":"2025-11-10 11:56:39"}
{"level":"info","message":"🚀 Multiplicador Spaceman 1: 11041643713 = 4.27x","timestamp":"2025-11-10 11:56:40"}
{"level":"info","message":"🚀 Multiplicador Spaceman 1: 11041643713 = 4.29x","timestamp":"2025-11-10 11:56:40"}
{"level":"info","message":"🚀 Multiplicador Spaceman 1: 11041643713 = 4.31x","timestamp":"2025-11-10 11:56:40"}
{"level":"info","message":"🚀 Multiplicador Spaceman 1: 11041643713 = 4.34x","timestamp":"2025-11-10 11:56:40"}
{"level":"info","message":"🚀 Multiplicador Spaceman 1: 11041643713 = 4.36x","timestamp":"2025-11-10 11:56:40"}
{"level":"info","message":"🚀 Multiplicador Spaceman 1: 11041643713 = 4.38x","timestamp":"2025-11-10 11:56:40"}
{"level":"info","message":"🚀 Multiplicador Spaceman 1: 11041643713 = 4.4x","timestamp":"2025-11-10 11:56:40"}
{"level":"info","message":"🚀 Multiplicador Spaceman 1: 11041643713 = 4.41x","timestamp":"2025-11-10 11:56:40"}
{"level":"info","message":"🚀 Multiplicador Spaceman 1: 11041643713 = 4.43x","timestamp":"2025-11-10 11:56:40"}
{"level":"info","message":"🚀 Multiplicador Spaceman 1: 11041643713 = 4.46x","timestamp":"2025-11-10 11:56:40"}
{"level":"info","message":"🚀 Multiplicador Spaceman 1: 11041643713 = 4.47x","timestamp":"2025-11-10 11:56:40"}
{"level":"info","message":"🚀 Multiplicador Spaceman 1: 11041643713 = 4.49x","timestamp":"2025-11-10 11:56:40"}
{"level":"info","message":"🚀 Multiplicador Spaceman 1: 11041643713 = 4.51x","timestamp":"2025-11-10 11:56:40"}
{"level":"info","message":"🚀 Multiplicador Spaceman 1: 11041643713 = 4.53x","timestamp":"2025-11-10 11:56:40"}
{"level":"info","message":"🚀 Multiplicador Spaceman 1: 11041643713 = 4.55x","timestamp":"2025-11-10 11:56:40"}
{"level":"info","message":"🚀 Multiplicador Spaceman 1: 11041643713 = 4.58x","timestamp":"2025-11-10 11:56:40"}
{"level":"info","message":"🚀 Multiplicador Spaceman 1: 11041643713 = 4.6x","timestamp":"2025-11-10 11:56:40"}
{"level":"info","message":"🚀 Multiplicador Spaceman 1: 11041643713 = 4.62x","timestamp":"2025-11-10 11:56:40"}
{"level":"info","message":"🚀 Multiplicador Spaceman 1: 11041643713 = 4.64x","timestamp":"2025-11-10 11:56:41"}
{"level":"info","message":"🚀 Multiplicador Spaceman 1: 11041643713 = 4.66x","timestamp":"2025-11-10 11:56:41"}
{"level":"info","message":"🚀 Multiplicador Spaceman 1: 11041643713 = 4.68x","timestamp":"2025-11-10 11:56:41"}
{"level":"info","message":"🚀 Multiplicador Spaceman 1: 11041643713 = 4.7x","timestamp":"2025-11-10 11:56:41"}
{"level":"info","message":"🚀 Multiplicador Spaceman 1: 11041643713 = 4.72x","timestamp":"2025-11-10 11:56:41"}
{"level":"info","message":"🚀 Multiplicador Spaceman 1: 11041643713 = 4.73x","timestamp":"2025-11-10 11:56:41"}
{"level":"info","message":"🚀 Multiplicador Spaceman 1: 11041643713 = 4.76x","timestamp":"2025-11-10 11:56:41"}
{"level":"info","message":"🚀 Multiplicador Spaceman 1: 11041643713 = 4.77x","timestamp":"2025-11-10 11:56:41"}
{"level":"info","message":"🚀 Multiplicador Spaceman 1: 11041643713 = 4.79x","timestamp":"2025-11-10 11:56:41"}
{"level":"info","message":"🚀 Multiplicador Spaceman 1: 11041643713 = 4.81x","timestamp":"2025-11-10 11:56:41"}
{"level":"info","message":"🚀 Multiplicador Spaceman 1: 11041643713 = 4.83x","timestamp":"2025-11-10 11:56:41"}
{"level":"info","message":"🚀 Multiplicador Spaceman 1: 11041643713 = 4.85x","timestamp":"2025-11-10 11:56:41"}
{"level":"info","message":"🚀 Multiplicador Spaceman 1: 11041643713 = 4.88x","timestamp":"2025-11-10 11:56:41"}
{"level":"info","message":"🚀 Multiplicador Spaceman 1: 11041643713 = 4.91x","timestamp":"2025-11-10 11:56:41"}
{"level":"info","message":"🚀 Multiplicador Spaceman 1: 11041643713 = 4.93x","timestamp":"2025-11-10 11:56:41"}
{"level":"info","message":"🚀 Multiplicador Spaceman 1: 11041643713 = 4.95x","timestamp":"2025-11-10 11:56:41"}
{"level":"info","message":"🚀 Multiplicador Spaceman 1: 11041643713 = 4.97x","timestamp":"2025-11-10 11:56:41"}
{"level":"info","message":"🚀 Multiplicador Spaceman 1: 11041643713 = 4.99x","timestamp":"2025-11-10 11:56:41"}
{"level":"info","message":"🚀 Multiplicador Spaceman 1: 11041643713 = 5.02x","timestamp":"2025-11-10 11:56:41"}
{"level":"info","message":"🚀 Multiplicador Spaceman 1: 11041643713 = 5.04x","timestamp":"2025-11-10 11:56:42"}
{"level":"info","message":"🚀 Multiplicador Spaceman 1: 11041643713 = 5.06x","timestamp":"2025-11-10 11:56:42"}
{"level":"info","message":"🚀 Multiplicador Spaceman 1: 11041643713 = 5.08x","timestamp":"2025-11-10 11:56:42"}
{"level":"info","message":"🚀 Multiplicador Spaceman 1: 11041643713 = 5.11x","timestamp":"2025-11-10 11:56:42"}
{"level":"info","message":"🚀 Multiplicador Spaceman 1: 11041643713 = 5.13x","timestamp":"2025-11-10 11:56:42"}
{"level":"info","message":"🚀 Multiplicador Spaceman 1: 11041643713 = 5.15x","timestamp":"2025-11-10 11:56:42"}
{"level":"info","message":"🚀 Multiplicador Spaceman 1: 11041643713 = 5.17x","timestamp":"2025-11-10 11:56:42"}
{"level":"info","message":"🚀 Multiplicador Spaceman 1: 11041643713 = 5.21x","timestamp":"2025-11-10 11:56:42"}
{"level":"info","message":"🚀 Multiplicador Spaceman 1: 11041643713 = 5.24x","timestamp":"2025-11-10 11:56:42"}
{"level":"info","message":"🚀 Multiplicador Spaceman 1: 11041643713 = 5.26x","timestamp":"2025-11-10 11:56:42"}
{"level":"info","message":"🚀 Multiplicador Spaceman 1: 11041643713 = 5.28x","timestamp":"2025-11-10 11:56:42"}
{"level":"info","message":"🚀 Multiplicador Spaceman 1: 11041643713 = 5.3x","timestamp":"2025-11-10 11:56:42"}
{"level":"info","message":"🚀 Multiplicador Spaceman 1: 11041643713 = 5.32x","timestamp":"2025-11-10 11:56:42"}
{"level":"info","message":"🚀 Multiplicador Spaceman 1: 11041643713 = 5.34x","timestamp":"2025-11-10 11:56:42"}
{"level":"info","message":"🚀 Multiplicador Spaceman 1: 11041643713 = 5.36x","timestamp":"2025-11-10 11:56:42"}
{"level":"info","message":"🚀 Multiplicador Spaceman 1: 11041643713 = 5.39x","timestamp":"2025-11-10 11:56:42"}
{"level":"info","message":"🚀 Multiplicador Spaceman 1: 11041643713 = 5.41x","timestamp":"2025-11-10 11:56:42"}
{"level":"info","message":"🚀 Multiplicador Spaceman 1: 11041643713 = 5.43x","timestamp":"2025-11-10 11:56:42"}
{"level":"info","message":"🚀 Multiplicador Spaceman 1: 11041643713 = 5.46x","timestamp":"2025-11-10 11:56:42"}
{"level":"info","message":"🚀 Multiplicador Spaceman 1: 11041643713 = 5.48x","timestamp":"2025-11-10 11:56:43"}
{"level":"info","message":"🚀 Multiplicador Spaceman 1: 11041643713 = 5.52x","timestamp":"2025-11-10 11:56:43"}
{"level":"info","message":"🚀 Multiplicador Spaceman 1: 11041643713 = 5.54x","timestamp":"2025-11-10 11:56:43"}
{"level":"info","message":"🚀 Multiplicador Spaceman 1: 11041643713 = 5.56x","timestamp":"2025-11-10 11:56:43"}
{"level":"info","message":"🚀 Multiplicador Spaceman 1: 11041643713 = 5.59x","timestamp":"2025-11-10 11:56:43"}
{"level":"info","message":"🚀 Multiplicador Spaceman 1: 11041643713 = 5.61x","timestamp":"2025-11-10 11:56:43"}
{"level":"info","message":"🚀 Multiplicador Spaceman 1: 11041643713 = 5.63x","timestamp":"2025-11-10 11:56:43"}
{"level":"info","message":"🚀 Multiplicador Spaceman 1: 11041643713 = 5.65x","timestamp":"2025-11-10 11:56:43"}
{"level":"info","message":"🚀 Multiplicador Spaceman 1: 11041643713 = 5.68x","timestamp":"2025-11-10 11:56:43"}
{"level":"info","message":"🚀 Multiplicador Spaceman 1: 11041643713 = 5.7x","timestamp":"2025-11-10 11:56:43"}
{"level":"info","message":"🚀 Multiplicador Spaceman 1: 11041643713 = 5.72x","timestamp":"2025-11-10 11:56:43"}
{"level":"info","message":"🚀 Multiplicador Spaceman 1: 11041643713 = 5.75x","timestamp":"2025-11-10 11:56:43"}
{"level":"info","message":"🚀 Multiplicador Spaceman 1: 11041643713 = 5.77x","timestamp":"2025-11-10 11:56:43"}
{"level":"info","message":"🚀 Multiplicador Spaceman 1: 11041643713 = 5.8x","timestamp":"2025-11-10 11:56:43"}
{"level":"info","message":"🚀 Multiplicador Spaceman 1: 11041643713 = 5.82x","timestamp":"2025-11-10 11:56:43"}
{"level":"info","message":"🚀 Multiplicador Spaceman 1: 11041643713 = 5.85x","timestamp":"2025-11-10 11:56:43"}
{"level":"info","message":"🚀 Multiplicador Spaceman 1: 11041643713 = 5.88x","timestamp":"2025-11-10 11:56:43"}
{"level":"info","message":"🚀 Multiplicador Spaceman 1: 11041643713 = 5.9x","timestamp":"2025-11-10 11:56:43"}
{"level":"info","message":"🚀 Multiplicador Spaceman 1: 11041643713 = 5.93x","timestamp":"2025-11-10 11:56:43"}
{"level":"info","message":"🚀 Multiplicador Spaceman 1: 11041643713 = 5.96x","timestamp":"2025-11-10 11:56:44"}
{"level":"info","message":"🚀 Multiplicador Spaceman 1: 11041643713 = 5.98x","timestamp":"2025-11-10 11:56:44"}
{"level":"info","message":"🚀 Multiplicador Spaceman 1: 11041643713 = 6.01x","timestamp":"2025-11-10 11:56:44"}
{"level":"info","message":"🚀 Multiplicador Spaceman 1: 11041643713 = 6.03x","timestamp":"2025-11-10 11:56:44"}
{"level":"info","message":"🚀 Multiplicador Spaceman 1: 11041643713 = 6.05x","timestamp":"2025-11-10 11:56:44"}
{"level":"info","message":"🚀 Multiplicador Spaceman 1: 11041643713 = 6.08x","timestamp":"2025-11-10 11:56:44"}
{"level":"info","message":"🚀 Multiplicador Spaceman 1: 11041643713 = 6.1x","timestamp":"2025-11-10 11:56:44"}
{"level":"info","message":"🚀 Multiplicador Spaceman 1: 11041643713 = 6.13x","timestamp":"2025-11-10 11:56:44"}
{"level":"info","message":"🚀 Multiplicador Spaceman 1: 11041643713 = 6.16x","timestamp":"2025-11-10 11:56:44"}
{"level":"info","message":"🚀 Multiplicador Spaceman 1: 11041643713 = 6.18x","timestamp":"2025-11-10 11:56:44"}
{"level":"info","message":"🚀 Multiplicador Spaceman 1: 11041643713 = 6.2x","timestamp":"2025-11-10 11:56:44"}
{"level":"info","message":"🚀 Multiplicador Spaceman 1: 11041643713 = 6.23x","timestamp":"2025-11-10 11:56:44"}
{"level":"info","message":"🚀 Multiplicador Spaceman 1: 11041643713 = 6.27x","timestamp":"2025-11-10 11:56:44"}
{"level":"info","message":"🚀 Multiplicador Spaceman 1: 11041643713 = 6.29x","timestamp":"2025-11-10 11:56:44"}
{"level":"info","message":"🚀 Multiplicador Spaceman 1: 11041643713 = 6.32x","timestamp":"2025-11-10 11:56:44"}
{"level":"info","message":"🚀 Multiplicador Spaceman 1: 11041643713 = 6.34x","timestamp":"2025-11-10 11:56:44"}
{"level":"info","message":"🚀 Multiplicador Spaceman 1: 11041643713 = 6.37x","timestamp":"2025-11-10 11:56:44"}
{"level":"info","message":"🚀 Multiplicador Spaceman 1: 11041643713 = 6.39x","timestamp":"2025-11-10 11:56:44"}
{"level":"info","message":"🚀 Multiplicador Spaceman 1: 11041643713 = 6.42x","timestamp":"2025-11-10 11:56:44"}
{"level":"info","message":"🚀 Multiplicador Spaceman 1: 11041643713 = 6.45x","timestamp":"2025-11-10 11:56:45"}
{"level":"info","message":"🚀 Multiplicador Spaceman 1: 11041643713 = 6.48x","timestamp":"2025-11-10 11:56:45"}
{"level":"info","message":"🚀 Multiplicador Spaceman 1: 11041643713 = 6.5x","timestamp":"2025-11-10 11:56:45"}
{"level":"info","message":"🚀 Multiplicador Spaceman 1: 11041643713 = 6.53x","timestamp":"2025-11-10 11:56:45"}
{"level":"info","message":"🚀 Multiplicador Spaceman 1: 11041643713 = 6.56x","timestamp":"2025-11-10 11:56:45"}
{"level":"info","message":"🚀 Multiplicador Spaceman 1: 11041643713 = 6.59x","timestamp":"2025-11-10 11:56:45"}
{"level":"info","message":"🚀 Multiplicador Spaceman 1: 11041643713 = 6.64x","timestamp":"2025-11-10 11:56:45"}
{"level":"info","message":"🚀 Multiplicador Spaceman 1: 11041643713 = 6.67x","timestamp":"2025-11-10 11:56:45"}
{"level":"info","message":"🚀 Multiplicador Spaceman 1: 11041643713 = 6.7x","timestamp":"2025-11-10 11:56:45"}
{"level":"info","message":"🚀 Multiplicador Spaceman 1: 11041643713 = 6.73x","timestamp":"2025-11-10 11:56:45"}
{"level":"info","message":"🚀 Multiplicador Spaceman 1: 11041643713 = 6.76x","timestamp":"2025-11-10 11:56:45"}
{"level":"info","message":"🚀 Multiplicador Spaceman 1: 11041643713 = 6.78x","timestamp":"2025-11-10 11:56:45"}
{"level":"info","message":"🚀 Multiplicador Spaceman 1: 11041643713 = 6.81x","timestamp":"2025-11-10 11:56:45"}
{"level":"info","message":"🚀 Multiplicador Spaceman 1: 11041643713 = 6.84x","timestamp":"2025-11-10 11:56:45"}
{"level":"info","message":"🚀 Multiplicador Spaceman 1: 11041643713 = 6.87x","timestamp":"2025-11-10 11:56:45"}
{"level":"info","message":"🚀 Multiplicador Spaceman 1: 11041643713 = 6.9x","timestamp":"2025-11-10 11:56:45"}
{"level":"info","message":"🚀 Multiplicador Spaceman 1: 11041643713 = 6.93x","timestamp":"2025-11-10 11:56:45"}
{"level":"info","message":"🚀 Multiplicador Spaceman 1: 11041643713 = 6.96x","timestamp":"2025-11-10 11:56:45"}
{"level":"info","message":"🚀 Multiplicador Spaceman 1: 11041643713 = 6.99x","timestamp":"2025-11-10 11:56:45"}
{"level":"info","message":"🚀 Multiplicador Spaceman 1: 11041643713 = 7.02x","timestamp":"2025-11-10 11:56:46"}
{"level":"info","message":"🚀 Multiplicador Spaceman 1: 11041643713 = 7.05x","timestamp":"2025-11-10 11:56:46"}
{"level":"info","message":"🚀 Multiplicador Spaceman 1: 11041643713 = 7.1x","timestamp":"2025-11-10 11:56:46"}
{"level":"info","message":"🚀 Multiplicador Spaceman 1: 11041643713 = 7.13x","timestamp":"2025-11-10 11:56:46"}
{"level":"info","message":"🚀 Multiplicador Spaceman 1: 11041643713 = 7.15x","timestamp":"2025-11-10 11:56:46"}
{"level":"info","message":"🚀 Multiplicador Spaceman 1: 11041643713 = 7.19x","timestamp":"2025-11-10 11:56:46"}
{"level":"info","message":"🚀 Multiplicador Spaceman 1: 11041643713 = 7.21x","timestamp":"2025-11-10 11:56:46"}
{"level":"info","message":"🚀 Multiplicador Spaceman 1: 11041643713 = 7.24x","timestamp":"2025-11-10 11:56:46"}
{"level":"info","message":"🚀 Multiplicador Spaceman 1: 11041643713 = 7.28x","timestamp":"2025-11-10 11:56:46"}
{"level":"info","message":"🚀 Multiplicador Spaceman 1: 11041643713 = 7.31x","timestamp":"2025-11-10 11:56:46"}
{"level":"info","message":"🚀 Multiplicador Spaceman 1: 11041643713 = 7.34x","timestamp":"2025-11-10 11:56:46"}
{"level":"info","message":"🚀 Multiplicador Spaceman 1: 11041643713 = 7.37x","timestamp":"2025-11-10 11:56:46"}
{"level":"info","message":"🚀 Multiplicador Spaceman 1: 11041643713 = 7.4x","timestamp":"2025-11-10 11:56:46"}
{"level":"info","message":"🚀 Multiplicador Spaceman 1: 11041643713 = 7.44x","timestamp":"2025-11-10 11:56:46"}
{"level":"info","message":"🚀 Multiplicador Spaceman 1: 11041643713 = 7.5x","timestamp":"2025-11-10 11:56:46"}
{"level":"info","message":"🚀 Multiplicador Spaceman 1: 11041643713 = 7.53x","timestamp":"2025-11-10 11:56:46"}
{"level":"info","message":"🚀 Multiplicador Spaceman 1: 11041643713 = 7.56x","timestamp":"2025-11-10 11:56:46"}
{"level":"info","message":"🚀 Multiplicador Spaceman 1: 11041643713 = 7.59x","timestamp":"2025-11-10 11:56:46"}
{"level":"info","message":"🚀 Multiplicador Spaceman 1: 11041643713 = 7.63x","timestamp":"2025-11-10 11:56:47"}
{"level":"info","message":"🚀 Multiplicador Spaceman 1: 11041643713 = 7.66x","timestamp":"2025-11-10 11:56:47"}
{"level":"info","message":"🚀 Multiplicador Spaceman 1: 11041643713 = 7.69x","timestamp":"2025-11-10 11:56:47"}
{"level":"info","message":"🚀 Multiplicador Spaceman 1: 11041643713 = 7.73x","timestamp":"2025-11-10 11:56:47"}
{"level":"info","message":"🚀 Multiplicador Spaceman 1: 11041643713 = 7.76x","timestamp":"2025-11-10 11:56:47"}
{"level":"info","message":"🚀 Multiplicador Spaceman 1: 11041643713 = 7.79x","timestamp":"2025-11-10 11:56:47"}
{"level":"info","message":"🚀 Multiplicador Spaceman 1: 11041643713 = 7.82x","timestamp":"2025-11-10 11:56:47"}
{"level":"info","message":"🚀 Multiplicador Spaceman 1: 11041643713 = 7.86x","timestamp":"2025-11-10 11:56:47"}
{"level":"info","message":"🚀 Multiplicador Spaceman 1: 11041643713 = 7.89x","timestamp":"2025-11-10 11:56:47"}
{"level":"info","message":"🚀 Multiplicador Spaceman 1: 11041643713 = 7.92x","timestamp":"2025-11-10 11:56:47"}
{"level":"info","message":"🚀 Multiplicador Spaceman 1: 11041643713 = 7.96x","timestamp":"2025-11-10 11:56:47"}
{"level":"info","message":"🚀 Multiplicador Spaceman 1: 11041643713 = 8x","timestamp":"2025-11-10 11:56:47"}
{"level":"info","message":"🚀 Multiplicador Spaceman 1: 11041643713 = 8.03x","timestamp":"2025-11-10 11:56:47"}
{"level":"info","message":"🚀 Multiplicador Spaceman 1: 11041643713 = 8.06x","timestamp":"2025-11-10 11:56:47"}
{"level":"info","message":"🚀 Multiplicador Spaceman 1: 11041643713 = 8.1x","timestamp":"2025-11-10 11:56:47"}
{"level":"info","message":"🚀 Multiplicador Spaceman 1: 11041643713 = 8.13x","timestamp":"2025-11-10 11:56:47"}
{"level":"info","message":"🚀 Multiplicador Spaceman 1: 11041643713 = 8.17x","timestamp":"2025-11-10 11:56:47"}
{"level":"info","message":"🚀 Multiplicador Spaceman 1: 11041643713 = 8.21x","timestamp":"2025-11-10 11:56:47"}
{"level":"info","message":"🚀 Multiplicador Spaceman 1: 11041643713 = 8.24x","timestamp":"2025-11-10 11:56:47"}
{"level":"info","message":"🚀 Multiplicador Spaceman 1: 11041643713 = 8.27x","timestamp":"2025-11-10 11:56:47"}
{"level":"info","message":"🚀 Multiplicador Spaceman 1: 11041643713 = 8.31x","timestamp":"2025-11-10 11:56:48"}
{"level":"info","message":"🚀 Multiplicador Spaceman 1: 11041643713 = 8.34x","timestamp":"2025-11-10 11:56:48"}
{"level":"info","message":"🚀 Multiplicador Spaceman 1: 11041643713 = 8.38x","timestamp":"2025-11-10 11:56:48"}
{"level":"info","message":"🚀 Multiplicador Spaceman 1: 11041643713 = 8.41x","timestamp":"2025-11-10 11:56:48"}
{"level":"info","message":"🚀 Multiplicador Spaceman 1: 11041643713 = 8.45x","timestamp":"2025-11-10 11:56:48"}
{"level":"info","message":"🚀 Multiplicador Spaceman 1: 11041643713 = 8.49x","timestamp":"2025-11-10 11:56:48"}
{"level":"info","message":"🚀 Multiplicador Spaceman 1: 11041643713 = 8.53x","timestamp":"2025-11-10 11:56:48"}
{"level":"info","message":"🚀 Multiplicador Spaceman 1: 11041643713 = 8.56x","timestamp":"2025-11-10 11:56:48"}
{"level":"info","message":"🚀 Multiplicador Spaceman 1: 11041643713 = 8.6x","timestamp":"2025-11-10 11:56:48"}
{"level":"info","message":"🚀 Multiplicador Spaceman 1: 11041643713 = 8.63x","timestamp":"2025-11-10 11:56:48"}
{"level":"info","message":"🚀 Multiplicador Spaceman 1: 11041643713 = 8.67x","timestamp":"2025-11-10 11:56:48"}
{"level":"info","message":"🚀 Multiplicador Spaceman 1: 11041643713 = 8.71x","timestamp":"2025-11-10 11:56:48"}
{"level":"info","message":"🚀 Multiplicador Spaceman 1: 11041643713 = 8.74x","timestamp":"2025-11-10 11:56:48"}
{"level":"info","message":"🚀 Multiplicador Spaceman 1: 11041643713 = 8.78x","timestamp":"2025-11-10 11:56:48"}
{"level":"info","message":"🚀 Multiplicador Spaceman 1: 11041643713 = 8.81x","timestamp":"2025-11-10 11:56:48"}
{"level":"info","message":"🚀 Multiplicador Spaceman 1: 11041643713 = 8.85x","timestamp":"2025-11-10 11:56:48"}
{"level":"info","message":"🚀 Multiplicador Spaceman 1: 11041643713 = 8.89x","timestamp":"2025-11-10 11:56:48"}
{"level":"info","message":"🚀 Multiplicador Spaceman 1: 11041643713 = 8.93x","timestamp":"2025-11-10 11:56:48"}
{"level":"info","message":"🚀 Multiplicador Spaceman 1: 11041643713 = 8.99x","timestamp":"2025-11-10 11:56:48"}
{"level":"info","message":"🚀 Multiplicador Spaceman 1: 11041643713 = 9.03x","timestamp":"2025-11-10 11:56:49"}
{"level":"info","message":"🚀 Multiplicador Spaceman 1: 11041643713 = 9.07x","timestamp":"2025-11-10 11:56:49"}
{"level":"info","message":"🚀 Multiplicador Spaceman 1: 11041643713 = 9.11x","timestamp":"2025-11-10 11:56:49"}
{"level":"info","message":"🚀 Multiplicador Spaceman 1: 11041643713 = 9.15x","timestamp":"2025-11-10 11:56:49"}
{"level":"info","message":"🚀 Multiplicador Spaceman 1: 11041643713 = 9.19x","timestamp":"2025-11-10 11:56:49"}
{"level":"info","message":"🚀 Multiplicador Spaceman 1: 11041643713 = 9.23x","timestamp":"2025-11-10 11:56:49"}
{"level":"info","message":"🚀 Multiplicador Spaceman 1: 11041643713 = 9.27x","timestamp":"2025-11-10 11:56:49"}
{"level":"info","message":"🚀 Multiplicador Spaceman 1: 11041643713 = 9.31x","timestamp":"2025-11-10 11:56:49"}
{"level":"info","message":"🚀 Multiplicador Spaceman 1: 11041643713 = 9.35x","timestamp":"2025-11-10 11:56:49"}
{"level":"info","message":"🚀 Multiplicador Spaceman 1: 11041643713 = 9.39x","timestamp":"2025-11-10 11:56:49"}
{"level":"info","message":"🚀 Multiplicador Spaceman 1: 11041643713 = 9.43x","timestamp":"2025-11-10 11:56:49"}
{"level":"info","message":"🚀 Multiplicador Spaceman 1: 11041643713 = 9.47x","timestamp":"2025-11-10 11:56:49"}
{"level":"info","message":"🚀 Multiplicador Spaceman 1: 11041643713 = 9.51x","timestamp":"2025-11-10 11:56:49"}
{"level":"info","message":"🚀 Multiplicador Spaceman 1: 11041643713 = 9.58x","timestamp":"2025-11-10 11:56:49"}
{"level":"info","message":"🚀 Multiplicador Spaceman 1: 11041643713 = 9.61x","timestamp":"2025-11-10 11:56:49"}
{"level":"info","message":"🚀 Multiplicador Spaceman 1: 11041643713 = 9.66x","timestamp":"2025-11-10 11:56:49"}
{"level":"info","message":"🚀 Multiplicador Spaceman 1: 11041643713 = 9.7x","timestamp":"2025-11-10 11:56:49"}
{"level":"info","message":"🚀 Multiplicador Spaceman 1: 11041643713 = 9.74x","timestamp":"2025-11-10 11:56:49"}
{"level":"info","message":"🚀 Multiplicador Spaceman 1: 11041643713 = 9.78x","timestamp":"2025-11-10 11:56:49"}
{"level":"info","message":"🚀 Multiplicador Spaceman 1: 11041643713 = 9.83x","timestamp":"2025-11-10 11:56:50"}
{"level":"info","message":"🚀 Multiplicador Spaceman 1: 11041643713 = 9.87x","timestamp":"2025-11-10 11:56:50"}
{"level":"info","message":"🚀 Multiplicador Spaceman 1: 11041643713 = 9.91x","timestamp":"2025-11-10 11:56:50"}
{"level":"info","message":"🚀 Multiplicador Spaceman 1: 11041643713 = 9.95x","timestamp":"2025-11-10 11:56:50"}
{"level":"info","message":"🚀 Multiplicador Spaceman 1: 11041643713 = 10x","timestamp":"2025-11-10 11:56:50"}
{"level":"info","message":"🚀 Multiplicador Spaceman 1: 11041643713 = 10.04x","timestamp":"2025-11-10 11:56:50"}
{"level":"info","message":"🚀 Multiplicador Spaceman 1: 11041643713 = 10.08x","timestamp":"2025-11-10 11:56:50"}
{"level":"info","message":"🚀 Multiplicador Spaceman 1: 11041643713 = 10.12x","timestamp":"2025-11-10 11:56:50"}
{"level":"info","message":"🚀 Multiplicador Spaceman 1: 11041643713 = 10.16x","timestamp":"2025-11-10 11:56:50"}
{"level":"info","message":"🚀 Multiplicador Spaceman 1: 11041643713 = 10.21x","timestamp":"2025-11-10 11:56:50"}
{"level":"info","message":"🚀 Multiplicador Spaceman 1: 11041643713 = 10.25x","timestamp":"2025-11-10 11:56:50"}
{"level":"info","message":"🚀 Multiplicador Spaceman 1: 11041643713 = 10.3x","timestamp":"2025-11-10 11:56:50"}
{"level":"info","message":"🚀 Multiplicador Spaceman 1: 11041643713 = 10.34x","timestamp":"2025-11-10 11:56:50"}
{"level":"info","message":"🚀 Multiplicador Spaceman 1: 11041643713 = 10.39x","timestamp":"2025-11-10 11:56:50"}
{"level":"info","message":"🚀 Multiplicador Spaceman 1: 11041643713 = 10.43x","timestamp":"2025-11-10 11:56:50"}
{"level":"info","message":"🚀 Multiplicador Spaceman 1: 11041643713 = 10.48x","timestamp":"2025-11-10 11:56:50"}
{"level":"info","message":"🚀 Multiplicador Spaceman 1: 11041643713 = 10.52x","timestamp":"2025-11-10 11:56:50"}
{"level":"info","message":"🚀 Multiplicador Spaceman 1: 11041643713 = 10.57x","timestamp":"2025-11-10 11:56:50"}
{"level":"info","message":"🚀 Multiplicador Spaceman 1: 11041643713 = 10.61x","timestamp":"2025-11-10 11:56:50"}
{"level":"info","message":"🚀 Multiplicador Spaceman 1: 11041643713 = 10.66x","timestamp":"2025-11-10 11:56:51"}
{"level":"info","message":"🚀 Multiplicador Spaceman 1: 11041643713 = 10.7x","timestamp":"2025-11-10 11:56:51"}
{"level":"info","message":"🚀 Multiplicador Spaceman 1: 11041643713 = 10.79x","timestamp":"2025-11-10 11:56:51"}
{"level":"info","message":"🚀 Multiplicador Spaceman 1: 11041643713 = 10.84x","timestamp":"2025-11-10 11:56:51"}
{"level":"info","message":"🚀 Multiplicador Spaceman 1: 11041643713 = 10.88x","timestamp":"2025-11-10 11:56:51"}
{"level":"info","message":"🚀 Multiplicador Spaceman 1: 11041643713 = 10.93x","timestamp":"2025-11-10 11:56:51"}
{"level":"info","message":"🚀 Multiplicador Spaceman 1: 11041643713 = 10.98x","timestamp":"2025-11-10 11:56:51"}
{"level":"info","message":"🚀 Multiplicador Spaceman 1: 11041643713 = 11.03x","timestamp":"2025-11-10 11:56:51"}
{"level":"info","message":"🚀 Multiplicador Spaceman 1: 11041643713 = 11.07x","timestamp":"2025-11-10 11:56:51"}
{"level":"info","message":"🚀 Multiplicador Spaceman 1: 11041643713 = 11.12x","timestamp":"2025-11-10 11:56:51"}
{"level":"info","message":"🚀 Multiplicador Spaceman 1: 11041643713 = 11.17x","timestamp":"2025-11-10 11:56:51"}
{"level":"info","message":"🚀 Multiplicador Spaceman 1: 11041643813 = 1.01x","timestamp":"2025-11-10 11:57:01"}
{"level":"info","message":"🚀 Multiplicador Spaceman 1: 11041643813 = 1.02x","timestamp":"2025-11-10 11:57:01"}
{"level":"info","message":"🚀 Multiplicador Spaceman 1: 11041643813 = 1.03x","timestamp":"2025-11-10 11:57:01"}
{"level":"info","message":"🚀 Multiplicador Spaceman 1: 11041643813 = 1.04x","timestamp":"2025-11-10 11:57:02"}
{"level":"info","message":"🚀 Multiplicador Spaceman 1: 11041643813 = 1.05x","timestamp":"2025-11-10 11:57:02"}
{"level":"info","message":"🚀 Multiplicador Spaceman 1: 11041643813 = 1.06x","timestamp":"2025-11-10 11:57:02"}
{"level":"info","message":"🚀 Multiplicador Spaceman 1: 11041643813 = 1.07x","timestamp":"2025-11-10 11:57:02"}
{"level":"info","message":"🚀 Multiplicador Spaceman 1: 11041643813 = 1.08x","timestamp":"2025-11-10 11:57:02"}
{"level":"info","message":"🚀 Multiplicador Spaceman 1: 11041643813 = 1.09x","timestamp":"2025-11-10 11:57:02"}
{"level":"info","message":"🚀 Multiplicador Spaceman 1: 11041643813 = 1.1x","timestamp":"2025-11-10 11:57:02"}
{"level":"info","message":"🚀 Multiplicador Spaceman 1: 11041643813 = 1.11x","timestamp":"2025-11-10 11:57:02"}
{"level":"info","message":"🚀 Multiplicador Spaceman 1: 11041643813 = 1.12x","timestamp":"2025-11-10 11:57:03"}
{"level":"info","message":"🚀 Multiplicador Spaceman 1: 11041643813 = 1.13x","timestamp":"2025-11-10 11:57:03"}
{"level":"info","message":"🚀 Multiplicador Spaceman 1: 11041643813 = 1.14x","timestamp":"2025-11-10 11:57:03"}
{"level":"info","message":"🚀 Multiplicador Spaceman 1: 11041643813 = 1.15x","timestamp":"2025-11-10 11:57:03"}
{"level":"info","message":"🚀 Multiplicador Spaceman 1: 11041643813 = 1.16x","timestamp":"2025-11-10 11:57:03"}
{"level":"info","message":"🚀 Multiplicador Spaceman 1: 11041643813 = 1.17x","timestamp":"2025-11-10 11:57:03"}
{"level":"info","message":"🚀 Multiplicador Spaceman 1: 11041643813 = 1.18x","timestamp":"2025-11-10 11:57:03"}
{"level":"info","message":"🚀 Multiplicador Spaceman 1: 11041643813 = 1.19x","timestamp":"2025-11-10 11:57:03"}
{"level":"info","message":"🚀 Multiplicador Spaceman 1: 11041643813 = 1.2x","timestamp":"2025-11-10 11:57:03"}
{"level":"info","message":"🚀 Multiplicador Spaceman 1: 11041643813 = 1.21x","timestamp":"2025-11-10 11:57:03"}
{"level":"info","message":"🚀 Multiplicador Spaceman 1: 11041643813 = 1.22x","timestamp":"2025-11-10 11:57:04"}
{"level":"info","message":"🚀 Multiplicador Spaceman 1: 11041643813 = 1.23x","timestamp":"2025-11-10 11:57:04"}
{"level":"info","message":"🚀 Multiplicador Spaceman 1: 11041643813 = 1.24x","timestamp":"2025-11-10 11:57:04"}
{"level":"info","message":"🚀 Multiplicador Spaceman 1: 11041643813 = 1.25x","timestamp":"2025-11-10 11:57:04"}
{"level":"info","message":"🚀 Multiplicador Spaceman 1: 11041643813 = 1.26x","timestamp":"2025-11-10 11:57:04"}
{"level":"info","message":"🚀 Multiplicador Spaceman 1: 11041643813 = 1.27x","timestamp":"2025-11-10 11:57:04"}
{"level":"info","message":"🚀 Multiplicador Spaceman 1: 11041643813 = 1.28x","timestamp":"2025-11-10 11:57:04"}
{"level":"info","message":"🚀 Multiplicador Spaceman 1: 11041643813 = 1.29x","timestamp":"2025-11-10 11:57:04"}
{"level":"info","message":"🚀 Multiplicador Spaceman 1: 11041643813 = 1.3x","timestamp":"2025-11-10 11:57:04"}
{"level":"info","message":"🚀 Multiplicador Spaceman 1: 11041643813 = 1.31x","timestamp":"2025-11-10 11:57:04"}
{"level":"info","message":"🚀 Multiplicador Spaceman 1: 11041643813 = 1.32x","timestamp":"2025-11-10 11:57:04"}
{"level":"info","message":"🚀 Multiplicador Spaceman 1: 11041643813 = 1.33x","timestamp":"2025-11-10 11:57:05"}
{"level":"info","message":"🚀 Multiplicador Spaceman 1: 11041643813 = 1.34x","timestamp":"2025-11-10 11:57:05"}
{"level":"info","message":"🚀 Multiplicador Spaceman 1: 11041643813 = 1.35x","timestamp":"2025-11-10 11:57:05"}
{"level":"info","message":"🚀 Multiplicador Spaceman 1: 11041643813 = 1.36x","timestamp":"2025-11-10 11:57:05"}
{"level":"info","message":"🚀 Multiplicador Spaceman 1: 11041643813 = 1.37x","timestamp":"2025-11-10 11:57:05"}
{"level":"info","message":"🚀 Multiplicador Spaceman 1: 11041643813 = 1.38x","timestamp":"2025-11-10 11:57:05"}
{"level":"info","message":"🚀 Multiplicador Spaceman 1: 11041643813 = 1.39x","timestamp":"2025-11-10 11:57:05"}
{"level":"info","message":"🚀 Multiplicador Spaceman 1: 11041643813 = 1.4x","timestamp":"2025-11-10 11:57:05"}
{"level":"info","message":"🚀 Multiplicador Spaceman 1: 11041643813 = 1.41x","timestamp":"2025-11-10 11:57:05"}
{"level":"info","message":"🚀 Multiplicador Spaceman 1: 11041643813 = 1.42x","timestamp":"2025-11-10 11:57:05"}
{"level":"info","message":"🚀 Multiplicador Spaceman 1: 11041643813 = 1.43x","timestamp":"2025-11-10 11:57:05"}
{"level":"info","message":"🚀 Multiplicador Spaceman 1: 11041643813 = 1.44x","timestamp":"2025-11-10 11:57:06"}
{"level":"info","message":"🚀 Multiplicador Spaceman 1: 11041643813 = 1.45x","timestamp":"2025-11-10 11:57:06"}
{"level":"info","message":"🚀 Multiplicador Spaceman 1: 11041643813 = 1.46x","timestamp":"2025-11-10 11:57:06"}
{"level":"info","message":"🚀 Multiplicador Spaceman 1: 11041643813 = 1.47x","timestamp":"2025-11-10 11:57:06"}
{"level":"info","message":"🚀 Multiplicador Spaceman 1: 11041643813 = 1.48x","timestamp":"2025-11-10 11:57:06"}
{"level":"info","message":"🚀 Multiplicador Spaceman 1: 11041643813 = 1.49x","timestamp":"2025-11-10 11:57:06"}
{"level":"info","message":"🚀 Multiplicador Spaceman 1: 11041643813 = 1.5x","timestamp":"2025-11-10 11:57:06"}
{"level":"info","message":"🚀 Multiplicador Spaceman 1: 11041643813 = 1.51x","timestamp":"2025-11-10 11:57:06"}
{"level":"info","message":"🚀 Multiplicador Spaceman 1: 11041643813 = 1.52x","timestamp":"2025-11-10 11:57:06"}
{"level":"info","message":"🚀 Multiplicador Spaceman 1: 11041643813 = 1.53x","timestamp":"2025-11-10 11:57:06"}
{"level":"info","message":"🚀 Multiplicador Spaceman 1: 11041643813 = 1.54x","timestamp":"2025-11-10 11:57:06"}
{"level":"info","message":"🚀 Multiplicador Spaceman 1: 11041643813 = 1.55x","timestamp":"2025-11-10 11:57:06"}
{"level":"info","message":"🚀 Multiplicador Spaceman 1: 11041643813 = 1.56x","timestamp":"2025-11-10 11:57:06"}
{"level":"info","message":"🚀 Multiplicador Spaceman 1: 11041643813 = 1.57x","timestamp":"2025-11-10 11:57:07"}
{"level":"info","message":"🚀 Multiplicador Spaceman 1: 11041643813 = 1.58x","timestamp":"2025-11-10 11:57:07"}
{"level":"info","message":"🚀 Multiplicador Spaceman 1: 11041643813 = 1.59x","timestamp":"2025-11-10 11:57:07"}
{"level":"info","message":"🚀 Multiplicador Spaceman 1: 11041643813 = 1.6x","timestamp":"2025-11-10 11:57:07"}
{"level":"info","message":"🚀 Multiplicador Spaceman 1: 11041643813 = 1.61x","timestamp":"2025-11-10 11:57:07"}
{"level":"info","message":"🚀 Multiplicador Spaceman 1: 11041643813 = 1.62x","timestamp":"2025-11-10 11:57:07"}
{"level":"info","message":"🚀 Multiplicador Spaceman 1: 11041643813 = 1.63x","timestamp":"2025-11-10 11:57:07"}
{"level":"info","message":"🚀 Multiplicador Spaceman 1: 11041643813 = 1.65x","timestamp":"2025-11-10 11:57:07"}
{"level":"info","message":"🚀 Multiplicador Spaceman 1: 11041643813 = 1.66x","timestamp":"2025-11-10 11:57:07"}
{"level":"info","message":"🚀 Multiplicador Spaceman 1: 11041643813 = 1.67x","timestamp":"2025-11-10 11:57:07"}
{"level":"info","message":"🚀 Multiplicador Spaceman 1: 11041643813 = 1.68x","timestamp":"2025-11-10 11:57:07"}
{"level":"info","message":"🚀 Multiplicador Spaceman 1: 11041643813 = 1.69x","timestamp":"2025-11-10 11:57:07"}
{"level":"info","message":"🚀 Multiplicador Spaceman 1: 11041643813 = 1.7x","timestamp":"2025-11-10 11:57:08"}
{"level":"info","message":"🚀 Multiplicador Spaceman 1: 11041643813 = 1.71x","timestamp":"2025-11-10 11:57:08"}
{"level":"info","message":"🚀 Multiplicador Spaceman 1: 11041643813 = 1.72x","timestamp":"2025-11-10 11:57:08"}
{"level":"info","message":"🚀 Multiplicador Spaceman 1: 11041643813 = 1.73x","timestamp":"2025-11-10 11:57:08"}
{"level":"info","message":"🚀 Multiplicador Spaceman 1: 11041643813 = 1.74x","timestamp":"2025-11-10 11:57:08"}
{"level":"info","message":"🚀 Multiplicador Spaceman 1: 11041643813 = 1.75x","timestamp":"2025-11-10 11:57:08"}
{"level":"info","message":"🚀 Multiplicador Spaceman 1: 11041643813 = 1.76x","timestamp":"2025-11-10 11:57:08"}
{"level":"info","message":"🚀 Multiplicador Spaceman 1: 11041643813 = 1.77x","timestamp":"2025-11-10 11:57:08"}
{"level":"info","message":"🚀 Multiplicador Spaceman 1: 11041643813 = 1.78x","timestamp":"2025-11-10 11:57:08"}
{"level":"info","message":"🚀 Multiplicador Spaceman 1: 11041643813 = 1.79x","timestamp":"2025-11-10 11:57:08"}
{"level":"info","message":"🚀 Multiplicador Spaceman 1: 11041643813 = 1.8x","timestamp":"2025-11-10 11:57:08"}
{"level":"info","message":"🚀 Multiplicador Spaceman 1: 11041643813 = 1.81x","timestamp":"2025-11-10 11:57:08"}
{"level":"info","message":"🚀 Multiplicador Spaceman 1: 11041643813 = 1.82x","timestamp":"2025-11-10 11:57:08"}
{"level":"info","message":"🚀 Multiplicador Spaceman 1: 11041643813 = 1.83x","timestamp":"2025-11-10 11:57:08"}
{"level":"info","message":"🚀 Multiplicador Spaceman 1: 11041643813 = 1.84x","timestamp":"2025-11-10 11:57:09"}
{"level":"info","message":"🚀 Multiplicador Spaceman 1: 11041643813 = 1.85x","timestamp":"2025-11-10 11:57:09"}
{"level":"info","message":"🚀 Multiplicador Spaceman 1: 11041643813 = 1.86x","timestamp":"2025-11-10 11:57:09"}
{"level":"info","message":"🚀 Multiplicador Spaceman 1: 11041643813 = 1.87x","timestamp":"2025-11-10 11:57:09"}
{"level":"info","message":"🚀 Multiplicador Spaceman 1: 11041643813 = 1.88x","timestamp":"2025-11-10 11:57:09"}
{"level":"info","message":"🚀 Multiplicador Spaceman 1: 11041643813 = 1.89x","timestamp":"2025-11-10 11:57:09"}
{"level":"info","message":"🚀 Multiplicador Spaceman 1: 11041643813 = 1.9x","timestamp":"2025-11-10 11:57:09"}
{"level":"info","message":"🚀 Multiplicador Spaceman 1: 11041643813 = 1.91x","timestamp":"2025-11-10 11:57:09"}
{"level":"info","message":"🚀 Multiplicador Spaceman 1: 11041643813 = 1.92x","timestamp":"2025-11-10 11:57:09"}
{"level":"info","message":"🚀 Multiplicador Spaceman 1: 11041643813 = 1.93x","timestamp":"2025-11-10 11:57:09"}
{"level":"info","message":"🚀 Multiplicador Spaceman 1: 11041643813 = 1.94x","timestamp":"2025-11-10 11:57:09"}
{"level":"info","message":"🚀 Multiplicador Spaceman 1: 11041643813 = 1.95x","timestamp":"2025-11-10 11:57:09"}
{"level":"info","message":"🚀 Multiplicador Spaceman 1: 11041643813 = 1.96x","timestamp":"2025-11-10 11:57:09"}
{"level":"info","message":"🚀 Multiplicador Spaceman 1: 11041643813 = 1.97x","timestamp":"2025-11-10 11:57:09"}
{"level":"info","message":"🚀 Multiplicador Spaceman 1: 11041643813 = 1.98x","timestamp":"2025-11-10 11:57:09"}
{"level":"info","message":"🚀 Multiplicador Spaceman 1: 11041643813 = 1.99x","timestamp":"2025-11-10 11:57:09"}
{"level":"info","message":"🚀 Multiplicador Spaceman 1: 11041643813 = 2x","timestamp":"2025-11-10 11:57:10"}
{"level":"info","message":"🚀 Multiplicador Spaceman 1: 11041643813 = 2.01x","timestamp":"2025-11-10 11:57:10"}
{"level":"info","message":"🚀 Multiplicador Spaceman 1: 11041643813 = 2.02x","timestamp":"2025-11-10 11:57:10"}
{"level":"info","message":"🚀 Multiplicador Spaceman 1: 11041643813 = 2.03x","timestamp":"2025-11-10 11:57:10"}
{"level":"info","message":"🚀 Multiplicador Spaceman 1: 11041643813 = 2.04x","timestamp":"2025-11-10 11:57:10"}
{"level":"info","message":"🚀 Multiplicador Spaceman 1: 11041643813 = 2.05x","timestamp":"2025-11-10 11:57:10"}
{"level":"info","message":"🚀 Multiplicador Spaceman 1: 11041643813 = 2.06x","timestamp":"2025-11-10 11:57:10"}
{"level":"info","message":"🚀 Multiplicador Spaceman 1: 11041643813 = 2.07x","timestamp":"2025-11-10 11:57:10"}
{"level":"info","message":"🚀 Multiplicador Spaceman 1: 11041643813 = 2.08x","timestamp":"2025-11-10 11:57:10"}
{"level":"info","message":"🚀 Multiplicador Spaceman 1: 11041643813 = 2.09x","timestamp":"2025-11-10 11:57:10"}
{"level":"info","message":"🚀 Multiplicador Spaceman 1: 11041643813 = 2.1x","timestamp":"2025-11-10 11:57:10"}
{"level":"info","message":"🚀 Multiplicador Spaceman 1: 11041643813 = 2.11x","timestamp":"2025-11-10 11:57:10"}
{"level":"info","message":"🚀 Multiplicador Spaceman 1: 11041643813 = 2.13x","timestamp":"2025-11-10 11:57:10"}
{"level":"info","message":"🚀 Multiplicador Spaceman 1: 11041643813 = 2.14x","timestamp":"2025-11-10 11:57:10"}
{"level":"info","message":"🚀 Multiplicador Spaceman 1: 11041643813 = 2.15x","timestamp":"2025-11-10 11:57:10"}
{"level":"info","message":"🚀 Multiplicador Spaceman 1: 11041643813 = 2.16x","timestamp":"2025-11-10 11:57:10"}
{"level":"info","message":"🚀 Multiplicador Spaceman 1: 11041643813 = 2.17x","timestamp":"2025-11-10 11:57:10"}
{"level":"info","message":"🚀 Multiplicador Spaceman 1: 11041643813 = 2.18x","timestamp":"2025-11-10 11:57:11"}
{"level":"info","message":"🚀 Multiplicador Spaceman 1: 11041643813 = 2.19x","timestamp":"2025-11-10 11:57:11"}
{"level":"info","message":"🚀 Multiplicador Spaceman 1: 11041643813 = 2.2x","timestamp":"2025-11-10 11:57:11"}
{"level":"info","message":"🚀 Multiplicador Spaceman 1: 11041643813 = 2.21x","timestamp":"2025-11-10 11:57:11"}
{"level":"info","message":"🚀 Multiplicador Spaceman 1: 11041643813 = 2.22x","timestamp":"2025-11-10 11:57:11"}
{"level":"info","message":"🚀 Multiplicador Spaceman 1: 11041643813 = 2.23x","timestamp":"2025-11-10 11:57:11"}
{"level":"info","message":"🚀 Multiplicador Spaceman 1: 11041643813 = 2.24x","timestamp":"2025-11-10 11:57:11"}
{"level":"info","message":"🚀 Multiplicador Spaceman 1: 11041643813 = 2.25x","timestamp":"2025-11-10 11:57:11"}
{"level":"info","message":"🚀 Multiplicador Spaceman 1: 11041643813 = 2.26x","timestamp":"2025-11-10 11:57:11"}
{"level":"info","message":"🚀 Multiplicador Spaceman 1: 11041643813 = 2.27x","timestamp":"2025-11-10 11:57:11"}
{"level":"info","message":"🚀 Multiplicador Spaceman 1: 11041643813 = 2.28x","timestamp":"2025-11-10 11:57:11"}
{"level":"info","message":"🚀 Multiplicador Spaceman 1: 11041643813 = 2.29x","timestamp":"2025-11-10 11:57:11"}
{"level":"info","message":"🚀 Multiplicador Spaceman 1: 11041643813 = 2.3x","timestamp":"2025-11-10 11:57:11"}
{"level":"info","message":"🚀 Multiplicador Spaceman 1: 11041643813 = 2.31x","timestamp":"2025-11-10 11:57:11"}
{"level":"info","message":"🚀 Multiplicador Spaceman 1: 11041643813 = 2.32x","timestamp":"2025-11-10 11:57:11"}
{"level":"info","message":"🚀 Multiplicador Spaceman 1: 11041643813 = 2.33x","timestamp":"2025-11-10 11:57:11"}
{"level":"info","message":"🚀 Multiplicador Spaceman 1: 11041643813 = 2.34x","timestamp":"2025-11-10 11:57:11"}
{"level":"info","message":"🚀 Multiplicador Spaceman 1: 11041643813 = 2.35x","timestamp":"2025-11-10 11:57:11"}
{"level":"info","message":"🚀 Multiplicador Spaceman 1: 11041643813 = 2.36x","timestamp":"2025-11-10 11:57:11"}
{"level":"info","message":"🚀 Multiplicador Spaceman 1: 11041643813 = 2.37x","timestamp":"2025-11-10 11:57:12"}
{"level":"info","message":"🚀 Multiplicador Spaceman 1: 11041643813 = 2.38x","timestamp":"2025-11-10 11:57:12"}
{"level":"info","message":"🚀 Multiplicador Spaceman 1: 11041643813 = 2.39x","timestamp":"2025-11-10 11:57:12"}
{"level":"info","message":"🚀 Multiplicador Spaceman 1: 11041643813 = 2.4x","timestamp":"2025-11-10 11:57:12"}
{"level":"info","message":"🚀 Multiplicador Spaceman 1: 11041643813 = 2.41x","timestamp":"2025-11-10 11:57:12"}
{"level":"info","message":"🚀 Multiplicador Spaceman 1: 11041643813 = 2.42x","timestamp":"2025-11-10 11:57:12"}
{"level":"info","message":"🚀 Multiplicador Spaceman 1: 11041643813 = 2.43x","timestamp":"2025-11-10 11:57:12"}
{"level":"info","message":"🚀 Multiplicador Spaceman 1: 11041643813 = 2.44x","timestamp":"2025-11-10 11:57:12"}
{"level":"info","message":"🚀 Multiplicador Spaceman 1: 11041643813 = 2.45x","timestamp":"2025-11-10 11:57:12"}
{"level":"info","message":"🚀 Multiplicador Spaceman 1: 11041643813 = 2.46x","timestamp":"2025-11-10 11:57:12"}
{"level":"info","message":"🚀 Multiplicador Spaceman 1: 11041643813 = 2.47x","timestamp":"2025-11-10 11:57:12"}
{"level":"info","message":"🚀 Multiplicador Spaceman 1: 11041643813 = 2.49x","timestamp":"2025-11-10 11:57:12"}
{"level":"info","message":"🚀 Multiplicador Spaceman 1: 11041643813 = 2.5x","timestamp":"2025-11-10 11:57:12"}
{"level":"info","message":"🚀 Multiplicador Spaceman 1: 11041643813 = 2.51x","timestamp":"2025-11-10 11:57:12"}
{"level":"info","message":"🚀 Multiplicador Spaceman 1: 11041643813 = 2.52x","timestamp":"2025-11-10 11:57:12"}
{"level":"info","message":"🚀 Multiplicador Spaceman 1: 11041643813 = 2.53x","timestamp":"2025-11-10 11:57:12"}
{"level":"info","message":"🚀 Multiplicador Spaceman 1: 11041643813 = 2.54x","timestamp":"2025-11-10 11:57:12"}
{"level":"info","message":"🚀 Multiplicador Spaceman 1: 11041643813 = 2.55x","timestamp":"2025-11-10 11:57:12"}
{"level":"info","message":"🚀 Multiplicador Spaceman 1: 11041643813 = 2.56x","timestamp":"2025-11-10 11:57:12"}
{"level":"info","message":"🚀 Multiplicador Spaceman 1: 11041643813 = 2.57x","timestamp":"2025-11-10 11:57:13"}
{"level":"info","message":"🚀 Multiplicador Spaceman 1: 11041643813 = 2.59x","timestamp":"2025-11-10 11:57:13"}
{"level":"info","message":"🚀 Multiplicador Spaceman 1: 11041643813 = 2.6x","timestamp":"2025-11-10 11:57:13"}
{"level":"info","message":"🚀 Multiplicador Spaceman 1: 11041643813 = 2.61x","timestamp":"2025-11-10 11:57:13"}
{"level":"info","message":"🚀 Multiplicador Spaceman 1: 11041643813 = 2.62x","timestamp":"2025-11-10 11:57:13"}
{"level":"info","message":"🚀 Multiplicador Spaceman 1: 11041643813 = 2.63x","timestamp":"2025-11-10 11:57:13"}
{"level":"info","message":"🚀 Multiplicador Spaceman 1: 11041643813 = 2.64x","timestamp":"2025-11-10 11:57:13"}
{"level":"info","message":"🚀 Multiplicador Spaceman 1: 11041643813 = 2.65x","timestamp":"2025-11-10 11:57:13"}
{"level":"info","message":"🚀 Multiplicador Spaceman 1: 11041643813 = 2.66x","timestamp":"2025-11-10 11:57:13"}
{"level":"info","message":"🚀 Multiplicador Spaceman 1: 11041643813 = 2.67x","timestamp":"2025-11-10 11:57:13"}
{"level":"info","message":"🚀 Multiplicador Spaceman 1: 11041643813 = 2.69x","timestamp":"2025-11-10 11:57:13"}
{"level":"info","message":"🚀 Multiplicador Spaceman 1: 11041643813 = 2.71x","timestamp":"2025-11-10 11:57:13"}
{"level":"info","message":"🚀 Multiplicador Spaceman 1: 11041643813 = 2.72x","timestamp":"2025-11-10 11:57:13"}
{"level":"info","message":"🚀 Multiplicador Spaceman 1: 11041643813 = 2.73x","timestamp":"2025-11-10 11:57:13"}
{"level":"info","message":"🚀 Multiplicador Spaceman 1: 11041643813 = 2.74x","timestamp":"2025-11-10 11:57:13"}
{"level":"info","message":"🚀 Multiplicador Spaceman 1: 11041643813 = 2.76x","timestamp":"2025-11-10 11:57:13"}
{"level":"info","message":"🚀 Multiplicador Spaceman 1: 11041643813 = 2.77x","timestamp":"2025-11-10 11:57:13"}
{"level":"info","message":"🚀 Multiplicador Spaceman 1: 11041643813 = 2.78x","timestamp":"2025-11-10 11:57:13"}
{"level":"info","message":"🚀 Multiplicador Spaceman 1: 11041643813 = 2.79x","timestamp":"2025-11-10 11:57:14"}
{"level":"info","message":"🚀 Multiplicador Spaceman 1: 11041643813 = 2.8x","timestamp":"2025-11-10 11:57:14"}
{"level":"info","message":"🚀 Multiplicador Spaceman 1: 11041643813 = 2.81x","timestamp":"2025-11-10 11:57:14"}
{"level":"info","message":"🚀 Multiplicador Spaceman 1: 11041643813 = 2.83x","timestamp":"2025-11-10 11:57:14"}
{"level":"info","message":"🚀 Multiplicador Spaceman 1: 11041643813 = 2.84x","timestamp":"2025-11-10 11:57:14"}
{"level":"info","message":"🚀 Multiplicador Spaceman 1: 11041643813 = 2.85x","timestamp":"2025-11-10 11:57:14"}
{"level":"info","message":"🚀 Multiplicador Spaceman 1: 11041643813 = 2.86x","timestamp":"2025-11-10 11:57:14"}
{"level":"info","message":"🚀 Multiplicador Spaceman 1: 11041643813 = 2.87x","timestamp":"2025-11-10 11:57:14"}
{"level":"info","message":"🚀 Multiplicador Spaceman 1: 11041643813 = 2.89x","timestamp":"2025-11-10 11:57:14"}
{"level":"info","message":"🚀 Multiplicador Spaceman 1: 11041643813 = 2.91x","timestamp":"2025-11-10 11:57:14"}
{"level":"info","message":"🚀 Multiplicador Spaceman 1: 11041643813 = 2.92x","timestamp":"2025-11-10 11:57:14"}
{"level":"info","message":"🚀 Multiplicador Spaceman 1: 11041643813 = 2.93x","timestamp":"2025-11-10 11:57:14"}
{"level":"info","message":"🚀 Multiplicador Spaceman 1: 11041643813 = 2.95x","timestamp":"2025-11-10 11:57:14"}
{"level":"info","message":"🚀 Multiplicador Spaceman 1: 11041643813 = 2.96x","timestamp":"2025-11-10 11:57:14"}
{"level":"info","message":"🚀 Multiplicador Spaceman 1: 11041643813 = 2.97x","timestamp":"2025-11-10 11:57:14"}
{"level":"info","message":"🚀 Multiplicador Spaceman 1: 11041643813 = 2.98x","timestamp":"2025-11-10 11:57:14"}
{"level":"info","message":"🚀 Multiplicador Spaceman 1: 11041643813 = 3x","timestamp":"2025-11-10 11:57:14"}
{"level":"info","message":"🚀 Multiplicador Spaceman 1: 11041643813 = 3.01x","timestamp":"2025-11-10 11:57:14"}
{"level":"info","message":"🚀 Multiplicador Spaceman 1: 11041643813 = 3.02x","timestamp":"2025-11-10 11:57:14"}
{"level":"info","message":"🚀 Multiplicador Spaceman 1: 11041643813 = 3.03x","timestamp":"2025-11-10 11:57:15"}
{"level":"info","message":"🚀 Multiplicador Spaceman 1: 11041643813 = 3.06x","timestamp":"2025-11-10 11:57:15"}
{"level":"info","message":"🚀 Multiplicador Spaceman 1: 11041643813 = 3.07x","timestamp":"2025-11-10 11:57:15"}
{"level":"info","message":"🚀 Multiplicador Spaceman 1: 11041643813 = 3.09x","timestamp":"2025-11-10 11:57:15"}
{"level":"info","message":"🚀 Multiplicador Spaceman 1: 11041643813 = 3.1x","timestamp":"2025-11-10 11:57:15"}
{"level":"info","message":"🚀 Multiplicador Spaceman 1: 11041643813 = 3.11x","timestamp":"2025-11-10 11:57:15"}
{"level":"info","message":"🚀 Multiplicador Spaceman 1: 11041643813 = 3.13x","timestamp":"2025-11-10 11:57:15"}
{"level":"info","message":"🚀 Multiplicador Spaceman 1: 11041643813 = 3.14x","timestamp":"2025-11-10 11:57:15"}
{"level":"info","message":"🚀 Multiplicador Spaceman 1: 11041643813 = 3.15x","timestamp":"2025-11-10 11:57:15"}
{"level":"info","message":"🚀 Multiplicador Spaceman 1: 11041643813 = 3.17x","timestamp":"2025-11-10 11:57:15"}
{"level":"info","message":"🚀 Multiplicador Spaceman 1: 11041643813 = 3.18x","timestamp":"2025-11-10 11:57:15"}
{"level":"info","message":"🚀 Multiplicador Spaceman 1: 11041643813 = 3.19x","timestamp":"2025-11-10 11:57:15"}
{"level":"info","message":"🚀 Multiplicador Spaceman 1: 11041643813 = 3.21x","timestamp":"2025-11-10 11:57:15"}
{"level":"info","message":"🚀 Multiplicador Spaceman 1: 11041643813 = 3.22x","timestamp":"2025-11-10 11:57:15"}
{"level":"info","message":"🚀 Multiplicador Spaceman 1: 11041643813 = 3.23x","timestamp":"2025-11-10 11:57:15"}
{"level":"info","message":"🚀 Multiplicador Spaceman 1: 11041643813 = 3.25x","timestamp":"2025-11-10 11:57:15"}
{"level":"info","message":"🚀 Multiplicador Spaceman 1: 11041643813 = 3.27x","timestamp":"2025-11-10 11:57:15"}
{"level":"info","message":"🚀 Multiplicador Spaceman 1: 11041643813 = 3.28x","timestamp":"2025-11-10 11:57:15"}
{"level":"info","message":"🚀 Multiplicador Spaceman 1: 11041643813 = 3.3x","timestamp":"2025-11-10 11:57:16"}
{"level":"info","message":"🚀 Multiplicador Spaceman 1: 11041643813 = 3.31x","timestamp":"2025-11-10 11:57:16"}
{"level":"info","message":"🚀 Multiplicador Spaceman 1: 11041643813 = 3.33x","timestamp":"2025-11-10 11:57:16"}
{"level":"info","message":"🚀 Multiplicador Spaceman 1: 11041643813 = 3.34x","timestamp":"2025-11-10 11:57:16"}
{"level":"info","message":"🚀 Multiplicador Spaceman 1: 11041643813 = 3.36x","timestamp":"2025-11-10 11:57:16"}
{"level":"info","message":"🚀 Multiplicador Spaceman 1: 11041643813 = 3.37x","timestamp":"2025-11-10 11:57:16"}
{"level":"info","message":"🚀 Multiplicador Spaceman 1: 11041643813 = 3.38x","timestamp":"2025-11-10 11:57:16"}
{"level":"info","message":"🚀 Multiplicador Spaceman 1: 11041643813 = 3.4x","timestamp":"2025-11-10 11:57:16"}
{"level":"info","message":"🚀 Multiplicador Spaceman 1: 11041643813 = 3.41x","timestamp":"2025-11-10 11:57:16"}
{"level":"info","message":"🚀 Multiplicador Spaceman 1: 11041643813 = 3.43x","timestamp":"2025-11-10 11:57:16"}
{"level":"info","message":"🚀 Multiplicador Spaceman 1: 11041643813 = 3.44x","timestamp":"2025-11-10 11:57:16"}
{"level":"info","message":"🚀 Multiplicador Spaceman 1: 11041643813 = 3.46x","timestamp":"2025-11-10 11:57:16"}
{"level":"info","message":"🚀 Multiplicador Spaceman 1: 11041643813 = 3.47x","timestamp":"2025-11-10 11:57:16"}
{"level":"info","message":"🚀 Multiplicador Spaceman 1: 11041643813 = 3.49x","timestamp":"2025-11-10 11:57:16"}
{"level":"info","message":"🚀 Multiplicador Spaceman 1: 11041643813 = 3.5x","timestamp":"2025-11-10 11:57:16"}
{"level":"info","message":"🚀 Multiplicador Spaceman 1: 11041643813 = 3.52x","timestamp":"2025-11-10 11:57:16"}
{"level":"info","message":"🚀 Multiplicador Spaceman 1: 11041643813 = 3.53x","timestamp":"2025-11-10 11:57:16"}
{"level":"info","message":"🚀 Multiplicador Spaceman 1: 11041643813 = 3.55x","timestamp":"2025-11-10 11:57:16"}
{"level":"info","message":"🚀 Multiplicador Spaceman 1: 11041643913 = 1.01x","timestamp":"2025-11-10 11:57:27"}
{"level":"info","message":"🚀 Multiplicador Spaceman 1: 11041643913 = 1.02x","timestamp":"2025-11-10 11:57:27"}
{"level":"info","message":"🚀 Multiplicador Spaceman 1: 11041643913 = 1.03x","timestamp":"2025-11-10 11:57:27"}
{"level":"info","message":"🚀 Multiplicador Spaceman 1: 11041643913 = 1.04x","timestamp":"2025-11-10 11:57:27"}
{"level":"info","message":"🚀 Multiplicador Spaceman 1: 11041643913 = 1.05x","timestamp":"2025-11-10 11:57:27"}
{"level":"info","message":"🚀 Multiplicador Spaceman 1: 11041643913 = 1.06x","timestamp":"2025-11-10 11:57:27"}
{"level":"info","message":"🚀 Multiplicador Spaceman 1: 11041643913 = 1.07x","timestamp":"2025-11-10 11:57:27"}
{"level":"info","message":"🚀 Multiplicador Spaceman 1: 11041643913 = 1.08x","timestamp":"2025-11-10 11:57:27"}
{"level":"info","message":"🚀 Multiplicador Spaceman 1: 11041643913 = 1.09x","timestamp":"2025-11-10 11:57:28"}
{"level":"info","message":"🚀 Multiplicador Spaceman 1: 11041643913 = 1.1x","timestamp":"2025-11-10 11:57:28"}
{"level":"info","message":"🚀 Multiplicador Spaceman 1: 11041643913 = 1.11x","timestamp":"2025-11-10 11:57:28"}
{"level":"info","message":"🚀 Multiplicador Spaceman 1: 11041643913 = 1.12x","timestamp":"2025-11-10 11:57:28"}
{"level":"info","message":"🚀 Multiplicador Spaceman 1: 11041643913 = 1.13x","timestamp":"2025-11-10 11:57:28"}
{"level":"info","message":"🚀 Multiplicador Spaceman 1: 11041643913 = 1.14x","timestamp":"2025-11-10 11:57:28"}
{"level":"info","message":"🚀 Multiplicador Spaceman 1: 11041643913 = 1.15x","timestamp":"2025-11-10 11:57:28"}
{"level":"info","message":"🚀 Multiplicador Spaceman 1: 11041643913 = 1.16x","timestamp":"2025-11-10 11:57:28"}
{"level":"info","message":"🚀 Multiplicador Spaceman 1: 11041643913 = 1.17x","timestamp":"2025-11-10 11:57:28"}
{"level":"info","message":"🚀 Multiplicador Spaceman 1: 11041643913 = 1.18x","timestamp":"2025-11-10 11:57:29"}
{"level":"info","message":"🚀 Multiplicador Spaceman 1: 11041644013 = 1.01x","timestamp":"2025-11-10 11:57:39"}
{"level":"info","message":"🚀 Multiplicador Spaceman 1: 11041644013 = 1.02x","timestamp":"2025-11-10 11:57:39"}
{"level":"info","message":"🚀 Multiplicador Spaceman 1: 11041644013 = 1.03x","timestamp":"2025-11-10 11:57:39"}
{"level":"info","message":"🚀 Multiplicador Spaceman 1: 11041644013 = 1.04x","timestamp":"2025-11-10 11:57:39"}
{"level":"info","message":"🚀 Multiplicador Spaceman 1: 11041644013 = 1.05x","timestamp":"2025-11-10 11:57:39"}
{"level":"info","message":"🚀 Multiplicador Spaceman 1: 11041644013 = 1.06x","timestamp":"2025-11-10 11:57:39"}
{"level":"info","message":"🚀 Multiplicador Spaceman 1: 11041644013 = 1.07x","timestamp":"2025-11-10 11:57:39"}
{"level":"info","message":"🚀 Multiplicador Spaceman 1: 11041644013 = 1.08x","timestamp":"2025-11-10 11:57:40"}
{"level":"info","message":"🚀 Multiplicador Spaceman 1: 11041644013 = 1.09x","timestamp":"2025-11-10 11:57:40"}
{"level":"info","message":"🚀 Multiplicador Spaceman 1: 11041644013 = 1.1x","timestamp":"2025-11-10 11:57:40"}
{"level":"info","message":"🚀 Multiplicador Spaceman 1: 11041644013 = 1.11x","timestamp":"2025-11-10 11:57:40"}
{"level":"info","message":"🚀 Multiplicador Spaceman 1: 11041644013 = 1.12x","timestamp":"2025-11-10 11:57:40"}
{"level":"info","message":"🚀 Multiplicador Spaceman 1: 11041644013 = 1.13x","timestamp":"2025-11-10 11:57:40"}
{"level":"info","message":"🚀 Multiplicador Spaceman 1: 11041644013 = 1.14x","timestamp":"2025-11-10 11:57:40"}
{"level":"info","message":"🚀 Multiplicador Spaceman 1: 11041644013 = 1.15x","timestamp":"2025-11-10 11:57:40"}
{"level":"info","message":"🚀 Multiplicador Spaceman 1: 11041644013 = 1.16x","timestamp":"2025-11-10 11:57:40"}
{"level":"info","message":"🚀 Multiplicador Spaceman 1: 11041644013 = 1.17x","timestamp":"2025-11-10 11:57:40"}
{"level":"info","message":"🚀 Multiplicador Spaceman 1: 11041644013 = 1.18x","timestamp":"2025-11-10 11:57:41"}
{"level":"info","message":"🚀 Multiplicador Spaceman 1: 11041644013 = 1.19x","timestamp":"2025-11-10 11:57:41"}
{"level":"info","message":"🚀 Multiplicador Spaceman 1: 11041644013 = 1.2x","timestamp":"2025-11-10 11:57:41"}
{"level":"info","message":"🚀 Multiplicador Spaceman 1: 11041644013 = 1.21x","timestamp":"2025-11-10 11:57:41"}
{"level":"info","message":"🚀 Multiplicador Spaceman 1: 11041644013 = 1.22x","timestamp":"2025-11-10 11:57:41"}
{"level":"info","message":"🚀 Multiplicador Spaceman 1: 11041644013 = 1.23x","timestamp":"2025-11-10 11:57:41"}
{"level":"info","message":"🚀 Multiplicador Spaceman 1: 11041644013 = 1.24x","timestamp":"2025-11-10 11:57:41"}
{"level":"info","message":"🚀 Multiplicador Spaceman 1: 11041644013 = 1.25x","timestamp":"2025-11-10 11:57:41"}
{"level":"info","message":"🚀 Multiplicador Spaceman 1: 11041644013 = 1.26x","timestamp":"2025-11-10 11:57:41"}
{"level":"info","message":"🚀 Multiplicador Spaceman 1: 11041644013 = 1.27x","timestamp":"2025-11-10 11:57:41"}
{"level":"info","message":"🚀 Multiplicador Spaceman 1: 11041644013 = 1.28x","timestamp":"2025-11-10 11:57:42"}
{"level":"info","message":"🚀 Multiplicador Spaceman 1: 11041644013 = 1.29x","timestamp":"2025-11-10 11:57:42"}
{"level":"info","message":"🚀 Multiplicador Spaceman 1: 11041644013 = 1.3x","timestamp":"2025-11-10 11:57:42"}
{"level":"info","message":"🚀 Multiplicador Spaceman 1: 11041644013 = 1.31x","timestamp":"2025-11-10 11:57:42"}
{"level":"info","message":"🚀 Multiplicador Spaceman 1: 11041644013 = 1.32x","timestamp":"2025-11-10 11:57:42"}
{"level":"info","message":"🚀 Multiplicador Spaceman 1: 11041644013 = 1.33x","timestamp":"2025-11-10 11:57:42"}
{"level":"info","message":"🚀 Multiplicador Spaceman 1: 11041644013 = 1.34x","timestamp":"2025-11-10 11:57:42"}
{"level":"info","message":"🚀 Multiplicador Spaceman 1: 11041644013 = 1.35x","timestamp":"2025-11-10 11:57:42"}
{"level":"info","message":"🚀 Multiplicador Spaceman 1: 11041644013 = 1.36x","timestamp":"2025-11-10 11:57:42"}
{"level":"info","message":"🚀 Multiplicador Spaceman 1: 11041644013 = 1.37x","timestamp":"2025-11-10 11:57:42"}
{"level":"info","message":"🚀 Multiplicador Spaceman 1: 11041644013 = 1.38x","timestamp":"2025-11-10 11:57:42"}
{"level":"info","message":"🚀 Multiplicador Spaceman 1: 11041644013 = 1.39x","timestamp":"2025-11-10 11:57:43"}
{"level":"info","message":"🚀 Multiplicador Spaceman 1: 11041644013 = 1.4x","timestamp":"2025-11-10 11:57:43"}
{"level":"info","message":"🚀 Multiplicador Spaceman 1: 11041644013 = 1.41x","timestamp":"2025-11-10 11:57:43"}
{"level":"info","message":"🚀 Multiplicador Spaceman 1: 11041644013 = 1.42x","timestamp":"2025-11-10 11:57:43"}
{"level":"info","message":"🚀 Multiplicador Spaceman 1: 11041644013 = 1.43x","timestamp":"2025-11-10 11:57:43"}
{"level":"info","message":"🚀 Multiplicador Spaceman 1: 11041644013 = 1.44x","timestamp":"2025-11-10 11:57:43"}
{"level":"info","message":"🚀 Multiplicador Spaceman 1: 11041644013 = 1.45x","timestamp":"2025-11-10 11:57:43"}
{"level":"info","message":"🚀 Multiplicador Spaceman 1: 11041644013 = 1.46x","timestamp":"2025-11-10 11:57:43"}
{"level":"info","message":"🚀 Multiplicador Spaceman 1: 11041644013 = 1.47x","timestamp":"2025-11-10 11:57:43"}
{"level":"info","message":"🚀 Multiplicador Spaceman 1: 11041644013 = 1.48x","timestamp":"2025-11-10 11:57:43"}
{"level":"info","message":"🚀 Multiplicador Spaceman 1: 11041644013 = 1.49x","timestamp":"2025-11-10 11:57:43"}
{"level":"info","message":"🚀 Multiplicador Spaceman 1: 11041644013 = 1.5x","timestamp":"2025-11-10 11:57:43"}
{"level":"info","message":"🚀 Multiplicador Spaceman 1: 11041644013 = 1.51x","timestamp":"2025-11-10 11:57:44"}
{"level":"info","message":"🚀 Multiplicador Spaceman 1: 11041644013 = 1.52x","timestamp":"2025-11-10 11:57:44"}
{"level":"info","message":"🚀 Multiplicador Spaceman 1: 11041644013 = 1.53x","timestamp":"2025-11-10 11:57:44"}
{"level":"info","message":"🚀 Multiplicador Spaceman 1: 11041644013 = 1.54x","timestamp":"2025-11-10 11:57:44"}
{"level":"info","message":"🚀 Multiplicador Spaceman 1: 11041644013 = 1.55x","timestamp":"2025-11-10 11:57:44"}
{"level":"info","message":"🚀 Multiplicador Spaceman 1: 11041644013 = 1.56x","timestamp":"2025-11-10 11:57:44"}
{"level":"info","message":"🚀 Multiplicador Spaceman 1: 11041644013 = 1.57x","timestamp":"2025-11-10 11:57:44"}
{"level":"info","message":"🚀 Multiplicador Spaceman 1: 11041644013 = 1.58x","timestamp":"2025-11-10 11:57:44"}
{"level":"info","message":"🚀 Multiplicador Spaceman 1: 11041644013 = 1.59x","timestamp":"2025-11-10 11:57:44"}
{"level":"info","message":"🚀 Multiplicador Spaceman 1: 11041644013 = 1.6x","timestamp":"2025-11-10 11:57:44"}
{"level":"info","message":"🚀 Multiplicador Spaceman 1: 11041644013 = 1.61x","timestamp":"2025-11-10 11:57:44"}
{"level":"info","message":"🚀 Multiplicador Spaceman 1: 11041644013 = 1.62x","timestamp":"2025-11-10 11:57:44"}
{"level":"info","message":"🚀 Multiplicador Spaceman 1: 11041644013 = 1.63x","timestamp":"2025-11-10 11:57:44"}
{"level":"info","message":"🚀 Multiplicador Spaceman 1: 11041644013 = 1.64x","timestamp":"2025-11-10 11:57:45"}
{"level":"info","message":"🚀 Multiplicador Spaceman 1: 11041644013 = 1.65x","timestamp":"2025-11-10 11:57:45"}
{"level":"info","message":"🚀 Multiplicador Spaceman 1: 11041644013 = 1.66x","timestamp":"2025-11-10 11:57:45"}
{"level":"info","message":"🚀 Multiplicador Spaceman 1: 11041644013 = 1.67x","timestamp":"2025-11-10 11:57:45"}
{"level":"info","message":"🚀 Multiplicador Spaceman 1: 11041644013 = 1.68x","timestamp":"2025-11-10 11:57:45"}
{"level":"info","message":"🚀 Multiplicador Spaceman 1: 11041644013 = 1.69x","timestamp":"2025-11-10 11:57:45"}
{"level":"info","message":"🚀 Multiplicador Spaceman 1: 11041644013 = 1.7x","timestamp":"2025-11-10 11:57:45"}
{"level":"info","message":"🚀 Multiplicador Spaceman 1: 11041644013 = 1.71x","timestamp":"2025-11-10 11:57:45"}
{"level":"info","message":"🚀 Multiplicador Spaceman 1: 11041644013 = 1.72x","timestamp":"2025-11-10 11:57:45"}
{"level":"info","message":"🚀 Multiplicador Spaceman 1: 11041644013 = 1.73x","timestamp":"2025-11-10 11:57:45"}
{"level":"info","message":"🚀 Multiplicador Spaceman 1: 11041644013 = 1.74x","timestamp":"2025-11-10 11:57:45"}
{"level":"info","message":"🚀 Multiplicador Spaceman 1: 11041644013 = 1.75x","timestamp":"2025-11-10 11:57:45"}
{"level":"info","message":"🚀 Multiplicador Spaceman 1: 11041644013 = 1.76x","timestamp":"2025-11-10 11:57:45"}
{"level":"info","message":"🚀 Multiplicador Spaceman 1: 11041644013 = 1.77x","timestamp":"2025-11-10 11:57:45"}
{"level":"info","message":"🚀 Multiplicador Spaceman 1: 11041644013 = 1.78x","timestamp":"2025-11-10 11:57:46"}
{"level":"info","message":"🚀 Multiplicador Spaceman 1: 11041644013 = 1.79x","timestamp":"2025-11-10 11:57:46"}
{"level":"info","message":"🚀 Multiplicador Spaceman 1: 11041644013 = 1.8x","timestamp":"2025-11-10 11:57:46"}
{"level":"info","message":"🚀 Multiplicador Spaceman 1: 11041644013 = 1.81x","timestamp":"2025-11-10 11:57:46"}
{"level":"info","message":"🚀 Multiplicador Spaceman 1: 11041644013 = 1.82x","timestamp":"2025-11-10 11:57:46"}
{"level":"info","message":"🚀 Multiplicador Spaceman 1: 11041644013 = 1.83x","timestamp":"2025-11-10 11:57:46"}
{"level":"info","message":"🚀 Multiplicador Spaceman 1: 11041644013 = 1.84x","timestamp":"2025-11-10 11:57:46"}
{"level":"info","message":"🚀 Multiplicador Spaceman 1: 11041644013 = 1.85x","timestamp":"2025-11-10 11:57:46"}
{"level":"info","message":"🚀 Multiplicador Spaceman 1: 11041644013 = 1.86x","timestamp":"2025-11-10 11:57:46"}
{"level":"info","message":"🚀 Multiplicador Spaceman 1: 11041644013 = 1.87x","timestamp":"2025-11-10 11:57:46"}
{"level":"info","message":"🚀 Multiplicador Spaceman 1: 11041644013 = 1.88x","timestamp":"2025-11-10 11:57:46"}
{"level":"info","message":"🚀 Multiplicador Spaceman 1: 11041644013 = 1.89x","timestamp":"2025-11-10 11:57:46"}
{"level":"info","message":"🚀 Multiplicador Spaceman 1: 11041644013 = 1.9x","timestamp":"2025-11-10 11:57:46"}
{"level":"info","message":"🚀 Multiplicador Spaceman 1: 11041644013 = 1.91x","timestamp":"2025-11-10 11:57:46"}
{"level":"info","message":"🚀 Multiplicador Spaceman 1: 11041644013 = 1.92x","timestamp":"2025-11-10 11:57:46"}
{"level":"info","message":"🚀 Multiplicador Spaceman 1: 11041644013 = 1.93x","timestamp":"2025-11-10 11:57:47"}
{"level":"info","message":"🚀 Multiplicador Spaceman 1: 11041644013 = 1.94x","timestamp":"2025-11-10 11:57:47"}
{"level":"info","message":"🚀 Multiplicador Spaceman 1: 11041644013 = 1.95x","timestamp":"2025-11-10 11:57:47"}
{"level":"info","message":"🚀 Multiplicador Spaceman 1: 11041644013 = 1.96x","timestamp":"2025-11-10 11:57:47"}
{"level":"info","message":"🚀 Multiplicador Spaceman 1: 11041644013 = 1.97x","timestamp":"2025-11-10 11:57:47"}
{"level":"info","message":"🚀 Multiplicador Spaceman 1: 11041644013 = 1.98x","timestamp":"2025-11-10 11:57:47"}
{"level":"info","message":"🚀 Multiplicador Spaceman 1: 11041644013 = 1.99x","timestamp":"2025-11-10 11:57:47"}
{"level":"info","message":"🚀 Multiplicador Spaceman 1: 11041644013 = 2x","timestamp":"2025-11-10 11:57:47"}
{"level":"info","message":"🚀 Multiplicador Spaceman 1: 11041644013 = 2.01x","timestamp":"2025-11-10 11:57:47"}
{"level":"info","message":"🚀 Multiplicador Spaceman 1: 11041644013 = 2.02x","timestamp":"2025-11-10 11:57:47"}
{"level":"info","message":"🚀 Multiplicador Spaceman 1: 11041644013 = 2.03x","timestamp":"2025-11-10 11:57:47"}
{"level":"info","message":"🚀 Multiplicador Spaceman 1: 11041644013 = 2.04x","timestamp":"2025-11-10 11:57:47"}
{"level":"info","message":"🚀 Multiplicador Spaceman 1: 11041644013 = 2.05x","timestamp":"2025-11-10 11:57:47"}
{"level":"info","message":"🚀 Multiplicador Spaceman 1: 11041644013 = 2.06x","timestamp":"2025-11-10 11:57:47"}
{"level":"info","message":"🚀 Multiplicador Spaceman 1: 11041644013 = 2.07x","timestamp":"2025-11-10 11:57:47"}
{"level":"info","message":"🚀 Multiplicador Spaceman 1: 11041644013 = 2.08x","timestamp":"2025-11-10 11:57:47"}
{"level":"info","message":"🚀 Multiplicador Spaceman 1: 11041644013 = 2.09x","timestamp":"2025-11-10 11:57:47"}
{"level":"info","message":"🚀 Multiplicador Spaceman 1: 11041644013 = 2.1x","timestamp":"2025-11-10 11:57:48"}
{"level":"info","message":"🚀 Multiplicador Spaceman 1: 11041644013 = 2.11x","timestamp":"2025-11-10 11:57:48"}
{"level":"info","message":"🚀 Multiplicador Spaceman 1: 11041644013 = 2.12x","timestamp":"2025-11-10 11:57:48"}
{"level":"info","message":"🚀 Multiplicador Spaceman 1: 11041644013 = 2.13x","timestamp":"2025-11-10 11:57:48"}
{"level":"info","message":"🚀 Multiplicador Spaceman 1: 11041644013 = 2.14x","timestamp":"2025-11-10 11:57:48"}
{"level":"info","message":"🚀 Multiplicador Spaceman 1: 11041644013 = 2.15x","timestamp":"2025-11-10 11:57:48"}
{"level":"info","message":"🚀 Multiplicador Spaceman 1: 11041644013 = 2.16x","timestamp":"2025-11-10 11:57:48"}
{"level":"info","message":"🚀 Multiplicador Spaceman 1: 11041644013 = 2.17x","timestamp":"2025-11-10 11:57:48"}
{"level":"info","message":"🚀 Multiplicador Spaceman 1: 11041644013 = 2.18x","timestamp":"2025-11-10 11:57:48"}
{"level":"info","message":"🚀 Multiplicador Spaceman 1: 11041644013 = 2.19x","timestamp":"2025-11-10 11:57:48"}
{"level":"info","message":"🚀 Multiplicador Spaceman 1: 11041644013 = 2.2x","timestamp":"2025-11-10 11:57:48"}
{"level":"info","message":"🚀 Multiplicador Spaceman 1: 11041644013 = 2.21x","timestamp":"2025-11-10 11:57:48"}
{"level":"info","message":"🚀 Multiplicador Spaceman 1: 11041644013 = 2.22x","timestamp":"2025-11-10 11:57:48"}
{"level":"info","message":"🚀 Multiplicador Spaceman 1: 11041644013 = 2.23x","timestamp":"2025-11-10 11:57:48"}
{"level":"info","message":"🚀 Multiplicador Spaceman 1: 11041644013 = 2.24x","timestamp":"2025-11-10 11:57:48"}
{"level":"info","message":"🚀 Multiplicador Spaceman 1: 11041644013 = 2.25x","timestamp":"2025-11-10 11:57:48"}
{"level":"info","message":"🚀 Multiplicador Spaceman 1: 11041644013 = 2.26x","timestamp":"2025-11-10 11:57:48"}
{"level":"info","message":"🚀 Multiplicador Spaceman 1: 11041644013 = 2.27x","timestamp":"2025-11-10 11:57:49"}
{"level":"info","message":"🚀 Multiplicador Spaceman 1: 11041644013 = 2.28x","timestamp":"2025-11-10 11:57:49"}
{"level":"info","message":"🚀 Multiplicador Spaceman 1: 11041644013 = 2.29x","timestamp":"2025-11-10 11:57:49"}
{"level":"info","message":"🚀 Multiplicador Spaceman 1: 11041644013 = 2.3x","timestamp":"2025-11-10 11:57:49"}
{"level":"info","message":"🚀 Multiplicador Spaceman 1: 11041644013 = 2.31x","timestamp":"2025-11-10 11:57:49"}
{"level":"info","message":"🚀 Multiplicador Spaceman 1: 11041644013 = 2.32x","timestamp":"2025-11-10 11:57:49"}
{"level":"info","message":"🚀 Multiplicador Spaceman 1: 11041644013 = 2.33x","timestamp":"2025-11-10 11:57:49"}
{"level":"info","message":"🚀 Multiplicador Spaceman 1: 11041644013 = 2.34x","timestamp":"2025-11-10 11:57:49"}
{"level":"info","message":"🚀 Multiplicador Spaceman 1: 11041644013 = 2.35x","timestamp":"2025-11-10 11:57:49"}
{"level":"info","message":"🚀 Multiplicador Spaceman 1: 11041644013 = 2.36x","timestamp":"2025-11-10 11:57:49"}
{"level":"info","message":"🚀 Multiplicador Spaceman 1: 11041644013 = 2.37x","timestamp":"2025-11-10 11:57:49"}
{"level":"info","message":"🚀 Multiplicador Spaceman 1: 11041644013 = 2.38x","timestamp":"2025-11-10 11:57:49"}
{"level":"info","message":"🚀 Multiplicador Spaceman 1: 11041644013 = 2.39x","timestamp":"2025-11-10 11:57:49"}
{"level":"info","message":"🚀 Multiplicador Spaceman 1: 11041644013 = 2.4x","timestamp":"2025-11-10 11:57:49"}
{"level":"info","message":"🚀 Multiplicador Spaceman 1: 11041644013 = 2.41x","timestamp":"2025-11-10 11:57:49"}
{"level":"info","message":"🚀 Multiplicador Spaceman 1: 11041644013 = 2.42x","timestamp":"2025-11-10 11:57:49"}
{"level":"info","message":"🚀 Multiplicador Spaceman 1: 11041644013 = 2.43x","timestamp":"2025-11-10 11:57:49"}
{"level":"info","message":"🚀 Multiplicador Spaceman 1: 11041644013 = 2.44x","timestamp":"2025-11-10 11:57:49"}
{"level":"info","message":"🚀 Multiplicador Spaceman 1: 11041644013 = 2.45x","timestamp":"2025-11-10 11:57:49"}
{"level":"info","message":"🚀 Multiplicador Spaceman 1: 11041644013 = 2.46x","timestamp":"2025-11-10 11:57:49"}
{"level":"info","message":"🚀 Multiplicador Spaceman 1: 11041644013 = 2.47x","timestamp":"2025-11-10 11:57:50"}
{"level":"info","message":"🚀 Multiplicador Spaceman 1: 11041644013 = 2.48x","timestamp":"2025-11-10 11:57:50"}
{"level":"info","message":"🚀 Multiplicador Spaceman 1: 11041644013 = 2.49x","timestamp":"2025-11-10 11:57:50"}
{"level":"info","message":"🚀 Multiplicador Spaceman 1: 11041644013 = 2.5x","timestamp":"2025-11-10 11:57:50"}
{"level":"info","message":"🚀 Multiplicador Spaceman 1: 11041644013 = 2.51x","timestamp":"2025-11-10 11:57:50"}
{"level":"info","message":"🚀 Multiplicador Spaceman 1: 11041644013 = 2.52x","timestamp":"2025-11-10 11:57:50"}
{"level":"info","message":"🚀 Multiplicador Spaceman 1: 11041644013 = 2.53x","timestamp":"2025-11-10 11:57:50"}
{"level":"info","message":"🚀 Multiplicador Spaceman 1: 11041644013 = 2.55x","timestamp":"2025-11-10 11:57:50"}
{"level":"info","message":"🚀 Multiplicador Spaceman 1: 11041644013 = 2.56x","timestamp":"2025-11-10 11:57:50"}
{"level":"info","message":"🚀 Multiplicador Spaceman 1: 11041644013 = 2.57x","timestamp":"2025-11-10 11:57:50"}
{"level":"info","message":"🚀 Multiplicador Spaceman 1: 11041644013 = 2.58x","timestamp":"2025-11-10 11:57:50"}
{"level":"info","message":"🚀 Multiplicador Spaceman 1: 11041644013 = 2.59x","timestamp":"2025-11-10 11:57:50"}
{"level":"info","message":"🚀 Multiplicador Spaceman 1: 11041644013 = 2.6x","timestamp":"2025-11-10 11:57:50"}
{"level":"info","message":"🚀 Multiplicador Spaceman 1: 11041644013 = 2.61x","timestamp":"2025-11-10 11:57:50"}
{"level":"info","message":"🚀 Multiplicador Spaceman 1: 11041644013 = 2.62x","timestamp":"2025-11-10 11:57:50"}
{"level":"info","message":"🚀 Multiplicador Spaceman 1: 11041644113 = 1.01x","timestamp":"2025-11-10 11:58:00"}
{"level":"info","message":"🚀 Multiplicador Spaceman 1: 11041644113 = 1.02x","timestamp":"2025-11-10 11:58:01"}
{"level":"info","message":"🚀 Multiplicador Spaceman 1: 11041644113 = 1.03x","timestamp":"2025-11-10 11:58:01"}
{"level":"info","message":"🚀 Multiplicador Spaceman 1: 11041644113 = 1.04x","timestamp":"2025-11-10 11:58:01"}
{"level":"info","message":"🚀 Multiplicador Spaceman 1: 11041644113 = 1.05x","timestamp":"2025-11-10 11:58:01"}
{"level":"info","message":"🚀 Multiplicador Spaceman 1: 11041644113 = 1.06x","timestamp":"2025-11-10 11:58:01"}
{"level":"info","message":"🚀 Multiplicador Spaceman 1: 11041644113 = 1.07x","timestamp":"2025-11-10 11:58:01"}
{"level":"info","message":"🚀 Multiplicador Spaceman 1: 11041644113 = 1.08x","timestamp":"2025-11-10 11:58:01"}
{"level":"info","message":"🚀 Multiplicador Spaceman 1: 11041644113 = 1.1x","timestamp":"2025-11-10 11:58:01"}
{"level":"info","message":"🚀 Multiplicador Spaceman 1: 11041644113 = 1.11x","timestamp":"2025-11-10 11:58:02"}
{"level":"info","message":"🚀 Multiplicador Spaceman 1: 11041644113 = 1.12x","timestamp":"2025-11-10 11:58:02"}
{"level":"info","message":"🚀 Multiplicador Spaceman 1: 11041644113 = 1.13x","timestamp":"2025-11-10 11:58:02"}
{"level":"info","message":"🚀 Multiplicador Spaceman 1: 11041644113 = 1.14x","timestamp":"2025-11-10 11:58:02"}
{"level":"info","message":"🚀 Multiplicador Spaceman 1: 11041644113 = 1.15x","timestamp":"2025-11-10 11:58:02"}
{"level":"info","message":"🚀 Multiplicador Spaceman 1: 11041644113 = 1.16x","timestamp":"2025-11-10 11:58:02"}
{"level":"info","message":"🚀 Multiplicador Spaceman 1: 11041644113 = 1.17x","timestamp":"2025-11-10 11:58:02"}
{"level":"info","message":"🚀 Multiplicador Spaceman 1: 11041644113 = 1.18x","timestamp":"2025-11-10 11:58:02"}
{"level":"info","message":"🚀 Multiplicador Spaceman 1: 11041644113 = 1.19x","timestamp":"2025-11-10 11:58:02"}
{"level":"info","message":"🚀 Multiplicador Spaceman 1: 11041644113 = 1.2x","timestamp":"2025-11-10 11:58:02"}
{"level":"info","message":"🚀 Multiplicador Spaceman 1: 11041644113 = 1.21x","timestamp":"2025-11-10 11:58:03"}
{"level":"info","message":"🚀 Multiplicador Spaceman 1: 11041644113 = 1.22x","timestamp":"2025-11-10 11:58:03"}
{"level":"info","message":"🚀 Multiplicador Spaceman 1: 11041644113 = 1.23x","timestamp":"2025-11-10 11:58:03"}
{"level":"info","message":"🚀 Multiplicador Spaceman 1: 11041644113 = 1.24x","timestamp":"2025-11-10 11:58:03"}
{"level":"info","message":"🚀 Multiplicador Spaceman 1: 11041644113 = 1.25x","timestamp":"2025-11-10 11:58:03"}
{"level":"info","message":"🚀 Multiplicador Spaceman 1: 11041644113 = 1.26x","timestamp":"2025-11-10 11:58:03"}
{"level":"info","message":"🚀 Multiplicador Spaceman 1: 11041644113 = 1.27x","timestamp":"2025-11-10 11:58:03"}
{"level":"info","message":"🚀 Multiplicador Spaceman 1: 11041644113 = 1.28x","timestamp":"2025-11-10 11:58:03"}
{"level":"info","message":"🚀 Multiplicador Spaceman 1: 11041644113 = 1.29x","timestamp":"2025-11-10 11:58:03"}
{"level":"info","message":"🚀 Multiplicador Spaceman 1: 11041644113 = 1.3x","timestamp":"2025-11-10 11:58:03"}
{"level":"info","message":"🚀 Multiplicador Spaceman 1: 11041644113 = 1.31x","timestamp":"2025-11-10 11:58:04"}
{"level":"info","message":"🚀 Multiplicador Spaceman 1: 11041644113 = 1.32x","timestamp":"2025-11-10 11:58:04"}
{"level":"info","message":"🚀 Multiplicador Spaceman 1: 11041644113 = 1.33x","timestamp":"2025-11-10 11:58:04"}
{"level":"info","message":"🚀 Multiplicador Spaceman 1: 11041644113 = 1.34x","timestamp":"2025-11-10 11:58:04"}
{"level":"info","message":"🚀 Multiplicador Spaceman 1: 11041644113 = 1.35x","timestamp":"2025-11-10 11:58:04"}
{"level":"info","message":"🚀 Multiplicador Spaceman 1: 11041644113 = 1.36x","timestamp":"2025-11-10 11:58:04"}
{"level":"info","message":"🚀 Multiplicador Spaceman 1: 11041644113 = 1.37x","timestamp":"2025-11-10 11:58:04"}
{"level":"info","message":"🚀 Multiplicador Spaceman 1: 11041644113 = 1.38x","timestamp":"2025-11-10 11:58:04"}
{"level":"info","message":"🚀 Multiplicador Spaceman 1: 11041644113 = 1.39x","timestamp":"2025-11-10 11:58:04"}
{"level":"info","message":"🚀 Multiplicador Spaceman 1: 11041644113 = 1.4x","timestamp":"2025-11-10 11:58:04"}
{"level":"info","message":"🚀 Multiplicador Spaceman 1: 11041644113 = 1.41x","timestamp":"2025-11-10 11:58:04"}
{"level":"info","message":"🚀 Multiplicador Spaceman 1: 11041644113 = 1.42x","timestamp":"2025-11-10 11:58:04"}
{"level":"info","message":"🚀 Multiplicador Spaceman 1: 11041644113 = 1.43x","timestamp":"2025-11-10 11:58:05"}
{"level":"info","message":"🚀 Multiplicador Spaceman 1: 11041644113 = 1.44x","timestamp":"2025-11-10 11:58:05"}
{"level":"info","message":"🚀 Multiplicador Spaceman 1: 11041644113 = 1.45x","timestamp":"2025-11-10 11:58:05"}
{"level":"info","message":"🚀 Multiplicador Spaceman 1: 11041644113 = 1.46x","timestamp":"2025-11-10 11:58:05"}
{"level":"info","message":"🚀 Multiplicador Spaceman 1: 11041644113 = 1.47x","timestamp":"2025-11-10 11:58:05"}
{"level":"info","message":"🚀 Multiplicador Spaceman 1: 11041644113 = 1.48x","timestamp":"2025-11-10 11:58:05"}
{"level":"info","message":"🚀 Multiplicador Spaceman 1: 11041644113 = 1.49x","timestamp":"2025-11-10 11:58:05"}
{"level":"info","message":"🚀 Multiplicador Spaceman 1: 11041644113 = 1.5x","timestamp":"2025-11-10 11:58:05"}
{"level":"info","message":"🚀 Multiplicador Spaceman 1: 11041644113 = 1.51x","timestamp":"2025-11-10 11:58:05"}
{"level":"info","message":"🚀 Multiplicador Spaceman 1: 11041644113 = 1.52x","timestamp":"2025-11-10 11:58:05"}
{"level":"info","message":"🚀 Multiplicador Spaceman 1: 11041644113 = 1.53x","timestamp":"2025-11-10 11:58:05"}
{"level":"info","message":"🚀 Multiplicador Spaceman 1: 11041644113 = 1.54x","timestamp":"2025-11-10 11:58:06"}
{"level":"info","message":"🚀 Multiplicador Spaceman 1: 11041644113 = 1.55x","timestamp":"2025-11-10 11:58:06"}
{"level":"info","message":"🚀 Multiplicador Spaceman 1: 11041644113 = 1.56x","timestamp":"2025-11-10 11:58:06"}
{"level":"info","message":"🚀 Multiplicador Spaceman 1: 11041644113 = 1.57x","timestamp":"2025-11-10 11:58:06"}
{"level":"info","message":"🚀 Multiplicador Spaceman 1: 11041644113 = 1.58x","timestamp":"2025-11-10 11:58:06"}
{"level":"info","message":"🚀 Multiplicador Spaceman 1: 11041644113 = 1.59x","timestamp":"2025-11-10 11:58:06"}
{"level":"info","message":"🚀 Multiplicador Spaceman 1: 11041644113 = 1.6x","timestamp":"2025-11-10 11:58:06"}
{"level":"info","message":"🚀 Multiplicador Spaceman 1: 11041644113 = 1.61x","timestamp":"2025-11-10 11:58:06"}
{"level":"info","message":"🚀 Multiplicador Spaceman 1: 11041644113 = 1.62x","timestamp":"2025-11-10 11:58:06"}
{"level":"info","message":"🚀 Multiplicador Spaceman 1: 11041644113 = 1.63x","timestamp":"2025-11-10 11:58:06"}
{"level":"info","message":"🚀 Multiplicador Spaceman 1: 11041644113 = 1.64x","timestamp":"2025-11-10 11:58:06"}
{"level":"info","message":"🚀 Multiplicador Spaceman 1: 11041644113 = 1.65x","timestamp":"2025-11-10 11:58:06"}
{"level":"info","message":"🚀 Multiplicador Spaceman 1: 11041644113 = 1.66x","timestamp":"2025-11-10 11:58:06"}
{"level":"info","message":"🚀 Multiplicador Spaceman 1: 11041644113 = 1.67x","timestamp":"2025-11-10 11:58:06"}
{"level":"info","message":"🚀 Multiplicador Spaceman 1: 11041644113 = 1.68x","timestamp":"2025-11-10 11:58:07"}
{"level":"info","message":"🚀 Multiplicador Spaceman 1: 11041644113 = 1.69x","timestamp":"2025-11-10 11:58:07"}
{"level":"info","message":"🚀 Multiplicador Spaceman 1: 11041644113 = 1.7x","timestamp":"2025-11-10 11:58:07"}
{"level":"info","message":"🚀 Multiplicador Spaceman 1: 11041644113 = 1.71x","timestamp":"2025-11-10 11:58:07"}
{"level":"info","message":"🚀 Multiplicador Spaceman 1: 11041644113 = 1.72x","timestamp":"2025-11-10 11:58:07"}
{"level":"info","message":"🚀 Multiplicador Spaceman 1: 11041644113 = 1.73x","timestamp":"2025-11-10 11:58:07"}
{"level":"info","message":"🚀 Multiplicador Spaceman 1: 11041644113 = 1.74x","timestamp":"2025-11-10 11:58:07"}
{"level":"info","message":"🚀 Multiplicador Spaceman 1: 11041644113 = 1.75x","timestamp":"2025-11-10 11:58:07"}
{"level":"info","message":"🚀 Multiplicador Spaceman 1: 11041644113 = 1.76x","timestamp":"2025-11-10 11:58:07"}
{"level":"info","message":"🚀 Multiplicador Spaceman 1: 11041644113 = 1.77x","timestamp":"2025-11-10 11:58:07"}
{"level":"info","message":"🚀 Multiplicador Spaceman 1: 11041644113 = 1.78x","timestamp":"2025-11-10 11:58:07"}
{"level":"info","message":"🚀 Multiplicador Spaceman 1: 11041644113 = 1.79x","timestamp":"2025-11-10 11:58:07"}
{"level":"info","message":"🚀 Multiplicador Spaceman 1: 11041644113 = 1.8x","timestamp":"2025-11-10 11:58:07"}
{"level":"info","message":"🚀 Multiplicador Spaceman 1: 11041644113 = 1.81x","timestamp":"2025-11-10 11:58:07"}
{"level":"info","message":"🚀 Multiplicador Spaceman 1: 11041644113 = 1.82x","timestamp":"2025-11-10 11:58:07"}
{"level":"info","message":"🚀 Multiplicador Spaceman 1: 11041644113 = 1.83x","timestamp":"2025-11-10 11:58:08"}
{"level":"info","message":"🚀 Multiplicador Spaceman 1: 11041644113 = 1.84x","timestamp":"2025-11-10 11:58:08"}
{"level":"info","message":"🚀 Multiplicador Spaceman 1: 11041644113 = 1.85x","timestamp":"2025-11-10 11:58:08"}
{"level":"info","message":"🚀 Multiplicador Spaceman 1: 11041644113 = 1.86x","timestamp":"2025-11-10 11:58:08"}
{"level":"info","message":"🚀 Multiplicador Spaceman 1: 11041644113 = 1.87x","timestamp":"2025-11-10 11:58:08"}
{"level":"info","message":"🚀 Multiplicador Spaceman 1: 11041644113 = 1.88x","timestamp":"2025-11-10 11:58:08"}
{"level":"info","message":"🚀 Multiplicador Spaceman 1: 11041644113 = 1.89x","timestamp":"2025-11-10 11:58:08"}
{"level":"info","message":"🚀 Multiplicador Spaceman 1: 11041644113 = 1.9x","timestamp":"2025-11-10 11:58:08"}
{"level":"info","message":"🚀 Multiplicador Spaceman 1: 11041644113 = 1.91x","timestamp":"2025-11-10 11:58:08"}
{"level":"info","message":"🚀 Multiplicador Spaceman 1: 11041644113 = 1.92x","timestamp":"2025-11-10 11:58:08"}
{"level":"info","message":"🚀 Multiplicador Spaceman 1: 11041644113 = 1.93x","timestamp":"2025-11-10 11:58:08"}
{"level":"info","message":"🚀 Multiplicador Spaceman 1: 11041644113 = 1.94x","timestamp":"2025-11-10 11:58:08"}
{"level":"info","message":"🚀 Multiplicador Spaceman 1: 11041644113 = 1.95x","timestamp":"2025-11-10 11:58:08"}
{"level":"info","message":"🚀 Multiplicador Spaceman 1: 11041644113 = 1.96x","timestamp":"2025-11-10 11:58:08"}
{"level":"info","message":"🚀 Multiplicador Spaceman 1: 11041644113 = 1.97x","timestamp":"2025-11-10 11:58:08"}
{"level":"info","message":"🚀 Multiplicador Spaceman 1: 11041644113 = 1.98x","timestamp":"2025-11-10 11:58:08"}
{"level":"info","message":"🚀 Multiplicador Spaceman 1: 11041644113 = 1.99x","timestamp":"2025-11-10 11:58:09"}
{"level":"info","message":"🚀 Multiplicador Spaceman 1: 11041644113 = 2x","timestamp":"2025-11-10 11:58:09"}
{"level":"info","message":"🚀 Multiplicador Spaceman 1: 11041644113 = 2.01x","timestamp":"2025-11-10 11:58:09"}
{"level":"info","message":"🚀 Multiplicador Spaceman 1: 11041644113 = 2.02x","timestamp":"2025-11-10 11:58:09"}
{"level":"info","message":"🚀 Multiplicador Spaceman 1: 11041644113 = 2.03x","timestamp":"2025-11-10 11:58:09"}
{"level":"info","message":"🚀 Multiplicador Spaceman 1: 11041644113 = 2.04x","timestamp":"2025-11-10 11:58:09"}
{"level":"info","message":"🚀 Multiplicador Spaceman 1: 11041644113 = 2.05x","timestamp":"2025-11-10 11:58:09"}
{"level":"info","message":"🚀 Multiplicador Spaceman 1: 11041644113 = 2.06x","timestamp":"2025-11-10 11:58:09"}
{"level":"info","message":"🚀 Multiplicador Spaceman 1: 11041644113 = 2.07x","timestamp":"2025-11-10 11:58:09"}
{"level":"info","message":"🚀 Multiplicador Spaceman 1: 11041644113 = 2.08x","timestamp":"2025-11-10 11:58:09"}
{"level":"info","message":"🚀 Multiplicador Spaceman 1: 11041644113 = 2.09x","timestamp":"2025-11-10 11:58:09"}
{"level":"info","message":"🚀 Multiplicador Spaceman 1: 11041644113 = 2.1x","timestamp":"2025-11-10 11:58:09"}
{"level":"info","message":"🚀 Multiplicador Spaceman 1: 11041644113 = 2.11x","timestamp":"2025-11-10 11:58:09"}
{"level":"info","message":"🚀 Multiplicador Spaceman 1: 11041644113 = 2.12x","timestamp":"2025-11-10 11:58:09"}
{"level":"info","message":"🚀 Multiplicador Spaceman 1: 11041644113 = 2.13x","timestamp":"2025-11-10 11:58:09"}
{"level":"info","message":"🚀 Multiplicador Spaceman 1: 11041644113 = 2.14x","timestamp":"2025-11-10 11:58:09"}
{"level":"info","message":"🚀 Multiplicador Spaceman 1: 11041644113 = 2.15x","timestamp":"2025-11-10 11:58:10"}
{"level":"info","message":"🚀 Multiplicador Spaceman 1: 11041644113 = 2.16x","timestamp":"2025-11-10 11:58:10"}
{"level":"info","message":"🚀 Multiplicador Spaceman 1: 11041644113 = 2.17x","timestamp":"2025-11-10 11:58:10"}
{"level":"info","message":"🚀 Multiplicador Spaceman 1: 11041644113 = 2.18x","timestamp":"2025-11-10 11:58:10"}
{"level":"info","message":"🚀 Multiplicador Spaceman 1: 11041644113 = 2.19x","timestamp":"2025-11-10 11:58:10"}
{"level":"info","message":"🚀 Multiplicador Spaceman 1: 11041644113 = 2.2x","timestamp":"2025-11-10 11:58:10"}
{"level":"info","message":"🚀 Multiplicador Spaceman 1: 11041644113 = 2.21x","timestamp":"2025-11-10 11:58:10"}
{"level":"info","message":"🚀 Multiplicador Spaceman 1: 11041644113 = 2.22x","timestamp":"2025-11-10 11:58:10"}
{"level":"info","message":"🚀 Multiplicador Spaceman 1: 11041644113 = 2.23x","timestamp":"2025-11-10 11:58:10"}
{"level":"info","message":"🚀 Multiplicador Spaceman 1: 11041644113 = 2.24x","timestamp":"2025-11-10 11:58:10"}
{"level":"info","message":"🚀 Multiplicador Spaceman 1: 11041644113 = 2.25x","timestamp":"2025-11-10 11:58:10"}
{"level":"info","message":"🚀 Multiplicador Spaceman 1: 11041644113 = 2.26x","timestamp":"2025-11-10 11:58:10"}
{"level":"info","message":"🚀 Multiplicador Spaceman 1: 11041644113 = 2.27x","timestamp":"2025-11-10 11:58:10"}
{"level":"info","message":"🚀 Multiplicador Spaceman 1: 11041644113 = 2.28x","timestamp":"2025-11-10 11:58:10"}
{"level":"info","message":"🚀 Multiplicador Spaceman 1: 11041644113 = 2.3x","timestamp":"2025-11-10 11:58:10"}
{"level":"info","message":"🚀 Multiplicador Spaceman 1: 11041644113 = 2.31x","timestamp":"2025-11-10 11:58:10"}
{"level":"info","message":"🚀 Multiplicador Spaceman 1: 11041644113 = 2.32x","timestamp":"2025-11-10 11:58:10"}
{"level":"info","message":"🚀 Multiplicador Spaceman 1: 11041644113 = 2.33x","timestamp":"2025-11-10 11:58:10"}
{"level":"info","message":"🚀 Multiplicador Spaceman 1: 11041644113 = 2.34x","timestamp":"2025-11-10 11:58:11"}
{"level":"info","message":"🚀 Multiplicador Spaceman 1: 11041644113 = 2.35x","timestamp":"2025-11-10 11:58:11"}
{"level":"info","message":"🚀 Multiplicador Spaceman 1: 11041644113 = 2.36x","timestamp":"2025-11-10 11:58:11"}
{"level":"info","message":"🚀 Multiplicador Spaceman 1: 11041644113 = 2.37x","timestamp":"2025-11-10 11:58:11"}
{"level":"info","message":"🚀 Multiplicador Spaceman 1: 11041644113 = 2.38x","timestamp":"2025-11-10 11:58:11"}
{"level":"info","message":"🚀 Multiplicador Spaceman 1: 11041644113 = 2.39x","timestamp":"2025-11-10 11:58:11"}
{"level":"info","message":"🚀 Multiplicador Spaceman 1: 11041644113 = 2.4x","timestamp":"2025-11-10 11:58:11"}
{"level":"info","message":"🚀 Multiplicador Spaceman 1: 11041644113 = 2.41x","timestamp":"2025-11-10 11:58:11"}
{"level":"info","message":"🚀 Multiplicador Spaceman 1: 11041644113 = 2.42x","timestamp":"2025-11-10 11:58:11"}
{"level":"info","message":"🚀 Multiplicador Spaceman 1: 11041644113 = 2.43x","timestamp":"2025-11-10 11:58:11"}
{"level":"info","message":"🚀 Multiplicador Spaceman 1: 11041644113 = 2.44x","timestamp":"2025-11-10 11:58:11"}
{"level":"info","message":"🚀 Multiplicador Spaceman 1: 11041644113 = 2.45x","timestamp":"2025-11-10 11:58:11"}
{"level":"info","message":"🚀 Multiplicador Spaceman 1: 11041644113 = 2.46x","timestamp":"2025-11-10 11:58:11"}
{"level":"info","message":"🚀 Multiplicador Spaceman 1: 11041644113 = 2.47x","timestamp":"2025-11-10 11:58:11"}
{"level":"info","message":"🚀 Multiplicador Spaceman 1: 11041644113 = 2.49x","timestamp":"2025-11-10 11:58:11"}
{"level":"info","message":"🚀 Multiplicador Spaceman 1: 11041644113 = 2.5x","timestamp":"2025-11-10 11:58:11"}
{"level":"info","message":"🚀 Multiplicador Spaceman 1: 11041644113 = 2.51x","timestamp":"2025-11-10 11:58:11"}
{"level":"info","message":"🚀 Multiplicador Spaceman 1: 11041644113 = 2.52x","timestamp":"2025-11-10 11:58:11"}
{"level":"info","message":"🚀 Multiplicador Spaceman 1: 11041644113 = 2.53x","timestamp":"2025-11-10 11:58:11"}
{"level":"info","message":"🚀 Multiplicador Spaceman 1: 11041644113 = 2.54x","timestamp":"2025-11-10 11:58:11"}
{"level":"info","message":"🚀 Multiplicador Spaceman 1: 11041644113 = 2.55x","timestamp":"2025-11-10 11:58:12"}
{"level":"info","message":"🚀 Multiplicador Spaceman 1: 11041644113 = 2.56x","timestamp":"2025-11-10 11:58:12"}
{"level":"info","message":"🚀 Multiplicador Spaceman 1: 11041644113 = 2.57x","timestamp":"2025-11-10 11:58:12"}
{"level":"info","message":"🚀 Multiplicador Spaceman 1: 11041644113 = 2.58x","timestamp":"2025-11-10 11:58:12"}
{"level":"info","message":"🚀 Multiplicador Spaceman 1: 11041644113 = 2.59x","timestamp":"2025-11-10 11:58:12"}
{"level":"info","message":"🚀 Multiplicador Spaceman 1: 11041644113 = 2.6x","timestamp":"2025-11-10 11:58:12"}
{"level":"info","message":"🚀 Multiplicador Spaceman 1: 11041644113 = 2.61x","timestamp":"2025-11-10 11:58:12"}
{"level":"info","message":"🚀 Multiplicador Spaceman 1: 11041644113 = 2.62x","timestamp":"2025-11-10 11:58:12"}
{"level":"info","message":"🚀 Multiplicador Spaceman 1: 11041644113 = 2.64x","timestamp":"2025-11-10 11:58:12"}
{"level":"info","message":"🚀 Multiplicador Spaceman 1: 11041644113 = 2.65x","timestamp":"2025-11-10 11:58:12"}
{"level":"info","message":"🚀 Multiplicador Spaceman 1: 11041644113 = 2.66x","timestamp":"2025-11-10 11:58:12"}
{"level":"info","message":"🚀 Multiplicador Spaceman 1: 11041644113 = 2.67x","timestamp":"2025-11-10 11:58:12"}
{"level":"info","message":"🚀 Multiplicador Spaceman 1: 11041644113 = 2.68x","timestamp":"2025-11-10 11:58:12"}
{"level":"info","message":"🚀 Multiplicador Spaceman 1: 11041644113 = 2.69x","timestamp":"2025-11-10 11:58:12"}
{"level":"info","message":"🚀 Multiplicador Spaceman 1: 11041644113 = 2.7x","timestamp":"2025-11-10 11:58:12"}
{"level":"info","message":"🚀 Multiplicador Spaceman 1: 11041644113 = 2.71x","timestamp":"2025-11-10 11:58:12"}
{"level":"info","message":"🚀 Multiplicador Spaceman 1: 11041644113 = 2.72x","timestamp":"2025-11-10 11:58:12"}
{"level":"info","message":"🚀 Multiplicador Spaceman 1: 11041644113 = 2.74x","timestamp":"2025-11-10 11:58:12"}
{"level":"info","message":"🚀 Multiplicador Spaceman 1: 11041644113 = 2.75x","timestamp":"2025-11-10 11:58:12"}
{"level":"info","message":"🚀 Multiplicador Spaceman 1: 11041644113 = 2.76x","timestamp":"2025-11-10 11:58:13"}
{"level":"info","message":"🚀 Multiplicador Spaceman 1: 11041644113 = 2.77x","timestamp":"2025-11-10 11:58:13"}
{"level":"info","message":"🚀 Multiplicador Spaceman 1: 11041644113 = 2.79x","timestamp":"2025-11-10 11:58:13"}
{"level":"info","message":"🚀 Multiplicador Spaceman 1: 11041644113 = 2.8x","timestamp":"2025-11-10 11:58:13"}
{"level":"info","message":"🚀 Multiplicador Spaceman 1: 11041644113 = 2.81x","timestamp":"2025-11-10 11:58:13"}
{"level":"info","message":"🚀 Multiplicador Spaceman 1: 11041644113 = 2.82x","timestamp":"2025-11-10 11:58:13"}
{"level":"info","message":"🚀 Multiplicador Spaceman 1: 11041644113 = 2.83x","timestamp":"2025-11-10 11:58:13"}
{"level":"info","message":"🚀 Multiplicador Spaceman 1: 11041644113 = 2.84x","timestamp":"2025-11-10 11:58:13"}
{"level":"info","message":"🚀 Multiplicador Spaceman 1: 11041644113 = 2.86x","timestamp":"2025-11-10 11:58:13"}
{"level":"info","message":"🚀 Multiplicador Spaceman 1: 11041644113 = 2.87x","timestamp":"2025-11-10 11:58:13"}
{"level":"info","message":"🚀 Multiplicador Spaceman 1: 11041644113 = 2.88x","timestamp":"2025-11-10 11:58:13"}
{"level":"info","message":"🚀 Multiplicador Spaceman 1: 11041644113 = 2.9x","timestamp":"2025-11-10 11:58:13"}
{"level":"info","message":"🚀 Multiplicador Spaceman 1: 11041644113 = 2.91x","timestamp":"2025-11-10 11:58:13"}
{"level":"info","message":"🚀 Multiplicador Spaceman 1: 11041644113 = 2.92x","timestamp":"2025-11-10 11:58:13"}
{"level":"info","message":"🚀 Multiplicador Spaceman 1: 11041644113 = 2.93x","timestamp":"2025-11-10 11:58:13"}
{"level":"info","message":"🚀 Multiplicador Spaceman 1: 11041644113 = 2.95x","timestamp":"2025-11-10 11:58:13"}
{"level":"info","message":"🚀 Multiplicador Spaceman 1: 11041644113 = 2.96x","timestamp":"2025-11-10 11:58:13"}
{"level":"info","message":"🚀 Multiplicador Spaceman 1: 11041644113 = 2.97x","timestamp":"2025-11-10 11:58:13"}
{"level":"info","message":"🚀 Multiplicador Spaceman 1: 11041644113 = 2.98x","timestamp":"2025-11-10 11:58:13"}
{"level":"info","message":"🚀 Multiplicador Spaceman 1: 11041644113 = 3x","timestamp":"2025-11-10 11:58:13"}
{"level":"info","message":"🚀 Multiplicador Spaceman 1: 11041644113 = 3.01x","timestamp":"2025-11-10 11:58:14"}
{"level":"info","message":"🚀 Multiplicador Spaceman 1: 11041644113 = 3.02x","timestamp":"2025-11-10 11:58:14"}
{"level":"info","message":"🚀 Multiplicador Spaceman 1: 11041644113 = 3.04x","timestamp":"2025-11-10 11:58:14"}
{"level":"info","message":"🚀 Multiplicador Spaceman 1: 11041644113 = 3.05x","timestamp":"2025-11-10 11:58:14"}
{"level":"info","message":"🚀 Multiplicador Spaceman 1: 11041644113 = 3.06x","timestamp":"2025-11-10 11:58:14"}
{"level":"info","message":"🚀 Multiplicador Spaceman 1: 11041644113 = 3.07x","timestamp":"2025-11-10 11:58:14"}
{"level":"info","message":"🚀 Multiplicador Spaceman 1: 11041644113 = 3.09x","timestamp":"2025-11-10 11:58:14"}
{"level":"info","message":"🚀 Multiplicador Spaceman 1: 11041644113 = 3.1x","timestamp":"2025-11-10 11:58:14"}
{"level":"info","message":"🚀 Multiplicador Spaceman 1: 11041644113 = 3.11x","timestamp":"2025-11-10 11:58:14"}
{"level":"info","message":"🚀 Multiplicador Spaceman 1: 11041644113 = 3.13x","timestamp":"2025-11-10 11:58:14"}
{"level":"info","message":"🚀 Multiplicador Spaceman 1: 11041644113 = 3.14x","timestamp":"2025-11-10 11:58:14"}
{"level":"info","message":"🚀 Multiplicador Spaceman 1: 11041644113 = 3.15x","timestamp":"2025-11-10 11:58:14"}
{"level":"info","message":"🚀 Multiplicador Spaceman 1: 11041644113 = 3.17x","timestamp":"2025-11-10 11:58:14"}
{"level":"info","message":"🚀 Multiplicador Spaceman 1: 11041644113 = 3.18x","timestamp":"2025-11-10 11:58:14"}
{"level":"info","message":"🚀 Multiplicador Spaceman 1: 11041644113 = 3.19x","timestamp":"2025-11-10 11:58:14"}
{"level":"info","message":"🚀 Multiplicador Spaceman 1: 11041644113 = 3.21x","timestamp":"2025-11-10 11:58:14"}
{"level":"info","message":"🚀 Multiplicador Spaceman 1: 11041644113 = 3.22x","timestamp":"2025-11-10 11:58:14"}
{"level":"info","message":"🚀 Multiplicador Spaceman 1: 11041644113 = 3.23x","timestamp":"2025-11-10 11:58:14"}
{"level":"info","message":"🚀 Multiplicador Spaceman 1: 11041644113 = 3.25x","timestamp":"2025-11-10 11:58:14"}
{"level":"info","message":"🚀 Multiplicador Spaceman 1: 11041644113 = 3.26x","timestamp":"2025-11-10 11:58:15"}
{"level":"info","message":"🚀 Multiplicador Spaceman 1: 11041644113 = 3.28x","timestamp":"2025-11-10 11:58:15"}
{"level":"info","message":"🚀 Multiplicador Spaceman 1: 11041644113 = 3.29x","timestamp":"2025-11-10 11:58:15"}
{"level":"info","message":"🚀 Multiplicador Spaceman 1: 11041644113 = 3.3x","timestamp":"2025-11-10 11:58:15"}
{"level":"info","message":"🚀 Multiplicador Spaceman 1: 11041644113 = 3.32x","timestamp":"2025-11-10 11:58:15"}
{"level":"info","message":"🚀 Multiplicador Spaceman 1: 11041644113 = 3.33x","timestamp":"2025-11-10 11:58:15"}
{"level":"info","message":"🚀 Multiplicador Spaceman 1: 11041644113 = 3.35x","timestamp":"2025-11-10 11:58:15"}
{"level":"info","message":"🚀 Multiplicador Spaceman 1: 11041644113 = 3.36x","timestamp":"2025-11-10 11:58:15"}
{"level":"info","message":"🚀 Multiplicador Spaceman 1: 11041644113 = 3.37x","timestamp":"2025-11-10 11:58:15"}
{"level":"info","message":"🚀 Multiplicador Spaceman 1: 11041644113 = 3.39x","timestamp":"2025-11-10 11:58:15"}
{"level":"info","message":"🚀 Multiplicador Spaceman 1: 11041644113 = 3.4x","timestamp":"2025-11-10 11:58:15"}
{"level":"info","message":"🚀 Multiplicador Spaceman 1: 11041644113 = 3.41x","timestamp":"2025-11-10 11:58:15"}
{"level":"info","message":"🚀 Multiplicador Spaceman 1: 11041644113 = 3.43x","timestamp":"2025-11-10 11:58:15"}
{"level":"info","message":"🚀 Multiplicador Spaceman 1: 11041644113 = 3.44x","timestamp":"2025-11-10 11:58:15"}
{"level":"info","message":"🚀 Multiplicador Spaceman 1: 11041644113 = 3.46x","timestamp":"2025-11-10 11:58:15"}
{"level":"info","message":"🚀 Multiplicador Spaceman 1: 11041644113 = 3.47x","timestamp":"2025-11-10 11:58:15"}
{"level":"info","message":"🚀 Multiplicador Spaceman 1: 11041644113 = 3.49x","timestamp":"2025-11-10 11:58:15"}
{"level":"info","message":"🚀 Multiplicador Spaceman 1: 11041644113 = 3.5x","timestamp":"2025-11-10 11:58:15"}
{"level":"info","message":"🚀 Multiplicador Spaceman 1: 11041644113 = 3.51x","timestamp":"2025-11-10 11:58:15"}
{"level":"info","message":"🚀 Multiplicador Spaceman 1: 11041644113 = 3.53x","timestamp":"2025-11-10 11:58:15"}
{"level":"info","message":"🚀 Multiplicador Spaceman 1: 11041644113 = 3.54x","timestamp":"2025-11-10 11:58:16"}
{"level":"info","message":"🚀 Multiplicador Spaceman 1: 11041644113 = 3.56x","timestamp":"2025-11-10 11:58:16"}
{"level":"info","message":"🚀 Multiplicador Spaceman 1: 11041644113 = 3.57x","timestamp":"2025-11-10 11:58:16"}
{"level":"info","message":"🚀 Multiplicador Spaceman 1: 11041644113 = 3.59x","timestamp":"2025-11-10 11:58:16"}
{"level":"info","message":"🚀 Multiplicador Spaceman 1: 11041644113 = 3.6x","timestamp":"2025-11-10 11:58:16"}
{"level":"info","message":"🚀 Multiplicador Spaceman 1: 11041644113 = 3.62x","timestamp":"2025-11-10 11:58:16"}
{"level":"info","message":"🚀 Multiplicador Spaceman 1: 11041644113 = 3.63x","timestamp":"2025-11-10 11:58:16"}
{"level":"info","message":"🚀 Multiplicador Spaceman 1: 11041644113 = 3.65x","timestamp":"2025-11-10 11:58:16"}
{"level":"info","message":"🚀 Multiplicador Spaceman 1: 11041644113 = 3.66x","timestamp":"2025-11-10 11:58:16"}
{"level":"info","message":"🚀 Multiplicador Spaceman 1: 11041644113 = 3.68x","timestamp":"2025-11-10 11:58:16"}
{"level":"info","message":"🚀 Multiplicador Spaceman 1: 11041644113 = 3.69x","timestamp":"2025-11-10 11:58:16"}
{"level":"info","message":"🚀 Multiplicador Spaceman 1: 11041644113 = 3.71x","timestamp":"2025-11-10 11:58:16"}
{"level":"info","message":"🚀 Multiplicador Spaceman 1: 11041644113 = 3.73x","timestamp":"2025-11-10 11:58:16"}
{"level":"info","message":"🚀 Multiplicador Spaceman 1: 11041644113 = 3.76x","timestamp":"2025-11-10 11:58:16"}
{"level":"info","message":"🚀 Multiplicador Spaceman 1: 11041644113 = 3.78x","timestamp":"2025-11-10 11:58:16"}
{"level":"info","message":"🚀 Multiplicador Spaceman 1: 11041644113 = 3.79x","timestamp":"2025-11-10 11:58:16"}
{"level":"info","message":"🚀 Multiplicador Spaceman 1: 11041644113 = 3.81x","timestamp":"2025-11-10 11:58:16"}
{"level":"info","message":"🚀 Multiplicador Spaceman 1: 11041644113 = 3.83x","timestamp":"2025-11-10 11:58:16"}
{"level":"info","message":"🚀 Multiplicador Spaceman 1: 11041644113 = 3.84x","timestamp":"2025-11-10 11:58:16"}
{"level":"info","message":"🚀 Multiplicador Spaceman 1: 11041644113 = 3.86x","timestamp":"2025-11-10 11:58:17"}
{"level":"info","message":"🚀 Multiplicador Spaceman 1: 11041644113 = 3.88x","timestamp":"2025-11-10 11:58:17"}
{"level":"info","message":"🚀 Multiplicador Spaceman 1: 11041644113 = 3.89x","timestamp":"2025-11-10 11:58:17"}
{"level":"info","message":"🚀 Multiplicador Spaceman 1: 11041644113 = 3.91x","timestamp":"2025-11-10 11:58:17"}
{"level":"info","message":"🚀 Multiplicador Spaceman 1: 11041644113 = 3.93x","timestamp":"2025-11-10 11:58:17"}
{"level":"info","message":"🚀 Multiplicador Spaceman 1: 11041644113 = 3.94x","timestamp":"2025-11-10 11:58:17"}
{"level":"info","message":"🚀 Multiplicador Spaceman 1: 11041644113 = 3.96x","timestamp":"2025-11-10 11:58:17"}
{"level":"info","message":"🚀 Multiplicador Spaceman 1: 11041644113 = 3.99x","timestamp":"2025-11-10 11:58:17"}
{"level":"info","message":"🚀 Multiplicador Spaceman 1: 11041644113 = 4x","timestamp":"2025-11-10 11:58:17"}
{"level":"info","message":"🚀 Multiplicador Spaceman 1: 11041644113 = 4.02x","timestamp":"2025-11-10 11:58:17"}
{"level":"info","message":"🚀 Multiplicador Spaceman 1: 11041644113 = 4.04x","timestamp":"2025-11-10 11:58:17"}
{"level":"info","message":"🚀 Multiplicador Spaceman 1: 11041644113 = 4.06x","timestamp":"2025-11-10 11:58:17"}
{"level":"info","message":"🚀 Multiplicador Spaceman 1: 11041644113 = 4.08x","timestamp":"2025-11-10 11:58:17"}
{"level":"info","message":"🚀 Multiplicador Spaceman 1: 11041644113 = 4.09x","timestamp":"2025-11-10 11:58:17"}
{"level":"info","message":"🚀 Multiplicador Spaceman 1: 11041644113 = 4.11x","timestamp":"2025-11-10 11:58:17"}
{"level":"info","message":"🚀 Multiplicador Spaceman 1: 11041644113 = 4.13x","timestamp":"2025-11-10 11:58:17"}
{"level":"info","message":"🚀 Multiplicador Spaceman 1: 11041644113 = 4.15x","timestamp":"2025-11-10 11:58:17"}
{"level":"info","message":"🚀 Multiplicador Spaceman 1: 11041644113 = 4.17x","timestamp":"2025-11-10 11:58:17"}
{"level":"info","message":"🚀 Multiplicador Spaceman 1: 11041644113 = 4.18x","timestamp":"2025-11-10 11:58:18"}
{"level":"info","message":"🚀 Multiplicador Spaceman 1: 11041644113 = 4.2x","timestamp":"2025-11-10 11:58:18"}
{"level":"info","message":"🚀 Multiplicador Spaceman 1: 11041644113 = 4.22x","timestamp":"2025-11-10 11:58:18"}
{"level":"info","message":"🚀 Multiplicador Spaceman 1: 11041644113 = 4.24x","timestamp":"2025-11-10 11:58:18"}
{"level":"info","message":"🚀 Multiplicador Spaceman 1: 11041644113 = 4.26x","timestamp":"2025-11-10 11:58:18"}
{"level":"info","message":"🚀 Multiplicador Spaceman 1: 11041644113 = 4.28x","timestamp":"2025-11-10 11:58:18"}
{"level":"info","message":"🚀 Multiplicador Spaceman 1: 11041644213 = 1.01x","timestamp":"2025-11-10 11:58:28"}
{"level":"info","message":"🚀 Multiplicador Spaceman 1: 11041644213 = 1.02x","timestamp":"2025-11-10 11:58:28"}
{"level":"info","message":"🚀 Multiplicador Spaceman 1: 11041644213 = 1.03x","timestamp":"2025-11-10 11:58:28"}
{"level":"info","message":"🚀 Multiplicador Spaceman 1: 11041644213 = 1.04x","timestamp":"2025-11-10 11:58:28"}
{"level":"info","message":"🚀 Multiplicador Spaceman 1: 11041644213 = 1.05x","timestamp":"2025-11-10 11:58:28"}
{"level":"info","message":"🚀 Multiplicador Spaceman 1: 11041644213 = 1.06x","timestamp":"2025-11-10 11:58:28"}
{"level":"info","message":"🚀 Multiplicador Spaceman 1: 11041644213 = 1.07x","timestamp":"2025-11-10 11:58:29"}
{"level":"info","message":"🚀 Multiplicador Spaceman 1: 11041644213 = 1.08x","timestamp":"2025-11-10 11:58:29"}
{"level":"info","message":"🚀 Multiplicador Spaceman 1: 11041644213 = 1.09x","timestamp":"2025-11-10 11:58:29"}
{"level":"info","message":"🚀 Multiplicador Spaceman 1: 11041644213 = 1.1x","timestamp":"2025-11-10 11:58:29"}
{"level":"info","message":"🚀 Multiplicador Spaceman 1: 11041644213 = 1.11x","timestamp":"2025-11-10 11:58:29"}
{"level":"info","message":"🚀 Multiplicador Spaceman 1: 11041644213 = 1.12x","timestamp":"2025-11-10 11:58:29"}
{"level":"info","message":"🚀 Multiplicador Spaceman 1: 11041644213 = 1.13x","timestamp":"2025-11-10 11:58:29"}
{"level":"info","message":"🚀 Multiplicador Spaceman 1: 11041644213 = 1.14x","timestamp":"2025-11-10 11:58:29"}
{"level":"info","message":"🚀 Multiplicador Spaceman 1: 11041644213 = 1.15x","timestamp":"2025-11-10 11:58:30"}
{"level":"info","message":"🚀 Multiplicador Spaceman 1: 11041644213 = 1.16x","timestamp":"2025-11-10 11:58:30"}
{"level":"info","message":"🚀 Multiplicador Spaceman 1: 11041644213 = 1.17x","timestamp":"2025-11-10 11:58:30"}
{"level":"info","message":"🚀 Multiplicador Spaceman 1: 11041644213 = 1.18x","timestamp":"2025-11-10 11:58:30"}
{"level":"info","message":"🚀 Multiplicador Spaceman 1: 11041644213 = 1.19x","timestamp":"2025-11-10 11:58:30"}
{"level":"info","message":"🚀 Multiplicador Spaceman 1: 11041644213 = 1.2x","timestamp":"2025-11-10 11:58:30"}
{"level":"info","message":"🚀 Multiplicador Spaceman 1: 11041644213 = 1.21x","timestamp":"2025-11-10 11:58:30"}
{"level":"info","message":"🚀 Multiplicador Spaceman 1: 11041644213 = 1.22x","timestamp":"2025-11-10 11:58:30"}
{"level":"info","message":"🚀 Multiplicador Spaceman 1: 11041644213 = 1.23x","timestamp":"2025-11-10 11:58:30"}
{"level":"info","message":"🚀 Multiplicador Spaceman 1: 11041644213 = 1.24x","timestamp":"2025-11-10 11:58:30"}
{"level":"info","message":"🚀 Multiplicador Spaceman 1: 11041644213 = 1.25x","timestamp":"2025-11-10 11:58:30"}
{"level":"info","message":"🚀 Multiplicador Spaceman 1: 11041644213 = 1.26x","timestamp":"2025-11-10 11:58:31"}
{"level":"info","message":"🚀 Multiplicador Spaceman 1: 11041644213 = 1.27x","timestamp":"2025-11-10 11:58:31"}
{"level":"info","message":"🚀 Multiplicador Spaceman 1: 11041644213 = 1.28x","timestamp":"2025-11-10 11:58:31"}
{"level":"info","message":"🚀 Multiplicador Spaceman 1: 11041644213 = 1.29x","timestamp":"2025-11-10 11:58:31"}
{"level":"info","message":"🚀 Multiplicador Spaceman 1: 11041644213 = 1.3x","timestamp":"2025-11-10 11:58:31"}
{"level":"info","message":"🚀 Multiplicador Spaceman 1: 11041644213 = 1.31x","timestamp":"2025-11-10 11:58:31"}
{"level":"info","message":"🚀 Multiplicador Spaceman 1: 11041644213 = 1.32x","timestamp":"2025-11-10 11:58:31"}
{"level":"info","message":"🚀 Multiplicador Spaceman 1: 11041644213 = 1.33x","timestamp":"2025-11-10 11:58:31"}
{"level":"info","message":"🚀 Multiplicador Spaceman 1: 11041644213 = 1.34x","timestamp":"2025-11-10 11:58:31"}
{"level":"info","message":"🚀 Multiplicador Spaceman 1: 11041644213 = 1.35x","timestamp":"2025-11-10 11:58:31"}
{"level":"info","message":"🚀 Multiplicador Spaceman 1: 11041644213 = 1.36x","timestamp":"2025-11-10 11:58:32"}
{"level":"info","message":"🚀 Multiplicador Spaceman 1: 11041644213 = 1.37x","timestamp":"2025-11-10 11:58:32"}
{"level":"info","message":"🚀 Multiplicador Spaceman 1: 11041644213 = 1.38x","timestamp":"2025-11-10 11:58:32"}
{"level":"info","message":"🚀 Multiplicador Spaceman 1: 11041644213 = 1.39x","timestamp":"2025-11-10 11:58:32"}
{"level":"info","message":"🚀 Multiplicador Spaceman 1: 11041644213 = 1.4x","timestamp":"2025-11-10 11:58:32"}
{"level":"info","message":"🚀 Multiplicador Spaceman 1: 11041644213 = 1.41x","timestamp":"2025-11-10 11:58:32"}
{"level":"info","message":"🚀 Multiplicador Spaceman 1: 11041644213 = 1.42x","timestamp":"2025-11-10 11:58:32"}
{"level":"info","message":"🚀 Multiplicador Spaceman 1: 11041644213 = 1.43x","timestamp":"2025-11-10 11:58:32"}
{"level":"info","message":"🚀 Multiplicador Spaceman 1: 11041644213 = 1.44x","timestamp":"2025-11-10 11:58:32"}
{"level":"info","message":"🚀 Multiplicador Spaceman 1: 11041644213 = 1.45x","timestamp":"2025-11-10 11:58:32"}
{"level":"info","message":"🚀 Multiplicador Spaceman 1: 11041644213 = 1.46x","timestamp":"2025-11-10 11:58:32"}
{"level":"info","message":"🚀 Multiplicador Spaceman 1: 11041644213 = 1.47x","timestamp":"2025-11-10 11:58:32"}
{"level":"info","message":"🚀 Multiplicador Spaceman 1: 11041644213 = 1.48x","timestamp":"2025-11-10 11:58:33"}
{"level":"info","message":"🚀 Multiplicador Spaceman 1: 11041644213 = 1.49x","timestamp":"2025-11-10 11:58:33"}
{"level":"info","message":"🚀 Multiplicador Spaceman 1: 11041644213 = 1.5x","timestamp":"2025-11-10 11:58:33"}
{"level":"info","message":"🚀 Multiplicador Spaceman 1: 11041644213 = 1.51x","timestamp":"2025-11-10 11:58:33"}
{"level":"info","message":"🚀 Multiplicador Spaceman 1: 11041644213 = 1.52x","timestamp":"2025-11-10 11:58:33"}
{"level":"info","message":"🚀 Multiplicador Spaceman 1: 11041644213 = 1.53x","timestamp":"2025-11-10 11:58:33"}
{"level":"info","message":"🚀 Multiplicador Spaceman 1: 11041644213 = 1.54x","timestamp":"2025-11-10 11:58:33"}
{"level":"info","message":"🚀 Multiplicador Spaceman 1: 11041644213 = 1.55x","timestamp":"2025-11-10 11:58:33"}
{"level":"info","message":"🚀 Multiplicador Spaceman 1: 11041644213 = 1.56x","timestamp":"2025-11-10 11:58:33"}
{"level":"info","message":"🚀 Multiplicador Spaceman 1: 11041644213 = 1.57x","timestamp":"2025-11-10 11:58:33"}
{"level":"info","message":"🚀 Multiplicador Spaceman 1: 11041644213 = 1.58x","timestamp":"2025-11-10 11:58:33"}
{"level":"info","message":"🚀 Multiplicador Spaceman 1: 11041644213 = 1.59x","timestamp":"2025-11-10 11:58:33"}
{"level":"info","message":"🚀 Multiplicador Spaceman 1: 11041644213 = 1.6x","timestamp":"2025-11-10 11:58:33"}
{"level":"info","message":"🚀 Multiplicador Spaceman 1: 11041644213 = 1.61x","timestamp":"2025-11-10 11:58:34"}
{"level":"info","message":"🚀 Multiplicador Spaceman 1: 11041644213 = 1.62x","timestamp":"2025-11-10 11:58:34"}
{"level":"info","message":"🚀 Multiplicador Spaceman 1: 11041644213 = 1.63x","timestamp":"2025-11-10 11:58:34"}
{"level":"info","message":"🚀 Multiplicador Spaceman 1: 11041644213 = 1.64x","timestamp":"2025-11-10 11:58:34"}
{"level":"info","message":"🚀 Multiplicador Spaceman 1: 11041644213 = 1.65x","timestamp":"2025-11-10 11:58:34"}
{"level":"info","message":"🚀 Multiplicador Spaceman 1: 11041644213 = 1.66x","timestamp":"2025-11-10 11:58:34"}
{"level":"info","message":"🚀 Multiplicador Spaceman 1: 11041644213 = 1.67x","timestamp":"2025-11-10 11:58:34"}
{"level":"info","message":"🚀 Multiplicador Spaceman 1: 11041644213 = 1.68x","timestamp":"2025-11-10 11:58:34"}
{"level":"info","message":"🚀 Multiplicador Spaceman 1: 11041644313 = 1.01x","timestamp":"2025-11-10 11:58:44"}
{"level":"info","message":"🚀 Multiplicador Spaceman 1: 11041644313 = 1.02x","timestamp":"2025-11-10 11:58:44"}
{"level":"info","message":"🚀 Multiplicador Spaceman 1: 11041644313 = 1.03x","timestamp":"2025-11-10 11:58:45"}
{"level":"info","message":"🚀 Multiplicador Spaceman 1: 11041644313 = 1.04x","timestamp":"2025-11-10 11:58:45"}
{"level":"info","message":"🚀 Multiplicador Spaceman 1: 11041644313 = 1.05x","timestamp":"2025-11-10 11:58:45"}
{"level":"info","message":"🚀 Multiplicador Spaceman 1: 11041644313 = 1.06x","timestamp":"2025-11-10 11:58:45"}
{"level":"info","message":"🚀 Multiplicador Spaceman 1: 11041644313 = 1.07x","timestamp":"2025-11-10 11:58:45"}
{"level":"info","message":"🚀 Multiplicador Spaceman 1: 11041644313 = 1.08x","timestamp":"2025-11-10 11:58:45"}
{"level":"info","message":"🚀 Multiplicador Spaceman 1: 11041644313 = 1.09x","timestamp":"2025-11-10 11:58:45"}
{"level":"info","message":"🚀 Multiplicador Spaceman 1: 11041644313 = 1.1x","timestamp":"2025-11-10 11:58:45"}
{"level":"info","message":"🚀 Multiplicador Spaceman 1: 11041644313 = 1.11x","timestamp":"2025-11-10 11:58:45"}
{"level":"info","message":"🚀 Multiplicador Spaceman 1: 11041644313 = 1.12x","timestamp":"2025-11-10 11:58:45"}
{"level":"info","message":"🚀 Multiplicador Spaceman 1: 11041644313 = 1.13x","timestamp":"2025-11-10 11:58:46"}
{"level":"info","message":"🚀 Multiplicador Spaceman 1: 11041644313 = 1.14x","timestamp":"2025-11-10 11:58:46"}
{"level":"info","message":"🚀 Multiplicador Spaceman 1: 11041644313 = 1.15x","timestamp":"2025-11-10 11:58:46"}
{"level":"info","message":"🚀 Multiplicador Spaceman 1: 11041644313 = 1.16x","timestamp":"2025-11-10 11:58:46"}
{"level":"info","message":"🚀 Multiplicador Spaceman 1: 11041644313 = 1.17x","timestamp":"2025-11-10 11:58:46"}
{"level":"info","message":"🚀 Multiplicador Spaceman 1: 11041644313 = 1.18x","timestamp":"2025-11-10 11:58:46"}
{"level":"info","message":"🚀 Multiplicador Spaceman 1: 11041644313 = 1.19x","timestamp":"2025-11-10 11:58:46"}
{"level":"info","message":"🚀 Multiplicador Spaceman 1: 11041644313 = 1.2x","timestamp":"2025-11-10 11:58:46"}
{"level":"info","message":"🚀 Multiplicador Spaceman 1: 11041644313 = 1.21x","timestamp":"2025-11-10 11:58:46"}
{"level":"info","message":"🚀 Multiplicador Spaceman 1: 11041644313 = 1.22x","timestamp":"2025-11-10 11:58:47"}
{"level":"info","message":"🚀 Multiplicador Spaceman 1: 11041644313 = 1.23x","timestamp":"2025-11-10 11:58:47"}
{"level":"info","message":"🚀 Multiplicador Spaceman 1: 11041644313 = 1.24x","timestamp":"2025-11-10 11:58:47"}
{"level":"info","message":"🚀 Multiplicador Spaceman 1: 11041644313 = 1.25x","timestamp":"2025-11-10 11:58:47"}
{"level":"info","message":"🚀 Multiplicador Spaceman 1: 11041644313 = 1.26x","timestamp":"2025-11-10 11:58:47"}
{"level":"info","message":"🚀 Multiplicador Spaceman 1: 11041644313 = 1.27x","timestamp":"2025-11-10 11:58:47"}
{"level":"info","message":"🚀 Multiplicador Spaceman 1: 11041644313 = 1.28x","timestamp":"2025-11-10 11:58:47"}
{"level":"info","message":"🚀 Multiplicador Spaceman 1: 11041644313 = 1.29x","timestamp":"2025-11-10 11:58:47"}
{"level":"info","message":"🚀 Multiplicador Spaceman 1: 11041644313 = 1.3x","timestamp":"2025-11-10 11:58:47"}
{"level":"info","message":"🚀 Multiplicador Spaceman 1: 11041644313 = 1.31x","timestamp":"2025-11-10 11:58:47"}
{"level":"info","message":"🚀 Multiplicador Spaceman 1: 11041644313 = 1.32x","timestamp":"2025-11-10 11:58:47"}
{"level":"info","message":"🚀 Multiplicador Spaceman 1: 11041644313 = 1.33x","timestamp":"2025-11-10 11:58:48"}
{"level":"info","message":"🚀 Multiplicador Spaceman 1: 11041644313 = 1.34x","timestamp":"2025-11-10 11:58:48"}
{"level":"info","message":"🚀 Multiplicador Spaceman 1: 11041644313 = 1.35x","timestamp":"2025-11-10 11:58:48"}
{"level":"info","message":"🚀 Multiplicador Spaceman 1: 11041644313 = 1.36x","timestamp":"2025-11-10 11:58:48"}
{"level":"info","message":"🚀 Multiplicador Spaceman 1: 11041644313 = 1.37x","timestamp":"2025-11-10 11:58:48"}
{"level":"info","message":"🚀 Multiplicador Spaceman 1: 11041644313 = 1.38x","timestamp":"2025-11-10 11:58:48"}
{"level":"info","message":"🚀 Multiplicador Spaceman 1: 11041644313 = 1.39x","timestamp":"2025-11-10 11:58:48"}
{"level":"info","message":"🚀 Multiplicador Spaceman 1: 11041644313 = 1.4x","timestamp":"2025-11-10 11:58:48"}
{"level":"info","message":"🚀 Multiplicador Spaceman 1: 11041644313 = 1.41x","timestamp":"2025-11-10 11:58:48"}
{"level":"info","message":"🚀 Multiplicador Spaceman 1: 11041644313 = 1.42x","timestamp":"2025-11-10 11:58:48"}
{"level":"info","message":"🚀 Multiplicador Spaceman 1: 11041644313 = 1.43x","timestamp":"2025-11-10 11:58:48"}
{"level":"info","message":"🚀 Multiplicador Spaceman 1: 11041644313 = 1.44x","timestamp":"2025-11-10 11:58:49"}
{"level":"info","message":"🚀 Multiplicador Spaceman 1: 11041644313 = 1.45x","timestamp":"2025-11-10 11:58:49"}
{"level":"info","message":"🚀 Multiplicador Spaceman 1: 11041644313 = 1.46x","timestamp":"2025-11-10 11:58:49"}
{"level":"info","message":"🚀 Multiplicador Spaceman 1: 11041644313 = 1.47x","timestamp":"2025-11-10 11:58:49"}
{"level":"info","message":"🚀 Multiplicador Spaceman 1: 11041644313 = 1.48x","timestamp":"2025-11-10 11:58:49"}
{"level":"info","message":"🚀 Multiplicador Spaceman 1: 11041644313 = 1.49x","timestamp":"2025-11-10 11:58:49"}
{"level":"info","message":"🚀 Multiplicador Spaceman 1: 11041644313 = 1.5x","timestamp":"2025-11-10 11:58:49"}
{"level":"info","message":"🚀 Multiplicador Spaceman 1: 11041644313 = 1.51x","timestamp":"2025-11-10 11:58:49"}
{"level":"info","message":"🚀 Multiplicador Spaceman 1: 11041644313 = 1.52x","timestamp":"2025-11-10 11:58:49"}
{"level":"info","message":"🚀 Multiplicador Spaceman 1: 11041644313 = 1.53x","timestamp":"2025-11-10 11:58:49"}
{"level":"info","message":"🚀 Multiplicador Spaceman 1: 11041644313 = 1.54x","timestamp":"2025-11-10 11:58:49"}
{"level":"info","message":"🚀 Multiplicador Spaceman 1: 11041644313 = 1.55x","timestamp":"2025-11-10 11:58:49"}
{"level":"info","message":"🚀 Multiplicador Spaceman 1: 11041644313 = 1.56x","timestamp":"2025-11-10 11:58:50"}
{"level":"info","message":"🚀 Multiplicador Spaceman 1: 11041644313 = 1.57x","timestamp":"2025-11-10 11:58:50"}
{"level":"info","message":"🚀 Multiplicador Spaceman 1: 11041644313 = 1.58x","timestamp":"2025-11-10 11:58:50"}
{"level":"info","message":"🚀 Multiplicador Spaceman 1: 11041644313 = 1.59x","timestamp":"2025-11-10 11:58:50"}
{"level":"info","message":"🚀 Multiplicador Spaceman 1: 11041644313 = 1.6x","timestamp":"2025-11-10 11:58:50"}
{"level":"info","message":"🚀 Multiplicador Spaceman 1: 11041644313 = 1.61x","timestamp":"2025-11-10 11:58:50"}
{"level":"info","message":"🚀 Multiplicador Spaceman 1: 11041644313 = 1.62x","timestamp":"2025-11-10 11:58:50"}
{"level":"info","message":"🚀 Multiplicador Spaceman 1: 11041644313 = 1.63x","timestamp":"2025-11-10 11:58:50"}
{"level":"info","message":"🚀 Multiplicador Spaceman 1: 11041644313 = 1.64x","timestamp":"2025-11-10 11:58:50"}
{"level":"info","message":"🚀 Multiplicador Spaceman 1: 11041644313 = 1.65x","timestamp":"2025-11-10 11:58:50"}
{"level":"info","message":"🚀 Multiplicador Spaceman 1: 11041644313 = 1.66x","timestamp":"2025-11-10 11:58:50"}
{"level":"info","message":"🚀 Multiplicador Spaceman 1: 11041644313 = 1.67x","timestamp":"2025-11-10 11:58:50"}
{"level":"info","message":"🚀 Multiplicador Spaceman 1: 11041644313 = 1.68x","timestamp":"2025-11-10 11:58:50"}
{"level":"info","message":"🚀 Multiplicador Spaceman 1: 11041644313 = 1.69x","timestamp":"2025-11-10 11:58:50"}
{"level":"info","message":"🚀 Multiplicador Spaceman 1: 11041644313 = 1.7x","timestamp":"2025-11-10 11:58:51"}
{"level":"info","message":"🚀 Multiplicador Spaceman 1: 11041644313 = 1.71x","timestamp":"2025-11-10 11:58:51"}
{"level":"info","message":"🚀 Multiplicador Spaceman 1: 11041644313 = 1.72x","timestamp":"2025-11-10 11:58:51"}
{"level":"info","message":"🚀 Multiplicador Spaceman 1: 11041644313 = 1.73x","timestamp":"2025-11-10 11:58:51"}
{"level":"info","message":"🚀 Multiplicador Spaceman 1: 11041644313 = 1.74x","timestamp":"2025-11-10 11:58:51"}
{"level":"info","message":"🚀 Multiplicador Spaceman 1: 11041644313 = 1.75x","timestamp":"2025-11-10 11:58:51"}
{"level":"info","message":"🚀 Multiplicador Spaceman 1: 11041644313 = 1.76x","timestamp":"2025-11-10 11:58:51"}
{"level":"info","message":"🚀 Multiplicador Spaceman 1: 11041644313 = 1.77x","timestamp":"2025-11-10 11:58:51"}
{"level":"info","message":"🚀 Multiplicador Spaceman 1: 11041644313 = 1.78x","timestamp":"2025-11-10 11:58:51"}
{"level":"info","message":"🚀 Multiplicador Spaceman 1: 11041644313 = 1.79x","timestamp":"2025-11-10 11:58:51"}
{"level":"info","message":"🚀 Multiplicador Spaceman 1: 11041644313 = 1.8x","timestamp":"2025-11-10 11:58:51"}
{"level":"info","message":"🚀 Multiplicador Spaceman 1: 11041644313 = 1.81x","timestamp":"2025-11-10 11:58:51"}
{"level":"info","message":"🚀 Multiplicador Spaceman 1: 11041644313 = 1.82x","timestamp":"2025-11-10 11:58:51"}
{"level":"info","message":"🚀 Multiplicador Spaceman 1: 11041644313 = 1.83x","timestamp":"2025-11-10 11:58:51"}
{"level":"info","message":"🚀 Multiplicador Spaceman 1: 11041644313 = 1.84x","timestamp":"2025-11-10 11:58:52"}
{"level":"info","message":"🚀 Multiplicador Spaceman 1: 11041644313 = 1.85x","timestamp":"2025-11-10 11:58:52"}
{"level":"info","message":"🚀 Multiplicador Spaceman 1: 11041644313 = 1.86x","timestamp":"2025-11-10 11:58:52"}
{"level":"info","message":"🚀 Multiplicador Spaceman 1: 11041644313 = 1.87x","timestamp":"2025-11-10 11:58:52"}
{"level":"info","message":"🚀 Multiplicador Spaceman 1: 11041644313 = 1.88x","timestamp":"2025-11-10 11:58:52"}
{"level":"info","message":"🚀 Multiplicador Spaceman 1: 11041644313 = 1.89x","timestamp":"2025-11-10 11:58:52"}
{"level":"info","message":"🚀 Multiplicador Spaceman 1: 11041644313 = 1.9x","timestamp":"2025-11-10 11:58:52"}
{"level":"info","message":"🚀 Multiplicador Spaceman 1: 11041644313 = 1.91x","timestamp":"2025-11-10 11:58:52"}
{"level":"info","message":"🚀 Multiplicador Spaceman 1: 11041644313 = 1.92x","timestamp":"2025-11-10 11:58:52"}
{"level":"info","message":"🚀 Multiplicador Spaceman 1: 11041644313 = 1.93x","timestamp":"2025-11-10 11:58:52"}
{"level":"info","message":"🚀 Multiplicador Spaceman 1: 11041644313 = 1.94x","timestamp":"2025-11-10 11:58:52"}
{"level":"info","message":"🚀 Multiplicador Spaceman 1: 11041644313 = 1.95x","timestamp":"2025-11-10 11:58:52"}
{"level":"info","message":"🚀 Multiplicador Spaceman 1: 11041644313 = 1.96x","timestamp":"2025-11-10 11:58:52"}
{"level":"info","message":"🚀 Multiplicador Spaceman 1: 11041644313 = 1.97x","timestamp":"2025-11-10 11:58:52"}
{"level":"info","message":"🚀 Multiplicador Spaceman 1: 11041644313 = 1.98x","timestamp":"2025-11-10 11:58:52"}
{"level":"info","message":"🚀 Multiplicador Spaceman 1: 11041644313 = 1.99x","timestamp":"2025-11-10 11:58:52"}
{"level":"info","message":"🚀 Multiplicador Spaceman 1: 11041644313 = 2.01x","timestamp":"2025-11-10 11:58:53"}
{"level":"info","message":"🚀 Multiplicador Spaceman 1: 11041644313 = 2.02x","timestamp":"2025-11-10 11:58:53"}
{"level":"info","message":"🚀 Multiplicador Spaceman 1: 11041644313 = 2.03x","timestamp":"2025-11-10 11:58:53"}
{"level":"info","message":"🚀 Multiplicador Spaceman 1: 11041644313 = 2.04x","timestamp":"2025-11-10 11:58:53"}
{"level":"info","message":"🚀 Multiplicador Spaceman 1: 11041644313 = 2.05x","timestamp":"2025-11-10 11:58:53"}
{"level":"info","message":"🚀 Multiplicador Spaceman 1: 11041644313 = 2.06x","timestamp":"2025-11-10 11:58:53"}
{"level":"info","message":"🚀 Multiplicador Spaceman 1: 11041644313 = 2.07x","timestamp":"2025-11-10 11:58:53"}
{"level":"info","message":"🚀 Multiplicador Spaceman 1: 11041644313 = 2.08x","timestamp":"2025-11-10 11:58:53"}
{"level":"info","message":"🚀 Multiplicador Spaceman 1: 11041644313 = 2.09x","timestamp":"2025-11-10 11:58:53"}
{"level":"info","message":"🚀 Multiplicador Spaceman 1: 11041644313 = 2.1x","timestamp":"2025-11-10 11:58:53"}
{"level":"info","message":"🚀 Multiplicador Spaceman 1: 11041644313 = 2.11x","timestamp":"2025-11-10 11:58:53"}
{"level":"info","message":"🚀 Multiplicador Spaceman 1: 11041644313 = 2.12x","timestamp":"2025-11-10 11:58:53"}
{"level":"info","message":"🚀 Multiplicador Spaceman 1: 11041644313 = 2.14x","timestamp":"2025-11-10 11:58:53"}
{"level":"info","message":"🚀 Multiplicador Spaceman 1: 11041644313 = 2.15x","timestamp":"2025-11-10 11:58:53"}
{"level":"info","message":"🚀 Multiplicador Spaceman 1: 11041644313 = 2.16x","timestamp":"2025-11-10 11:58:53"}
{"level":"info","message":"🚀 Multiplicador Spaceman 1: 11041644313 = 2.17x","timestamp":"2025-11-10 11:58:53"}
{"level":"info","message":"🚀 Multiplicador Spaceman 1: 11041644313 = 2.18x","timestamp":"2025-11-10 11:58:54"}
{"level":"info","message":"🚀 Multiplicador Spaceman 1: 11041644313 = 2.19x","timestamp":"2025-11-10 11:58:54"}
{"level":"info","message":"🚀 Multiplicador Spaceman 1: 11041644313 = 2.2x","timestamp":"2025-11-10 11:58:54"}
{"level":"info","message":"🚀 Multiplicador Spaceman 1: 11041644313 = 2.21x","timestamp":"2025-11-10 11:58:54"}
{"level":"info","message":"🚀 Multiplicador Spaceman 1: 11041644313 = 2.22x","timestamp":"2025-11-10 11:58:54"}
{"level":"info","message":"🚀 Multiplicador Spaceman 1: 11041644313 = 2.23x","timestamp":"2025-11-10 11:58:54"}
{"level":"info","message":"🚀 Multiplicador Spaceman 1: 11041644313 = 2.24x","timestamp":"2025-11-10 11:58:54"}
{"level":"info","message":"🚀 Multiplicador Spaceman 1: 11041644313 = 2.25x","timestamp":"2025-11-10 11:58:54"}
{"level":"info","message":"🚀 Multiplicador Spaceman 1: 11041644313 = 2.27x","timestamp":"2025-11-10 11:58:54"}
{"level":"info","message":"🚀 Multiplicador Spaceman 1: 11041644313 = 2.28x","timestamp":"2025-11-10 11:58:54"}
{"level":"info","message":"🚀 Multiplicador Spaceman 1: 11041644313 = 2.29x","timestamp":"2025-11-10 11:58:54"}
{"level":"info","message":"🚀 Multiplicador Spaceman 1: 11041644313 = 2.3x","timestamp":"2025-11-10 11:58:54"}
{"level":"info","message":"🚀 Multiplicador Spaceman 1: 11041644313 = 2.31x","timestamp":"2025-11-10 11:58:54"}
{"level":"info","message":"🚀 Multiplicador Spaceman 1: 11041644313 = 2.32x","timestamp":"2025-11-10 11:58:54"}
{"level":"info","message":"🚀 Multiplicador Spaceman 1: 11041644313 = 2.33x","timestamp":"2025-11-10 11:58:54"}
{"level":"info","message":"🚀 Multiplicador Spaceman 1: 11041644313 = 2.34x","timestamp":"2025-11-10 11:58:54"}
{"level":"info","message":"🚀 Multiplicador Spaceman 1: 11041644313 = 2.35x","timestamp":"2025-11-10 11:58:54"}
{"level":"info","message":"🚀 Multiplicador Spaceman 1: 11041644313 = 2.36x","timestamp":"2025-11-10 11:58:54"}
{"level":"info","message":"🚀 Multiplicador Spaceman 1: 11041644313 = 2.37x","timestamp":"2025-11-10 11:58:55"}
{"level":"info","message":"🚀 Multiplicador Spaceman 1: 11041644313 = 2.38x","timestamp":"2025-11-10 11:58:55"}
{"level":"info","message":"🚀 Multiplicador Spaceman 1: 11041644313 = 2.39x","timestamp":"2025-11-10 11:58:55"}
{"level":"info","message":"🚀 Multiplicador Spaceman 1: 11041644313 = 2.4x","timestamp":"2025-11-10 11:58:55"}
{"level":"info","message":"🚀 Multiplicador Spaceman 1: 11041644313 = 2.41x","timestamp":"2025-11-10 11:58:55"}
{"level":"info","message":"🚀 Multiplicador Spaceman 1: 11041644313 = 2.42x","timestamp":"2025-11-10 11:58:55"}
{"level":"info","message":"🚀 Multiplicador Spaceman 1: 11041644313 = 2.43x","timestamp":"2025-11-10 11:58:55"}
{"level":"info","message":"🚀 Multiplicador Spaceman 1: 11041644313 = 2.44x","timestamp":"2025-11-10 11:58:55"}
{"level":"info","message":"🚀 Multiplicador Spaceman 1: 11041644313 = 2.45x","timestamp":"2025-11-10 11:58:55"}
{"level":"info","message":"🚀 Multiplicador Spaceman 1: 11041644313 = 2.46x","timestamp":"2025-11-10 11:58:55"}
{"level":"info","message":"🚀 Multiplicador Spaceman 1: 11041644313 = 2.47x","timestamp":"2025-11-10 11:58:55"}
{"level":"info","message":"🚀 Multiplicador Spaceman 1: 11041644313 = 2.48x","timestamp":"2025-11-10 11:58:55"}
{"level":"info","message":"🚀 Multiplicador Spaceman 1: 11041644313 = 2.49x","timestamp":"2025-11-10 11:58:55"}
{"level":"info","message":"🚀 Multiplicador Spaceman 1: 11041644313 = 2.51x","timestamp":"2025-11-10 11:58:55"}
{"level":"info","message":"🚀 Multiplicador Spaceman 1: 11041644313 = 2.52x","timestamp":"2025-11-10 11:58:55"}
{"level":"info","message":"🚀 Multiplicador Spaceman 1: 11041644313 = 2.53x","timestamp":"2025-11-10 11:58:55"}
{"level":"info","message":"🚀 Multiplicador Spaceman 1: 11041644313 = 2.54x","timestamp":"2025-11-10 11:58:55"}
{"level":"info","message":"🚀 Multiplicador Spaceman 1: 11041644313 = 2.55x","timestamp":"2025-11-10 11:58:55"}
{"level":"info","message":"🚀 Multiplicador Spaceman 1: 11041644313 = 2.57x","timestamp":"2025-11-10 11:58:55"}
{"level":"info","message":"🚀 Multiplicador Spaceman 1: 11041644313 = 2.58x","timestamp":"2025-11-10 11:58:56"}
{"level":"info","message":"🚀 Multiplicador Spaceman 1: 11041644313 = 2.59x","timestamp":"2025-11-10 11:58:56"}
{"level":"info","message":"🚀 Multiplicador Spaceman 1: 11041644313 = 2.6x","timestamp":"2025-11-10 11:58:56"}
{"level":"info","message":"🚀 Multiplicador Spaceman 1: 11041644313 = 2.61x","timestamp":"2025-11-10 11:58:56"}
{"level":"info","message":"🚀 Multiplicador Spaceman 1: 11041644313 = 2.62x","timestamp":"2025-11-10 11:58:56"}
{"level":"info","message":"🚀 Multiplicador Spaceman 1: 11041644313 = 2.63x","timestamp":"2025-11-10 11:58:56"}
{"level":"info","message":"🚀 Multiplicador Spaceman 1: 11041644313 = 2.64x","timestamp":"2025-11-10 11:58:56"}
{"level":"info","message":"🚀 Multiplicador Spaceman 1: 11041644313 = 2.66x","timestamp":"2025-11-10 11:58:56"}
{"level":"info","message":"🚀 Multiplicador Spaceman 1: 11041644313 = 2.67x","timestamp":"2025-11-10 11:58:56"}
{"level":"info","message":"🚀 Multiplicador Spaceman 1: 11041644313 = 2.68x","timestamp":"2025-11-10 11:58:56"}
{"level":"info","message":"🚀 Multiplicador Spaceman 1: 11041644313 = 2.69x","timestamp":"2025-11-10 11:58:56"}
{"level":"info","message":"🚀 Multiplicador Spaceman 1: 11041644313 = 2.7x","timestamp":"2025-11-10 11:58:56"}
{"level":"info","message":"🚀 Multiplicador Spaceman 1: 11041644313 = 2.71x","timestamp":"2025-11-10 11:58:56"}
{"level":"info","message":"🚀 Multiplicador Spaceman 1: 11041644313 = 2.72x","timestamp":"2025-11-10 11:58:56"}
{"level":"info","message":"🚀 Multiplicador Spaceman 1: 11041644313 = 2.74x","timestamp":"2025-11-10 11:58:56"}
{"level":"info","message":"🚀 Multiplicador Spaceman 1: 11041644313 = 2.75x","timestamp":"2025-11-10 11:58:56"}
{"level":"info","message":"🚀 Multiplicador Spaceman 1: 11041644313 = 2.77x","timestamp":"2025-11-10 11:58:56"}
{"level":"info","message":"🚀 Multiplicador Spaceman 1: 11041644313 = 2.78x","timestamp":"2025-11-10 11:58:56"}
{"level":"info","message":"🚀 Multiplicador Spaceman 1: 11041644313 = 2.79x","timestamp":"2025-11-10 11:58:56"}
{"level":"info","message":"🚀 Multiplicador Spaceman 1: 11041644313 = 2.8x","timestamp":"2025-11-10 11:58:57"}
{"level":"info","message":"🚀 Multiplicador Spaceman 1: 11041644313 = 2.81x","timestamp":"2025-11-10 11:58:57"}
{"level":"info","message":"🚀 Multiplicador Spaceman 1: 11041644313 = 2.82x","timestamp":"2025-11-10 11:58:57"}
{"level":"info","message":"🚀 Multiplicador Spaceman 1: 11041644313 = 2.84x","timestamp":"2025-11-10 11:58:57"}
{"level":"info","message":"🚀 Multiplicador Spaceman 1: 11041644313 = 2.85x","timestamp":"2025-11-10 11:58:57"}
{"level":"info","message":"🚀 Multiplicador Spaceman 1: 11041644313 = 2.86x","timestamp":"2025-11-10 11:58:57"}
{"level":"info","message":"🚀 Multiplicador Spaceman 1: 11041644313 = 2.87x","timestamp":"2025-11-10 11:58:57"}
{"level":"info","message":"🚀 Multiplicador Spaceman 1: 11041644313 = 2.89x","timestamp":"2025-11-10 11:58:57"}
{"level":"info","message":"🚀 Multiplicador Spaceman 1: 11041644313 = 2.9x","timestamp":"2025-11-10 11:58:57"}
{"level":"info","message":"🚀 Multiplicador Spaceman 1: 11041644313 = 2.91x","timestamp":"2025-11-10 11:58:57"}
{"level":"info","message":"🚀 Multiplicador Spaceman 1: 11041644313 = 2.92x","timestamp":"2025-11-10 11:58:57"}
{"level":"info","message":"🚀 Multiplicador Spaceman 1: 11041644413 = 1.01x","timestamp":"2025-11-10 11:59:07"}
{"level":"info","message":"🚀 Multiplicador Spaceman 1: 11041644413 = 1.02x","timestamp":"2025-11-10 11:59:07"}
{"level":"info","message":"🚀 Multiplicador Spaceman 1: 11041644413 = 1.03x","timestamp":"2025-11-10 11:59:08"}
{"level":"info","message":"🚀 Multiplicador Spaceman 1: 11041644413 = 1.04x","timestamp":"2025-11-10 11:59:08"}
{"level":"info","message":"🚀 Multiplicador Spaceman 1: 11041644413 = 1.05x","timestamp":"2025-11-10 11:59:08"}
{"level":"info","message":"🚀 Multiplicador Spaceman 1: 11041644413 = 1.06x","timestamp":"2025-11-10 11:59:08"}
{"level":"info","message":"🚀 Multiplicador Spaceman 1: 11041644413 = 1.07x","timestamp":"2025-11-10 11:59:08"}
{"level":"info","message":"🚀 Multiplicador Spaceman 1: 11041644413 = 1.08x","timestamp":"2025-11-10 11:59:08"}
{"level":"info","message":"🚀 Multiplicador Spaceman 1: 11041644413 = 1.09x","timestamp":"2025-11-10 11:59:08"}
{"level":"info","message":"🚀 Multiplicador Spaceman 1: 11041644413 = 1.1x","timestamp":"2025-11-10 11:59:08"}
{"level":"info","message":"🚀 Multiplicador Spaceman 1: 11041644413 = 1.11x","timestamp":"2025-11-10 11:59:08"}
{"level":"info","message":"🚀 Multiplicador Spaceman 1: 11041644413 = 1.12x","timestamp":"2025-11-10 11:59:09"}
{"level":"info","message":"🚀 Multiplicador Spaceman 1: 11041644413 = 1.13x","timestamp":"2025-11-10 11:59:09"}
{"level":"info","message":"🚀 Multiplicador Spaceman 1: 11041644413 = 1.14x","timestamp":"2025-11-10 11:59:09"}
{"level":"info","message":"🚀 Multiplicador Spaceman 1: 11041644413 = 1.15x","timestamp":"2025-11-10 11:59:09"}
{"level":"info","message":"🚀 Multiplicador Spaceman 1: 11041644413 = 1.16x","timestamp":"2025-11-10 11:59:09"}
{"level":"info","message":"🚀 Multiplicador Spaceman 1: 11041644413 = 1.17x","timestamp":"2025-11-10 11:59:09"}
{"level":"info","message":"🚀 Multiplicador Spaceman 1: 11041644413 = 1.18x","timestamp":"2025-11-10 11:59:09"}
{"level":"info","message":"🚀 Multiplicador Spaceman 1: 11041644413 = 1.19x","timestamp":"2025-11-10 11:59:09"}
{"level":"info","message":"🚀 Multiplicador Spaceman 1: 11041644413 = 1.2x","timestamp":"2025-11-10 11:59:09"}
{"level":"info","message":"🚀 Multiplicador Spaceman 1: 11041644413 = 1.21x","timestamp":"2025-11-10 11:59:10"}
{"level":"info","message":"🚀 Multiplicador Spaceman 1: 11041644413 = 1.22x","timestamp":"2025-11-10 11:59:10"}
{"level":"info","message":"🚀 Multiplicador Spaceman 1: 11041644413 = 1.23x","timestamp":"2025-11-10 11:59:10"}
{"level":"info","message":"🚀 Multiplicador Spaceman 1: 11041644413 = 1.24x","timestamp":"2025-11-10 11:59:10"}
{"level":"info","message":"🚀 Multiplicador Spaceman 1: 11041644413 = 1.25x","timestamp":"2025-11-10 11:59:10"}
{"level":"info","message":"🚀 Multiplicador Spaceman 1: 11041644413 = 1.26x","timestamp":"2025-11-10 11:59:10"}
{"level":"info","message":"🚀 Multiplicador Spaceman 1: 11041644413 = 1.27x","timestamp":"2025-11-10 11:59:10"}
{"level":"info","message":"🚀 Multiplicador Spaceman 1: 11041644413 = 1.28x","timestamp":"2025-11-10 11:59:10"}
{"level":"info","message":"🚀 Multiplicador Spaceman 1: 11041644413 = 1.29x","timestamp":"2025-11-10 11:59:10"}
{"level":"info","message":"🚀 Multiplicador Spaceman 1: 11041644413 = 1.3x","timestamp":"2025-11-10 11:59:10"}
{"level":"info","message":"🚀 Multiplicador Spaceman 1: 11041644413 = 1.31x","timestamp":"2025-11-10 11:59:10"}
{"level":"info","message":"🚀 Multiplicador Spaceman 1: 11041644413 = 1.32x","timestamp":"2025-11-10 11:59:11"}
{"level":"info","message":"🚀 Multiplicador Spaceman 1: 11041644413 = 1.33x","timestamp":"2025-11-10 11:59:11"}
{"level":"info","message":"🚀 Multiplicador Spaceman 1: 11041644413 = 1.34x","timestamp":"2025-11-10 11:59:11"}
{"level":"info","message":"🚀 Multiplicador Spaceman 1: 11041644413 = 1.35x","timestamp":"2025-11-10 11:59:11"}
{"level":"info","message":"🚀 Multiplicador Spaceman 1: 11041644413 = 1.36x","timestamp":"2025-11-10 11:59:11"}
{"level":"info","message":"🚀 Multiplicador Spaceman 1: 11041644413 = 1.37x","timestamp":"2025-11-10 11:59:11"}
{"level":"info","message":"🚀 Multiplicador Spaceman 1: 11041644413 = 1.38x","timestamp":"2025-11-10 11:59:11"}
{"level":"info","message":"🚀 Multiplicador Spaceman 1: 11041644413 = 1.39x","timestamp":"2025-11-10 11:59:11"}
{"level":"info","message":"🚀 Multiplicador Spaceman 1: 11041644413 = 1.4x","timestamp":"2025-11-10 11:59:11"}
{"level":"info","message":"🚀 Multiplicador Spaceman 1: 11041644413 = 1.41x","timestamp":"2025-11-10 11:59:11"}
{"level":"info","message":"🚀 Multiplicador Spaceman 1: 11041644413 = 1.42x","timestamp":"2025-11-10 11:59:11"}
{"level":"info","message":"🚀 Multiplicador Spaceman 1: 11041644413 = 1.43x","timestamp":"2025-11-10 11:59:11"}
{"level":"info","message":"🚀 Multiplicador Spaceman 1: 11041644413 = 1.44x","timestamp":"2025-11-10 11:59:12"}
{"level":"info","message":"🚀 Multiplicador Spaceman 1: 11041644413 = 1.45x","timestamp":"2025-11-10 11:59:12"}
{"level":"info","message":"🚀 Multiplicador Spaceman 1: 11041644413 = 1.46x","timestamp":"2025-11-10 11:59:12"}
{"level":"info","message":"🚀 Multiplicador Spaceman 1: 11041644413 = 1.47x","timestamp":"2025-11-10 11:59:12"}
{"level":"info","message":"🚀 Multiplicador Spaceman 1: 11041644413 = 1.48x","timestamp":"2025-11-10 11:59:12"}
{"level":"info","message":"🚀 Multiplicador Spaceman 1: 11041644413 = 1.49x","timestamp":"2025-11-10 11:59:12"}
{"level":"info","message":"🚀 Multiplicador Spaceman 1: 11041644413 = 1.5x","timestamp":"2025-11-10 11:59:12"}
{"level":"info","message":"🚀 Multiplicador Spaceman 1: 11041644413 = 1.51x","timestamp":"2025-11-10 11:59:12"}
{"level":"info","message":"🚀 Multiplicador Spaceman 1: 11041644413 = 1.52x","timestamp":"2025-11-10 11:59:12"}
{"level":"info","message":"🚀 Multiplicador Spaceman 1: 11041644413 = 1.53x","timestamp":"2025-11-10 11:59:12"}
{"level":"info","message":"🚀 Multiplicador Spaceman 1: 11041644413 = 1.54x","timestamp":"2025-11-10 11:59:12"}
{"level":"info","message":"🚀 Multiplicador Spaceman 1: 11041644413 = 1.55x","timestamp":"2025-11-10 11:59:12"}
{"level":"info","message":"🚀 Multiplicador Spaceman 1: 11041644413 = 1.56x","timestamp":"2025-11-10 11:59:13"}
{"level":"info","message":"🚀 Multiplicador Spaceman 1: 11041644413 = 1.57x","timestamp":"2025-11-10 11:59:13"}
{"level":"info","message":"🚀 Multiplicador Spaceman 1: 11041644413 = 1.58x","timestamp":"2025-11-10 11:59:13"}
{"level":"info","message":"🚀 Multiplicador Spaceman 1: 11041644413 = 1.59x","timestamp":"2025-11-10 11:59:13"}
{"level":"info","message":"🚀 Multiplicador Spaceman 1: 11041644413 = 1.6x","timestamp":"2025-11-10 11:59:13"}
{"level":"info","message":"🚀 Multiplicador Spaceman 1: 11041644413 = 1.61x","timestamp":"2025-11-10 11:59:13"}
{"level":"info","message":"🚀 Multiplicador Spaceman 1: 11041644413 = 1.62x","timestamp":"2025-11-10 11:59:13"}
{"level":"info","message":"🚀 Multiplicador Spaceman 1: 11041644413 = 1.63x","timestamp":"2025-11-10 11:59:13"}
{"level":"info","message":"🚀 Multiplicador Spaceman 1: 11041644413 = 1.64x","timestamp":"2025-11-10 11:59:13"}
{"level":"info","message":"🚀 Multiplicador Spaceman 1: 11041644413 = 1.65x","timestamp":"2025-11-10 11:59:13"}
{"level":"info","message":"🚀 Multiplicador Spaceman 1: 11041644413 = 1.66x","timestamp":"2025-11-10 11:59:13"}
{"level":"info","message":"🚀 Multiplicador Spaceman 1: 11041644413 = 1.67x","timestamp":"2025-11-10 11:59:13"}
{"level":"info","message":"🚀 Multiplicador Spaceman 1: 11041644413 = 1.68x","timestamp":"2025-11-10 11:59:13"}
{"level":"info","message":"🚀 Multiplicador Spaceman 1: 11041644413 = 1.69x","timestamp":"2025-11-10 11:59:14"}
{"level":"info","message":"🚀 Multiplicador Spaceman 1: 11041644413 = 1.7x","timestamp":"2025-11-10 11:59:14"}
{"level":"info","message":"🚀 Multiplicador Spaceman 1: 11041644413 = 1.71x","timestamp":"2025-11-10 11:59:14"}
{"level":"info","message":"🚀 Multiplicador Spaceman 1: 11041644513 = 1.01x","timestamp":"2025-11-10 11:59:24"}
{"level":"info","message":"🚀 Multiplicador Spaceman 1: 11041644513 = 1.02x","timestamp":"2025-11-10 11:59:24"}
{"level":"info","message":"🚀 Multiplicador Spaceman 1: 11041644513 = 1.03x","timestamp":"2025-11-10 11:59:24"}
{"level":"info","message":"🚀 Multiplicador Spaceman 1: 11041644513 = 1.04x","timestamp":"2025-11-10 11:59:24"}
{"level":"info","message":"🚀 Multiplicador Spaceman 1: 11041644513 = 1.05x","timestamp":"2025-11-10 11:59:24"}
{"level":"info","message":"🚀 Multiplicador Spaceman 1: 11041644513 = 1.06x","timestamp":"2025-11-10 11:59:24"}
{"level":"info","message":"🚀 Multiplicador Spaceman 1: 11041644513 = 1.07x","timestamp":"2025-11-10 11:59:25"}
{"level":"info","message":"🚀 Multiplicador Spaceman 1: 11041644513 = 1.08x","timestamp":"2025-11-10 11:59:25"}
{"level":"info","message":"🚀 Multiplicador Spaceman 1: 11041644513 = 1.09x","timestamp":"2025-11-10 11:59:25"}
{"level":"info","message":"🚀 Multiplicador Spaceman 1: 11041644513 = 1.1x","timestamp":"2025-11-10 11:59:25"}
{"level":"info","message":"🚀 Multiplicador Spaceman 1: 11041644513 = 1.11x","timestamp":"2025-11-10 11:59:25"}
{"level":"info","message":"🚀 Multiplicador Spaceman 1: 11041644513 = 1.12x","timestamp":"2025-11-10 11:59:25"}
{"level":"info","message":"🚀 Multiplicador Spaceman 1: 11041644513 = 1.13x","timestamp":"2025-11-10 11:59:25"}
{"level":"info","message":"🚀 Multiplicador Spaceman 1: 11041644513 = 1.14x","timestamp":"2025-11-10 11:59:25"}
{"level":"info","message":"🚀 Multiplicador Spaceman 1: 11041644513 = 1.15x","timestamp":"2025-11-10 11:59:25"}
{"level":"info","message":"🚀 Multiplicador Spaceman 1: 11041644513 = 1.16x","timestamp":"2025-11-10 11:59:25"}
{"level":"info","message":"🚀 Multiplicador Spaceman 1: 11041644513 = 1.17x","timestamp":"2025-11-10 11:59:26"}
{"level":"info","message":"🚀 Multiplicador Spaceman 1: 11041644513 = 1.18x","timestamp":"2025-11-10 11:59:26"}
{"level":"info","message":"🚀 Multiplicador Spaceman 1: 11041644513 = 1.19x","timestamp":"2025-11-10 11:59:26"}
{"level":"info","message":"🚀 Multiplicador Spaceman 1: 11041644513 = 1.2x","timestamp":"2025-11-10 11:59:26"}
{"level":"info","message":"🚀 Multiplicador Spaceman 1: 11041644513 = 1.21x","timestamp":"2025-11-10 11:59:26"}
{"level":"info","message":"🚀 Multiplicador Spaceman 1: 11041644513 = 1.22x","timestamp":"2025-11-10 11:59:26"}
{"level":"info","message":"🚀 Multiplicador Spaceman 1: 11041644513 = 1.23x","timestamp":"2025-11-10 11:59:26"}
{"level":"info","message":"🚀 Multiplicador Spaceman 1: 11041644513 = 1.24x","timestamp":"2025-11-10 11:59:26"}
{"level":"info","message":"🚀 Multiplicador Spaceman 1: 11041644513 = 1.25x","timestamp":"2025-11-10 11:59:26"}
{"level":"info","message":"🚀 Multiplicador Spaceman 1: 11041644513 = 1.26x","timestamp":"2025-11-10 11:59:26"}
{"level":"info","message":"🚀 Multiplicador Spaceman 1: 11041644513 = 1.27x","timestamp":"2025-11-10 11:59:27"}
{"level":"info","message":"🚀 Multiplicador Spaceman 1: 11041644513 = 1.28x","timestamp":"2025-11-10 11:59:27"}
{"level":"info","message":"🚀 Multiplicador Spaceman 1: 11041644513 = 1.29x","timestamp":"2025-11-10 11:59:27"}
{"level":"info","message":"🚀 Multiplicador Spaceman 1: 11041644513 = 1.3x","timestamp":"2025-11-10 11:59:27"}
{"level":"info","message":"🚀 Multiplicador Spaceman 1: 11041644513 = 1.31x","timestamp":"2025-11-10 11:59:27"}
{"level":"info","message":"🚀 Multiplicador Spaceman 1: 11041644513 = 1.32x","timestamp":"2025-11-10 11:59:27"}
{"level":"info","message":"🚀 Multiplicador Spaceman 1: 11041644513 = 1.33x","timestamp":"2025-11-10 11:59:27"}
{"level":"info","message":"🚀 Multiplicador Spaceman 1: 11041644513 = 1.34x","timestamp":"2025-11-10 11:59:27"}
{"level":"info","message":"🚀 Multiplicador Spaceman 1: 11041644513 = 1.35x","timestamp":"2025-11-10 11:59:27"}
{"level":"info","message":"🚀 Multiplicador Spaceman 1: 11041644513 = 1.36x","timestamp":"2025-11-10 11:59:27"}
{"level":"info","message":"🚀 Multiplicador Spaceman 1: 11041644513 = 1.37x","timestamp":"2025-11-10 11:59:28"}
{"level":"info","message":"🚀 Multiplicador Spaceman 1: 11041644513 = 1.38x","timestamp":"2025-11-10 11:59:28"}
{"level":"info","message":"🚀 Multiplicador Spaceman 1: 11041644513 = 1.39x","timestamp":"2025-11-10 11:59:28"}
{"level":"info","message":"🚀 Multiplicador Spaceman 1: 11041644513 = 1.4x","timestamp":"2025-11-10 11:59:28"}
{"level":"info","message":"🚀 Multiplicador Spaceman 1: 11041644513 = 1.41x","timestamp":"2025-11-10 11:59:28"}
{"level":"info","message":"🚀 Multiplicador Spaceman 1: 11041644513 = 1.42x","timestamp":"2025-11-10 11:59:28"}
{"level":"info","message":"🚀 Multiplicador Spaceman 1: 11041644513 = 1.43x","timestamp":"2025-11-10 11:59:28"}
{"level":"info","message":"🚀 Multiplicador Spaceman 1: 11041644513 = 1.44x","timestamp":"2025-11-10 11:59:28"}
{"level":"info","message":"🚀 Multiplicador Spaceman 1: 11041644513 = 1.45x","timestamp":"2025-11-10 11:59:28"}
{"level":"info","message":"🚀 Multiplicador Spaceman 1: 11041644513 = 1.46x","timestamp":"2025-11-10 11:59:28"}
{"level":"info","message":"🚀 Multiplicador Spaceman 1: 11041644513 = 1.47x","timestamp":"2025-11-10 11:59:28"}
{"level":"info","message":"🚀 Multiplicador Spaceman 1: 11041644513 = 1.48x","timestamp":"2025-11-10 11:59:28"}
{"level":"info","message":"🚀 Multiplicador Spaceman 1: 11041644513 = 1.49x","timestamp":"2025-11-10 11:59:29"}
{"level":"info","message":"🚀 Multiplicador Spaceman 1: 11041644513 = 1.5x","timestamp":"2025-11-10 11:59:29"}
{"level":"info","message":"🚀 Multiplicador Spaceman 1: 11041644513 = 1.51x","timestamp":"2025-11-10 11:59:29"}
{"level":"info","message":"🚀 Multiplicador Spaceman 1: 11041644513 = 1.52x","timestamp":"2025-11-10 11:59:29"}
{"level":"info","message":"🚀 Multiplicador Spaceman 1: 11041644513 = 1.53x","timestamp":"2025-11-10 11:59:29"}
{"level":"info","message":"🚀 Multiplicador Spaceman 1: 11041644513 = 1.54x","timestamp":"2025-11-10 11:59:29"}
{"level":"info","message":"🚀 Multiplicador Spaceman 1: 11041644613 = 1.01x","timestamp":"2025-11-10 11:59:39"}
{"level":"info","message":"🚀 Multiplicador Spaceman 1: 11041644613 = 1.02x","timestamp":"2025-11-10 11:59:39"}
{"level":"info","message":"🚀 Multiplicador Spaceman 1: 11041644613 = 1.03x","timestamp":"2025-11-10 11:59:39"}
{"level":"info","message":"🚀 Multiplicador Spaceman 1: 11041644613 = 1.04x","timestamp":"2025-11-10 11:59:39"}
{"level":"info","message":"🚀 Multiplicador Spaceman 1: 11041644613 = 1.05x","timestamp":"2025-11-10 11:59:40"}
{"level":"info","message":"🚀 Multiplicador Spaceman 1: 11041644713 = 1.01x","timestamp":"2025-11-10 11:59:50"}
{"level":"info","message":"🚀 Multiplicador Spaceman 1: 11041644713 = 1.02x","timestamp":"2025-11-10 11:59:50"}
{"level":"info","message":"🚀 Multiplicador Spaceman 1: 11041644713 = 1.03x","timestamp":"2025-11-10 11:59:50"}
{"level":"info","message":"🚀 Multiplicador Spaceman 1: 11041644713 = 1.04x","timestamp":"2025-11-10 11:59:50"}
{"level":"info","message":"🚀 Multiplicador Spaceman 1: 11041644713 = 1.05x","timestamp":"2025-11-10 11:59:50"}
{"level":"info","message":"🚀 Multiplicador Spaceman 1: 11041644713 = 1.06x","timestamp":"2025-11-10 11:59:50"}
{"level":"info","message":"🚀 Multiplicador Spaceman 1: 11041644713 = 1.07x","timestamp":"2025-11-10 11:59:50"}
{"level":"info","message":"🚀 Multiplicador Spaceman 1: 11041644713 = 1.08x","timestamp":"2025-11-10 11:59:51"}
{"level":"info","message":"🚀 Multiplicador Spaceman 1: 11041644713 = 1.09x","timestamp":"2025-11-10 11:59:51"}
{"level":"info","message":"🚀 Multiplicador Spaceman 1: 11041644713 = 1.1x","timestamp":"2025-11-10 11:59:51"}
{"level":"info","message":"🚀 Multiplicador Spaceman 1: 11041644713 = 1.11x","timestamp":"2025-11-10 11:59:51"}
{"level":"info","message":"🚀 Multiplicador Spaceman 1: 11041644713 = 1.12x","timestamp":"2025-11-10 11:59:51"}
{"level":"info","message":"🚀 Multiplicador Spaceman 1: 11041644713 = 1.13x","timestamp":"2025-11-10 11:59:51"}
{"level":"info","message":"🚀 Multiplicador Spaceman 1: 11041644713 = 1.14x","timestamp":"2025-11-10 11:59:51"}
{"level":"info","message":"🚀 Multiplicador Spaceman 1: 11041644713 = 1.15x","timestamp":"2025-11-10 11:59:51"}
{"level":"info","message":"🚀 Multiplicador Spaceman 1: 11041644713 = 1.16x","timestamp":"2025-11-10 11:59:51"}
{"level":"info","message":"🚀 Multiplicador Spaceman 1: 11041644713 = 1.17x","timestamp":"2025-11-10 11:59:51"}
{"level":"info","message":"🚀 Multiplicador Spaceman 1: 11041644713 = 1.18x","timestamp":"2025-11-10 11:59:52"}
{"level":"info","message":"🚀 Multiplicador Spaceman 1: 11041644713 = 1.19x","timestamp":"2025-11-10 11:59:52"}
{"level":"info","message":"🚀 Multiplicador Spaceman 1: 11041644713 = 1.2x","timestamp":"2025-11-10 11:59:52"}
{"level":"info","message":"🚀 Multiplicador Spaceman 1: 11041644713 = 1.21x","timestamp":"2025-11-10 11:59:52"}
{"level":"info","message":"🚀 Multiplicador Spaceman 1: 11041644713 = 1.22x","timestamp":"2025-11-10 11:59:52"}
{"level":"info","message":"🚀 Multiplicador Spaceman 1: 11041644713 = 1.23x","timestamp":"2025-11-10 11:59:52"}
{"level":"info","message":"🚀 Multiplicador Spaceman 1: 11041644813 = 1.01x","timestamp":"2025-11-10 12:00:02"}
{"level":"info","message":"🚀 Multiplicador Spaceman 1: 11041644813 = 1.02x","timestamp":"2025-11-10 12:00:02"}
{"level":"info","message":"🚀 Multiplicador Spaceman 1: 11041644813 = 1.03x","timestamp":"2025-11-10 12:00:02"}
{"level":"info","message":"🚀 Multiplicador Spaceman 1: 11041644813 = 1.04x","timestamp":"2025-11-10 12:00:03"}
{"level":"info","message":"🚀 Multiplicador Spaceman 1: 11041644813 = 1.05x","timestamp":"2025-11-10 12:00:03"}
{"level":"info","message":"🚀 Multiplicador Spaceman 1: 11041644813 = 1.06x","timestamp":"2025-11-10 12:00:03"}
{"level":"info","message":"🚀 Multiplicador Spaceman 1: 11041644813 = 1.07x","timestamp":"2025-11-10 12:00:03"}
{"level":"info","message":"🚀 Multiplicador Spaceman 1: 11041644813 = 1.08x","timestamp":"2025-11-10 12:00:03"}
{"level":"info","message":"🚀 Multiplicador Spaceman 1: 11041644813 = 1.09x","timestamp":"2025-11-10 12:00:03"}
{"level":"info","message":"🚀 Multiplicador Spaceman 1: 11041644813 = 1.1x","timestamp":"2025-11-10 12:00:03"}
{"level":"info","message":"🚀 Multiplicador Spaceman 1: 11041644813 = 1.11x","timestamp":"2025-11-10 12:00:03"}
{"level":"info","message":"🚀 Multiplicador Spaceman 1: 11041644813 = 1.12x","timestamp":"2025-11-10 12:00:04"}
{"level":"info","message":"🚀 Multiplicador Spaceman 1: 11041644813 = 1.13x","timestamp":"2025-11-10 12:00:04"}
{"level":"info","message":"🚀 Multiplicador Spaceman 1: 11041644813 = 1.14x","timestamp":"2025-11-10 12:00:04"}
{"level":"info","message":"🚀 Multiplicador Spaceman 1: 11041644813 = 1.15x","timestamp":"2025-11-10 12:00:04"}
{"level":"info","message":"🚀 Multiplicador Spaceman 1: 11041644813 = 1.16x","timestamp":"2025-11-10 12:00:04"}
{"level":"info","message":"🚀 Multiplicador Spaceman 1: 11041644813 = 1.17x","timestamp":"2025-11-10 12:00:04"}
{"level":"info","message":"🚀 Multiplicador Spaceman 1: 11041644813 = 1.18x","timestamp":"2025-11-10 12:00:04"}
{"level":"info","message":"🚀 Multiplicador Spaceman 1: 11041644813 = 1.19x","timestamp":"2025-11-10 12:00:04"}
{"level":"info","message":"🚀 Multiplicador Spaceman 1: 11041644813 = 1.2x","timestamp":"2025-11-10 12:00:04"}
{"level":"info","message":"🚀 Multiplicador Spaceman 1: 11041644813 = 1.21x","timestamp":"2025-11-10 12:00:04"}
{"level":"info","message":"🚀 Multiplicador Spaceman 1: 11041644813 = 1.22x","timestamp":"2025-11-10 12:00:05"}
{"level":"info","message":"🚀 Multiplicador Spaceman 1: 11041644813 = 1.23x","timestamp":"2025-11-10 12:00:05"}
{"level":"info","message":"🚀 Multiplicador Spaceman 1: 11041644813 = 1.24x","timestamp":"2025-11-10 12:00:05"}
{"level":"info","message":"🚀 Multiplicador Spaceman 1: 11041644813 = 1.25x","timestamp":"2025-11-10 12:00:05"}
{"level":"info","message":"🚀 Multiplicador Spaceman 1: 11041644813 = 1.26x","timestamp":"2025-11-10 12:00:05"}
{"level":"info","message":"🚀 Multiplicador Spaceman 1: 11041644813 = 1.27x","timestamp":"2025-11-10 12:00:05"}
{"level":"info","message":"🚀 Multiplicador Spaceman 1: 11041644813 = 1.28x","timestamp":"2025-11-10 12:00:05"}
{"level":"info","message":"🚀 Multiplicador Spaceman 1: 11041644813 = 1.29x","timestamp":"2025-11-10 12:00:05"}
{"level":"info","message":"🚀 Multiplicador Spaceman 1: 11041644813 = 1.3x","timestamp":"2025-11-10 12:00:05"}
{"level":"info","message":"🚀 Multiplicador Spaceman 1: 11041644813 = 1.31x","timestamp":"2025-11-10 12:00:05"}
{"level":"info","message":"🚀 Multiplicador Spaceman 1: 11041644813 = 1.32x","timestamp":"2025-11-10 12:00:05"}
{"level":"info","message":"🚀 Multiplicador Spaceman 1: 11041644813 = 1.33x","timestamp":"2025-11-10 12:00:06"}
{"level":"info","message":"🚀 Multiplicador Spaceman 1: 11041644813 = 1.34x","timestamp":"2025-11-10 12:00:06"}
{"level":"info","message":"🚀 Multiplicador Spaceman 1: 11041644813 = 1.35x","timestamp":"2025-11-10 12:00:06"}
{"level":"info","message":"🚀 Multiplicador Spaceman 1: 11041644813 = 1.36x","timestamp":"2025-11-10 12:00:06"}
{"level":"info","message":"🚀 Multiplicador Spaceman 1: 11041644813 = 1.37x","timestamp":"2025-11-10 12:00:06"}
{"level":"info","message":"🚀 Multiplicador Spaceman 1: 11041644813 = 1.38x","timestamp":"2025-11-10 12:00:06"}
{"level":"info","message":"🚀 Multiplicador Spaceman 1: 11041644813 = 1.39x","timestamp":"2025-11-10 12:00:06"}
{"level":"info","message":"🚀 Multiplicador Spaceman 1: 11041644813 = 1.4x","timestamp":"2025-11-10 12:00:06"}
{"level":"info","message":"🚀 Multiplicador Spaceman 1: 11041644813 = 1.41x","timestamp":"2025-11-10 12:00:06"}
{"level":"info","message":"🚀 Multiplicador Spaceman 1: 11041644813 = 1.42x","timestamp":"2025-11-10 12:00:06"}
{"level":"info","message":"🚀 Multiplicador Spaceman 1: 11041644813 = 1.43x","timestamp":"2025-11-10 12:00:06"}
{"level":"info","message":"🚀 Multiplicador Spaceman 1: 11041644813 = 1.44x","timestamp":"2025-11-10 12:00:07"}
{"level":"info","message":"🚀 Multiplicador Spaceman 1: 11041644813 = 1.45x","timestamp":"2025-11-10 12:00:07"}
{"level":"info","message":"🚀 Multiplicador Spaceman 1: 11041644813 = 1.46x","timestamp":"2025-11-10 12:00:07"}
{"level":"info","message":"🚀 Multiplicador Spaceman 1: 11041644813 = 1.47x","timestamp":"2025-11-10 12:00:07"}
{"level":"info","message":"🚀 Multiplicador Spaceman 1: 11041644813 = 1.48x","timestamp":"2025-11-10 12:00:07"}
{"level":"info","message":"🚀 Multiplicador Spaceman 1: 11041644813 = 1.49x","timestamp":"2025-11-10 12:00:07"}
{"level":"info","message":"🚀 Multiplicador Spaceman 1: 11041644813 = 1.5x","timestamp":"2025-11-10 12:00:07"}
{"level":"info","message":"🚀 Multiplicador Spaceman 1: 11041644813 = 1.51x","timestamp":"2025-11-10 12:00:07"}
{"level":"info","message":"🚀 Multiplicador Spaceman 1: 11041644813 = 1.52x","timestamp":"2025-11-10 12:00:07"}
{"level":"info","message":"🚀 Multiplicador Spaceman 1: 11041644813 = 1.53x","timestamp":"2025-11-10 12:00:07"}
{"level":"info","message":"🚀 Multiplicador Spaceman 1: 11041644813 = 1.54x","timestamp":"2025-11-10 12:00:07"}
{"level":"info","message":"🚀 Multiplicador Spaceman 1: 11041644813 = 1.55x","timestamp":"2025-11-10 12:00:07"}
{"level":"info","message":"🚀 Multiplicador Spaceman 1: 11041644813 = 1.56x","timestamp":"2025-11-10 12:00:07"}
{"level":"info","message":"🚀 Multiplicador Spaceman 1: 11041644813 = 1.57x","timestamp":"2025-11-10 12:00:08"}
{"level":"info","message":"🚀 Multiplicador Spaceman 1: 11041644813 = 1.58x","timestamp":"2025-11-10 12:00:08"}
{"level":"info","message":"🚀 Multiplicador Spaceman 1: 11041644813 = 1.59x","timestamp":"2025-11-10 12:00:08"}
{"level":"info","message":"🚀 Multiplicador Spaceman 1: 11041644813 = 1.6x","timestamp":"2025-11-10 12:00:08"}
{"level":"info","message":"🚀 Multiplicador Spaceman 1: 11041644813 = 1.61x","timestamp":"2025-11-10 12:00:08"}
{"level":"info","message":"🚀 Multiplicador Spaceman 1: 11041644813 = 1.62x","timestamp":"2025-11-10 12:00:08"}
{"level":"info","message":"🚀 Multiplicador Spaceman 1: 11041644813 = 1.63x","timestamp":"2025-11-10 12:00:08"}
{"level":"info","message":"🚀 Multiplicador Spaceman 1: 11041644813 = 1.64x","timestamp":"2025-11-10 12:00:08"}
{"level":"info","message":"🚀 Multiplicador Spaceman 1: 11041644813 = 1.65x","timestamp":"2025-11-10 12:00:08"}
{"level":"info","message":"🚀 Multiplicador Spaceman 1: 11041644813 = 1.66x","timestamp":"2025-11-10 12:00:08"}
{"level":"info","message":"🚀 Multiplicador Spaceman 1: 11041644813 = 1.67x","timestamp":"2025-11-10 12:00:08"}
{"level":"info","message":"🚀 Multiplicador Spaceman 1: 11041644813 = 1.68x","timestamp":"2025-11-10 12:00:08"}
{"level":"info","message":"🚀 Multiplicador Spaceman 1: 11041644813 = 1.69x","timestamp":"2025-11-10 12:00:08"}
{"level":"info","message":"🚀 Multiplicador Spaceman 1: 11041644813 = 1.7x","timestamp":"2025-11-10 12:00:09"}
{"level":"info","message":"🚀 Multiplicador Spaceman 1: 11041644813 = 1.71x","timestamp":"2025-11-10 12:00:09"}
{"level":"info","message":"🚀 Multiplicador Spaceman 1: 11041644813 = 1.72x","timestamp":"2025-11-10 12:00:09"}
{"level":"info","message":"🚀 Multiplicador Spaceman 1: 11041644813 = 1.73x","timestamp":"2025-11-10 12:00:09"}
{"level":"info","message":"🚀 Multiplicador Spaceman 1: 11041644813 = 1.74x","timestamp":"2025-11-10 12:00:09"}
{"level":"info","message":"🚀 Multiplicador Spaceman 1: 11041644813 = 1.75x","timestamp":"2025-11-10 12:00:09"}
{"level":"info","message":"🚀 Multiplicador Spaceman 1: 11041644813 = 1.76x","timestamp":"2025-11-10 12:00:09"}
{"level":"info","message":"🚀 Multiplicador Spaceman 1: 11041644813 = 1.77x","timestamp":"2025-11-10 12:00:09"}
{"level":"info","message":"🚀 Multiplicador Spaceman 1: 11041644813 = 1.78x","timestamp":"2025-11-10 12:00:09"}
{"level":"info","message":"🚀 Multiplicador Spaceman 1: 11041644813 = 1.79x","timestamp":"2025-11-10 12:00:09"}
{"level":"info","message":"🚀 Multiplicador Spaceman 1: 11041644813 = 1.8x","timestamp":"2025-11-10 12:00:09"}
{"level":"info","message":"🚀 Multiplicador Spaceman 1: 11041644813 = 1.81x","timestamp":"2025-11-10 12:00:09"}
{"level":"info","message":"🚀 Multiplicador Spaceman 1: 11041644813 = 1.82x","timestamp":"2025-11-10 12:00:09"}
{"level":"info","message":"🚀 Multiplicador Spaceman 1: 11041644813 = 1.83x","timestamp":"2025-11-10 12:00:09"}
{"level":"info","message":"🚀 Multiplicador Spaceman 1: 11041644813 = 1.84x","timestamp":"2025-11-10 12:00:09"}
{"level":"info","message":"🚀 Multiplicador Spaceman 1: 11041644813 = 1.85x","timestamp":"2025-11-10 12:00:10"}
{"level":"info","message":"🚀 Multiplicador Spaceman 1: 11041644813 = 1.86x","timestamp":"2025-11-10 12:00:10"}
{"level":"info","message":"🚀 Multiplicador Spaceman 1: 11041644813 = 1.87x","timestamp":"2025-11-10 12:00:10"}
{"level":"info","message":"🚀 Multiplicador Spaceman 1: 11041644813 = 1.88x","timestamp":"2025-11-10 12:00:10"}
{"level":"info","message":"🚀 Multiplicador Spaceman 1: 11041644813 = 1.89x","timestamp":"2025-11-10 12:00:10"}
{"level":"info","message":"🚀 Multiplicador Spaceman 1: 11041644813 = 1.9x","timestamp":"2025-11-10 12:00:10"}
{"level":"info","message":"🚀 Multiplicador Spaceman 1: 11041644813 = 1.91x","timestamp":"2025-11-10 12:00:10"}
{"level":"info","message":"🚀 Multiplicador Spaceman 1: 11041644813 = 1.92x","timestamp":"2025-11-10 12:00:10"}
{"level":"info","message":"🚀 Multiplicador Spaceman 1: 11041644813 = 1.93x","timestamp":"2025-11-10 12:00:10"}
{"level":"info","message":"🚀 Multiplicador Spaceman 1: 11041644813 = 1.94x","timestamp":"2025-11-10 12:00:10"}
{"level":"info","message":"🚀 Multiplicador Spaceman 1: 11041644813 = 1.95x","timestamp":"2025-11-10 12:00:10"}
{"level":"info","message":"🚀 Multiplicador Spaceman 1: 11041644813 = 1.96x","timestamp":"2025-11-10 12:00:10"}
{"level":"info","message":"🚀 Multiplicador Spaceman 1: 11041644813 = 1.97x","timestamp":"2025-11-10 12:00:10"}
{"level":"info","message":"🚀 Multiplicador Spaceman 1: 11041644813 = 1.98x","timestamp":"2025-11-10 12:00:10"}
{"level":"info","message":"🚀 Multiplicador Spaceman 1: 11041644813 = 2x","timestamp":"2025-11-10 12:00:10"}
{"level":"info","message":"🚀 Multiplicador Spaceman 1: 11041644813 = 2.01x","timestamp":"2025-11-10 12:00:11"}
{"level":"info","message":"🚀 Multiplicador Spaceman 1: 11041644813 = 2.02x","timestamp":"2025-11-10 12:00:11"}
{"level":"info","message":"🚀 Multiplicador Spaceman 1: 11041644813 = 2.03x","timestamp":"2025-11-10 12:00:11"}
{"level":"info","message":"🚀 Multiplicador Spaceman 1: 11041644813 = 2.04x","timestamp":"2025-11-10 12:00:11"}
{"level":"info","message":"🚀 Multiplicador Spaceman 1: 11041644813 = 2.05x","timestamp":"2025-11-10 12:00:11"}
{"level":"info","message":"🚀 Multiplicador Spaceman 1: 11041644813 = 2.06x","timestamp":"2025-11-10 12:00:11"}
{"level":"info","message":"🚀 Multiplicador Spaceman 1: 11041644813 = 2.07x","timestamp":"2025-11-10 12:00:11"}
{"level":"info","message":"🚀 Multiplicador Spaceman 1: 11041644813 = 2.08x","timestamp":"2025-11-10 12:00:11"}
{"level":"info","message":"🚀 Multiplicador Spaceman 1: 11041644813 = 2.09x","timestamp":"2025-11-10 12:00:11"}
{"level":"info","message":"🚀 Multiplicador Spaceman 1: 11041644813 = 2.1x","timestamp":"2025-11-10 12:00:11"}
{"level":"info","message":"🚀 Multiplicador Spaceman 1: 11041644813 = 2.11x","timestamp":"2025-11-10 12:00:11"}
{"level":"info","message":"🚀 Multiplicador Spaceman 1: 11041644813 = 2.13x","timestamp":"2025-11-10 12:00:11"}
{"level":"info","message":"🚀 Multiplicador Spaceman 1: 11041644813 = 2.14x","timestamp":"2025-11-10 12:00:11"}
{"level":"info","message":"🚀 Multiplicador Spaceman 1: 11041644813 = 2.15x","timestamp":"2025-11-10 12:00:11"}
{"level":"info","message":"🚀 Multiplicador Spaceman 1: 11041644813 = 2.16x","timestamp":"2025-11-10 12:00:11"}
{"level":"info","message":"🚀 Multiplicador Spaceman 1: 11041644813 = 2.17x","timestamp":"2025-11-10 12:00:11"}
{"level":"info","message":"🚀 Multiplicador Spaceman 1: 11041644813 = 2.18x","timestamp":"2025-11-10 12:00:12"}
{"level":"info","message":"🚀 Multiplicador Spaceman 1: 11041644813 = 2.19x","timestamp":"2025-11-10 12:00:12"}
{"level":"info","message":"🚀 Multiplicador Spaceman 1: 11041644813 = 2.2x","timestamp":"2025-11-10 12:00:12"}
{"level":"info","message":"🚀 Multiplicador Spaceman 1: 11041644813 = 2.21x","timestamp":"2025-11-10 12:00:12"}
{"level":"info","message":"🚀 Multiplicador Spaceman 1: 11041644813 = 2.22x","timestamp":"2025-11-10 12:00:12"}
{"level":"info","message":"🚀 Multiplicador Spaceman 1: 11041644813 = 2.23x","timestamp":"2025-11-10 12:00:12"}
{"level":"info","message":"🚀 Multiplicador Spaceman 1: 11041644813 = 2.24x","timestamp":"2025-11-10 12:00:12"}
{"level":"info","message":"🚀 Multiplicador Spaceman 1: 11041644813 = 2.25x","timestamp":"2025-11-10 12:00:12"}
{"level":"info","message":"🚀 Multiplicador Spaceman 1: 11041644813 = 2.26x","timestamp":"2025-11-10 12:00:12"}
{"level":"info","message":"🚀 Multiplicador Spaceman 1: 11041644813 = 2.27x","timestamp":"2025-11-10 12:00:12"}
{"level":"info","message":"🚀 Multiplicador Spaceman 1: 11041644813 = 2.28x","timestamp":"2025-11-10 12:00:12"}
{"level":"info","message":"🚀 Multiplicador Spaceman 1: 11041644813 = 2.29x","timestamp":"2025-11-10 12:00:12"}
{"level":"info","message":"🚀 Multiplicador Spaceman 1: 11041644813 = 2.3x","timestamp":"2025-11-10 12:00:12"}
{"level":"info","message":"🚀 Multiplicador Spaceman 1: 11041644813 = 2.31x","timestamp":"2025-11-10 12:00:12"}
{"level":"info","message":"🚀 Multiplicador Spaceman 1: 11041644813 = 2.32x","timestamp":"2025-11-10 12:00:12"}
{"level":"info","message":"🚀 Multiplicador Spaceman 1: 11041644813 = 2.33x","timestamp":"2025-11-10 12:00:12"}
{"level":"info","message":"🚀 Multiplicador Spaceman 1: 11041644813 = 2.34x","timestamp":"2025-11-10 12:00:12"}
{"level":"info","message":"🚀 Multiplicador Spaceman 1: 11041644813 = 2.35x","timestamp":"2025-11-10 12:00:12"}
{"level":"info","message":"🚀 Multiplicador Spaceman 1: 11041644813 = 2.36x","timestamp":"2025-11-10 12:00:13"}
{"level":"info","message":"🚀 Multiplicador Spaceman 1: 11041644813 = 2.37x","timestamp":"2025-11-10 12:00:13"}
{"level":"info","message":"🚀 Multiplicador Spaceman 1: 11041644813 = 2.38x","timestamp":"2025-11-10 12:00:13"}
{"level":"info","message":"🚀 Multiplicador Spaceman 1: 11041644813 = 2.39x","timestamp":"2025-11-10 12:00:13"}
{"level":"info","message":"🚀 Multiplicador Spaceman 1: 11041644813 = 2.41x","timestamp":"2025-11-10 12:00:13"}
{"level":"info","message":"🚀 Multiplicador Spaceman 1: 11041644813 = 2.42x","timestamp":"2025-11-10 12:00:13"}
{"level":"info","message":"🚀 Multiplicador Spaceman 1: 11041644813 = 2.43x","timestamp":"2025-11-10 12:00:13"}
{"level":"info","message":"🚀 Multiplicador Spaceman 1: 11041644813 = 2.44x","timestamp":"2025-11-10 12:00:13"}
{"level":"info","message":"🚀 Multiplicador Spaceman 1: 11041644813 = 2.45x","timestamp":"2025-11-10 12:00:13"}
{"level":"info","message":"🚀 Multiplicador Spaceman 1: 11041644813 = 2.46x","timestamp":"2025-11-10 12:00:13"}
{"level":"info","message":"🔄 Reconexión automática programada (5 min) para Spaceman ID: 1","timestamp":"2025-11-10 12:00:13"}
{"level":"info","message":"🚀 Multiplicador Spaceman 1: 11041644813 = 2.47x","timestamp":"2025-11-10 12:00:13"}
{"level":"info","message":"🚀 Multiplicador Spaceman 1: 11041644813 = 2.48x","timestamp":"2025-11-10 12:00:13"}
{"level":"info","message":"🚀 Multiplicador Spaceman 1: 11041644813 = 2.49x","timestamp":"2025-11-10 12:00:13"}
{"level":"warn","message":"Multiplicador Spaceman 1 desconectado. Código: 4002, Razón: Auto reconnect - 5 min","timestamp":"2025-11-10 12:00:13"}
{"level":"warn","message":"Programando reconexión multiplicador Spaceman ID: 1, intento 1/3","timestamp":"2025-11-10 12:00:13"}
{"level":"info","message":"Estado WebSocket actualizado en BD para spaceman 1: DISCONNECTED","timestamp":"2025-11-10 12:00:15"}
{"level":"info","message":"🔄 Ejecutando reconexión automática con reconnect=true para Spaceman ID: 1","timestamp":"2025-11-10 12:00:15"}
{"level":"warn","message":"🔄 updateTokenAndConnect llamado para Spaceman 1 desde: at Timeout._onTimeout (C:\\Users\\LENOVO\\Desktop\\AVIARIX2\\backend\\src\\logic-apps\\Spaceman\\spaceman-websocket.service.ts:134:24)","timestamp":"2025-11-10 12:00:15"}
{"level":"warn","message":"Spaceman 1: Bookmaker 9 está inactivo, saltando conexión","timestamp":"2025-11-10 12:00:15"}
{"level":"warn","message":"🔄 updateTokenAndConnect llamado para Spaceman 1 desde: at Timeout._onTimeout (C:\\Users\\LENOVO\\Desktop\\AVIARIX2\\backend\\src\\logic-apps\\Spaceman\\spaceman-websocket.service.ts:704:24)","timestamp":"2025-11-10 12:00:18"}
{"level":"info","message":"✅ Usando JSESSIONID configurado manualmente para Spaceman 1","timestamp":"2025-11-10 12:00:18"}
{"level":"info","message":"Token actualizado exitosamente para Spaceman 1, iniciando conexiones...","timestamp":"2025-11-10 12:00:19"}
{"level":"info","message":"🔄 Reconectando multiplicador con reconnect=true para Spaceman ID: 1","timestamp":"2025-11-10 12:00:19"}
{"level":"info","message":"Conexión multiplicador establecida para Spaceman ID: 1","timestamp":"2025-11-10 12:00:20"}
{"level":"info","message":"✅ Reconexión automática cada 5 minutos iniciada para Spaceman ID: 1","timestamp":"2025-11-10 12:00:20"}
{"level":"info","message":"Conexión finanzas establecida para Spaceman ID: 1","timestamp":"2025-11-10 12:00:20"}
{"level":"info","message":"URL de finanzas conectada: wss://gs13.pragmaticplaylive.net/game?bcs=true&JSESSIONID=XnpuqNrENDPQn9hqXuvKtlspf5bC2hmLqww5EZBb1JAPVg3G62eu%21-720566706-c1138735&tableId=spacemanyxe123nh","timestamp":"2025-11-10 12:00:20"}
{"level":"info","message":"🚀 Multiplicador Spaceman 1: 11041644813 = 4.25x","timestamp":"2025-11-10 12:00:20"}
{"level":"info","message":"🚀 Multiplicador Spaceman 1: 11041644813 = 4.27x","timestamp":"2025-11-10 12:00:20"}
{"level":"info","message":"🚀 Multiplicador Spaceman 1: 11041644813 = 4.29x","timestamp":"2025-11-10 12:00:20"}
{"level":"info","message":"🚀 Multiplicador Spaceman 1: 11041644813 = 4.31x","timestamp":"2025-11-10 12:00:20"}
{"level":"info","message":"🚀 Multiplicador Spaceman 1: 11041644813 = 4.33x","timestamp":"2025-11-10 12:00:20"}
{"level":"info","message":"🚀 Multiplicador Spaceman 1: 11041644813 = 4.34x","timestamp":"2025-11-10 12:00:20"}
{"level":"info","message":"🚀 Multiplicador Spaceman 1: 11041644813 = 4.36x","timestamp":"2025-11-10 12:00:20"}
{"level":"info","message":"🚀 Multiplicador Spaceman 1: 11041644813 = 4.38x","timestamp":"2025-11-10 12:00:20"}
{"level":"info","message":"🚀 Multiplicador Spaceman 1: 11041644813 = 4.4x","timestamp":"2025-11-10 12:00:20"}
{"level":"info","message":"🚀 Multiplicador Spaceman 1: 11041644813 = 4.42x","timestamp":"2025-11-10 12:00:20"}
{"level":"info","message":"🚀 Multiplicador Spaceman 1: 11041644813 = 4.43x","timestamp":"2025-11-10 12:00:20"}
{"level":"info","message":"🚀 Multiplicador Spaceman 1: 11041644813 = 4.45x","timestamp":"2025-11-10 12:00:20"}
{"level":"info","message":"🚀 Multiplicador Spaceman 1: 11041644813 = 4.47x","timestamp":"2025-11-10 12:00:20"}
{"level":"info","message":"🚀 Multiplicador Spaceman 1: 11041644813 = 4.51x","timestamp":"2025-11-10 12:00:20"}
{"level":"info","message":"Estado WebSocket actualizado en BD para spaceman 1: CONNECTED","timestamp":"2025-11-10 12:00:20"}
{"level":"info","message":"🚀 Multiplicador Spaceman 1: 11041644813 = 4.53x","timestamp":"2025-11-10 12:00:20"}
{"level":"info","message":"🚀 Multiplicador Spaceman 1: 11041644813 = 4.54x","timestamp":"2025-11-10 12:00:20"}
{"level":"info","message":"Estado WebSocket actualizado en BD para spaceman 1: CONNECTED","timestamp":"2025-11-10 12:00:20"}
{"level":"info","message":"🚀 Multiplicador Spaceman 1: 11041644813 = 4.57x","timestamp":"2025-11-10 12:00:20"}
{"level":"info","message":"🚀 Multiplicador Spaceman 1: 11041644813 = 4.58x","timestamp":"2025-11-10 12:00:20"}
{"level":"info","message":"🚀 Multiplicador Spaceman 1: 11041644813 = 4.6x","timestamp":"2025-11-10 12:00:21"}
{"level":"info","message":"🚀 Multiplicador Spaceman 1: 11041644813 = 4.62x","timestamp":"2025-11-10 12:00:21"}
{"level":"info","message":"🚀 Multiplicador Spaceman 1: 11041644813 = 4.64x","timestamp":"2025-11-10 12:00:21"}
{"level":"info","message":"🚀 Multiplicador Spaceman 1: 11041644813 = 4.66x","timestamp":"2025-11-10 12:00:21"}
{"level":"info","message":"🚀 Multiplicador Spaceman 1: 11041644813 = 4.68x","timestamp":"2025-11-10 12:00:21"}
{"level":"info","message":"🚀 Multiplicador Spaceman 1: 11041644813 = 4.7x","timestamp":"2025-11-10 12:00:21"}
{"level":"info","message":"🚀 Multiplicador Spaceman 1: 11041644813 = 4.72x","timestamp":"2025-11-10 12:00:21"}
{"level":"info","message":"🚀 Multiplicador Spaceman 1: 11041644813 = 4.74x","timestamp":"2025-11-10 12:00:21"}
{"level":"info","message":"🚀 Multiplicador Spaceman 1: 11041644813 = 4.76x","timestamp":"2025-11-10 12:00:21"}
{"level":"info","message":"🚀 Multiplicador Spaceman 1: 11041644813 = 4.78x","timestamp":"2025-11-10 12:00:21"}
{"level":"info","message":"🚀 Multiplicador Spaceman 1: 11041644813 = 4.82x","timestamp":"2025-11-10 12:00:21"}
{"level":"info","message":"🚀 Multiplicador Spaceman 1: 11041644813 = 4.83x","timestamp":"2025-11-10 12:00:21"}
{"level":"info","message":"🚀 Multiplicador Spaceman 1: 11041644813 = 4.85x","timestamp":"2025-11-10 12:00:21"}
{"level":"info","message":"🚀 Multiplicador Spaceman 1: 11041644813 = 4.87x","timestamp":"2025-11-10 12:00:21"}
{"level":"info","message":"🚀 Multiplicador Spaceman 1: 11041644813 = 4.89x","timestamp":"2025-11-10 12:00:21"}
{"level":"info","message":"🚀 Multiplicador Spaceman 1: 11041644813 = 4.91x","timestamp":"2025-11-10 12:00:21"}
{"level":"info","message":"🚀 Multiplicador Spaceman 1: 11041644813 = 4.93x","timestamp":"2025-11-10 12:00:21"}
{"level":"info","message":"🚀 Multiplicador Spaceman 1: 11041644813 = 4.95x","timestamp":"2025-11-10 12:00:21"}
{"level":"info","message":"🚀 Multiplicador Spaceman 1: 11041644813 = 4.97x","timestamp":"2025-11-10 12:00:21"}
{"level":"info","message":"🚀 Multiplicador Spaceman 1: 11041644813 = 5x","timestamp":"2025-11-10 12:00:22"}
{"level":"info","message":"🚀 Multiplicador Spaceman 1: 11041644813 = 5.02x","timestamp":"2025-11-10 12:00:22"}
{"level":"info","message":"🚀 Multiplicador Spaceman 1: 11041644813 = 5.04x","timestamp":"2025-11-10 12:00:22"}
{"level":"info","message":"🚀 Multiplicador Spaceman 1: 11041644813 = 5.06x","timestamp":"2025-11-10 12:00:22"}
{"level":"info","message":"🚀 Multiplicador Spaceman 1: 11041644813 = 5.08x","timestamp":"2025-11-10 12:00:22"}
{"level":"info","message":"🚀 Multiplicador Spaceman 1: 11041644813 = 5.1x","timestamp":"2025-11-10 12:00:22"}
{"level":"info","message":"🚀 Multiplicador Spaceman 1: 11041644813 = 5.14x","timestamp":"2025-11-10 12:00:22"}
{"level":"info","message":"🚀 Multiplicador Spaceman 1: 11041644813 = 5.16x","timestamp":"2025-11-10 12:00:22"}
{"level":"info","message":"🚀 Multiplicador Spaceman 1: 11041644813 = 5.18x","timestamp":"2025-11-10 12:00:22"}
{"level":"info","message":"🚀 Multiplicador Spaceman 1: 11041644813 = 5.2x","timestamp":"2025-11-10 12:00:22"}
{"level":"info","message":"🚀 Multiplicador Spaceman 1: 11041644813 = 5.22x","timestamp":"2025-11-10 12:00:22"}
{"level":"info","message":"🚀 Multiplicador Spaceman 1: 11041644813 = 5.25x","timestamp":"2025-11-10 12:00:22"}
{"level":"info","message":"🚀 Multiplicador Spaceman 1: 11041644813 = 5.27x","timestamp":"2025-11-10 12:00:22"}
{"level":"info","message":"🚀 Multiplicador Spaceman 1: 11041644813 = 5.29x","timestamp":"2025-11-10 12:00:22"}
{"level":"info","message":"🚀 Multiplicador Spaceman 1: 11041644813 = 5.32x","timestamp":"2025-11-10 12:00:22"}
{"level":"info","message":"🚀 Multiplicador Spaceman 1: 11041644813 = 5.34x","timestamp":"2025-11-10 12:00:22"}
{"level":"info","message":"🚀 Multiplicador Spaceman 1: 11041644813 = 5.36x","timestamp":"2025-11-10 12:00:22"}
{"level":"info","message":"🚀 Multiplicador Spaceman 1: 11041644813 = 5.39x","timestamp":"2025-11-10 12:00:22"}
{"level":"info","message":"🚀 Multiplicador Spaceman 1: 11041644813 = 5.42x","timestamp":"2025-11-10 12:00:22"}
{"level":"info","message":"🚀 Multiplicador Spaceman 1: 11041644813 = 5.45x","timestamp":"2025-11-10 12:00:23"}
{"level":"info","message":"🚀 Multiplicador Spaceman 1: 11041644813 = 5.47x","timestamp":"2025-11-10 12:00:23"}
{"level":"info","message":"🚀 Multiplicador Spaceman 1: 11041644813 = 5.49x","timestamp":"2025-11-10 12:00:23"}
{"level":"info","message":"🚀 Multiplicador Spaceman 1: 11041644813 = 5.52x","timestamp":"2025-11-10 12:00:23"}
{"level":"info","message":"🚀 Multiplicador Spaceman 1: 11041644813 = 5.54x","timestamp":"2025-11-10 12:00:23"}
{"level":"info","message":"🚀 Multiplicador Spaceman 1: 11041644813 = 5.56x","timestamp":"2025-11-10 12:00:23"}
{"level":"info","message":"🚀 Multiplicador Spaceman 1: 11041644813 = 5.58x","timestamp":"2025-11-10 12:00:23"}
{"level":"info","message":"🚀 Multiplicador Spaceman 1: 11041644813 = 5.61x","timestamp":"2025-11-10 12:00:23"}
{"level":"info","message":"🚀 Multiplicador Spaceman 1: 11041644813 = 5.63x","timestamp":"2025-11-10 12:00:23"}
{"level":"info","message":"🚀 Multiplicador Spaceman 1: 11041644813 = 5.65x","timestamp":"2025-11-10 12:00:23"}
{"level":"info","message":"🚀 Multiplicador Spaceman 1: 11041644813 = 5.68x","timestamp":"2025-11-10 12:00:23"}
{"level":"info","message":"🚀 Multiplicador Spaceman 1: 11041644813 = 5.7x","timestamp":"2025-11-10 12:00:23"}
{"level":"info","message":"🚀 Multiplicador Spaceman 1: 11041644813 = 5.72x","timestamp":"2025-11-10 12:00:23"}
{"level":"info","message":"🚀 Multiplicador Spaceman 1: 11041644813 = 5.75x","timestamp":"2025-11-10 12:00:23"}
{"level":"info","message":"🚀 Multiplicador Spaceman 1: 11041644813 = 5.79x","timestamp":"2025-11-10 12:00:23"}
{"level":"info","message":"🚀 Multiplicador Spaceman 1: 11041644813 = 5.81x","timestamp":"2025-11-10 12:00:23"}
{"level":"info","message":"🚀 Multiplicador Spaceman 1: 11041644813 = 5.84x","timestamp":"2025-11-10 12:00:23"}
{"level":"info","message":"🚀 Multiplicador Spaceman 1: 11041644813 = 5.87x","timestamp":"2025-11-10 12:00:23"}
{"level":"info","message":"🚀 Multiplicador Spaceman 1: 11041644813 = 5.89x","timestamp":"2025-11-10 12:00:23"}
{"level":"info","message":"🚀 Multiplicador Spaceman 1: 11041644813 = 5.92x","timestamp":"2025-11-10 12:00:24"}
{"level":"info","message":"🚀 Multiplicador Spaceman 1: 11041644813 = 5.94x","timestamp":"2025-11-10 12:00:24"}
{"level":"info","message":"🚀 Multiplicador Spaceman 1: 11041644813 = 5.96x","timestamp":"2025-11-10 12:00:24"}
{"level":"info","message":"🚀 Multiplicador Spaceman 1: 11041644813 = 5.99x","timestamp":"2025-11-10 12:00:24"}
{"level":"info","message":"🚀 Multiplicador Spaceman 1: 11041644813 = 6.02x","timestamp":"2025-11-10 12:00:24"}
{"level":"info","message":"🚀 Multiplicador Spaceman 1: 11041644813 = 6.04x","timestamp":"2025-11-10 12:00:24"}
{"level":"info","message":"🚀 Multiplicador Spaceman 1: 11041644813 = 6.07x","timestamp":"2025-11-10 12:00:24"}
{"level":"info","message":"🚀 Multiplicador Spaceman 1: 11041644813 = 6.09x","timestamp":"2025-11-10 12:00:24"}
{"level":"info","message":"🚀 Multiplicador Spaceman 1: 11041644813 = 6.12x","timestamp":"2025-11-10 12:00:24"}
{"level":"info","message":"🚀 Multiplicador Spaceman 1: 11041644813 = 6.15x","timestamp":"2025-11-10 12:00:24"}
{"level":"info","message":"🚀 Multiplicador Spaceman 1: 11041644813 = 6.19x","timestamp":"2025-11-10 12:00:24"}
{"level":"info","message":"🚀 Multiplicador Spaceman 1: 11041644813 = 6.21x","timestamp":"2025-11-10 12:00:24"}
{"level":"info","message":"🚀 Multiplicador Spaceman 1: 11041644813 = 6.24x","timestamp":"2025-11-10 12:00:24"}
{"level":"info","message":"🚀 Multiplicador Spaceman 1: 11041644813 = 6.26x","timestamp":"2025-11-10 12:00:24"}
{"level":"info","message":"🚀 Multiplicador Spaceman 1: 11041644813 = 6.29x","timestamp":"2025-11-10 12:00:24"}
{"level":"info","message":"🚀 Multiplicador Spaceman 1: 11041644813 = 6.32x","timestamp":"2025-11-10 12:00:24"}
{"level":"info","message":"🚀 Multiplicador Spaceman 1: 11041644813 = 6.34x","timestamp":"2025-11-10 12:00:24"}
{"level":"info","message":"🚀 Multiplicador Spaceman 1: 11041644813 = 6.37x","timestamp":"2025-11-10 12:00:24"}
{"level":"info","message":"🚀 Multiplicador Spaceman 1: 11041644813 = 6.4x","timestamp":"2025-11-10 12:00:24"}
{"level":"info","message":"🚀 Multiplicador Spaceman 1: 11041644813 = 6.43x","timestamp":"2025-11-10 12:00:25"}
{"level":"info","message":"🚀 Multiplicador Spaceman 1: 11041644813 = 6.45x","timestamp":"2025-11-10 12:00:25"}
{"level":"info","message":"🚀 Multiplicador Spaceman 1: 11041644813 = 6.48x","timestamp":"2025-11-10 12:00:25"}
{"level":"info","message":"🚀 Multiplicador Spaceman 1: 11041644813 = 6.5x","timestamp":"2025-11-10 12:00:25"}
{"level":"info","message":"🚀 Multiplicador Spaceman 1: 11041644813 = 6.54x","timestamp":"2025-11-10 12:00:25"}
{"level":"info","message":"🚀 Multiplicador Spaceman 1: 11041644813 = 6.57x","timestamp":"2025-11-10 12:00:25"}
{"level":"info","message":"🚀 Multiplicador Spaceman 1: 11041644813 = 6.6x","timestamp":"2025-11-10 12:00:25"}
{"level":"info","message":"🚀 Multiplicador Spaceman 1: 11041644813 = 6.62x","timestamp":"2025-11-10 12:00:25"}
{"level":"info","message":"🚀 Multiplicador Spaceman 1: 11041644813 = 6.65x","timestamp":"2025-11-10 12:00:25"}
{"level":"info","message":"🚀 Multiplicador Spaceman 1: 11041644813 = 6.68x","timestamp":"2025-11-10 12:00:25"}
{"level":"info","message":"🚀 Multiplicador Spaceman 1: 11041644813 = 6.71x","timestamp":"2025-11-10 12:00:25"}
{"level":"info","message":"🚀 Multiplicador Spaceman 1: 11041644813 = 6.73x","timestamp":"2025-11-10 12:00:25"}
{"level":"info","message":"🚀 Multiplicador Spaceman 1: 11041644813 = 6.76x","timestamp":"2025-11-10 12:00:25"}
{"level":"info","message":"🚀 Multiplicador Spaceman 1: 11041644813 = 6.79x","timestamp":"2025-11-10 12:00:25"}
{"level":"info","message":"🚀 Multiplicador Spaceman 1: 11041644813 = 6.82x","timestamp":"2025-11-10 12:00:25"}
{"level":"info","message":"🚀 Multiplicador Spaceman 1: 11041644813 = 6.85x","timestamp":"2025-11-10 12:00:25"}
{"level":"info","message":"🚀 Multiplicador Spaceman 1: 11041644813 = 6.88x","timestamp":"2025-11-10 12:00:25"}
{"level":"info","message":"🚀 Multiplicador Spaceman 1: 11041644813 = 6.91x","timestamp":"2025-11-10 12:00:25"}
{"level":"info","message":"🚀 Multiplicador Spaceman 1: 11041644813 = 6.94x","timestamp":"2025-11-10 12:00:25"}
{"level":"info","message":"🚀 Multiplicador Spaceman 1: 11041644813 = 6.97x","timestamp":"2025-11-10 12:00:26"}
{"level":"info","message":"🚀 Multiplicador Spaceman 1: 11041644813 = 7x","timestamp":"2025-11-10 12:00:26"}
{"level":"info","message":"🚀 Multiplicador Spaceman 1: 11041644813 = 7.04x","timestamp":"2025-11-10 12:00:26"}
{"level":"info","message":"🚀 Multiplicador Spaceman 1: 11041644813 = 7.06x","timestamp":"2025-11-10 12:00:26"}
{"level":"info","message":"🚀 Multiplicador Spaceman 1: 11041644813 = 7.09x","timestamp":"2025-11-10 12:00:26"}
{"level":"info","message":"🚀 Multiplicador Spaceman 1: 11041644813 = 7.12x","timestamp":"2025-11-10 12:00:26"}
{"level":"info","message":"🚀 Multiplicador Spaceman 1: 11041644813 = 7.15x","timestamp":"2025-11-10 12:00:26"}
{"level":"info","message":"🚀 Multiplicador Spaceman 1: 11041644813 = 7.18x","timestamp":"2025-11-10 12:00:26"}
{"level":"info","message":"🚀 Multiplicador Spaceman 1: 11041644813 = 7.21x","timestamp":"2025-11-10 12:00:26"}
{"level":"info","message":"🚀 Multiplicador Spaceman 1: 11041644813 = 7.24x","timestamp":"2025-11-10 12:00:26"}
{"level":"info","message":"🚀 Multiplicador Spaceman 1: 11041644813 = 7.27x","timestamp":"2025-11-10 12:00:26"}
{"level":"info","message":"🚀 Multiplicador Spaceman 1: 11041644813 = 7.29x","timestamp":"2025-11-10 12:00:26"}
{"level":"info","message":"🚀 Multiplicador Spaceman 1: 11041644813 = 7.33x","timestamp":"2025-11-10 12:00:26"}
{"level":"info","message":"🚀 Multiplicador Spaceman 1: 11041644813 = 7.35x","timestamp":"2025-11-10 12:00:26"}
{"level":"info","message":"🚀 Multiplicador Spaceman 1: 11041644813 = 7.41x","timestamp":"2025-11-10 12:00:26"}
{"level":"info","message":"🚀 Multiplicador Spaceman 1: 11041644813 = 7.45x","timestamp":"2025-11-10 12:00:26"}
{"level":"info","message":"🚀 Multiplicador Spaceman 1: 11041644813 = 7.48x","timestamp":"2025-11-10 12:00:26"}
{"level":"info","message":"🚀 Multiplicador Spaceman 1: 11041644813 = 7.51x","timestamp":"2025-11-10 12:00:26"}
{"level":"info","message":"🚀 Multiplicador Spaceman 1: 11041644813 = 7.55x","timestamp":"2025-11-10 12:00:26"}
{"level":"info","message":"🚀 Multiplicador Spaceman 1: 11041644813 = 7.58x","timestamp":"2025-11-10 12:00:27"}
{"level":"info","message":"🚀 Multiplicador Spaceman 1: 11041644813 = 7.61x","timestamp":"2025-11-10 12:00:27"}
{"level":"info","message":"🚀 Multiplicador Spaceman 1: 11041644813 = 7.64x","timestamp":"2025-11-10 12:00:27"}
{"level":"info","message":"🚀 Multiplicador Spaceman 1: 11041644813 = 7.68x","timestamp":"2025-11-10 12:00:27"}
{"level":"info","message":"🚀 Multiplicador Spaceman 1: 11041644813 = 7.71x","timestamp":"2025-11-10 12:00:27"}
{"level":"info","message":"🚀 Multiplicador Spaceman 1: 11041644813 = 7.74x","timestamp":"2025-11-10 12:00:27"}
{"level":"info","message":"🚀 Multiplicador Spaceman 1: 11041644813 = 7.77x","timestamp":"2025-11-10 12:00:27"}
{"level":"info","message":"🚀 Multiplicador Spaceman 1: 11041644813 = 7.8x","timestamp":"2025-11-10 12:00:27"}
{"level":"info","message":"🚀 Multiplicador Spaceman 1: 11041644813 = 7.84x","timestamp":"2025-11-10 12:00:27"}
{"level":"info","message":"🚀 Multiplicador Spaceman 1: 11041644813 = 7.87x","timestamp":"2025-11-10 12:00:27"}
{"level":"info","message":"🚀 Multiplicador Spaceman 1: 11041644813 = 7.91x","timestamp":"2025-11-10 12:00:27"}
{"level":"info","message":"🚀 Multiplicador Spaceman 1: 11041644813 = 7.94x","timestamp":"2025-11-10 12:00:27"}
{"level":"info","message":"🚀 Multiplicador Spaceman 1: 11041644813 = 7.97x","timestamp":"2025-11-10 12:00:27"}
{"level":"info","message":"🚀 Multiplicador Spaceman 1: 11041644813 = 8x","timestamp":"2025-11-10 12:00:27"}
{"level":"info","message":"🚀 Multiplicador Spaceman 1: 11041644813 = 8.04x","timestamp":"2025-11-10 12:00:27"}
{"level":"info","message":"🚀 Multiplicador Spaceman 1: 11041644813 = 8.07x","timestamp":"2025-11-10 12:00:27"}
{"level":"info","message":"🚀 Multiplicador Spaceman 1: 11041644813 = 8.1x","timestamp":"2025-11-10 12:00:27"}
{"level":"info","message":"🚀 Multiplicador Spaceman 1: 11041644813 = 8.14x","timestamp":"2025-11-10 12:00:27"}
{"level":"info","message":"🚀 Multiplicador Spaceman 1: 11041644813 = 8.18x","timestamp":"2025-11-10 12:00:27"}
{"level":"info","message":"🚀 Multiplicador Spaceman 1: 11041644813 = 8.21x","timestamp":"2025-11-10 12:00:27"}
{"level":"info","message":"🚀 Multiplicador Spaceman 1: 11041644813 = 8.25x","timestamp":"2025-11-10 12:00:28"}
{"level":"info","message":"🚀 Multiplicador Spaceman 1: 11041644813 = 8.29x","timestamp":"2025-11-10 12:00:28"}
{"level":"info","message":"🚀 Multiplicador Spaceman 1: 11041644813 = 8.32x","timestamp":"2025-11-10 12:00:28"}
{"level":"info","message":"🚀 Multiplicador Spaceman 1: 11041644813 = 8.36x","timestamp":"2025-11-10 12:00:28"}
{"level":"info","message":"🚀 Multiplicador Spaceman 1: 11041644813 = 8.4x","timestamp":"2025-11-10 12:00:28"}
{"level":"info","message":"🚀 Multiplicador Spaceman 1: 11041644813 = 8.44x","timestamp":"2025-11-10 12:00:28"}
{"level":"info","message":"🚀 Multiplicador Spaceman 1: 11041644813 = 8.48x","timestamp":"2025-11-10 12:00:28"}
{"level":"info","message":"🚀 Multiplicador Spaceman 1: 11041644813 = 8.52x","timestamp":"2025-11-10 12:00:28"}
{"level":"info","message":"🚀 Multiplicador Spaceman 1: 11041644813 = 8.55x","timestamp":"2025-11-10 12:00:28"}
{"level":"info","message":"🚀 Multiplicador Spaceman 1: 11041644813 = 8.59x","timestamp":"2025-11-10 12:00:28"}
{"level":"info","message":"🚀 Multiplicador Spaceman 1: 11041644813 = 8.63x","timestamp":"2025-11-10 12:00:28"}
{"level":"info","message":"🚀 Multiplicador Spaceman 1: 11041644813 = 8.67x","timestamp":"2025-11-10 12:00:28"}
{"level":"info","message":"🚀 Multiplicador Spaceman 1: 11041644813 = 8.71x","timestamp":"2025-11-10 12:00:28"}
{"level":"info","message":"🚀 Multiplicador Spaceman 1: 11041644813 = 8.74x","timestamp":"2025-11-10 12:00:28"}
{"level":"info","message":"🚀 Multiplicador Spaceman 1: 11041644813 = 8.77x","timestamp":"2025-11-10 12:00:28"}
{"level":"info","message":"🚀 Multiplicador Spaceman 1: 11041644813 = 8.81x","timestamp":"2025-11-10 12:00:28"}
{"level":"info","message":"🚀 Multiplicador Spaceman 1: 11041644813 = 8.85x","timestamp":"2025-11-10 12:00:28"}
{"level":"info","message":"🚀 Multiplicador Spaceman 1: 11041644813 = 8.89x","timestamp":"2025-11-10 12:00:28"}
{"level":"info","message":"🚀 Multiplicador Spaceman 1: 11041644813 = 8.94x","timestamp":"2025-11-10 12:00:29"}
{"level":"info","message":"🚀 Multiplicador Spaceman 1: 11041644813 = 8.98x","timestamp":"2025-11-10 12:00:29"}
{"level":"info","message":"🚀 Multiplicador Spaceman 1: 11041644813 = 9.02x","timestamp":"2025-11-10 12:00:29"}
{"level":"info","message":"🚀 Multiplicador Spaceman 1: 11041644813 = 9.06x","timestamp":"2025-11-10 12:00:29"}
{"level":"info","message":"🚀 Multiplicador Spaceman 1: 11041644813 = 9.1x","timestamp":"2025-11-10 12:00:29"}
{"level":"info","message":"🚀 Multiplicador Spaceman 1: 11041644813 = 9.13x","timestamp":"2025-11-10 12:00:29"}
{"level":"info","message":"🚀 Multiplicador Spaceman 1: 11041644813 = 9.18x","timestamp":"2025-11-10 12:00:29"}
{"level":"info","message":"🚀 Multiplicador Spaceman 1: 11041644813 = 9.22x","timestamp":"2025-11-10 12:00:29"}
{"level":"info","message":"🚀 Multiplicador Spaceman 1: 11041644813 = 9.25x","timestamp":"2025-11-10 12:00:29"}
{"level":"info","message":"🚀 Multiplicador Spaceman 1: 11041644813 = 9.29x","timestamp":"2025-11-10 12:00:29"}
{"level":"info","message":"🚀 Multiplicador Spaceman 1: 11041644813 = 9.32x","timestamp":"2025-11-10 12:00:29"}
{"level":"info","message":"🚀 Multiplicador Spaceman 1: 11041644813 = 9.36x","timestamp":"2025-11-10 12:00:29"}
{"level":"info","message":"🚀 Multiplicador Spaceman 1: 11041644813 = 9.41x","timestamp":"2025-11-10 12:00:29"}
{"level":"info","message":"🚀 Multiplicador Spaceman 1: 11041644813 = 9.44x","timestamp":"2025-11-10 12:00:29"}
{"level":"info","message":"🚀 Multiplicador Spaceman 1: 11041644813 = 9.48x","timestamp":"2025-11-10 12:00:29"}
{"level":"info","message":"🚀 Multiplicador Spaceman 1: 11041644813 = 9.55x","timestamp":"2025-11-10 12:00:29"}
{"level":"info","message":"🚀 Multiplicador Spaceman 1: 11041644813 = 9.59x","timestamp":"2025-11-10 12:00:29"}
{"level":"info","message":"🚀 Multiplicador Spaceman 1: 11041644813 = 9.63x","timestamp":"2025-11-10 12:00:29"}
{"level":"info","message":"🚀 Multiplicador Spaceman 1: 11041644813 = 9.68x","timestamp":"2025-11-10 12:00:29"}
{"level":"info","message":"🚀 Multiplicador Spaceman 1: 11041644813 = 9.71x","timestamp":"2025-11-10 12:00:30"}
{"level":"info","message":"🚀 Multiplicador Spaceman 1: 11041644813 = 9.75x","timestamp":"2025-11-10 12:00:30"}
{"level":"info","message":"🚀 Multiplicador Spaceman 1: 11041644813 = 9.79x","timestamp":"2025-11-10 12:00:30"}
{"level":"info","message":"🚀 Multiplicador Spaceman 1: 11041644813 = 9.83x","timestamp":"2025-11-10 12:00:30"}
{"level":"info","message":"🚀 Multiplicador Spaceman 1: 11041644813 = 9.87x","timestamp":"2025-11-10 12:00:30"}
{"level":"info","message":"🚀 Multiplicador Spaceman 1: 11041644813 = 9.91x","timestamp":"2025-11-10 12:00:30"}
{"level":"info","message":"🚀 Multiplicador Spaceman 1: 11041644813 = 9.95x","timestamp":"2025-11-10 12:00:30"}
{"level":"info","message":"🚀 Multiplicador Spaceman 1: 11041644813 = 9.99x","timestamp":"2025-11-10 12:00:30"}
{"level":"info","message":"🚀 Multiplicador Spaceman 1: 11041644813 = 10.04x","timestamp":"2025-11-10 12:00:30"}
{"level":"info","message":"🚀 Multiplicador Spaceman 1: 11041644813 = 10.07x","timestamp":"2025-11-10 12:00:30"}
{"level":"info","message":"🚀 Multiplicador Spaceman 1: 11041644813 = 10.12x","timestamp":"2025-11-10 12:00:30"}
{"level":"info","message":"🚀 Multiplicador Spaceman 1: 11041644813 = 10.2x","timestamp":"2025-11-10 12:00:30"}
{"level":"info","message":"🚀 Multiplicador Spaceman 1: 11041644813 = 10.24x","timestamp":"2025-11-10 12:00:30"}
{"level":"info","message":"🚀 Multiplicador Spaceman 1: 11041644813 = 10.29x","timestamp":"2025-11-10 12:00:30"}
{"level":"info","message":"🚀 Multiplicador Spaceman 1: 11041644813 = 10.33x","timestamp":"2025-11-10 12:00:30"}
{"level":"info","message":"🚀 Multiplicador Spaceman 1: 11041644813 = 10.37x","timestamp":"2025-11-10 12:00:30"}
{"level":"info","message":"🚀 Multiplicador Spaceman 1: 11041644813 = 10.41x","timestamp":"2025-11-10 12:00:30"}
{"level":"info","message":"🚀 Multiplicador Spaceman 1: 11041644813 = 10.45x","timestamp":"2025-11-10 12:00:30"}
{"level":"info","message":"🚀 Multiplicador Spaceman 1: 11041644813 = 10.5x","timestamp":"2025-11-10 12:00:30"}
{"level":"info","message":"🚀 Multiplicador Spaceman 1: 11041644813 = 10.54x","timestamp":"2025-11-10 12:00:31"}
{"level":"info","message":"🚀 Multiplicador Spaceman 1: 11041644813 = 10.58x","timestamp":"2025-11-10 12:00:31"}
{"level":"info","message":"🚀 Multiplicador Spaceman 1: 11041644813 = 10.62x","timestamp":"2025-11-10 12:00:31"}
{"level":"info","message":"🚀 Multiplicador Spaceman 1: 11041644813 = 10.66x","timestamp":"2025-11-10 12:00:31"}
{"level":"info","message":"🚀 Multiplicador Spaceman 1: 11041644813 = 10.71x","timestamp":"2025-11-10 12:00:31"}
{"level":"info","message":"🚀 Multiplicador Spaceman 1: 11041644813 = 10.8x","timestamp":"2025-11-10 12:00:31"}
{"level":"info","message":"🚀 Multiplicador Spaceman 1: 11041644813 = 10.84x","timestamp":"2025-11-10 12:00:31"}
{"level":"info","message":"🚀 Multiplicador Spaceman 1: 11041644813 = 10.88x","timestamp":"2025-11-10 12:00:31"}
{"level":"info","message":"🚀 Multiplicador Spaceman 1: 11041644813 = 10.93x","timestamp":"2025-11-10 12:00:31"}
{"level":"info","message":"🚀 Multiplicador Spaceman 1: 11041644813 = 10.98x","timestamp":"2025-11-10 12:00:31"}
{"level":"info","message":"🚀 Multiplicador Spaceman 1: 11041644813 = 11.03x","timestamp":"2025-11-10 12:00:31"}
{"level":"info","message":"🚀 Multiplicador Spaceman 1: 11041644813 = 11.08x","timestamp":"2025-11-10 12:00:31"}
{"level":"info","message":"🚀 Multiplicador Spaceman 1: 11041644813 = 11.13x","timestamp":"2025-11-10 12:00:31"}
{"level":"info","message":"🚀 Multiplicador Spaceman 1: 11041644813 = 11.18x","timestamp":"2025-11-10 12:00:31"}
{"level":"info","message":"🚀 Multiplicador Spaceman 1: 11041644813 = 11.23x","timestamp":"2025-11-10 12:00:31"}
{"level":"info","message":"🚀 Multiplicador Spaceman 1: 11041644813 = 11.27x","timestamp":"2025-11-10 12:00:31"}
{"level":"info","message":"🚀 Multiplicador Spaceman 1: 11041644813 = 11.32x","timestamp":"2025-11-10 12:00:31"}
{"level":"info","message":"🚀 Multiplicador Spaceman 1: 11041644813 = 11.37x","timestamp":"2025-11-10 12:00:31"}
{"level":"info","message":"🚀 Multiplicador Spaceman 1: 11041644813 = 11.41x","timestamp":"2025-11-10 12:00:31"}
{"level":"info","message":"🚀 Multiplicador Spaceman 1: 11041644813 = 11.46x","timestamp":"2025-11-10 12:00:32"}
{"level":"info","message":"🚀 Multiplicador Spaceman 1: 11041644813 = 11.53x","timestamp":"2025-11-10 12:00:32"}
{"level":"info","message":"🚀 Multiplicador Spaceman 1: 11041644813 = 11.57x","timestamp":"2025-11-10 12:00:32"}
{"level":"info","message":"🚀 Multiplicador Spaceman 1: 11041644813 = 11.63x","timestamp":"2025-11-10 12:00:32"}
{"level":"info","message":"🚀 Multiplicador Spaceman 1: 11041644813 = 11.68x","timestamp":"2025-11-10 12:00:32"}
{"level":"info","message":"🚀 Multiplicador Spaceman 1: 11041644813 = 11.73x","timestamp":"2025-11-10 12:00:32"}
{"level":"info","message":"🚀 Multiplicador Spaceman 1: 11041644813 = 11.78x","timestamp":"2025-11-10 12:00:32"}
{"level":"info","message":"🚀 Multiplicador Spaceman 1: 11041644813 = 11.83x","timestamp":"2025-11-10 12:00:32"}
{"level":"info","message":"🚀 Multiplicador Spaceman 1: 11041644813 = 11.88x","timestamp":"2025-11-10 12:00:32"}
{"level":"info","message":"🚀 Multiplicador Spaceman 1: 11041644813 = 11.94x","timestamp":"2025-11-10 12:00:32"}
{"level":"info","message":"🚀 Multiplicador Spaceman 1: 11041644813 = 11.99x","timestamp":"2025-11-10 12:00:32"}
{"level":"info","message":"🚀 Multiplicador Spaceman 1: 11041644813 = 12.04x","timestamp":"2025-11-10 12:00:32"}
{"level":"info","message":"🚀 Multiplicador Spaceman 1: 11041644813 = 12.1x","timestamp":"2025-11-10 12:00:32"}
{"level":"info","message":"🚀 Multiplicador Spaceman 1: 11041644813 = 12.15x","timestamp":"2025-11-10 12:00:32"}
{"level":"info","message":"🚀 Multiplicador Spaceman 1: 11041644813 = 12.21x","timestamp":"2025-11-10 12:00:32"}
{"level":"info","message":"🚀 Multiplicador Spaceman 1: 11041644813 = 12.27x","timestamp":"2025-11-10 12:00:32"}
{"level":"info","message":"🚀 Multiplicador Spaceman 1: 11041644813 = 12.32x","timestamp":"2025-11-10 12:00:32"}
{"level":"info","message":"🚀 Multiplicador Spaceman 1: 11041644813 = 12.37x","timestamp":"2025-11-10 12:00:32"}
{"level":"info","message":"🚀 Multiplicador Spaceman 1: 11041644813 = 12.42x","timestamp":"2025-11-10 12:00:32"}
{"level":"info","message":"🚀 Multiplicador Spaceman 1: 11041644813 = 12.48x","timestamp":"2025-11-10 12:00:33"}
{"level":"info","message":"🚀 Multiplicador Spaceman 1: 11041644813 = 12.53x","timestamp":"2025-11-10 12:00:33"}
{"level":"info","message":"🚀 Multiplicador Spaceman 1: 11041644813 = 12.58x","timestamp":"2025-11-10 12:00:33"}
{"level":"info","message":"🚀 Multiplicador Spaceman 1: 11041644813 = 12.63x","timestamp":"2025-11-10 12:00:33"}
{"level":"info","message":"🚀 Multiplicador Spaceman 1: 11041644813 = 12.68x","timestamp":"2025-11-10 12:00:33"}
{"level":"info","message":"🚀 Multiplicador Spaceman 1: 11041644813 = 12.73x","timestamp":"2025-11-10 12:00:33"}
{"level":"info","message":"🚀 Multiplicador Spaceman 1: 11041644813 = 12.79x","timestamp":"2025-11-10 12:00:33"}
{"level":"info","message":"🚀 Multiplicador Spaceman 1: 11041644813 = 12.84x","timestamp":"2025-11-10 12:00:33"}
{"level":"info","message":"🚀 Multiplicador Spaceman 1: 11041644813 = 12.9x","timestamp":"2025-11-10 12:00:33"}
{"level":"info","message":"🚀 Multiplicador Spaceman 1: 11041644813 = 12.96x","timestamp":"2025-11-10 12:00:33"}
{"level":"info","message":"🚀 Multiplicador Spaceman 1: 11041644813 = 13.06x","timestamp":"2025-11-10 12:00:33"}
{"level":"info","message":"🚀 Multiplicador Spaceman 1: 11041644813 = 13.13x","timestamp":"2025-11-10 12:00:33"}
{"level":"info","message":"🚀 Multiplicador Spaceman 1: 11041644813 = 13.18x","timestamp":"2025-11-10 12:00:33"}
{"level":"info","message":"🚀 Multiplicador Spaceman 1: 11041644813 = 13.24x","timestamp":"2025-11-10 12:00:33"}
{"level":"info","message":"🚀 Multiplicador Spaceman 1: 11041644813 = 13.3x","timestamp":"2025-11-10 12:00:33"}
{"level":"info","message":"🚀 Multiplicador Spaceman 1: 11041644813 = 13.35x","timestamp":"2025-11-10 12:00:33"}
{"level":"info","message":"🚀 Multiplicador Spaceman 1: 11041644813 = 13.41x","timestamp":"2025-11-10 12:00:33"}
{"level":"info","message":"🚀 Multiplicador Spaceman 1: 11041644813 = 13.47x","timestamp":"2025-11-10 12:00:33"}
{"level":"info","message":"🚀 Multiplicador Spaceman 1: 11041644813 = 13.53x","timestamp":"2025-11-10 12:00:34"}
{"level":"info","message":"🚀 Multiplicador Spaceman 1: 11041644813 = 13.59x","timestamp":"2025-11-10 12:00:34"}
{"level":"info","message":"🚀 Multiplicador Spaceman 1: 11041644813 = 13.65x","timestamp":"2025-11-10 12:00:34"}
{"level":"info","message":"🚀 Multiplicador Spaceman 1: 11041644813 = 13.7x","timestamp":"2025-11-10 12:00:34"}
{"level":"info","message":"🚀 Multiplicador Spaceman 1: 11041644813 = 13.75x","timestamp":"2025-11-10 12:00:34"}
{"level":"info","message":"🚀 Multiplicador Spaceman 1: 11041644813 = 13.81x","timestamp":"2025-11-10 12:00:34"}
{"level":"info","message":"🚀 Multiplicador Spaceman 1: 11041644813 = 13.87x","timestamp":"2025-11-10 12:00:34"}
{"level":"info","message":"🚀 Multiplicador Spaceman 1: 11041644813 = 13.98x","timestamp":"2025-11-10 12:00:34"}
{"level":"info","message":"🚀 Multiplicador Spaceman 1: 11041644813 = 14.03x","timestamp":"2025-11-10 12:00:34"}
{"level":"info","message":"🚀 Multiplicador Spaceman 1: 11041644813 = 14.1x","timestamp":"2025-11-10 12:00:34"}
{"level":"info","message":"🚀 Multiplicador Spaceman 1: 11041644813 = 14.16x","timestamp":"2025-11-10 12:00:34"}
{"level":"info","message":"🚀 Multiplicador Spaceman 1: 11041644813 = 14.21x","timestamp":"2025-11-10 12:00:34"}
{"level":"info","message":"🚀 Multiplicador Spaceman 1: 11041644813 = 14.27x","timestamp":"2025-11-10 12:00:34"}
{"level":"info","message":"🚀 Multiplicador Spaceman 1: 11041644813 = 14.34x","timestamp":"2025-11-10 12:00:34"}
{"level":"info","message":"🚀 Multiplicador Spaceman 1: 11041644813 = 14.4x","timestamp":"2025-11-10 12:00:34"}
{"level":"info","message":"🚀 Multiplicador Spaceman 1: 11041644813 = 14.47x","timestamp":"2025-11-10 12:00:34"}
{"level":"info","message":"🚀 Multiplicador Spaceman 1: 11041644813 = 14.52x","timestamp":"2025-11-10 12:00:34"}
{"level":"info","message":"🚀 Multiplicador Spaceman 1: 11041644813 = 14.58x","timestamp":"2025-11-10 12:00:34"}
{"level":"info","message":"🚀 Multiplicador Spaceman 1: 11041644813 = 14.65x","timestamp":"2025-11-10 12:00:34"}
{"level":"info","message":"🚀 Multiplicador Spaceman 1: 11041644813 = 14.71x","timestamp":"2025-11-10 12:00:35"}
{"level":"info","message":"🚀 Multiplicador Spaceman 1: 11041644813 = 14.78x","timestamp":"2025-11-10 12:00:35"}
{"level":"info","message":"🚀 Multiplicador Spaceman 1: 11041644813 = 14.84x","timestamp":"2025-11-10 12:00:35"}
{"level":"info","message":"🚀 Multiplicador Spaceman 1: 11041644813 = 14.91x","timestamp":"2025-11-10 12:00:35"}
{"level":"info","message":"🚀 Multiplicador Spaceman 1: 11041644813 = 14.96x","timestamp":"2025-11-10 12:00:35"}
{"level":"info","message":"🚀 Multiplicador Spaceman 1: 11041644813 = 15.02x","timestamp":"2025-11-10 12:00:35"}
{"level":"info","message":"🚀 Multiplicador Spaceman 1: 11041644813 = 15.08x","timestamp":"2025-11-10 12:00:35"}
{"level":"info","message":"🚀 Multiplicador Spaceman 1: 11041644813 = 15.15x","timestamp":"2025-11-10 12:00:35"}
{"level":"info","message":"🚀 Multiplicador Spaceman 1: 11041644813 = 15.21x","timestamp":"2025-11-10 12:00:35"}
{"level":"info","message":"🚀 Multiplicador Spaceman 1: 11041644813 = 15.28x","timestamp":"2025-11-10 12:00:35"}
{"level":"info","message":"🚀 Multiplicador Spaceman 1: 11041644813 = 15.34x","timestamp":"2025-11-10 12:00:35"}
{"level":"info","message":"🚀 Multiplicador Spaceman 1: 11041644813 = 15.41x","timestamp":"2025-11-10 12:00:35"}
{"level":"info","message":"🚀 Multiplicador Spaceman 1: 11041644813 = 15.48x","timestamp":"2025-11-10 12:00:35"}
{"level":"info","message":"🚀 Multiplicador Spaceman 1: 11041644813 = 15.55x","timestamp":"2025-11-10 12:00:35"}
{"level":"info","message":"🚀 Multiplicador Spaceman 1: 11041644813 = 15.61x","timestamp":"2025-11-10 12:00:35"}
{"level":"info","message":"🚀 Multiplicador Spaceman 1: 11041644813 = 15.68x","timestamp":"2025-11-10 12:00:35"}
{"level":"info","message":"🚀 Multiplicador Spaceman 1: 11041644813 = 15.8x","timestamp":"2025-11-10 12:00:35"}
{"level":"info","message":"🚀 Multiplicador Spaceman 1: 11041644813 = 15.88x","timestamp":"2025-11-10 12:00:35"}
{"level":"info","message":"🚀 Multiplicador Spaceman 1: 11041644813 = 15.95x","timestamp":"2025-11-10 12:00:35"}
{"level":"info","message":"🚀 Multiplicador Spaceman 1: 11041644813 = 16.01x","timestamp":"2025-11-10 12:00:36"}
{"level":"info","message":"🚀 Multiplicador Spaceman 1: 11041644813 = 16.09x","timestamp":"2025-11-10 12:00:36"}
{"level":"info","message":"🚀 Multiplicador Spaceman 1: 11041644813 = 16.15x","timestamp":"2025-11-10 12:00:36"}
{"level":"info","message":"🚀 Multiplicador Spaceman 1: 11041644813 = 16.23x","timestamp":"2025-11-10 12:00:36"}
{"level":"info","message":"🚀 Multiplicador Spaceman 1: 11041644813 = 16.3x","timestamp":"2025-11-10 12:00:36"}
{"level":"info","message":"🚀 Multiplicador Spaceman 1: 11041644813 = 16.36x","timestamp":"2025-11-10 12:00:36"}
{"level":"info","message":"🚀 Multiplicador Spaceman 1: 11041644813 = 16.43x","timestamp":"2025-11-10 12:00:36"}
{"level":"info","message":"🚀 Multiplicador Spaceman 1: 11041644813 = 16.5x","timestamp":"2025-11-10 12:00:36"}
{"level":"info","message":"🚀 Multiplicador Spaceman 1: 11041644813 = 16.56x","timestamp":"2025-11-10 12:00:36"}
{"level":"info","message":"🚀 Multiplicador Spaceman 1: 11041644813 = 16.64x","timestamp":"2025-11-10 12:00:36"}
{"level":"info","message":"🚀 Multiplicador Spaceman 1: 11041644813 = 16.7x","timestamp":"2025-11-10 12:00:36"}
{"level":"info","message":"🚀 Multiplicador Spaceman 1: 11041644813 = 16.78x","timestamp":"2025-11-10 12:00:36"}
{"level":"info","message":"🚀 Multiplicador Spaceman 1: 11041644813 = 16.86x","timestamp":"2025-11-10 12:00:36"}
{"level":"info","message":"🚀 Multiplicador Spaceman 1: 11041644813 = 16.93x","timestamp":"2025-11-10 12:00:36"}
{"level":"info","message":"🚀 Multiplicador Spaceman 1: 11041644813 = 17x","timestamp":"2025-11-10 12:00:36"}
{"level":"info","message":"🚀 Multiplicador Spaceman 1: 11041644813 = 17.07x","timestamp":"2025-11-10 12:00:36"}
{"level":"info","message":"🚀 Multiplicador Spaceman 1: 11041644813 = 17.15x","timestamp":"2025-11-10 12:00:36"}
{"level":"info","message":"🚀 Multiplicador Spaceman 1: 11041644813 = 17.22x","timestamp":"2025-11-10 12:00:36"}
{"level":"info","message":"🚀 Multiplicador Spaceman 1: 11041644813 = 17.3x","timestamp":"2025-11-10 12:00:36"}
{"level":"info","message":"🚀 Multiplicador Spaceman 1: 11041644813 = 17.37x","timestamp":"2025-11-10 12:00:37"}
{"level":"info","message":"🚀 Multiplicador Spaceman 1: 11041644813 = 17.45x","timestamp":"2025-11-10 12:00:37"}
{"level":"info","message":"🚀 Multiplicador Spaceman 1: 11041644813 = 17.53x","timestamp":"2025-11-10 12:00:37"}
{"level":"info","message":"🚀 Multiplicador Spaceman 1: 11041644813 = 17.6x","timestamp":"2025-11-10 12:00:37"}
{"level":"info","message":"🚀 Multiplicador Spaceman 1: 11041644813 = 17.67x","timestamp":"2025-11-10 12:00:37"}
{"level":"info","message":"🚀 Multiplicador Spaceman 1: 11041644813 = 17.74x","timestamp":"2025-11-10 12:00:37"}
{"level":"info","message":"🚀 Multiplicador Spaceman 1: 11041644813 = 17.84x","timestamp":"2025-11-10 12:00:37"}
{"level":"info","message":"🚀 Multiplicador Spaceman 1: 11041644813 = 17.91x","timestamp":"2025-11-10 12:00:37"}
{"level":"info","message":"🚀 Multiplicador Spaceman 1: 11041644813 = 17.99x","timestamp":"2025-11-10 12:00:37"}
{"level":"info","message":"🚀 Multiplicador Spaceman 1: 11041644813 = 18.06x","timestamp":"2025-11-10 12:00:37"}
{"level":"info","message":"🚀 Multiplicador Spaceman 1: 11041644813 = 18.13x","timestamp":"2025-11-10 12:00:37"}
{"level":"info","message":"🚀 Multiplicador Spaceman 1: 11041644813 = 18.21x","timestamp":"2025-11-10 12:00:37"}
{"level":"info","message":"🚀 Multiplicador Spaceman 1: 11041644813 = 18.28x","timestamp":"2025-11-10 12:00:37"}
{"level":"info","message":"🚀 Multiplicador Spaceman 1: 11041644813 = 18.36x","timestamp":"2025-11-10 12:00:37"}
{"level":"info","message":"🚀 Multiplicador Spaceman 1: 11041644813 = 18.44x","timestamp":"2025-11-10 12:00:37"}
{"level":"info","message":"🚀 Multiplicador Spaceman 1: 11041644813 = 18.52x","timestamp":"2025-11-10 12:00:37"}
{"level":"info","message":"🚀 Multiplicador Spaceman 1: 11041644813 = 18.59x","timestamp":"2025-11-10 12:00:37"}
{"level":"info","message":"🚀 Multiplicador Spaceman 1: 11041644813 = 18.67x","timestamp":"2025-11-10 12:00:37"}
{"level":"info","message":"🚀 Multiplicador Spaceman 1: 11041644813 = 18.74x","timestamp":"2025-11-10 12:00:37"}
{"level":"info","message":"🚀 Multiplicador Spaceman 1: 11041644813 = 18.82x","timestamp":"2025-11-10 12:00:37"}
{"level":"info","message":"🚀 Multiplicador Spaceman 1: 11041644813 = 18.9x","timestamp":"2025-11-10 12:00:38"}
{"level":"info","message":"🚀 Multiplicador Spaceman 1: 11041644813 = 18.98x","timestamp":"2025-11-10 12:00:38"}
{"level":"info","message":"🚀 Multiplicador Spaceman 1: 11041644813 = 19.07x","timestamp":"2025-11-10 12:00:38"}
{"level":"info","message":"🚀 Multiplicador Spaceman 1: 11041644813 = 19.16x","timestamp":"2025-11-10 12:00:38"}
{"level":"info","message":"🚀 Multiplicador Spaceman 1: 11041644813 = 19.25x","timestamp":"2025-11-10 12:00:38"}
{"level":"info","message":"🚀 Multiplicador Spaceman 1: 11041644813 = 19.33x","timestamp":"2025-11-10 12:00:38"}
{"level":"info","message":"🚀 Multiplicador Spaceman 1: 11041644813 = 19.42x","timestamp":"2025-11-10 12:00:38"}
{"level":"info","message":"🚀 Multiplicador Spaceman 1: 11041644813 = 19.5x","timestamp":"2025-11-10 12:00:38"}
{"level":"info","message":"🚀 Multiplicador Spaceman 1: 11041644813 = 19.59x","timestamp":"2025-11-10 12:00:38"}
{"level":"info","message":"🚀 Multiplicador Spaceman 1: 11041644813 = 19.68x","timestamp":"2025-11-10 12:00:38"}
{"level":"info","message":"🚀 Multiplicador Spaceman 1: 11041644813 = 19.76x","timestamp":"2025-11-10 12:00:38"}
{"level":"info","message":"🚀 Multiplicador Spaceman 1: 11041644813 = 19.84x","timestamp":"2025-11-10 12:00:38"}
{"level":"info","message":"🚀 Multiplicador Spaceman 1: 11041644813 = 19.93x","timestamp":"2025-11-10 12:00:38"}
{"level":"info","message":"🚀 Multiplicador Spaceman 1: 11041644813 = 20.01x","timestamp":"2025-11-10 12:00:38"}
{"level":"info","message":"🚀 Multiplicador Spaceman 1: 11041644813 = 20.09x","timestamp":"2025-11-10 12:00:38"}
{"level":"info","message":"🚀 Multiplicador Spaceman 1: 11041644813 = 20.25x","timestamp":"2025-11-10 12:00:38"}
{"level":"info","message":"🚀 Multiplicador Spaceman 1: 11041644813 = 20.35x","timestamp":"2025-11-10 12:00:38"}
{"level":"info","message":"🚀 Multiplicador Spaceman 1: 11041644813 = 20.43x","timestamp":"2025-11-10 12:00:38"}
{"level":"info","message":"🚀 Multiplicador Spaceman 1: 11041644813 = 20.51x","timestamp":"2025-11-10 12:00:39"}
{"level":"info","message":"🚀 Multiplicador Spaceman 1: 11041644813 = 20.59x","timestamp":"2025-11-10 12:00:39"}
{"level":"info","message":"🚀 Multiplicador Spaceman 1: 11041644813 = 20.67x","timestamp":"2025-11-10 12:00:39"}
{"level":"info","message":"🚀 Multiplicador Spaceman 1: 11041644813 = 20.75x","timestamp":"2025-11-10 12:00:39"}
{"level":"info","message":"🚀 Multiplicador Spaceman 1: 11041644813 = 20.84x","timestamp":"2025-11-10 12:00:39"}
{"level":"info","message":"🚀 Multiplicador Spaceman 1: 11041644813 = 20.93x","timestamp":"2025-11-10 12:00:39"}
{"level":"info","message":"🚀 Multiplicador Spaceman 1: 11041644813 = 21.02x","timestamp":"2025-11-10 12:00:39"}
{"level":"info","message":"🚀 Multiplicador Spaceman 1: 11041644813 = 21.11x","timestamp":"2025-11-10 12:00:39"}
{"level":"info","message":"🚀 Multiplicador Spaceman 1: 11041644813 = 21.2x","timestamp":"2025-11-10 12:00:39"}
{"level":"info","message":"🚀 Multiplicador Spaceman 1: 11041644813 = 21.29x","timestamp":"2025-11-10 12:00:39"}
{"level":"info","message":"🚀 Multiplicador Spaceman 1: 11041644813 = 21.39x","timestamp":"2025-11-10 12:00:39"}
{"level":"info","message":"🚀 Multiplicador Spaceman 1: 11041644813 = 21.48x","timestamp":"2025-11-10 12:00:39"}
{"level":"info","message":"🚀 Multiplicador Spaceman 1: 11041644813 = 21.62x","timestamp":"2025-11-10 12:00:39"}
{"level":"info","message":"🚀 Multiplicador Spaceman 1: 11041644813 = 21.71x","timestamp":"2025-11-10 12:00:39"}
{"level":"info","message":"🚀 Multiplicador Spaceman 1: 11041644813 = 21.8x","timestamp":"2025-11-10 12:00:39"}
{"level":"info","message":"🚀 Multiplicador Spaceman 1: 11041644813 = 21.9x","timestamp":"2025-11-10 12:00:39"}
{"level":"info","message":"🚀 Multiplicador Spaceman 1: 11041644813 = 21.99x","timestamp":"2025-11-10 12:00:39"}
{"level":"info","message":"🚀 Multiplicador Spaceman 1: 11041644813 = 22.09x","timestamp":"2025-11-10 12:00:39"}
{"level":"info","message":"🚀 Multiplicador Spaceman 1: 11041644813 = 22.19x","timestamp":"2025-11-10 12:00:39"}
{"level":"info","message":"🚀 Multiplicador Spaceman 1: 11041644813 = 22.29x","timestamp":"2025-11-10 12:00:40"}
{"level":"info","message":"🚀 Multiplicador Spaceman 1: 11041644813 = 22.38x","timestamp":"2025-11-10 12:00:40"}
{"level":"info","message":"🚀 Multiplicador Spaceman 1: 11041644813 = 22.48x","timestamp":"2025-11-10 12:00:40"}
{"level":"info","message":"🚀 Multiplicador Spaceman 1: 11041644813 = 22.57x","timestamp":"2025-11-10 12:00:40"}
{"level":"info","message":"🚀 Multiplicador Spaceman 1: 11041644813 = 22.66x","timestamp":"2025-11-10 12:00:40"}
{"level":"info","message":"🚀 Multiplicador Spaceman 1: 11041644813 = 22.75x","timestamp":"2025-11-10 12:00:40"}
{"level":"info","message":"🚀 Multiplicador Spaceman 1: 11041644813 = 22.86x","timestamp":"2025-11-10 12:00:40"}
{"level":"info","message":"🚀 Multiplicador Spaceman 1: 11041644813 = 22.95x","timestamp":"2025-11-10 12:00:40"}
{"level":"info","message":"🚀 Multiplicador Spaceman 1: 11041644813 = 23.11x","timestamp":"2025-11-10 12:00:40"}
{"level":"info","message":"🚀 Multiplicador Spaceman 1: 11041644813 = 23.22x","timestamp":"2025-11-10 12:00:40"}
{"level":"info","message":"🚀 Multiplicador Spaceman 1: 11041644813 = 23.32x","timestamp":"2025-11-10 12:00:40"}
{"level":"info","message":"🚀 Multiplicador Spaceman 1: 11041644813 = 23.41x","timestamp":"2025-11-10 12:00:40"}
{"level":"info","message":"🚀 Multiplicador Spaceman 1: 11041644813 = 23.52x","timestamp":"2025-11-10 12:00:40"}
{"level":"info","message":"🚀 Multiplicador Spaceman 1: 11041644813 = 23.62x","timestamp":"2025-11-10 12:00:40"}
{"level":"info","message":"🚀 Multiplicador Spaceman 1: 11041644813 = 23.72x","timestamp":"2025-11-10 12:00:40"}
{"level":"info","message":"🚀 Multiplicador Spaceman 1: 11041644813 = 23.82x","timestamp":"2025-11-10 12:00:40"}
{"level":"info","message":"🚀 Multiplicador Spaceman 1: 11041644813 = 23.92x","timestamp":"2025-11-10 12:00:40"}
{"level":"info","message":"🚀 Multiplicador Spaceman 1: 11041644813 = 24.02x","timestamp":"2025-11-10 12:00:40"}
{"level":"info","message":"🚀 Multiplicador Spaceman 1: 11041644813 = 24.11x","timestamp":"2025-11-10 12:00:41"}
{"level":"info","message":"🚀 Multiplicador Spaceman 1: 11041644813 = 24.22x","timestamp":"2025-11-10 12:00:41"}
{"level":"info","message":"🚀 Multiplicador Spaceman 1: 11041644813 = 24.33x","timestamp":"2025-11-10 12:00:41"}
{"level":"info","message":"🚀 Multiplicador Spaceman 1: 11041644813 = 24.49x","timestamp":"2025-11-10 12:00:41"}
{"level":"info","message":"🚀 Multiplicador Spaceman 1: 11041644813 = 24.61x","timestamp":"2025-11-10 12:00:41"}
{"level":"info","message":"🚀 Multiplicador Spaceman 1: 11041644813 = 24.71x","timestamp":"2025-11-10 12:00:41"}
{"level":"info","message":"🚀 Multiplicador Spaceman 1: 11041644813 = 24.81x","timestamp":"2025-11-10 12:00:41"}
{"level":"info","message":"🚀 Multiplicador Spaceman 1: 11041644813 = 24.91x","timestamp":"2025-11-10 12:00:41"}
{"level":"info","message":"🚀 Multiplicador Spaceman 1: 11041644813 = 25.01x","timestamp":"2025-11-10 12:00:41"}
{"level":"info","message":"🚀 Multiplicador Spaceman 1: 11041644813 = 25.12x","timestamp":"2025-11-10 12:00:41"}
{"level":"info","message":"🚀 Multiplicador Spaceman 1: 11041644813 = 25.23x","timestamp":"2025-11-10 12:00:41"}
{"level":"info","message":"🚀 Multiplicador Spaceman 1: 11041644813 = 25.34x","timestamp":"2025-11-10 12:00:41"}
{"level":"info","message":"🚀 Multiplicador Spaceman 1: 11041644813 = 25.45x","timestamp":"2025-11-10 12:00:41"}
{"level":"info","message":"🚀 Multiplicador Spaceman 1: 11041644813 = 25.55x","timestamp":"2025-11-10 12:00:41"}
{"level":"info","message":"🚀 Multiplicador Spaceman 1: 11041644813 = 25.67x","timestamp":"2025-11-10 12:00:41"}
{"level":"info","message":"🚀 Multiplicador Spaceman 1: 11041644813 = 25.77x","timestamp":"2025-11-10 12:00:41"}
{"level":"info","message":"🚀 Multiplicador Spaceman 1: 11041644813 = 25.88x","timestamp":"2025-11-10 12:00:41"}
{"level":"info","message":"🚀 Multiplicador Spaceman 1: 11041644813 = 25.98x","timestamp":"2025-11-10 12:00:41"}
{"level":"info","message":"🚀 Multiplicador Spaceman 1: 11041644813 = 26.09x","timestamp":"2025-11-10 12:00:41"}
{"level":"info","message":"🚀 Multiplicador Spaceman 1: 11041644813 = 26.23x","timestamp":"2025-11-10 12:00:42"}
{"level":"info","message":"🚀 Multiplicador Spaceman 1: 11041644813 = 26.35x","timestamp":"2025-11-10 12:00:42"}
{"level":"info","message":"🚀 Multiplicador Spaceman 1: 11041644813 = 26.46x","timestamp":"2025-11-10 12:00:42"}
{"level":"info","message":"🚀 Multiplicador Spaceman 1: 11041644813 = 26.57x","timestamp":"2025-11-10 12:00:42"}
{"level":"info","message":"🚀 Multiplicador Spaceman 1: 11041644813 = 26.69x","timestamp":"2025-11-10 12:00:42"}
{"level":"info","message":"🚀 Multiplicador Spaceman 1: 11041644813 = 26.82x","timestamp":"2025-11-10 12:00:42"}
{"level":"info","message":"🚀 Multiplicador Spaceman 1: 11041644813 = 26.92x","timestamp":"2025-11-10 12:00:42"}
{"level":"info","message":"🚀 Multiplicador Spaceman 1: 11041644813 = 27.03x","timestamp":"2025-11-10 12:00:42"}
{"level":"info","message":"🚀 Multiplicador Spaceman 1: 11041644813 = 27.15x","timestamp":"2025-11-10 12:00:42"}
{"level":"info","message":"🚀 Multiplicador Spaceman 1: 11041644813 = 27.26x","timestamp":"2025-11-10 12:00:42"}
{"level":"info","message":"🚀 Multiplicador Spaceman 1: 11041644813 = 27.38x","timestamp":"2025-11-10 12:00:42"}
{"level":"info","message":"🚀 Multiplicador Spaceman 1: 11041644813 = 27.5x","timestamp":"2025-11-10 12:00:42"}
{"level":"info","message":"🚀 Multiplicador Spaceman 1: 11041644813 = 27.63x","timestamp":"2025-11-10 12:00:42"}
{"level":"info","message":"🚀 Multiplicador Spaceman 1: 11041644813 = 27.75x","timestamp":"2025-11-10 12:00:42"}
{"level":"info","message":"🚀 Multiplicador Spaceman 1: 11041644813 = 27.87x","timestamp":"2025-11-10 12:00:42"}
{"level":"info","message":"🚀 Multiplicador Spaceman 1: 11041644813 = 28.07x","timestamp":"2025-11-10 12:00:42"}
{"level":"info","message":"🚀 Multiplicador Spaceman 1: 11041644813 = 28.2x","timestamp":"2025-11-10 12:00:42"}
{"level":"info","message":"🚀 Multiplicador Spaceman 1: 11041644813 = 28.32x","timestamp":"2025-11-10 12:00:42"}
{"level":"info","message":"🚀 Multiplicador Spaceman 1: 11041644813 = 28.45x","timestamp":"2025-11-10 12:00:43"}
{"level":"info","message":"🚀 Multiplicador Spaceman 1: 11041644813 = 28.55x","timestamp":"2025-11-10 12:00:43"}
{"level":"info","message":"🚀 Multiplicador Spaceman 1: 11041644813 = 28.68x","timestamp":"2025-11-10 12:00:43"}
{"level":"info","message":"🚀 Multiplicador Spaceman 1: 11041644813 = 28.8x","timestamp":"2025-11-10 12:00:43"}
{"level":"info","message":"🚀 Multiplicador Spaceman 1: 11041644813 = 28.94x","timestamp":"2025-11-10 12:00:43"}
{"level":"info","message":"🚀 Multiplicador Spaceman 1: 11041644813 = 29.07x","timestamp":"2025-11-10 12:00:43"}
{"level":"info","message":"🚀 Multiplicador Spaceman 1: 11041644813 = 29.19x","timestamp":"2025-11-10 12:00:43"}
{"level":"info","message":"🚀 Multiplicador Spaceman 1: 11041644813 = 29.3x","timestamp":"2025-11-10 12:00:43"}
{"level":"info","message":"🚀 Multiplicador Spaceman 1: 11041644813 = 29.43x","timestamp":"2025-11-10 12:00:43"}
{"level":"info","message":"🚀 Multiplicador Spaceman 1: 11041644813 = 29.54x","timestamp":"2025-11-10 12:00:43"}
{"level":"info","message":"🚀 Multiplicador Spaceman 1: 11041644813 = 29.69x","timestamp":"2025-11-10 12:00:43"}
{"level":"info","message":"🚀 Multiplicador Spaceman 1: 11041644813 = 29.81x","timestamp":"2025-11-10 12:00:43"}
{"level":"info","message":"🚀 Multiplicador Spaceman 1: 11041644813 = 29.95x","timestamp":"2025-11-10 12:00:43"}
{"level":"info","message":"🚀 Multiplicador Spaceman 1: 11041644813 = 30.07x","timestamp":"2025-11-10 12:00:43"}
{"level":"info","message":"🚀 Multiplicador Spaceman 1: 11041644813 = 30.19x","timestamp":"2025-11-10 12:00:43"}
{"level":"info","message":"🚀 Multiplicador Spaceman 1: 11041644813 = 30.32x","timestamp":"2025-11-10 12:00:43"}
{"level":"info","message":"🚀 Multiplicador Spaceman 1: 11041644813 = 30.44x","timestamp":"2025-11-10 12:00:43"}
{"level":"info","message":"🚀 Multiplicador Spaceman 1: 11041644813 = 30.58x","timestamp":"2025-11-10 12:00:43"}
{"level":"info","message":"🚀 Multiplicador Spaceman 1: 11041644813 = 30.7x","timestamp":"2025-11-10 12:00:43"}
{"level":"info","message":"🚀 Multiplicador Spaceman 1: 11041644813 = 30.82x","timestamp":"2025-11-10 12:00:43"}
{"level":"info","message":"🚀 Multiplicador Spaceman 1: 11041644813 = 30.95x","timestamp":"2025-11-10 12:00:43"}
{"level":"info","message":"🚀 Multiplicador Spaceman 1: 11041644813 = 31.07x","timestamp":"2025-11-10 12:00:44"}
{"level":"info","message":"🚀 Multiplicador Spaceman 1: 11041644813 = 31.19x","timestamp":"2025-11-10 12:00:44"}
{"level":"info","message":"🚀 Multiplicador Spaceman 1: 11041644813 = 31.31x","timestamp":"2025-11-10 12:00:44"}
{"level":"info","message":"🚀 Multiplicador Spaceman 1: 11041644813 = 31.43x","timestamp":"2025-11-10 12:00:44"}
{"level":"info","message":"🚀 Multiplicador Spaceman 1: 11041644813 = 31.56x","timestamp":"2025-11-10 12:00:44"}
{"level":"info","message":"🚀 Multiplicador Spaceman 1: 11041644813 = 31.75x","timestamp":"2025-11-10 12:00:44"}
{"level":"info","message":"🚀 Multiplicador Spaceman 1: 11041644813 = 31.89x","timestamp":"2025-11-10 12:00:44"}
{"level":"info","message":"🚀 Multiplicador Spaceman 1: 11041644813 = 32.02x","timestamp":"2025-11-10 12:00:44"}
{"level":"info","message":"🚀 Multiplicador Spaceman 1: 11041644813 = 32.14x","timestamp":"2025-11-10 12:00:44"}
{"level":"info","message":"🚀 Multiplicador Spaceman 1: 11041644813 = 32.29x","timestamp":"2025-11-10 12:00:44"}
{"level":"info","message":"🚀 Multiplicador Spaceman 1: 11041644813 = 32.42x","timestamp":"2025-11-10 12:00:44"}
{"level":"info","message":"🚀 Multiplicador Spaceman 1: 11041644813 = 32.57x","timestamp":"2025-11-10 12:00:44"}
{"level":"info","message":"🚀 Multiplicador Spaceman 1: 11041644813 = 32.71x","timestamp":"2025-11-10 12:00:44"}
{"level":"info","message":"🚀 Multiplicador Spaceman 1: 11041644813 = 32.84x","timestamp":"2025-11-10 12:00:44"}
{"level":"info","message":"🚀 Multiplicador Spaceman 1: 11041644813 = 32.98x","timestamp":"2025-11-10 12:00:44"}
{"level":"info","message":"🚀 Multiplicador Spaceman 1: 11041644813 = 33.11x","timestamp":"2025-11-10 12:00:44"}
{"level":"info","message":"🚀 Multiplicador Spaceman 1: 11041644813 = 33.25x","timestamp":"2025-11-10 12:00:44"}
{"level":"info","message":"🚀 Multiplicador Spaceman 1: 11041644813 = 33.38x","timestamp":"2025-11-10 12:00:44"}
{"level":"info","message":"🚀 Multiplicador Spaceman 1: 11041644813 = 33.64x","timestamp":"2025-11-10 12:00:45"}
{"level":"info","message":"🚀 Multiplicador Spaceman 1: 11041644813 = 33.78x","timestamp":"2025-11-10 12:00:45"}
{"level":"info","message":"🚀 Multiplicador Spaceman 1: 11041644813 = 33.94x","timestamp":"2025-11-10 12:00:45"}
{"level":"info","message":"🚀 Multiplicador Spaceman 1: 11041644813 = 34.09x","timestamp":"2025-11-10 12:00:45"}
{"level":"info","message":"🚀 Multiplicador Spaceman 1: 11041644813 = 34.22x","timestamp":"2025-11-10 12:00:45"}
{"level":"info","message":"🚀 Multiplicador Spaceman 1: 11041644813 = 34.37x","timestamp":"2025-11-10 12:00:45"}
{"level":"info","message":"🚀 Multiplicador Spaceman 1: 11041644813 = 34.52x","timestamp":"2025-11-10 12:00:45"}
{"level":"info","message":"🚀 Multiplicador Spaceman 1: 11041644813 = 34.65x","timestamp":"2025-11-10 12:00:45"}
{"level":"info","message":"🚀 Multiplicador Spaceman 1: 11041644813 = 34.79x","timestamp":"2025-11-10 12:00:45"}
{"level":"info","message":"🚀 Multiplicador Spaceman 1: 11041644813 = 34.93x","timestamp":"2025-11-10 12:00:45"}
{"level":"info","message":"🚀 Multiplicador Spaceman 1: 11041644813 = 35.08x","timestamp":"2025-11-10 12:00:45"}
{"level":"info","message":"🚀 Multiplicador Spaceman 1: 11041644813 = 35.23x","timestamp":"2025-11-10 12:00:45"}
{"level":"info","message":"🚀 Multiplicador Spaceman 1: 11041644813 = 35.37x","timestamp":"2025-11-10 12:00:45"}
{"level":"info","message":"🚀 Multiplicador Spaceman 1: 11041644813 = 35.51x","timestamp":"2025-11-10 12:00:45"}
{"level":"info","message":"🚀 Multiplicador Spaceman 1: 11041644813 = 35.65x","timestamp":"2025-11-10 12:00:45"}
{"level":"info","message":"🚀 Multiplicador Spaceman 1: 11041644813 = 35.95x","timestamp":"2025-11-10 12:00:45"}
{"level":"info","message":"🚀 Multiplicador Spaceman 1: 11041644813 = 36.1x","timestamp":"2025-11-10 12:00:45"}
{"level":"info","message":"🚀 Multiplicador Spaceman 1: 11041644813 = 36.25x","timestamp":"2025-11-10 12:00:45"}
{"level":"info","message":"🚀 Multiplicador Spaceman 1: 11041644813 = 36.41x","timestamp":"2025-11-10 12:00:45"}
{"level":"info","message":"🚀 Multiplicador Spaceman 1: 11041644813 = 36.55x","timestamp":"2025-11-10 12:00:46"}
{"level":"info","message":"🚀 Multiplicador Spaceman 1: 11041644813 = 36.72x","timestamp":"2025-11-10 12:00:46"}
{"level":"info","message":"🚀 Multiplicador Spaceman 1: 11041644813 = 36.88x","timestamp":"2025-11-10 12:00:46"}
{"level":"info","message":"🚀 Multiplicador Spaceman 1: 11041644813 = 37.02x","timestamp":"2025-11-10 12:00:46"}
{"level":"info","message":"🚀 Multiplicador Spaceman 1: 11041644813 = 37.17x","timestamp":"2025-11-10 12:00:46"}
{"level":"info","message":"🚀 Multiplicador Spaceman 1: 11041644813 = 37.34x","timestamp":"2025-11-10 12:00:46"}
{"level":"info","message":"🚀 Multiplicador Spaceman 1: 11041644813 = 37.49x","timestamp":"2025-11-10 12:00:46"}
{"level":"info","message":"🚀 Multiplicador Spaceman 1: 11041644813 = 37.65x","timestamp":"2025-11-10 12:00:46"}
{"level":"info","message":"🚀 Multiplicador Spaceman 1: 11041644813 = 37.8x","timestamp":"2025-11-10 12:00:46"}
{"level":"info","message":"🚀 Multiplicador Spaceman 1: 11041644813 = 37.97x","timestamp":"2025-11-10 12:00:46"}
{"level":"info","message":"🚀 Multiplicador Spaceman 1: 11041644813 = 38.13x","timestamp":"2025-11-10 12:00:46"}
{"level":"info","message":"🚀 Multiplicador Spaceman 1: 11041644813 = 38.41x","timestamp":"2025-11-10 12:00:46"}
{"level":"info","message":"🚀 Multiplicador Spaceman 1: 11041644813 = 38.45x","timestamp":"2025-11-10 12:00:46"}
{"level":"info","message":"🚀 Multiplicador Spaceman 1: 11041644913 = 1.01x","timestamp":"2025-11-10 12:00:56"}
{"level":"info","message":"🚀 Multiplicador Spaceman 1: 11041644913 = 1.02x","timestamp":"2025-11-10 12:00:56"}
{"level":"info","message":"🚀 Multiplicador Spaceman 1: 11041644913 = 1.03x","timestamp":"2025-11-10 12:00:57"}
{"level":"info","message":"🚀 Multiplicador Spaceman 1: 11041644913 = 1.04x","timestamp":"2025-11-10 12:00:57"}
{"level":"info","message":"🚀 Multiplicador Spaceman 1: 11041644913 = 1.05x","timestamp":"2025-11-10 12:00:57"}
{"level":"info","message":"🚀 Multiplicador Spaceman 1: 11041644913 = 1.06x","timestamp":"2025-11-10 12:00:57"}
{"level":"info","message":"🚀 Multiplicador Spaceman 1: 11041644913 = 1.07x","timestamp":"2025-11-10 12:00:57"}
{"level":"info","message":"🚀 Multiplicador Spaceman 1: 11041644913 = 1.08x","timestamp":"2025-11-10 12:00:57"}
{"level":"info","message":"🚀 Multiplicador Spaceman 1: 11041644913 = 1.09x","timestamp":"2025-11-10 12:00:57"}
{"level":"info","message":"🚀 Multiplicador Spaceman 1: 11041644913 = 1.1x","timestamp":"2025-11-10 12:00:57"}
{"level":"info","message":"🚀 Multiplicador Spaceman 1: 11041644913 = 1.11x","timestamp":"2025-11-10 12:00:57"}
{"level":"info","message":"🚀 Multiplicador Spaceman 1: 11041644913 = 1.12x","timestamp":"2025-11-10 12:00:58"}
{"level":"info","message":"🚀 Multiplicador Spaceman 1: 11041644913 = 1.13x","timestamp":"2025-11-10 12:00:58"}
{"level":"info","message":"🚀 Multiplicador Spaceman 1: 11041644913 = 1.14x","timestamp":"2025-11-10 12:00:58"}
{"level":"info","message":"🚀 Multiplicador Spaceman 1: 11041644913 = 1.15x","timestamp":"2025-11-10 12:00:58"}
{"level":"info","message":"🚀 Multiplicador Spaceman 1: 11041644913 = 1.16x","timestamp":"2025-11-10 12:00:58"}
{"level":"info","message":"🚀 Multiplicador Spaceman 1: 11041644913 = 1.17x","timestamp":"2025-11-10 12:00:58"}
{"level":"info","message":"🚀 Multiplicador Spaceman 1: 11041644913 = 1.18x","timestamp":"2025-11-10 12:00:58"}
{"level":"info","message":"🚀 Multiplicador Spaceman 1: 11041644913 = 1.19x","timestamp":"2025-11-10 12:00:58"}
{"level":"info","message":"🚀 Multiplicador Spaceman 1: 11041644913 = 1.2x","timestamp":"2025-11-10 12:00:58"}
{"level":"info","message":"🚀 Multiplicador Spaceman 1: 11041644913 = 1.21x","timestamp":"2025-11-10 12:00:58"}
{"level":"info","message":"🚀 Multiplicador Spaceman 1: 11041644913 = 1.22x","timestamp":"2025-11-10 12:00:59"}
{"level":"info","message":"🚀 Multiplicador Spaceman 1: 11041644913 = 1.23x","timestamp":"2025-11-10 12:00:59"}
{"level":"info","message":"🚀 Multiplicador Spaceman 1: 11041644913 = 1.24x","timestamp":"2025-11-10 12:00:59"}
{"level":"info","message":"🚀 Multiplicador Spaceman 1: 11041644913 = 1.25x","timestamp":"2025-11-10 12:00:59"}
{"level":"info","message":"🚀 Multiplicador Spaceman 1: 11041644913 = 1.26x","timestamp":"2025-11-10 12:00:59"}
{"level":"info","message":"🚀 Multiplicador Spaceman 1: 11041644913 = 1.27x","timestamp":"2025-11-10 12:00:59"}
{"level":"info","message":"🚀 Multiplicador Spaceman 1: 11041644913 = 1.28x","timestamp":"2025-11-10 12:00:59"}
{"level":"info","message":"🚀 Multiplicador Spaceman 1: 11041644913 = 1.29x","timestamp":"2025-11-10 12:00:59"}
{"level":"info","message":"🚀 Multiplicador Spaceman 1: 11041644913 = 1.3x","timestamp":"2025-11-10 12:00:59"}
{"level":"info","message":"🚀 Multiplicador Spaceman 1: 11041644913 = 1.31x","timestamp":"2025-11-10 12:00:59"}
{"level":"info","message":"🚀 Multiplicador Spaceman 1: 11041644913 = 1.32x","timestamp":"2025-11-10 12:01:00"}
{"level":"info","message":"🚀 Multiplicador Spaceman 1: 11041644913 = 1.33x","timestamp":"2025-11-10 12:01:00"}
{"level":"info","message":"🚀 Multiplicador Spaceman 1: 11041644913 = 1.34x","timestamp":"2025-11-10 12:01:00"}
{"level":"info","message":"🚀 Multiplicador Spaceman 1: 11041644913 = 1.35x","timestamp":"2025-11-10 12:01:00"}
{"level":"info","message":"🚀 Multiplicador Spaceman 1: 11041644913 = 1.36x","timestamp":"2025-11-10 12:01:00"}
{"level":"info","message":"🚀 Multiplicador Spaceman 1: 11041644913 = 1.37x","timestamp":"2025-11-10 12:01:00"}
{"level":"info","message":"🚀 Multiplicador Spaceman 1: 11041644913 = 1.38x","timestamp":"2025-11-10 12:01:00"}
{"level":"info","message":"🚀 Multiplicador Spaceman 1: 11041644913 = 1.39x","timestamp":"2025-11-10 12:01:00"}
{"level":"info","message":"🚀 Multiplicador Spaceman 1: 11041644913 = 1.4x","timestamp":"2025-11-10 12:01:00"}
{"level":"info","message":"🚀 Multiplicador Spaceman 1: 11041644913 = 1.41x","timestamp":"2025-11-10 12:01:00"}
{"level":"info","message":"🚀 Multiplicador Spaceman 1: 11041644913 = 1.42x","timestamp":"2025-11-10 12:01:00"}
{"level":"info","message":"🚀 Multiplicador Spaceman 1: 11041644913 = 1.43x","timestamp":"2025-11-10 12:01:00"}
{"level":"info","message":"🚀 Multiplicador Spaceman 1: 11041644913 = 1.44x","timestamp":"2025-11-10 12:01:01"}
{"level":"info","message":"🚀 Multiplicador Spaceman 1: 11041644913 = 1.45x","timestamp":"2025-11-10 12:01:01"}
{"level":"info","message":"🚀 Multiplicador Spaceman 1: 11041644913 = 1.46x","timestamp":"2025-11-10 12:01:01"}
{"level":"info","message":"🚀 Multiplicador Spaceman 1: 11041644913 = 1.47x","timestamp":"2025-11-10 12:01:01"}
{"level":"info","message":"🚀 Multiplicador Spaceman 1: 11041644913 = 1.48x","timestamp":"2025-11-10 12:01:01"}
{"level":"info","message":"🚀 Multiplicador Spaceman 1: 11041644913 = 1.49x","timestamp":"2025-11-10 12:01:01"}
{"level":"info","message":"🚀 Multiplicador Spaceman 1: 11041644913 = 1.5x","timestamp":"2025-11-10 12:01:01"}
{"level":"info","message":"🚀 Multiplicador Spaceman 1: 11041644913 = 1.51x","timestamp":"2025-11-10 12:01:01"}
{"level":"info","message":"🚀 Multiplicador Spaceman 1: 11041644913 = 1.52x","timestamp":"2025-11-10 12:01:01"}
{"level":"info","message":"🚀 Multiplicador Spaceman 1: 11041644913 = 1.53x","timestamp":"2025-11-10 12:01:01"}
{"level":"info","message":"🚀 Multiplicador Spaceman 1: 11041644913 = 1.54x","timestamp":"2025-11-10 12:01:01"}
{"level":"info","message":"🚀 Multiplicador Spaceman 1: 11041644913 = 1.55x","timestamp":"2025-11-10 12:01:01"}
{"level":"info","message":"🚀 Multiplicador Spaceman 1: 11041644913 = 1.56x","timestamp":"2025-11-10 12:01:02"}
{"level":"info","message":"🚀 Multiplicador Spaceman 1: 11041644913 = 1.57x","timestamp":"2025-11-10 12:01:02"}
{"level":"info","message":"🚀 Multiplicador Spaceman 1: 11041644913 = 1.58x","timestamp":"2025-11-10 12:01:02"}
{"level":"info","message":"🚀 Multiplicador Spaceman 1: 11041644913 = 1.59x","timestamp":"2025-11-10 12:01:02"}
{"level":"info","message":"🚀 Multiplicador Spaceman 1: 11041644913 = 1.6x","timestamp":"2025-11-10 12:01:02"}
{"level":"info","message":"🚀 Multiplicador Spaceman 1: 11041644913 = 1.61x","timestamp":"2025-11-10 12:01:02"}
{"level":"info","message":"🚀 Multiplicador Spaceman 1: 11041644913 = 1.62x","timestamp":"2025-11-10 12:01:02"}
{"level":"info","message":"🚀 Multiplicador Spaceman 1: 11041644913 = 1.63x","timestamp":"2025-11-10 12:01:02"}
{"level":"info","message":"🚀 Multiplicador Spaceman 1: 11041644913 = 1.64x","timestamp":"2025-11-10 12:01:02"}
{"level":"info","message":"🚀 Multiplicador Spaceman 1: 11041644913 = 1.65x","timestamp":"2025-11-10 12:01:02"}
{"level":"info","message":"🚀 Multiplicador Spaceman 1: 11041644913 = 1.66x","timestamp":"2025-11-10 12:01:02"}
{"level":"info","message":"🚀 Multiplicador Spaceman 1: 11041644913 = 1.67x","timestamp":"2025-11-10 12:01:02"}
{"level":"info","message":"🚀 Multiplicador Spaceman 1: 11041644913 = 1.68x","timestamp":"2025-11-10 12:01:02"}
{"level":"info","message":"🚀 Multiplicador Spaceman 1: 11041644913 = 1.69x","timestamp":"2025-11-10 12:01:03"}
{"level":"info","message":"🚀 Multiplicador Spaceman 1: 11041644913 = 1.7x","timestamp":"2025-11-10 12:01:03"}
{"level":"info","message":"🚀 Multiplicador Spaceman 1: 11041644913 = 1.71x","timestamp":"2025-11-10 12:01:03"}
{"level":"info","message":"🚀 Multiplicador Spaceman 1: 11041644913 = 1.72x","timestamp":"2025-11-10 12:01:03"}
{"level":"info","message":"🚀 Multiplicador Spaceman 1: 11041644913 = 1.73x","timestamp":"2025-11-10 12:01:03"}
{"level":"info","message":"🚀 Multiplicador Spaceman 1: 11041644913 = 1.74x","timestamp":"2025-11-10 12:01:03"}
{"level":"info","message":"🚀 Multiplicador Spaceman 1: 11041644913 = 1.75x","timestamp":"2025-11-10 12:01:03"}
{"level":"info","message":"🚀 Multiplicador Spaceman 1: 11041644913 = 1.76x","timestamp":"2025-11-10 12:01:03"}
{"level":"info","message":"🚀 Multiplicador Spaceman 1: 11041644913 = 1.77x","timestamp":"2025-11-10 12:01:03"}
{"level":"info","message":"🚀 Multiplicador Spaceman 1: 11041644913 = 1.78x","timestamp":"2025-11-10 12:01:03"}
{"level":"info","message":"🚀 Multiplicador Spaceman 1: 11041644913 = 1.79x","timestamp":"2025-11-10 12:01:03"}
{"level":"info","message":"🚀 Multiplicador Spaceman 1: 11041644913 = 1.8x","timestamp":"2025-11-10 12:01:03"}
{"level":"info","message":"🚀 Multiplicador Spaceman 1: 11041644913 = 1.81x","timestamp":"2025-11-10 12:01:03"}
{"level":"info","message":"🚀 Multiplicador Spaceman 1: 11041644913 = 1.82x","timestamp":"2025-11-10 12:01:03"}
{"level":"info","message":"🚀 Multiplicador Spaceman 1: 11041644913 = 1.83x","timestamp":"2025-11-10 12:01:03"}
{"level":"info","message":"🚀 Multiplicador Spaceman 1: 11041644913 = 1.84x","timestamp":"2025-11-10 12:01:04"}
{"level":"info","message":"🚀 Multiplicador Spaceman 1: 11041644913 = 1.85x","timestamp":"2025-11-10 12:01:04"}
{"level":"info","message":"🚀 Multiplicador Spaceman 1: 11041644913 = 1.86x","timestamp":"2025-11-10 12:01:04"}
{"level":"info","message":"🚀 Multiplicador Spaceman 1: 11041644913 = 1.87x","timestamp":"2025-11-10 12:01:04"}
{"level":"info","message":"🚀 Multiplicador Spaceman 1: 11041644913 = 1.88x","timestamp":"2025-11-10 12:01:04"}
{"level":"info","message":"🚀 Multiplicador Spaceman 1: 11041644913 = 1.89x","timestamp":"2025-11-10 12:01:04"}
{"level":"info","message":"🚀 Multiplicador Spaceman 1: 11041644913 = 1.9x","timestamp":"2025-11-10 12:01:04"}
{"level":"info","message":"🚀 Multiplicador Spaceman 1: 11041644913 = 1.91x","timestamp":"2025-11-10 12:01:04"}
{"level":"info","message":"🚀 Multiplicador Spaceman 1: 11041644913 = 1.92x","timestamp":"2025-11-10 12:01:04"}
{"level":"info","message":"🚀 Multiplicador Spaceman 1: 11041644913 = 1.93x","timestamp":"2025-11-10 12:01:04"}
{"level":"info","message":"🚀 Multiplicador Spaceman 1: 11041644913 = 1.94x","timestamp":"2025-11-10 12:01:04"}
{"level":"info","message":"🚀 Multiplicador Spaceman 1: 11041644913 = 1.95x","timestamp":"2025-11-10 12:01:04"}
{"level":"info","message":"🚀 Multiplicador Spaceman 1: 11041644913 = 1.96x","timestamp":"2025-11-10 12:01:04"}
{"level":"info","message":"🚀 Multiplicador Spaceman 1: 11041644913 = 1.97x","timestamp":"2025-11-10 12:01:04"}
{"level":"info","message":"🚀 Multiplicador Spaceman 1: 11041644913 = 1.98x","timestamp":"2025-11-10 12:01:04"}
{"level":"info","message":"🚀 Multiplicador Spaceman 1: 11041644913 = 1.99x","timestamp":"2025-11-10 12:01:04"}
{"level":"info","message":"🚀 Multiplicador Spaceman 1: 11041644913 = 2x","timestamp":"2025-11-10 12:01:05"}
{"level":"info","message":"🚀 Multiplicador Spaceman 1: 11041644913 = 2.01x","timestamp":"2025-11-10 12:01:05"}
{"level":"info","message":"🚀 Multiplicador Spaceman 1: 11041644913 = 2.02x","timestamp":"2025-11-10 12:01:05"}
{"level":"info","message":"🚀 Multiplicador Spaceman 1: 11041644913 = 2.03x","timestamp":"2025-11-10 12:01:05"}
{"level":"info","message":"🚀 Multiplicador Spaceman 1: 11041644913 = 2.04x","timestamp":"2025-11-10 12:01:05"}
{"level":"info","message":"🚀 Multiplicador Spaceman 1: 11041644913 = 2.05x","timestamp":"2025-11-10 12:01:05"}
{"level":"info","message":"🚀 Multiplicador Spaceman 1: 11041644913 = 2.06x","timestamp":"2025-11-10 12:01:05"}
{"level":"info","message":"🚀 Multiplicador Spaceman 1: 11041644913 = 2.07x","timestamp":"2025-11-10 12:01:05"}
{"level":"info","message":"🚀 Multiplicador Spaceman 1: 11041644913 = 2.08x","timestamp":"2025-11-10 12:01:05"}
{"level":"info","message":"🚀 Multiplicador Spaceman 1: 11041644913 = 2.09x","timestamp":"2025-11-10 12:01:05"}
{"level":"info","message":"🚀 Multiplicador Spaceman 1: 11041644913 = 2.1x","timestamp":"2025-11-10 12:01:05"}
{"level":"info","message":"🚀 Multiplicador Spaceman 1: 11041644913 = 2.11x","timestamp":"2025-11-10 12:01:05"}
{"level":"info","message":"🚀 Multiplicador Spaceman 1: 11041644913 = 2.12x","timestamp":"2025-11-10 12:01:05"}
{"level":"info","message":"🚀 Multiplicador Spaceman 1: 11041644913 = 2.13x","timestamp":"2025-11-10 12:01:05"}
{"level":"info","message":"🚀 Multiplicador Spaceman 1: 11041644913 = 2.14x","timestamp":"2025-11-10 12:01:05"}
{"level":"info","message":"🚀 Multiplicador Spaceman 1: 11041644913 = 2.15x","timestamp":"2025-11-10 12:01:05"}
{"level":"info","message":"🚀 Multiplicador Spaceman 1: 11041644913 = 2.16x","timestamp":"2025-11-10 12:01:05"}
{"level":"info","message":"🚀 Multiplicador Spaceman 1: 11041644913 = 2.17x","timestamp":"2025-11-10 12:01:06"}
{"level":"info","message":"🚀 Multiplicador Spaceman 1: 11041644913 = 2.18x","timestamp":"2025-11-10 12:01:06"}
{"level":"info","message":"🚀 Multiplicador Spaceman 1: 11041644913 = 2.19x","timestamp":"2025-11-10 12:01:06"}
{"level":"info","message":"🚀 Multiplicador Spaceman 1: 11041644913 = 2.2x","timestamp":"2025-11-10 12:01:06"}
{"level":"info","message":"🚀 Multiplicador Spaceman 1: 11041644913 = 2.21x","timestamp":"2025-11-10 12:01:06"}
{"level":"info","message":"🚀 Multiplicador Spaceman 1: 11041644913 = 2.22x","timestamp":"2025-11-10 12:01:06"}
{"level":"info","message":"🚀 Multiplicador Spaceman 1: 11041644913 = 2.23x","timestamp":"2025-11-10 12:01:06"}
{"level":"info","message":"🚀 Multiplicador Spaceman 1: 11041644913 = 2.24x","timestamp":"2025-11-10 12:01:06"}
{"level":"info","message":"🚀 Multiplicador Spaceman 1: 11041644913 = 2.25x","timestamp":"2025-11-10 12:01:06"}
{"level":"info","message":"🚀 Multiplicador Spaceman 1: 11041644913 = 2.26x","timestamp":"2025-11-10 12:01:06"}
{"level":"info","message":"🚀 Multiplicador Spaceman 1: 11041644913 = 2.27x","timestamp":"2025-11-10 12:01:06"}
{"level":"info","message":"🚀 Multiplicador Spaceman 1: 11041644913 = 2.28x","timestamp":"2025-11-10 12:01:06"}
{"level":"info","message":"🚀 Multiplicador Spaceman 1: 11041644913 = 2.29x","timestamp":"2025-11-10 12:01:06"}
{"level":"info","message":"🚀 Multiplicador Spaceman 1: 11041644913 = 2.3x","timestamp":"2025-11-10 12:01:06"}
{"level":"info","message":"🚀 Multiplicador Spaceman 1: 11041644913 = 2.31x","timestamp":"2025-11-10 12:01:06"}
{"level":"info","message":"🚀 Multiplicador Spaceman 1: 11041644913 = 2.32x","timestamp":"2025-11-10 12:01:06"}
{"level":"info","message":"🚀 Multiplicador Spaceman 1: 11041644913 = 2.33x","timestamp":"2025-11-10 12:01:06"}
{"level":"info","message":"🚀 Multiplicador Spaceman 1: 11041644913 = 2.34x","timestamp":"2025-11-10 12:01:06"}
{"level":"info","message":"🚀 Multiplicador Spaceman 1: 11041644913 = 2.35x","timestamp":"2025-11-10 12:01:07"}
{"level":"info","message":"🚀 Multiplicador Spaceman 1: 11041644913 = 2.36x","timestamp":"2025-11-10 12:01:07"}
{"level":"info","message":"🚀 Multiplicador Spaceman 1: 11041644913 = 2.37x","timestamp":"2025-11-10 12:01:07"}
{"level":"info","message":"🚀 Multiplicador Spaceman 1: 11041644913 = 2.38x","timestamp":"2025-11-10 12:01:07"}
{"level":"info","message":"🚀 Multiplicador Spaceman 1: 11041644913 = 2.39x","timestamp":"2025-11-10 12:01:07"}
{"level":"info","message":"🚀 Multiplicador Spaceman 1: 11041644913 = 2.4x","timestamp":"2025-11-10 12:01:07"}
{"level":"info","message":"🚀 Multiplicador Spaceman 1: 11041644913 = 2.41x","timestamp":"2025-11-10 12:01:07"}
{"level":"info","message":"🚀 Multiplicador Spaceman 1: 11041644913 = 2.42x","timestamp":"2025-11-10 12:01:07"}
{"level":"info","message":"🚀 Multiplicador Spaceman 1: 11041644913 = 2.43x","timestamp":"2025-11-10 12:01:07"}
{"level":"info","message":"🚀 Multiplicador Spaceman 1: 11041644913 = 2.44x","timestamp":"2025-11-10 12:01:07"}
{"level":"info","message":"🚀 Multiplicador Spaceman 1: 11041644913 = 2.45x","timestamp":"2025-11-10 12:01:07"}
{"level":"info","message":"🚀 Multiplicador Spaceman 1: 11041644913 = 2.47x","timestamp":"2025-11-10 12:01:07"}
{"level":"info","message":"🚀 Multiplicador Spaceman 1: 11041644913 = 2.48x","timestamp":"2025-11-10 12:01:07"}
{"level":"info","message":"🚀 Multiplicador Spaceman 1: 11041644913 = 2.49x","timestamp":"2025-11-10 12:01:07"}
{"level":"info","message":"🚀 Multiplicador Spaceman 1: 11041644913 = 2.5x","timestamp":"2025-11-10 12:01:07"}
{"level":"info","message":"🚀 Multiplicador Spaceman 1: 11041644913 = 2.52x","timestamp":"2025-11-10 12:01:07"}
{"level":"info","message":"🚀 Multiplicador Spaceman 1: 11041644913 = 2.53x","timestamp":"2025-11-10 12:01:07"}
{"level":"info","message":"🚀 Multiplicador Spaceman 1: 11041644913 = 2.54x","timestamp":"2025-11-10 12:01:07"}
{"level":"info","message":"🚀 Multiplicador Spaceman 1: 11041644913 = 2.55x","timestamp":"2025-11-10 12:01:07"}
{"level":"info","message":"🚀 Multiplicador Spaceman 1: 11041644913 = 2.56x","timestamp":"2025-11-10 12:01:07"}
{"level":"info","message":"🚀 Multiplicador Spaceman 1: 11041644913 = 2.57x","timestamp":"2025-11-10 12:01:08"}
{"level":"info","message":"🚀 Multiplicador Spaceman 1: 11041644913 = 2.58x","timestamp":"2025-11-10 12:01:08"}
{"level":"info","message":"🚀 Multiplicador Spaceman 1: 11041644913 = 2.59x","timestamp":"2025-11-10 12:01:08"}
{"level":"info","message":"🚀 Multiplicador Spaceman 1: 11041644913 = 2.6x","timestamp":"2025-11-10 12:01:08"}
{"level":"info","message":"🚀 Multiplicador Spaceman 1: 11041644913 = 2.61x","timestamp":"2025-11-10 12:01:08"}
{"level":"info","message":"🚀 Multiplicador Spaceman 1: 11041644913 = 2.63x","timestamp":"2025-11-10 12:01:08"}
{"level":"info","message":"🚀 Multiplicador Spaceman 1: 11041644913 = 2.64x","timestamp":"2025-11-10 12:01:08"}
{"level":"info","message":"🚀 Multiplicador Spaceman 1: 11041644913 = 2.65x","timestamp":"2025-11-10 12:01:08"}
{"level":"info","message":"🚀 Multiplicador Spaceman 1: 11041644913 = 2.66x","timestamp":"2025-11-10 12:01:08"}
{"level":"info","message":"🚀 Multiplicador Spaceman 1: 11041644913 = 2.67x","timestamp":"2025-11-10 12:01:08"}
{"level":"info","message":"🚀 Multiplicador Spaceman 1: 11041644913 = 2.69x","timestamp":"2025-11-10 12:01:08"}
{"level":"info","message":"🚀 Multiplicador Spaceman 1: 11041644913 = 2.7x","timestamp":"2025-11-10 12:01:08"}
{"level":"info","message":"🚀 Multiplicador Spaceman 1: 11041644913 = 2.71x","timestamp":"2025-11-10 12:01:08"}
{"level":"info","message":"🚀 Multiplicador Spaceman 1: 11041644913 = 2.72x","timestamp":"2025-11-10 12:01:08"}
{"level":"info","message":"🚀 Multiplicador Spaceman 1: 11041644913 = 2.73x","timestamp":"2025-11-10 12:01:08"}
{"level":"info","message":"🚀 Multiplicador Spaceman 1: 11041644913 = 2.74x","timestamp":"2025-11-10 12:01:08"}
{"level":"info","message":"🚀 Multiplicador Spaceman 1: 11041644913 = 2.75x","timestamp":"2025-11-10 12:01:08"}
{"level":"info","message":"🚀 Multiplicador Spaceman 1: 11041644913 = 2.77x","timestamp":"2025-11-10 12:01:08"}
{"level":"info","message":"🚀 Multiplicador Spaceman 1: 11041644913 = 2.78x","timestamp":"2025-11-10 12:01:08"}
{"level":"info","message":"🚀 Multiplicador Spaceman 1: 11041644913 = 2.79x","timestamp":"2025-11-10 12:01:09"}
{"level":"info","message":"🚀 Multiplicador Spaceman 1: 11041644913 = 2.8x","timestamp":"2025-11-10 12:01:09"}
{"level":"info","message":"🚀 Multiplicador Spaceman 1: 11041644913 = 2.81x","timestamp":"2025-11-10 12:01:09"}
{"level":"info","message":"🚀 Multiplicador Spaceman 1: 11041644913 = 2.83x","timestamp":"2025-11-10 12:01:09"}
{"level":"info","message":"🚀 Multiplicador Spaceman 1: 11041644913 = 2.84x","timestamp":"2025-11-10 12:01:09"}
{"level":"info","message":"🚀 Multiplicador Spaceman 1: 11041644913 = 2.85x","timestamp":"2025-11-10 12:01:09"}
{"level":"info","message":"🚀 Multiplicador Spaceman 1: 11041644913 = 2.86x","timestamp":"2025-11-10 12:01:09"}
{"level":"info","message":"🚀 Multiplicador Spaceman 1: 11041644913 = 2.87x","timestamp":"2025-11-10 12:01:09"}
{"level":"info","message":"🚀 Multiplicador Spaceman 1: 11041644913 = 2.88x","timestamp":"2025-11-10 12:01:09"}
{"level":"info","message":"🚀 Multiplicador Spaceman 1: 11041644913 = 2.89x","timestamp":"2025-11-10 12:01:09"}
{"level":"info","message":"🚀 Multiplicador Spaceman 1: 11041644913 = 2.91x","timestamp":"2025-11-10 12:01:09"}
{"level":"info","message":"🚀 Multiplicador Spaceman 1: 11041644913 = 2.92x","timestamp":"2025-11-10 12:01:09"}
{"level":"info","message":"🚀 Multiplicador Spaceman 1: 11041644913 = 2.93x","timestamp":"2025-11-10 12:01:09"}
{"level":"info","message":"🚀 Multiplicador Spaceman 1: 11041644913 = 2.94x","timestamp":"2025-11-10 12:01:09"}
{"level":"info","message":"🚀 Multiplicador Spaceman 1: 11041644913 = 2.96x","timestamp":"2025-11-10 12:01:09"}
{"level":"info","message":"🚀 Multiplicador Spaceman 1: 11041644913 = 2.97x","timestamp":"2025-11-10 12:01:09"}
{"level":"info","message":"🚀 Multiplicador Spaceman 1: 11041644913 = 2.98x","timestamp":"2025-11-10 12:01:09"}
{"level":"info","message":"🚀 Multiplicador Spaceman 1: 11041644913 = 2.99x","timestamp":"2025-11-10 12:01:09"}
{"level":"info","message":"🚀 Multiplicador Spaceman 1: 11041644913 = 3x","timestamp":"2025-11-10 12:01:09"}
{"level":"info","message":"🚀 Multiplicador Spaceman 1: 11041644913 = 3.02x","timestamp":"2025-11-10 12:01:09"}
{"level":"info","message":"🚀 Multiplicador Spaceman 1: 11041644913 = 3.03x","timestamp":"2025-11-10 12:01:10"}
{"level":"info","message":"🚀 Multiplicador Spaceman 1: 11041644913 = 3.05x","timestamp":"2025-11-10 12:01:10"}
{"level":"info","message":"🚀 Multiplicador Spaceman 1: 11041644913 = 3.06x","timestamp":"2025-11-10 12:01:10"}
{"level":"info","message":"🚀 Multiplicador Spaceman 1: 11041644913 = 3.07x","timestamp":"2025-11-10 12:01:10"}
{"level":"info","message":"🚀 Multiplicador Spaceman 1: 11041644913 = 3.09x","timestamp":"2025-11-10 12:01:10"}
{"level":"info","message":"🚀 Multiplicador Spaceman 1: 11041644913 = 3.1x","timestamp":"2025-11-10 12:01:10"}
{"level":"info","message":"🚀 Multiplicador Spaceman 1: 11041644913 = 3.11x","timestamp":"2025-11-10 12:01:10"}
{"level":"info","message":"🚀 Multiplicador Spaceman 1: 11041644913 = 3.13x","timestamp":"2025-11-10 12:01:10"}
{"level":"info","message":"🚀 Multiplicador Spaceman 1: 11041644913 = 3.14x","timestamp":"2025-11-10 12:01:10"}
{"level":"info","message":"🚀 Multiplicador Spaceman 1: 11041644913 = 3.15x","timestamp":"2025-11-10 12:01:10"}
{"level":"info","message":"🚀 Multiplicador Spaceman 1: 11041644913 = 3.17x","timestamp":"2025-11-10 12:01:10"}
{"level":"info","message":"🚀 Multiplicador Spaceman 1: 11041644913 = 3.18x","timestamp":"2025-11-10 12:01:10"}
{"level":"info","message":"🚀 Multiplicador Spaceman 1: 11041644913 = 3.19x","timestamp":"2025-11-10 12:01:10"}
{"level":"info","message":"🚀 Multiplicador Spaceman 1: 11041644913 = 3.21x","timestamp":"2025-11-10 12:01:10"}
{"level":"info","message":"🚀 Multiplicador Spaceman 1: 11041644913 = 3.22x","timestamp":"2025-11-10 12:01:10"}
{"level":"info","message":"🚀 Multiplicador Spaceman 1: 11041644913 = 3.23x","timestamp":"2025-11-10 12:01:10"}
{"level":"info","message":"🚀 Multiplicador Spaceman 1: 11041644913 = 3.25x","timestamp":"2025-11-10 12:01:10"}
{"level":"info","message":"🚀 Multiplicador Spaceman 1: 11041644913 = 3.26x","timestamp":"2025-11-10 12:01:10"}
{"level":"info","message":"🚀 Multiplicador Spaceman 1: 11041644913 = 3.27x","timestamp":"2025-11-10 12:01:10"}
{"level":"info","message":"🚀 Multiplicador Spaceman 1: 11041644913 = 3.29x","timestamp":"2025-11-10 12:01:11"}
{"level":"info","message":"🚀 Multiplicador Spaceman 1: 11041644913 = 3.3x","timestamp":"2025-11-10 12:01:11"}
{"level":"info","message":"🚀 Multiplicador Spaceman 1: 11041644913 = 3.31x","timestamp":"2025-11-10 12:01:11"}
{"level":"info","message":"🚀 Multiplicador Spaceman 1: 11041644913 = 3.33x","timestamp":"2025-11-10 12:01:11"}
{"level":"info","message":"🚀 Multiplicador Spaceman 1: 11041644913 = 3.34x","timestamp":"2025-11-10 12:01:11"}
{"level":"info","message":"🚀 Multiplicador Spaceman 1: 11041644913 = 3.36x","timestamp":"2025-11-10 12:01:11"}
{"level":"info","message":"🚀 Multiplicador Spaceman 1: 11041644913 = 3.37x","timestamp":"2025-11-10 12:01:11"}
{"level":"info","message":"🚀 Multiplicador Spaceman 1: 11041644913 = 3.38x","timestamp":"2025-11-10 12:01:11"}
{"level":"info","message":"🚀 Multiplicador Spaceman 1: 11041644913 = 3.4x","timestamp":"2025-11-10 12:01:11"}
{"level":"info","message":"🚀 Multiplicador Spaceman 1: 11041644913 = 3.41x","timestamp":"2025-11-10 12:01:11"}
{"level":"info","message":"🚀 Multiplicador Spaceman 1: 11041644913 = 3.43x","timestamp":"2025-11-10 12:01:11"}
{"level":"info","message":"🚀 Multiplicador Spaceman 1: 11041644913 = 3.44x","timestamp":"2025-11-10 12:01:11"}
{"level":"info","message":"🚀 Multiplicador Spaceman 1: 11041644913 = 3.46x","timestamp":"2025-11-10 12:01:11"}
{"level":"info","message":"🚀 Multiplicador Spaceman 1: 11041644913 = 3.47x","timestamp":"2025-11-10 12:01:11"}
{"level":"info","message":"🚀 Multiplicador Spaceman 1: 11041644913 = 3.49x","timestamp":"2025-11-10 12:01:11"}
{"level":"info","message":"🚀 Multiplicador Spaceman 1: 11041644913 = 3.5x","timestamp":"2025-11-10 12:01:11"}
{"level":"info","message":"🚀 Multiplicador Spaceman 1: 11041644913 = 3.51x","timestamp":"2025-11-10 12:01:11"}
{"level":"info","message":"🚀 Multiplicador Spaceman 1: 11041644913 = 3.53x","timestamp":"2025-11-10 12:01:11"}
{"level":"info","message":"🚀 Multiplicador Spaceman 1: 11041644913 = 3.54x","timestamp":"2025-11-10 12:01:11"}
{"level":"info","message":"🚀 Multiplicador Spaceman 1: 11041644913 = 3.56x","timestamp":"2025-11-10 12:01:11"}
{"level":"info","message":"🚀 Multiplicador Spaceman 1: 11041644913 = 3.57x","timestamp":"2025-11-10 12:01:12"}
{"level":"info","message":"🚀 Multiplicador Spaceman 1: 11041644913 = 3.59x","timestamp":"2025-11-10 12:01:12"}
{"level":"info","message":"🚀 Multiplicador Spaceman 1: 11041644913 = 3.6x","timestamp":"2025-11-10 12:01:12"}
{"level":"info","message":"🚀 Multiplicador Spaceman 1: 11041644913 = 3.62x","timestamp":"2025-11-10 12:01:12"}
{"level":"info","message":"🚀 Multiplicador Spaceman 1: 11041644913 = 3.63x","timestamp":"2025-11-10 12:01:12"}
{"level":"info","message":"🚀 Multiplicador Spaceman 1: 11041644913 = 3.65x","timestamp":"2025-11-10 12:01:12"}
{"level":"info","message":"🚀 Multiplicador Spaceman 1: 11041644913 = 3.67x","timestamp":"2025-11-10 12:01:12"}
{"level":"info","message":"🚀 Multiplicador Spaceman 1: 11041644913 = 3.68x","timestamp":"2025-11-10 12:01:12"}
{"level":"info","message":"🚀 Multiplicador Spaceman 1: 11041644913 = 3.7x","timestamp":"2025-11-10 12:01:12"}
{"level":"info","message":"🚀 Multiplicador Spaceman 1: 11041644913 = 3.71x","timestamp":"2025-11-10 12:01:12"}
{"level":"info","message":"🚀 Multiplicador Spaceman 1: 11041644913 = 3.73x","timestamp":"2025-11-10 12:01:12"}
{"level":"info","message":"🚀 Multiplicador Spaceman 1: 11041644913 = 3.74x","timestamp":"2025-11-10 12:01:12"}
{"level":"info","message":"🚀 Multiplicador Spaceman 1: 11041644913 = 3.76x","timestamp":"2025-11-10 12:01:12"}
{"level":"info","message":"🚀 Multiplicador Spaceman 1: 11041644913 = 3.78x","timestamp":"2025-11-10 12:01:12"}
{"level":"info","message":"🚀 Multiplicador Spaceman 1: 11041644913 = 3.79x","timestamp":"2025-11-10 12:01:12"}
{"level":"info","message":"🚀 Multiplicador Spaceman 1: 11041644913 = 3.81x","timestamp":"2025-11-10 12:01:12"}
{"level":"info","message":"🚀 Multiplicador Spaceman 1: 11041644913 = 3.82x","timestamp":"2025-11-10 12:01:12"}
{"level":"info","message":"🚀 Multiplicador Spaceman 1: 11041644913 = 3.84x","timestamp":"2025-11-10 12:01:12"}
{"level":"info","message":"🚀 Multiplicador Spaceman 1: 11041644913 = 3.85x","timestamp":"2025-11-10 12:01:12"}
{"level":"info","message":"🚀 Multiplicador Spaceman 1: 11041644913 = 3.87x","timestamp":"2025-11-10 12:01:12"}
{"level":"info","message":"🚀 Multiplicador Spaceman 1: 11041644913 = 3.89x","timestamp":"2025-11-10 12:01:13"}
{"level":"info","message":"🚀 Multiplicador Spaceman 1: 11041644913 = 3.91x","timestamp":"2025-11-10 12:01:13"}
{"level":"info","message":"🚀 Multiplicador Spaceman 1: 11041644913 = 3.93x","timestamp":"2025-11-10 12:01:13"}
{"level":"info","message":"🚀 Multiplicador Spaceman 1: 11041644913 = 3.95x","timestamp":"2025-11-10 12:01:13"}
{"level":"info","message":"🚀 Multiplicador Spaceman 1: 11041644913 = 3.96x","timestamp":"2025-11-10 12:01:13"}
{"level":"info","message":"🚀 Multiplicador Spaceman 1: 11041644913 = 3.98x","timestamp":"2025-11-10 12:01:13"}
{"level":"info","message":"🚀 Multiplicador Spaceman 1: 11041644913 = 4x","timestamp":"2025-11-10 12:01:13"}
{"level":"info","message":"🚀 Multiplicador Spaceman 1: 11041644913 = 4.02x","timestamp":"2025-11-10 12:01:13"}
{"level":"info","message":"🚀 Multiplicador Spaceman 1: 11041644913 = 4.03x","timestamp":"2025-11-10 12:01:13"}
{"level":"info","message":"🚀 Multiplicador Spaceman 1: 11041644913 = 4.05x","timestamp":"2025-11-10 12:01:13"}
{"level":"info","message":"🚀 Multiplicador Spaceman 1: 11041644913 = 4.07x","timestamp":"2025-11-10 12:01:13"}
{"level":"info","message":"🚀 Multiplicador Spaceman 1: 11041644913 = 4.08x","timestamp":"2025-11-10 12:01:13"}
{"level":"info","message":"🚀 Multiplicador Spaceman 1: 11041644913 = 4.1x","timestamp":"2025-11-10 12:01:13"}
{"level":"info","message":"🚀 Multiplicador Spaceman 1: 11041644913 = 4.12x","timestamp":"2025-11-10 12:01:13"}
{"level":"info","message":"🚀 Multiplicador Spaceman 1: 11041644913 = 4.14x","timestamp":"2025-11-10 12:01:13"}
{"level":"info","message":"🚀 Multiplicador Spaceman 1: 11041644913 = 4.16x","timestamp":"2025-11-10 12:01:13"}
{"level":"info","message":"🚀 Multiplicador Spaceman 1: 11041644913 = 4.17x","timestamp":"2025-11-10 12:01:13"}
{"level":"info","message":"🚀 Multiplicador Spaceman 1: 11041644913 = 4.19x","timestamp":"2025-11-10 12:01:13"}
{"level":"info","message":"🚀 Multiplicador Spaceman 1: 11041644913 = 4.21x","timestamp":"2025-11-10 12:01:13"}
{"level":"info","message":"🚀 Multiplicador Spaceman 1: 11041644913 = 4.22x","timestamp":"2025-11-10 12:01:14"}
{"level":"info","message":"🚀 Multiplicador Spaceman 1: 11041644913 = 4.24x","timestamp":"2025-11-10 12:01:14"}
{"level":"info","message":"🚀 Multiplicador Spaceman 1: 11041644913 = 4.26x","timestamp":"2025-11-10 12:01:14"}
{"level":"info","message":"🚀 Multiplicador Spaceman 1: 11041644913 = 4.28x","timestamp":"2025-11-10 12:01:14"}
{"level":"info","message":"🚀 Multiplicador Spaceman 1: 11041644913 = 4.3x","timestamp":"2025-11-10 12:01:14"}
{"level":"info","message":"🚀 Multiplicador Spaceman 1: 11041644913 = 4.31x","timestamp":"2025-11-10 12:01:14"}
{"level":"info","message":"🚀 Multiplicador Spaceman 1: 11041644913 = 4.33x","timestamp":"2025-11-10 12:01:14"}
{"level":"info","message":"🚀 Multiplicador Spaceman 1: 11041644913 = 4.35x","timestamp":"2025-11-10 12:01:14"}
{"level":"info","message":"🚀 Multiplicador Spaceman 1: 11041644913 = 4.37x","timestamp":"2025-11-10 12:01:14"}
{"level":"info","message":"🚀 Multiplicador Spaceman 1: 11041644913 = 4.39x","timestamp":"2025-11-10 12:01:14"}
{"level":"info","message":"🚀 Multiplicador Spaceman 1: 11041644913 = 4.41x","timestamp":"2025-11-10 12:01:14"}
{"level":"info","message":"🚀 Multiplicador Spaceman 1: 11041644913 = 4.42x","timestamp":"2025-11-10 12:01:14"}
{"level":"info","message":"🚀 Multiplicador Spaceman 1: 11041644913 = 4.44x","timestamp":"2025-11-10 12:01:14"}
{"level":"info","message":"🚀 Multiplicador Spaceman 1: 11041644913 = 4.46x","timestamp":"2025-11-10 12:01:14"}
{"level":"info","message":"🚀 Multiplicador Spaceman 1: 11041644913 = 4.48x","timestamp":"2025-11-10 12:01:14"}
{"level":"info","message":"🚀 Multiplicador Spaceman 1: 11041644913 = 4.5x","timestamp":"2025-11-10 12:01:14"}
{"level":"info","message":"🚀 Multiplicador Spaceman 1: 11041644913 = 4.53x","timestamp":"2025-11-10 12:01:14"}
{"level":"info","message":"🚀 Multiplicador Spaceman 1: 11041644913 = 4.55x","timestamp":"2025-11-10 12:01:14"}
{"level":"info","message":"🚀 Multiplicador Spaceman 1: 11041644913 = 4.57x","timestamp":"2025-11-10 12:01:14"}
{"level":"info","message":"🚀 Multiplicador Spaceman 1: 11041644913 = 4.59x","timestamp":"2025-11-10 12:01:15"}
{"level":"info","message":"🚀 Multiplicador Spaceman 1: 11041644913 = 4.61x","timestamp":"2025-11-10 12:01:15"}
{"level":"info","message":"🚀 Multiplicador Spaceman 1: 11041644913 = 4.62x","timestamp":"2025-11-10 12:01:15"}
{"level":"info","message":"🚀 Multiplicador Spaceman 1: 11041644913 = 4.65x","timestamp":"2025-11-10 12:01:15"}
{"level":"info","message":"🚀 Multiplicador Spaceman 1: 11041644913 = 4.66x","timestamp":"2025-11-10 12:01:15"}
{"level":"info","message":"🚀 Multiplicador Spaceman 1: 11041644913 = 4.69x","timestamp":"2025-11-10 12:01:15"}
{"level":"info","message":"🚀 Multiplicador Spaceman 1: 11041644913 = 4.7x","timestamp":"2025-11-10 12:01:15"}
{"level":"info","message":"🚀 Multiplicador Spaceman 1: 11041644913 = 4.72x","timestamp":"2025-11-10 12:01:15"}
{"level":"info","message":"🚀 Multiplicador Spaceman 1: 11041644913 = 4.74x","timestamp":"2025-11-10 12:01:15"}
{"level":"info","message":"🚀 Multiplicador Spaceman 1: 11041644913 = 4.76x","timestamp":"2025-11-10 12:01:15"}
{"level":"info","message":"🚀 Multiplicador Spaceman 1: 11041644913 = 4.78x","timestamp":"2025-11-10 12:01:15"}
{"level":"info","message":"🚀 Multiplicador Spaceman 1: 11041644913 = 4.8x","timestamp":"2025-11-10 12:01:15"}
{"level":"info","message":"🚀 Multiplicador Spaceman 1: 11041644913 = 4.82x","timestamp":"2025-11-10 12:01:15"}
{"level":"info","message":"🚀 Multiplicador Spaceman 1: 11041644913 = 4.84x","timestamp":"2025-11-10 12:01:15"}
{"level":"info","message":"🚀 Multiplicador Spaceman 1: 11041644913 = 4.86x","timestamp":"2025-11-10 12:01:15"}
{"level":"info","message":"🚀 Multiplicador Spaceman 1: 11041644913 = 4.88x","timestamp":"2025-11-10 12:01:15"}
{"level":"info","message":"🚀 Multiplicador Spaceman 1: 11041644913 = 4.9x","timestamp":"2025-11-10 12:01:15"}
{"level":"info","message":"🚀 Multiplicador Spaceman 1: 11041644913 = 4.92x","timestamp":"2025-11-10 12:01:15"}
{"level":"info","message":"🚀 Multiplicador Spaceman 1: 11041644913 = 4.94x","timestamp":"2025-11-10 12:01:15"}
{"level":"info","message":"🚀 Multiplicador Spaceman 1: 11041644913 = 4.96x","timestamp":"2025-11-10 12:01:15"}
{"level":"info","message":"🚀 Multiplicador Spaceman 1: 11041644913 = 4.98x","timestamp":"2025-11-10 12:01:16"}
{"level":"info","message":"🚀 Multiplicador Spaceman 1: 11041644913 = 5x","timestamp":"2025-11-10 12:01:16"}
{"level":"info","message":"🚀 Multiplicador Spaceman 1: 11041644913 = 5.02x","timestamp":"2025-11-10 12:01:16"}
{"level":"info","message":"🚀 Multiplicador Spaceman 1: 11041644913 = 5.05x","timestamp":"2025-11-10 12:01:16"}
{"level":"info","message":"🚀 Multiplicador Spaceman 1: 11041644913 = 5.07x","timestamp":"2025-11-10 12:01:16"}
{"level":"info","message":"🚀 Multiplicador Spaceman 1: 11041644913 = 5.09x","timestamp":"2025-11-10 12:01:16"}
{"level":"info","message":"🚀 Multiplicador Spaceman 1: 11041644913 = 5.11x","timestamp":"2025-11-10 12:01:16"}
{"level":"info","message":"🚀 Multiplicador Spaceman 1: 11041644913 = 5.13x","timestamp":"2025-11-10 12:01:16"}
{"level":"info","message":"🚀 Multiplicador Spaceman 1: 11041644913 = 5.15x","timestamp":"2025-11-10 12:01:16"}
{"level":"info","message":"🚀 Multiplicador Spaceman 1: 11041644913 = 5.17x","timestamp":"2025-11-10 12:01:16"}
{"level":"info","message":"🚀 Multiplicador Spaceman 1: 11041644913 = 5.2x","timestamp":"2025-11-10 12:01:16"}
{"level":"info","message":"🚀 Multiplicador Spaceman 1: 11041644913 = 5.22x","timestamp":"2025-11-10 12:01:16"}
{"level":"info","message":"🚀 Multiplicador Spaceman 1: 11041644913 = 5.24x","timestamp":"2025-11-10 12:01:16"}
{"level":"info","message":"🚀 Multiplicador Spaceman 1: 11041644913 = 5.26x","timestamp":"2025-11-10 12:01:16"}
{"level":"info","message":"🚀 Multiplicador Spaceman 1: 11041644913 = 5.29x","timestamp":"2025-11-10 12:01:16"}
{"level":"info","message":"🚀 Multiplicador Spaceman 1: 11041644913 = 5.31x","timestamp":"2025-11-10 12:01:16"}
{"level":"info","message":"🚀 Multiplicador Spaceman 1: 11041644913 = 5.33x","timestamp":"2025-11-10 12:01:16"}
{"level":"info","message":"🚀 Multiplicador Spaceman 1: 11041644913 = 5.36x","timestamp":"2025-11-10 12:01:16"}
{"level":"info","message":"🚀 Multiplicador Spaceman 1: 11041644913 = 5.38x","timestamp":"2025-11-10 12:01:16"}
{"level":"info","message":"🚀 Multiplicador Spaceman 1: 11041644913 = 5.4x","timestamp":"2025-11-10 12:01:16"}
{"level":"info","message":"🚀 Multiplicador Spaceman 1: 11041644913 = 5.43x","timestamp":"2025-11-10 12:01:17"}
{"level":"info","message":"🚀 Multiplicador Spaceman 1: 11041644913 = 5.45x","timestamp":"2025-11-10 12:01:17"}
{"level":"info","message":"🚀 Multiplicador Spaceman 1: 11041644913 = 5.47x","timestamp":"2025-11-10 12:01:17"}
{"level":"info","message":"🚀 Multiplicador Spaceman 1: 11041644913 = 5.5x","timestamp":"2025-11-10 12:01:17"}
{"level":"info","message":"🚀 Multiplicador Spaceman 1: 11041644913 = 5.52x","timestamp":"2025-11-10 12:01:17"}
{"level":"info","message":"🚀 Multiplicador Spaceman 1: 11041644913 = 5.54x","timestamp":"2025-11-10 12:01:17"}
{"level":"info","message":"🚀 Multiplicador Spaceman 1: 11041644913 = 5.57x","timestamp":"2025-11-10 12:01:17"}
{"level":"info","message":"🚀 Multiplicador Spaceman 1: 11041644913 = 5.59x","timestamp":"2025-11-10 12:01:17"}
{"level":"info","message":"🚀 Multiplicador Spaceman 1: 11041644913 = 5.61x","timestamp":"2025-11-10 12:01:17"}
{"level":"info","message":"🚀 Multiplicador Spaceman 1: 11041644913 = 5.64x","timestamp":"2025-11-10 12:01:17"}
{"level":"info","message":"🚀 Multiplicador Spaceman 1: 11041644913 = 5.66x","timestamp":"2025-11-10 12:01:17"}
{"level":"info","message":"🚀 Multiplicador Spaceman 1: 11041644913 = 5.69x","timestamp":"2025-11-10 12:01:17"}
{"level":"info","message":"🚀 Multiplicador Spaceman 1: 11041644913 = 5.71x","timestamp":"2025-11-10 12:01:17"}
{"level":"info","message":"🚀 Multiplicador Spaceman 1: 11041644913 = 5.73x","timestamp":"2025-11-10 12:01:17"}
{"level":"info","message":"🚀 Multiplicador Spaceman 1: 11041644913 = 5.75x","timestamp":"2025-11-10 12:01:17"}
{"level":"info","message":"🚀 Multiplicador Spaceman 1: 11041644913 = 5.77x","timestamp":"2025-11-10 12:01:17"}
{"level":"info","message":"🚀 Multiplicador Spaceman 1: 11041644913 = 5.8x","timestamp":"2025-11-10 12:01:17"}
{"level":"info","message":"🚀 Multiplicador Spaceman 1: 11041644913 = 5.83x","timestamp":"2025-11-10 12:01:17"}
{"level":"info","message":"🚀 Multiplicador Spaceman 1: 11041644913 = 5.85x","timestamp":"2025-11-10 12:01:17"}
{"level":"info","message":"🚀 Multiplicador Spaceman 1: 11041644913 = 5.88x","timestamp":"2025-11-10 12:01:18"}
{"level":"info","message":"🚀 Multiplicador Spaceman 1: 11041644913 = 5.9x","timestamp":"2025-11-10 12:01:18"}
{"level":"info","message":"🚀 Multiplicador Spaceman 1: 11041644913 = 5.93x","timestamp":"2025-11-10 12:01:18"}
{"level":"info","message":"🚀 Multiplicador Spaceman 1: 11041644913 = 5.95x","timestamp":"2025-11-10 12:01:18"}
{"level":"info","message":"🚀 Multiplicador Spaceman 1: 11041644913 = 5.98x","timestamp":"2025-11-10 12:01:18"}
{"level":"info","message":"🚀 Multiplicador Spaceman 1: 11041644913 = 6x","timestamp":"2025-11-10 12:01:18"}
{"level":"info","message":"🚀 Multiplicador Spaceman 1: 11041644913 = 6.03x","timestamp":"2025-11-10 12:01:18"}
{"level":"info","message":"🚀 Multiplicador Spaceman 1: 11041644913 = 6.06x","timestamp":"2025-11-10 12:01:18"}
{"level":"info","message":"🚀 Multiplicador Spaceman 1: 11041644913 = 6.08x","timestamp":"2025-11-10 12:01:18"}
{"level":"info","message":"🚀 Multiplicador Spaceman 1: 11041644913 = 6.11x","timestamp":"2025-11-10 12:01:18"}
{"level":"info","message":"🚀 Multiplicador Spaceman 1: 11041644913 = 6.13x","timestamp":"2025-11-10 12:01:18"}
{"level":"info","message":"🚀 Multiplicador Spaceman 1: 11041644913 = 6.16x","timestamp":"2025-11-10 12:01:18"}
{"level":"info","message":"🚀 Multiplicador Spaceman 1: 11041644913 = 6.18x","timestamp":"2025-11-10 12:01:18"}
{"level":"info","message":"🚀 Multiplicador Spaceman 1: 11041644913 = 6.21x","timestamp":"2025-11-10 12:01:18"}
{"level":"info","message":"🚀 Multiplicador Spaceman 1: 11041644913 = 6.23x","timestamp":"2025-11-10 12:01:18"}
{"level":"info","message":"🚀 Multiplicador Spaceman 1: 11041644913 = 6.26x","timestamp":"2025-11-10 12:01:18"}
{"level":"info","message":"🚀 Multiplicador Spaceman 1: 11041644913 = 6.29x","timestamp":"2025-11-10 12:01:18"}
{"level":"info","message":"🚀 Multiplicador Spaceman 1: 11041644913 = 6.31x","timestamp":"2025-11-10 12:01:18"}
{"level":"info","message":"🚀 Multiplicador Spaceman 1: 11041644913 = 6.34x","timestamp":"2025-11-10 12:01:18"}
{"level":"info","message":"🚀 Multiplicador Spaceman 1: 11041644913 = 6.37x","timestamp":"2025-11-10 12:01:18"}
{"level":"info","message":"🚀 Multiplicador Spaceman 1: 11041644913 = 6.39x","timestamp":"2025-11-10 12:01:19"}
{"level":"info","message":"🚀 Multiplicador Spaceman 1: 11041644913 = 6.42x","timestamp":"2025-11-10 12:01:19"}
{"level":"info","message":"🚀 Multiplicador Spaceman 1: 11041644913 = 6.45x","timestamp":"2025-11-10 12:01:19"}
{"level":"info","message":"🚀 Multiplicador Spaceman 1: 11041644913 = 6.47x","timestamp":"2025-11-10 12:01:19"}
{"level":"info","message":"🚀 Multiplicador Spaceman 1: 11041644913 = 6.5x","timestamp":"2025-11-10 12:01:19"}
{"level":"info","message":"🚀 Multiplicador Spaceman 1: 11041644913 = 6.53x","timestamp":"2025-11-10 12:01:19"}
{"level":"info","message":"🚀 Multiplicador Spaceman 1: 11041644913 = 6.56x","timestamp":"2025-11-10 12:01:19"}
{"level":"info","message":"🚀 Multiplicador Spaceman 1: 11041644913 = 6.58x","timestamp":"2025-11-10 12:01:19"}
{"level":"info","message":"🚀 Multiplicador Spaceman 1: 11041644913 = 6.61x","timestamp":"2025-11-10 12:01:19"}
{"level":"info","message":"🚀 Multiplicador Spaceman 1: 11041644913 = 6.64x","timestamp":"2025-11-10 12:01:19"}
{"level":"info","message":"🚀 Multiplicador Spaceman 1: 11041644913 = 6.67x","timestamp":"2025-11-10 12:01:19"}
{"level":"info","message":"🚀 Multiplicador Spaceman 1: 11041644913 = 6.69x","timestamp":"2025-11-10 12:01:19"}
{"level":"info","message":"🚀 Multiplicador Spaceman 1: 11041644913 = 6.72x","timestamp":"2025-11-10 12:01:19"}
{"level":"info","message":"🚀 Multiplicador Spaceman 1: 11041644913 = 6.75x","timestamp":"2025-11-10 12:01:19"}
{"level":"info","message":"🚀 Multiplicador Spaceman 1: 11041644913 = 6.78x","timestamp":"2025-11-10 12:01:19"}
{"level":"info","message":"🚀 Multiplicador Spaceman 1: 11041644913 = 6.81x","timestamp":"2025-11-10 12:01:19"}
{"level":"info","message":"🚀 Multiplicador Spaceman 1: 11041644913 = 6.84x","timestamp":"2025-11-10 12:01:19"}
{"level":"info","message":"🚀 Multiplicador Spaceman 1: 11041644913 = 6.87x","timestamp":"2025-11-10 12:01:19"}
{"level":"info","message":"🚀 Multiplicador Spaceman 1: 11041644913 = 6.9x","timestamp":"2025-11-10 12:01:19"}
{"level":"info","message":"🚀 Multiplicador Spaceman 1: 11041644913 = 6.93x","timestamp":"2025-11-10 12:01:19"}
{"level":"info","message":"🚀 Multiplicador Spaceman 1: 11041644913 = 6.95x","timestamp":"2025-11-10 12:01:20"}
{"level":"info","message":"🚀 Multiplicador Spaceman 1: 11041644913 = 6.98x","timestamp":"2025-11-10 12:01:20"}
{"level":"info","message":"🚀 Multiplicador Spaceman 1: 11041644913 = 7.01x","timestamp":"2025-11-10 12:01:20"}
{"level":"info","message":"🚀 Multiplicador Spaceman 1: 11041644913 = 7.04x","timestamp":"2025-11-10 12:01:20"}
{"level":"info","message":"🚀 Multiplicador Spaceman 1: 11041644913 = 7.07x","timestamp":"2025-11-10 12:01:20"}
{"level":"info","message":"🚀 Multiplicador Spaceman 1: 11041644913 = 7.1x","timestamp":"2025-11-10 12:01:20"}
{"level":"info","message":"🚀 Multiplicador Spaceman 1: 11041644913 = 7.13x","timestamp":"2025-11-10 12:01:20"}
{"level":"info","message":"🚀 Multiplicador Spaceman 1: 11041644913 = 7.15x","timestamp":"2025-11-10 12:01:20"}
{"level":"info","message":"🚀 Multiplicador Spaceman 1: 11041644913 = 7.18x","timestamp":"2025-11-10 12:01:20"}
{"level":"info","message":"🚀 Multiplicador Spaceman 1: 11041644913 = 7.22x","timestamp":"2025-11-10 12:01:20"}
{"level":"info","message":"🚀 Multiplicador Spaceman 1: 11041644913 = 7.25x","timestamp":"2025-11-10 12:01:20"}
{"level":"info","message":"🚀 Multiplicador Spaceman 1: 11041644913 = 7.28x","timestamp":"2025-11-10 12:01:20"}
{"level":"info","message":"🚀 Multiplicador Spaceman 1: 11041644913 = 7.31x","timestamp":"2025-11-10 12:01:20"}
{"level":"info","message":"🚀 Multiplicador Spaceman 1: 11041644913 = 7.34x","timestamp":"2025-11-10 12:01:20"}
{"level":"info","message":"🚀 Multiplicador Spaceman 1: 11041644913 = 7.37x","timestamp":"2025-11-10 12:01:20"}
{"level":"info","message":"🚀 Multiplicador Spaceman 1: 11041644913 = 7.4x","timestamp":"2025-11-10 12:01:20"}
{"level":"info","message":"🚀 Multiplicador Spaceman 1: 11041644913 = 7.43x","timestamp":"2025-11-10 12:01:20"}
{"level":"info","message":"🚀 Multiplicador Spaceman 1: 11041644913 = 7.46x","timestamp":"2025-11-10 12:01:20"}
{"level":"info","message":"🚀 Multiplicador Spaceman 1: 11041644913 = 7.5x","timestamp":"2025-11-10 12:01:20"}
{"level":"info","message":"🚀 Multiplicador Spaceman 1: 11041644913 = 7.53x","timestamp":"2025-11-10 12:01:20"}
{"level":"info","message":"🚀 Multiplicador Spaceman 1: 11041644913 = 7.56x","timestamp":"2025-11-10 12:01:21"}
{"level":"info","message":"🚀 Multiplicador Spaceman 1: 11041644913 = 7.59x","timestamp":"2025-11-10 12:01:21"}
{"level":"info","message":"🚀 Multiplicador Spaceman 1: 11041644913 = 7.62x","timestamp":"2025-11-10 12:01:21"}
{"level":"info","message":"🚀 Multiplicador Spaceman 1: 11041644913 = 7.66x","timestamp":"2025-11-10 12:01:21"}
{"level":"info","message":"🚀 Multiplicador Spaceman 1: 11041644913 = 7.69x","timestamp":"2025-11-10 12:01:21"}
{"level":"info","message":"🚀 Multiplicador Spaceman 1: 11041644913 = 7.72x","timestamp":"2025-11-10 12:01:21"}
{"level":"info","message":"🚀 Multiplicador Spaceman 1: 11041644913 = 7.75x","timestamp":"2025-11-10 12:01:21"}
{"level":"info","message":"🚀 Multiplicador Spaceman 1: 11041644913 = 7.78x","timestamp":"2025-11-10 12:01:21"}
{"level":"info","message":"🚀 Multiplicador Spaceman 1: 11041644913 = 7.82x","timestamp":"2025-11-10 12:01:21"}
{"level":"info","message":"🚀 Multiplicador Spaceman 1: 11041644913 = 7.85x","timestamp":"2025-11-10 12:01:21"}
{"level":"info","message":"🚀 Multiplicador Spaceman 1: 11041644913 = 7.88x","timestamp":"2025-11-10 12:01:21"}
{"level":"info","message":"🚀 Multiplicador Spaceman 1: 11041644913 = 7.91x","timestamp":"2025-11-10 12:01:21"}
{"level":"info","message":"🚀 Multiplicador Spaceman 1: 11041644913 = 7.94x","timestamp":"2025-11-10 12:01:21"}
{"level":"info","message":"🚀 Multiplicador Spaceman 1: 11041644913 = 7.98x","timestamp":"2025-11-10 12:01:21"}
{"level":"info","message":"🚀 Multiplicador Spaceman 1: 11041644913 = 8.01x","timestamp":"2025-11-10 12:01:21"}
{"level":"info","message":"🚀 Multiplicador Spaceman 1: 11041644913 = 8.05x","timestamp":"2025-11-10 12:01:21"}
{"level":"info","message":"🚀 Multiplicador Spaceman 1: 11041644913 = 8.08x","timestamp":"2025-11-10 12:01:21"}
{"level":"info","message":"🚀 Multiplicador Spaceman 1: 11041644913 = 8.11x","timestamp":"2025-11-10 12:01:21"}
{"level":"info","message":"🚀 Multiplicador Spaceman 1: 11041644913 = 8.15x","timestamp":"2025-11-10 12:01:21"}
{"level":"info","message":"🚀 Multiplicador Spaceman 1: 11041644913 = 8.18x","timestamp":"2025-11-10 12:01:21"}
{"level":"info","message":"🚀 Multiplicador Spaceman 1: 11041644913 = 8.22x","timestamp":"2025-11-10 12:01:22"}
{"level":"info","message":"🚀 Multiplicador Spaceman 1: 11041644913 = 8.26x","timestamp":"2025-11-10 12:01:22"}
{"level":"info","message":"🚀 Multiplicador Spaceman 1: 11041644913 = 8.29x","timestamp":"2025-11-10 12:01:22"}
{"level":"info","message":"🚀 Multiplicador Spaceman 1: 11041644913 = 8.33x","timestamp":"2025-11-10 12:01:22"}
{"level":"info","message":"🚀 Multiplicador Spaceman 1: 11041644913 = 8.36x","timestamp":"2025-11-10 12:01:22"}
{"level":"info","message":"🚀 Multiplicador Spaceman 1: 11041644913 = 8.4x","timestamp":"2025-11-10 12:01:22"}
{"level":"info","message":"🚀 Multiplicador Spaceman 1: 11041644913 = 8.44x","timestamp":"2025-11-10 12:01:22"}
{"level":"info","message":"🚀 Multiplicador Spaceman 1: 11041644913 = 8.47x","timestamp":"2025-11-10 12:01:22"}
{"level":"info","message":"🚀 Multiplicador Spaceman 1: 11041644913 = 8.51x","timestamp":"2025-11-10 12:01:22"}
{"level":"info","message":"🚀 Multiplicador Spaceman 1: 11041644913 = 8.54x","timestamp":"2025-11-10 12:01:22"}
{"level":"info","message":"🚀 Multiplicador Spaceman 1: 11041644913 = 8.58x","timestamp":"2025-11-10 12:01:22"}
{"level":"info","message":"🚀 Multiplicador Spaceman 1: 11041644913 = 8.61x","timestamp":"2025-11-10 12:01:22"}
{"level":"info","message":"🚀 Multiplicador Spaceman 1: 11041644913 = 8.65x","timestamp":"2025-11-10 12:01:22"}
{"level":"info","message":"🚀 Multiplicador Spaceman 1: 11041644913 = 8.68x","timestamp":"2025-11-10 12:01:22"}
{"level":"info","message":"🚀 Multiplicador Spaceman 1: 11041644913 = 8.72x","timestamp":"2025-11-10 12:01:22"}
{"level":"info","message":"🚀 Multiplicador Spaceman 1: 11041644913 = 8.76x","timestamp":"2025-11-10 12:01:22"}
{"level":"info","message":"🚀 Multiplicador Spaceman 1: 11041644913 = 8.79x","timestamp":"2025-11-10 12:01:22"}
{"level":"info","message":"🚀 Multiplicador Spaceman 1: 11041644913 = 8.83x","timestamp":"2025-11-10 12:01:22"}
{"level":"info","message":"🚀 Multiplicador Spaceman 1: 11041644913 = 8.87x","timestamp":"2025-11-10 12:01:22"}
{"level":"info","message":"🚀 Multiplicador Spaceman 1: 11041644913 = 8.91x","timestamp":"2025-11-10 12:01:23"}
{"level":"info","message":"🚀 Multiplicador Spaceman 1: 11041644913 = 8.94x","timestamp":"2025-11-10 12:01:23"}
{"level":"info","message":"🚀 Multiplicador Spaceman 1: 11041644913 = 9.02x","timestamp":"2025-11-10 12:01:23"}
{"level":"info","message":"🚀 Multiplicador Spaceman 1: 11041644913 = 9.06x","timestamp":"2025-11-10 12:01:23"}
{"level":"info","message":"🚀 Multiplicador Spaceman 1: 11041644913 = 9.1x","timestamp":"2025-11-10 12:01:23"}
{"level":"info","message":"🚀 Multiplicador Spaceman 1: 11041644913 = 9.14x","timestamp":"2025-11-10 12:01:23"}
{"level":"info","message":"🚀 Multiplicador Spaceman 1: 11041644913 = 9.18x","timestamp":"2025-11-10 12:01:23"}
{"level":"info","message":"🚀 Multiplicador Spaceman 1: 11041644913 = 9.22x","timestamp":"2025-11-10 12:01:23"}
{"level":"info","message":"🚀 Multiplicador Spaceman 1: 11041644913 = 9.26x","timestamp":"2025-11-10 12:01:23"}
{"level":"info","message":"🚀 Multiplicador Spaceman 1: 11041644913 = 9.29x","timestamp":"2025-11-10 12:01:23"}
{"level":"info","message":"🚀 Multiplicador Spaceman 1: 11041644913 = 9.33x","timestamp":"2025-11-10 12:01:23"}
{"level":"info","message":"🚀 Multiplicador Spaceman 1: 11041644913 = 9.37x","timestamp":"2025-11-10 12:01:23"}
{"level":"info","message":"🚀 Multiplicador Spaceman 1: 11041644913 = 9.41x","timestamp":"2025-11-10 12:01:23"}
{"level":"info","message":"🚀 Multiplicador Spaceman 1: 11041644913 = 9.45x","timestamp":"2025-11-10 12:01:23"}
{"level":"info","message":"🚀 Multiplicador Spaceman 1: 11041644913 = 9.5x","timestamp":"2025-11-10 12:01:23"}
{"level":"info","message":"🚀 Multiplicador Spaceman 1: 11041644913 = 9.54x","timestamp":"2025-11-10 12:01:23"}
{"level":"info","message":"🚀 Multiplicador Spaceman 1: 11041644913 = 9.58x","timestamp":"2025-11-10 12:01:23"}
{"level":"info","message":"🚀 Multiplicador Spaceman 1: 11041644913 = 9.62x","timestamp":"2025-11-10 12:01:23"}
{"level":"info","message":"🚀 Multiplicador Spaceman 1: 11041644913 = 9.66x","timestamp":"2025-11-10 12:01:23"}
{"level":"info","message":"🚀 Multiplicador Spaceman 1: 11041644913 = 9.7x","timestamp":"2025-11-10 12:01:24"}
{"level":"info","message":"🚀 Multiplicador Spaceman 1: 11041644913 = 9.74x","timestamp":"2025-11-10 12:01:24"}
{"level":"info","message":"🚀 Multiplicador Spaceman 1: 11041644913 = 9.78x","timestamp":"2025-11-10 12:01:24"}
{"level":"info","message":"🚀 Multiplicador Spaceman 1: 11041644913 = 9.82x","timestamp":"2025-11-10 12:01:24"}
{"level":"info","message":"🚀 Multiplicador Spaceman 1: 11041644913 = 9.87x","timestamp":"2025-11-10 12:01:24"}
{"level":"info","message":"🚀 Multiplicador Spaceman 1: 11041644913 = 9.91x","timestamp":"2025-11-10 12:01:24"}
{"level":"info","message":"🚀 Multiplicador Spaceman 1: 11041644913 = 9.95x","timestamp":"2025-11-10 12:01:24"}
{"level":"info","message":"🚀 Multiplicador Spaceman 1: 11041644913 = 9.99x","timestamp":"2025-11-10 12:01:24"}
{"level":"info","message":"🚀 Multiplicador Spaceman 1: 11041644913 = 10.04x","timestamp":"2025-11-10 12:01:24"}
{"level":"info","message":"🚀 Multiplicador Spaceman 1: 11041644913 = 10.08x","timestamp":"2025-11-10 12:01:24"}
{"level":"info","message":"🚀 Multiplicador Spaceman 1: 11041644913 = 10.12x","timestamp":"2025-11-10 12:01:24"}
{"level":"info","message":"🚀 Multiplicador Spaceman 1: 11041644913 = 10.16x","timestamp":"2025-11-10 12:01:24"}
{"level":"info","message":"🚀 Multiplicador Spaceman 1: 11041644913 = 10.21x","timestamp":"2025-11-10 12:01:24"}
{"level":"info","message":"🚀 Multiplicador Spaceman 1: 11041644913 = 10.25x","timestamp":"2025-11-10 12:01:24"}
{"level":"info","message":"🚀 Multiplicador Spaceman 1: 11041644913 = 10.29x","timestamp":"2025-11-10 12:01:24"}
{"level":"info","message":"🚀 Multiplicador Spaceman 1: 11041644913 = 10.34x","timestamp":"2025-11-10 12:01:24"}
{"level":"info","message":"🚀 Multiplicador Spaceman 1: 11041644913 = 10.39x","timestamp":"2025-11-10 12:01:24"}
{"level":"info","message":"🚀 Multiplicador Spaceman 1: 11041644913 = 10.43x","timestamp":"2025-11-10 12:01:24"}
{"level":"info","message":"🚀 Multiplicador Spaceman 1: 11041644913 = 10.47x","timestamp":"2025-11-10 12:01:24"}
{"level":"info","message":"🚀 Multiplicador Spaceman 1: 11041644913 = 10.51x","timestamp":"2025-11-10 12:01:25"}
{"level":"info","message":"🚀 Multiplicador Spaceman 1: 11041644913 = 10.56x","timestamp":"2025-11-10 12:01:25"}
{"level":"info","message":"🚀 Multiplicador Spaceman 1: 11041644913 = 10.6x","timestamp":"2025-11-10 12:01:25"}
{"level":"info","message":"🚀 Multiplicador Spaceman 1: 11041644913 = 10.64x","timestamp":"2025-11-10 12:01:25"}
{"level":"info","message":"🚀 Multiplicador Spaceman 1: 11041644913 = 10.69x","timestamp":"2025-11-10 12:01:25"}
{"level":"info","message":"🚀 Multiplicador Spaceman 1: 11041644913 = 10.73x","timestamp":"2025-11-10 12:01:25"}
{"level":"info","message":"🚀 Multiplicador Spaceman 1: 11041644913 = 10.77x","timestamp":"2025-11-10 12:01:25"}
{"level":"info","message":"🚀 Multiplicador Spaceman 1: 11041644913 = 10.81x","timestamp":"2025-11-10 12:01:25"}
{"level":"info","message":"🚀 Multiplicador Spaceman 1: 11041644913 = 10.86x","timestamp":"2025-11-10 12:01:25"}
{"level":"info","message":"🚀 Multiplicador Spaceman 1: 11041644913 = 10.9x","timestamp":"2025-11-10 12:01:25"}
{"level":"info","message":"🚀 Multiplicador Spaceman 1: 11041644913 = 10.95x","timestamp":"2025-11-10 12:01:25"}
{"level":"info","message":"🚀 Multiplicador Spaceman 1: 11041644913 = 10.99x","timestamp":"2025-11-10 12:01:25"}
{"level":"info","message":"🚀 Multiplicador Spaceman 1: 11041644913 = 11.04x","timestamp":"2025-11-10 12:01:25"}
{"level":"info","message":"🚀 Multiplicador Spaceman 1: 11041644913 = 11.09x","timestamp":"2025-11-10 12:01:25"}
{"level":"info","message":"🚀 Multiplicador Spaceman 1: 11041644913 = 11.14x","timestamp":"2025-11-10 12:01:25"}
{"level":"info","message":"🚀 Multiplicador Spaceman 1: 11041644913 = 11.18x","timestamp":"2025-11-10 12:01:25"}
{"level":"info","message":"🚀 Multiplicador Spaceman 1: 11041644913 = 11.23x","timestamp":"2025-11-10 12:01:25"}
{"level":"info","message":"🚀 Multiplicador Spaceman 1: 11041644913 = 11.28x","timestamp":"2025-11-10 12:01:25"}
{"level":"info","message":"🚀 Multiplicador Spaceman 1: 11041644913 = 11.33x","timestamp":"2025-11-10 12:01:25"}
{"level":"info","message":"🚀 Multiplicador Spaceman 1: 11041644913 = 11.37x","timestamp":"2025-11-10 12:01:25"}
{"level":"info","message":"🚀 Multiplicador Spaceman 1: 11041644913 = 11.42x","timestamp":"2025-11-10 12:01:26"}
{"level":"info","message":"🚀 Multiplicador Spaceman 1: 11041644913 = 11.47x","timestamp":"2025-11-10 12:01:26"}
{"level":"info","message":"🚀 Multiplicador Spaceman 1: 11041644913 = 11.51x","timestamp":"2025-11-10 12:01:26"}
{"level":"info","message":"🚀 Multiplicador Spaceman 1: 11041644913 = 11.56x","timestamp":"2025-11-10 12:01:26"}
{"level":"info","message":"🚀 Multiplicador Spaceman 1: 11041644913 = 11.61x","timestamp":"2025-11-10 12:01:26"}
{"level":"info","message":"🚀 Multiplicador Spaceman 1: 11041644913 = 11.66x","timestamp":"2025-11-10 12:01:26"}
{"level":"info","message":"🚀 Multiplicador Spaceman 1: 11041644913 = 11.71x","timestamp":"2025-11-10 12:01:26"}
{"level":"info","message":"🚀 Multiplicador Spaceman 1: 11041644913 = 11.75x","timestamp":"2025-11-10 12:01:26"}
{"level":"info","message":"🚀 Multiplicador Spaceman 1: 11041644913 = 11.81x","timestamp":"2025-11-10 12:01:26"}
{"level":"info","message":"🚀 Multiplicador Spaceman 1: 11041644913 = 11.85x","timestamp":"2025-11-10 12:01:26"}
{"level":"info","message":"🚀 Multiplicador Spaceman 1: 11041644913 = 11.9x","timestamp":"2025-11-10 12:01:26"}
{"level":"info","message":"🚀 Multiplicador Spaceman 1: 11041644913 = 11.96x","timestamp":"2025-11-10 12:01:26"}
{"level":"info","message":"🚀 Multiplicador Spaceman 1: 11041644913 = 12.01x","timestamp":"2025-11-10 12:01:26"}
{"level":"info","message":"🚀 Multiplicador Spaceman 1: 11041644913 = 12.06x","timestamp":"2025-11-10 12:01:26"}
{"level":"info","message":"🚀 Multiplicador Spaceman 1: 11041644913 = 12.12x","timestamp":"2025-11-10 12:01:26"}
{"level":"info","message":"🚀 Multiplicador Spaceman 1: 11041644913 = 12.17x","timestamp":"2025-11-10 12:01:26"}
{"level":"info","message":"🚀 Multiplicador Spaceman 1: 11041644913 = 12.22x","timestamp":"2025-11-10 12:01:26"}
{"level":"info","message":"🚀 Multiplicador Spaceman 1: 11041644913 = 12.27x","timestamp":"2025-11-10 12:01:26"}
{"level":"info","message":"🚀 Multiplicador Spaceman 1: 11041644913 = 12.32x","timestamp":"2025-11-10 12:01:26"}
{"level":"info","message":"🚀 Multiplicador Spaceman 1: 11041644913 = 12.37x","timestamp":"2025-11-10 12:01:26"}
{"level":"info","message":"🚀 Multiplicador Spaceman 1: 11041644913 = 12.42x","timestamp":"2025-11-10 12:01:27"}
{"level":"info","message":"🚀 Multiplicador Spaceman 1: 11041644913 = 12.48x","timestamp":"2025-11-10 12:01:27"}
{"level":"info","message":"🚀 Multiplicador Spaceman 1: 11041644913 = 12.53x","timestamp":"2025-11-10 12:01:27"}
{"level":"info","message":"🚀 Multiplicador Spaceman 1: 11041644913 = 12.58x","timestamp":"2025-11-10 12:01:27"}
{"level":"info","message":"🚀 Multiplicador Spaceman 1: 11041644913 = 12.63x","timestamp":"2025-11-10 12:01:27"}
{"level":"info","message":"🚀 Multiplicador Spaceman 1: 11041644913 = 12.69x","timestamp":"2025-11-10 12:01:27"}
{"level":"info","message":"🚀 Multiplicador Spaceman 1: 11041644913 = 12.74x","timestamp":"2025-11-10 12:01:27"}
{"level":"info","message":"🚀 Multiplicador Spaceman 1: 11041644913 = 12.8x","timestamp":"2025-11-10 12:01:27"}
{"level":"info","message":"🚀 Multiplicador Spaceman 1: 11041644913 = 12.86x","timestamp":"2025-11-10 12:01:27"}
{"level":"info","message":"🚀 Multiplicador Spaceman 1: 11041644913 = 12.91x","timestamp":"2025-11-10 12:01:27"}
{"level":"info","message":"🚀 Multiplicador Spaceman 1: 11041644913 = 12.97x","timestamp":"2025-11-10 12:01:27"}
{"level":"info","message":"🚀 Multiplicador Spaceman 1: 11041644913 = 13.02x","timestamp":"2025-11-10 12:01:27"}
{"level":"info","message":"🚀 Multiplicador Spaceman 1: 11041644913 = 13.08x","timestamp":"2025-11-10 12:01:27"}
{"level":"info","message":"🚀 Multiplicador Spaceman 1: 11041644913 = 13.14x","timestamp":"2025-11-10 12:01:27"}
{"level":"info","message":"🚀 Multiplicador Spaceman 1: 11041644913 = 13.19x","timestamp":"2025-11-10 12:01:27"}
{"level":"info","message":"🚀 Multiplicador Spaceman 1: 11041644913 = 13.25x","timestamp":"2025-11-10 12:01:27"}
{"level":"info","message":"🚀 Multiplicador Spaceman 1: 11041644913 = 13.31x","timestamp":"2025-11-10 12:01:27"}
{"level":"info","message":"🚀 Multiplicador Spaceman 1: 11041644913 = 13.36x","timestamp":"2025-11-10 12:01:27"}
{"level":"info","message":"🚀 Multiplicador Spaceman 1: 11041644913 = 13.42x","timestamp":"2025-11-10 12:01:27"}
{"level":"info","message":"🚀 Multiplicador Spaceman 1: 11041644913 = 13.48x","timestamp":"2025-11-10 12:01:28"}
{"level":"info","message":"🚀 Multiplicador Spaceman 1: 11041644913 = 13.54x","timestamp":"2025-11-10 12:01:28"}
{"level":"info","message":"🚀 Multiplicador Spaceman 1: 11041644913 = 13.6x","timestamp":"2025-11-10 12:01:28"}
{"level":"info","message":"🚀 Multiplicador Spaceman 1: 11041644913 = 13.66x","timestamp":"2025-11-10 12:01:28"}
{"level":"info","message":"🚀 Multiplicador Spaceman 1: 11041644913 = 13.71x","timestamp":"2025-11-10 12:01:28"}
{"level":"info","message":"🚀 Multiplicador Spaceman 1: 11041644913 = 13.77x","timestamp":"2025-11-10 12:01:28"}
{"level":"info","message":"🚀 Multiplicador Spaceman 1: 11041644913 = 13.83x","timestamp":"2025-11-10 12:01:28"}
{"level":"info","message":"🚀 Multiplicador Spaceman 1: 11041644913 = 13.88x","timestamp":"2025-11-10 12:01:28"}
{"level":"info","message":"🚀 Multiplicador Spaceman 1: 11041644913 = 13.95x","timestamp":"2025-11-10 12:01:28"}
{"level":"info","message":"🚀 Multiplicador Spaceman 1: 11041644913 = 14.01x","timestamp":"2025-11-10 12:01:28"}
{"level":"info","message":"🚀 Multiplicador Spaceman 1: 11041644913 = 14.06x","timestamp":"2025-11-10 12:01:28"}
{"level":"info","message":"🚀 Multiplicador Spaceman 1: 11041644913 = 14.12x","timestamp":"2025-11-10 12:01:28"}
{"level":"info","message":"🚀 Multiplicador Spaceman 1: 11041644913 = 14.18x","timestamp":"2025-11-10 12:01:28"}
{"level":"info","message":"🚀 Multiplicador Spaceman 1: 11041644913 = 14.24x","timestamp":"2025-11-10 12:01:28"}
{"level":"info","message":"🚀 Multiplicador Spaceman 1: 11041644913 = 14.3x","timestamp":"2025-11-10 12:01:28"}
{"level":"info","message":"🚀 Multiplicador Spaceman 1: 11041644913 = 14.36x","timestamp":"2025-11-10 12:01:28"}
{"level":"info","message":"🚀 Multiplicador Spaceman 1: 11041644913 = 14.42x","timestamp":"2025-11-10 12:01:28"}
{"level":"info","message":"🚀 Multiplicador Spaceman 1: 11041644913 = 14.48x","timestamp":"2025-11-10 12:01:28"}
{"level":"info","message":"🚀 Multiplicador Spaceman 1: 11041644913 = 14.54x","timestamp":"2025-11-10 12:01:28"}
{"level":"info","message":"🚀 Multiplicador Spaceman 1: 11041644913 = 14.59x","timestamp":"2025-11-10 12:01:28"}
{"level":"info","message":"🚀 Multiplicador Spaceman 1: 11041644913 = 14.65x","timestamp":"2025-11-10 12:01:29"}
{"level":"info","message":"🚀 Multiplicador Spaceman 1: 11041644913 = 14.71x","timestamp":"2025-11-10 12:01:29"}
{"level":"info","message":"🚀 Multiplicador Spaceman 1: 11041644913 = 14.78x","timestamp":"2025-11-10 12:01:29"}
{"level":"info","message":"🚀 Multiplicador Spaceman 1: 11041644913 = 14.83x","timestamp":"2025-11-10 12:01:29"}
{"level":"info","message":"🚀 Multiplicador Spaceman 1: 11041644913 = 14.89x","timestamp":"2025-11-10 12:01:29"}
{"level":"info","message":"🚀 Multiplicador Spaceman 1: 11041644913 = 14.96x","timestamp":"2025-11-10 12:01:29"}
{"level":"info","message":"🚀 Multiplicador Spaceman 1: 11041644913 = 15.02x","timestamp":"2025-11-10 12:01:29"}
{"level":"info","message":"🚀 Multiplicador Spaceman 1: 11041644913 = 15.09x","timestamp":"2025-11-10 12:01:29"}
{"level":"info","message":"🚀 Multiplicador Spaceman 1: 11041644913 = 15.15x","timestamp":"2025-11-10 12:01:29"}
{"level":"info","message":"🚀 Multiplicador Spaceman 1: 11041644913 = 15.22x","timestamp":"2025-11-10 12:01:29"}
{"level":"info","message":"🚀 Multiplicador Spaceman 1: 11041644913 = 15.28x","timestamp":"2025-11-10 12:01:29"}
{"level":"info","message":"🚀 Multiplicador Spaceman 1: 11041644913 = 15.34x","timestamp":"2025-11-10 12:01:29"}
{"level":"info","message":"🚀 Multiplicador Spaceman 1: 11041644913 = 15.4x","timestamp":"2025-11-10 12:01:29"}
{"level":"info","message":"🚀 Multiplicador Spaceman 1: 11041644913 = 15.46x","timestamp":"2025-11-10 12:01:29"}
{"level":"info","message":"🚀 Multiplicador Spaceman 1: 11041644913 = 15.53x","timestamp":"2025-11-10 12:01:29"}
{"level":"info","message":"🚀 Multiplicador Spaceman 1: 11041644913 = 15.61x","timestamp":"2025-11-10 12:01:29"}
{"level":"info","message":"🚀 Multiplicador Spaceman 1: 11041644913 = 15.68x","timestamp":"2025-11-10 12:01:29"}
{"level":"info","message":"🚀 Multiplicador Spaceman 1: 11041644913 = 15.75x","timestamp":"2025-11-10 12:01:29"}
{"level":"info","message":"🚀 Multiplicador Spaceman 1: 11041644913 = 15.82x","timestamp":"2025-11-10 12:01:29"}
{"level":"info","message":"🚀 Multiplicador Spaceman 1: 11041644913 = 15.88x","timestamp":"2025-11-10 12:01:29"}
{"level":"info","message":"🚀 Multiplicador Spaceman 1: 11041644913 = 15.94x","timestamp":"2025-11-10 12:01:30"}
{"level":"info","message":"🚀 Multiplicador Spaceman 1: 11041644913 = 16.01x","timestamp":"2025-11-10 12:01:30"}
{"level":"info","message":"🚀 Multiplicador Spaceman 1: 11041644913 = 16.09x","timestamp":"2025-11-10 12:01:30"}
{"level":"info","message":"🚀 Multiplicador Spaceman 1: 11041644913 = 16.15x","timestamp":"2025-11-10 12:01:30"}
{"level":"info","message":"🚀 Multiplicador Spaceman 1: 11041644913 = 16.22x","timestamp":"2025-11-10 12:01:30"}
{"level":"info","message":"🚀 Multiplicador Spaceman 1: 11041644913 = 16.28x","timestamp":"2025-11-10 12:01:30"}
{"level":"info","message":"🚀 Multiplicador Spaceman 1: 11041644913 = 16.36x","timestamp":"2025-11-10 12:01:30"}
{"level":"info","message":"🚀 Multiplicador Spaceman 1: 11041644913 = 16.42x","timestamp":"2025-11-10 12:01:30"}
{"level":"info","message":"🚀 Multiplicador Spaceman 1: 11041644913 = 16.49x","timestamp":"2025-11-10 12:01:30"}
{"level":"info","message":"🚀 Multiplicador Spaceman 1: 11041644913 = 16.55x","timestamp":"2025-11-10 12:01:30"}
{"level":"info","message":"🚀 Multiplicador Spaceman 1: 11041644913 = 16.62x","timestamp":"2025-11-10 12:01:30"}
{"level":"info","message":"🚀 Multiplicador Spaceman 1: 11041644913 = 16.69x","timestamp":"2025-11-10 12:01:30"}
{"level":"info","message":"🚀 Multiplicador Spaceman 1: 11041644913 = 16.76x","timestamp":"2025-11-10 12:01:30"}
{"level":"info","message":"🚀 Multiplicador Spaceman 1: 11041644913 = 16.83x","timestamp":"2025-11-10 12:01:30"}
{"level":"info","message":"🚀 Multiplicador Spaceman 1: 11041644913 = 16.9x","timestamp":"2025-11-10 12:01:30"}
{"level":"info","message":"🚀 Multiplicador Spaceman 1: 11041644913 = 16.96x","timestamp":"2025-11-10 12:01:30"}
{"level":"info","message":"🚀 Multiplicador Spaceman 1: 11041644913 = 17.03x","timestamp":"2025-11-10 12:01:30"}
{"level":"info","message":"🚀 Multiplicador Spaceman 1: 11041644913 = 17.11x","timestamp":"2025-11-10 12:01:30"}
{"level":"info","message":"🚀 Multiplicador Spaceman 1: 11041644913 = 17.19x","timestamp":"2025-11-10 12:01:30"}
{"level":"info","message":"🚀 Multiplicador Spaceman 1: 11041644913 = 17.26x","timestamp":"2025-11-10 12:01:31"}
{"level":"info","message":"🚀 Multiplicador Spaceman 1: 11041644913 = 17.33x","timestamp":"2025-11-10 12:01:31"}
{"level":"info","message":"🚀 Multiplicador Spaceman 1: 11041644913 = 17.41x","timestamp":"2025-11-10 12:01:31"}
{"level":"info","message":"🚀 Multiplicador Spaceman 1: 11041644913 = 17.48x","timestamp":"2025-11-10 12:01:31"}
{"level":"info","message":"🚀 Multiplicador Spaceman 1: 11041644913 = 17.55x","timestamp":"2025-11-10 12:01:31"}
{"level":"info","message":"🚀 Multiplicador Spaceman 1: 11041644913 = 17.63x","timestamp":"2025-11-10 12:01:31"}
{"level":"info","message":"🚀 Multiplicador Spaceman 1: 11041644913 = 17.7x","timestamp":"2025-11-10 12:01:31"}
{"level":"info","message":"🚀 Multiplicador Spaceman 1: 11041644913 = 17.77x","timestamp":"2025-11-10 12:01:31"}
{"level":"info","message":"🚀 Multiplicador Spaceman 1: 11041644913 = 17.85x","timestamp":"2025-11-10 12:01:31"}
{"level":"info","message":"🚀 Multiplicador Spaceman 1: 11041644913 = 17.92x","timestamp":"2025-11-10 12:01:31"}
{"level":"info","message":"🚀 Multiplicador Spaceman 1: 11041644913 = 18x","timestamp":"2025-11-10 12:01:31"}
{"level":"info","message":"🚀 Multiplicador Spaceman 1: 11041644913 = 18.07x","timestamp":"2025-11-10 12:01:31"}
{"level":"info","message":"🚀 Multiplicador Spaceman 1: 11041644913 = 18.15x","timestamp":"2025-11-10 12:01:31"}
{"level":"info","message":"🚀 Multiplicador Spaceman 1: 11041644913 = 18.24x","timestamp":"2025-11-10 12:01:31"}
{"level":"info","message":"🚀 Multiplicador Spaceman 1: 11041644913 = 18.31x","timestamp":"2025-11-10 12:01:31"}
{"level":"info","message":"🚀 Multiplicador Spaceman 1: 11041644913 = 18.38x","timestamp":"2025-11-10 12:01:31"}
{"level":"info","message":"🚀 Multiplicador Spaceman 1: 11041644913 = 18.45x","timestamp":"2025-11-10 12:01:31"}
{"level":"info","message":"🚀 Multiplicador Spaceman 1: 11041644913 = 18.54x","timestamp":"2025-11-10 12:01:31"}
{"level":"info","message":"🚀 Multiplicador Spaceman 1: 11041644913 = 18.62x","timestamp":"2025-11-10 12:01:31"}
{"level":"info","message":"🚀 Multiplicador Spaceman 1: 11041644913 = 18.69x","timestamp":"2025-11-10 12:01:31"}
{"level":"info","message":"🚀 Multiplicador Spaceman 1: 11041644913 = 18.77x","timestamp":"2025-11-10 12:01:31"}
{"level":"info","message":"🚀 Multiplicador Spaceman 1: 11041644913 = 18.84x","timestamp":"2025-11-10 12:01:32"}
{"level":"info","message":"🚀 Multiplicador Spaceman 1: 11041644913 = 18.93x","timestamp":"2025-11-10 12:01:32"}
{"level":"info","message":"🚀 Multiplicador Spaceman 1: 11041644913 = 19x","timestamp":"2025-11-10 12:01:32"}
{"level":"info","message":"🚀 Multiplicador Spaceman 1: 11041644913 = 19.08x","timestamp":"2025-11-10 12:01:32"}
{"level":"info","message":"🚀 Multiplicador Spaceman 1: 11041644913 = 19.16x","timestamp":"2025-11-10 12:01:32"}
{"level":"info","message":"🚀 Multiplicador Spaceman 1: 11041644913 = 19.23x","timestamp":"2025-11-10 12:01:32"}
{"level":"info","message":"🚀 Multiplicador Spaceman 1: 11041644913 = 19.32x","timestamp":"2025-11-10 12:01:32"}
{"level":"info","message":"🚀 Multiplicador Spaceman 1: 11041644913 = 19.4x","timestamp":"2025-11-10 12:01:32"}
{"level":"info","message":"🚀 Multiplicador Spaceman 1: 11041644913 = 19.49x","timestamp":"2025-11-10 12:01:32"}
{"level":"info","message":"🚀 Multiplicador Spaceman 1: 11041644913 = 19.58x","timestamp":"2025-11-10 12:01:32"}
{"level":"info","message":"🚀 Multiplicador Spaceman 1: 11041644913 = 19.66x","timestamp":"2025-11-10 12:01:32"}
{"level":"info","message":"🚀 Multiplicador Spaceman 1: 11041644913 = 19.75x","timestamp":"2025-11-10 12:01:32"}
{"level":"info","message":"🚀 Multiplicador Spaceman 1: 11041644913 = 19.83x","timestamp":"2025-11-10 12:01:32"}
{"level":"info","message":"🚀 Multiplicador Spaceman 1: 11041644913 = 19.91x","timestamp":"2025-11-10 12:01:32"}
{"level":"info","message":"🚀 Multiplicador Spaceman 1: 11041644913 = 20.02x","timestamp":"2025-11-10 12:01:32"}
{"level":"info","message":"🚀 Multiplicador Spaceman 1: 11041644913 = 20.1x","timestamp":"2025-11-10 12:01:32"}
{"level":"info","message":"🚀 Multiplicador Spaceman 1: 11041644913 = 20.18x","timestamp":"2025-11-10 12:01:32"}
{"level":"info","message":"🚀 Multiplicador Spaceman 1: 11041644913 = 20.26x","timestamp":"2025-11-10 12:01:32"}
{"level":"info","message":"🚀 Multiplicador Spaceman 1: 11041644913 = 20.35x","timestamp":"2025-11-10 12:01:32"}
{"level":"info","message":"🚀 Multiplicador Spaceman 1: 11041644913 = 20.43x","timestamp":"2025-11-10 12:01:33"}
{"level":"info","message":"🚀 Multiplicador Spaceman 1: 11041644913 = 20.53x","timestamp":"2025-11-10 12:01:33"}
{"level":"info","message":"🚀 Multiplicador Spaceman 1: 11041644913 = 20.62x","timestamp":"2025-11-10 12:01:33"}
{"level":"info","message":"🚀 Multiplicador Spaceman 1: 11041644913 = 20.8x","timestamp":"2025-11-10 12:01:33"}
{"level":"info","message":"🚀 Multiplicador Spaceman 1: 11041644913 = 20.89x","timestamp":"2025-11-10 12:01:33"}
{"level":"info","message":"🚀 Multiplicador Spaceman 1: 11041644913 = 20.97x","timestamp":"2025-11-10 12:01:33"}
{"level":"info","message":"🚀 Multiplicador Spaceman 1: 11041644913 = 21.04x","timestamp":"2025-11-10 12:01:33"}
{"level":"info","message":"🚀 Multiplicador Spaceman 1: 11041644913 = 21.14x","timestamp":"2025-11-10 12:01:33"}
{"level":"info","message":"🚀 Multiplicador Spaceman 1: 11041644913 = 21.23x","timestamp":"2025-11-10 12:01:33"}
{"level":"info","message":"🚀 Multiplicador Spaceman 1: 11041644913 = 21.32x","timestamp":"2025-11-10 12:01:33"}
{"level":"info","message":"🚀 Multiplicador Spaceman 1: 11041644913 = 21.4x","timestamp":"2025-11-10 12:01:33"}
{"level":"info","message":"🚀 Multiplicador Spaceman 1: 11041644913 = 21.49x","timestamp":"2025-11-10 12:01:33"}
{"level":"info","message":"🚀 Multiplicador Spaceman 1: 11041644913 = 21.59x","timestamp":"2025-11-10 12:01:33"}
{"level":"info","message":"🚀 Multiplicador Spaceman 1: 11041644913 = 21.68x","timestamp":"2025-11-10 12:01:33"}
{"level":"info","message":"🚀 Multiplicador Spaceman 1: 11041644913 = 21.77x","timestamp":"2025-11-10 12:01:33"}
{"level":"info","message":"🚀 Multiplicador Spaceman 1: 11041644913 = 21.87x","timestamp":"2025-11-10 12:01:33"}
{"level":"info","message":"🚀 Multiplicador Spaceman 1: 11041644913 = 21.97x","timestamp":"2025-11-10 12:01:33"}
{"level":"info","message":"🚀 Multiplicador Spaceman 1: 11041644913 = 22.06x","timestamp":"2025-11-10 12:01:33"}
{"level":"info","message":"🚀 Multiplicador Spaceman 1: 11041644913 = 22.16x","timestamp":"2025-11-10 12:01:33"}
{"level":"info","message":"🚀 Multiplicador Spaceman 1: 11041644913 = 22.25x","timestamp":"2025-11-10 12:01:34"}
{"level":"info","message":"🚀 Multiplicador Spaceman 1: 11041644913 = 22.35x","timestamp":"2025-11-10 12:01:34"}
{"level":"info","message":"🚀 Multiplicador Spaceman 1: 11041644913 = 22.45x","timestamp":"2025-11-10 12:01:34"}
{"level":"info","message":"🚀 Multiplicador Spaceman 1: 11041644913 = 22.54x","timestamp":"2025-11-10 12:01:34"}
{"level":"info","message":"🚀 Multiplicador Spaceman 1: 11041644913 = 22.63x","timestamp":"2025-11-10 12:01:34"}
{"level":"info","message":"🚀 Multiplicador Spaceman 1: 11041644913 = 22.72x","timestamp":"2025-11-10 12:01:34"}
{"level":"info","message":"🚀 Multiplicador Spaceman 1: 11041644913 = 22.82x","timestamp":"2025-11-10 12:01:34"}
{"level":"info","message":"🚀 Multiplicador Spaceman 1: 11041644913 = 22.92x","timestamp":"2025-11-10 12:01:34"}
{"level":"info","message":"🚀 Multiplicador Spaceman 1: 11041644913 = 23.01x","timestamp":"2025-11-10 12:01:34"}
{"level":"info","message":"🚀 Multiplicador Spaceman 1: 11041644913 = 23.1x","timestamp":"2025-11-10 12:01:34"}
{"level":"info","message":"🚀 Multiplicador Spaceman 1: 11041644913 = 23.21x","timestamp":"2025-11-10 12:01:34"}
{"level":"info","message":"🚀 Multiplicador Spaceman 1: 11041644913 = 23.3x","timestamp":"2025-11-10 12:01:34"}
{"level":"info","message":"🚀 Multiplicador Spaceman 1: 11041644913 = 23.41x","timestamp":"2025-11-10 12:01:34"}
{"level":"info","message":"🚀 Multiplicador Spaceman 1: 11041644913 = 23.51x","timestamp":"2025-11-10 12:01:34"}
{"level":"info","message":"🚀 Multiplicador Spaceman 1: 11041644913 = 23.61x","timestamp":"2025-11-10 12:01:34"}
{"level":"info","message":"🚀 Multiplicador Spaceman 1: 11041644913 = 23.7x","timestamp":"2025-11-10 12:01:34"}
{"level":"info","message":"🚀 Multiplicador Spaceman 1: 11041644913 = 23.8x","timestamp":"2025-11-10 12:01:34"}
{"level":"info","message":"🚀 Multiplicador Spaceman 1: 11041644913 = 23.9x","timestamp":"2025-11-10 12:01:34"}
{"level":"info","message":"🚀 Multiplicador Spaceman 1: 11041644913 = 24.01x","timestamp":"2025-11-10 12:01:34"}
{"level":"info","message":"🚀 Multiplicador Spaceman 1: 11041644913 = 24.11x","timestamp":"2025-11-10 12:01:35"}
{"level":"info","message":"🚀 Multiplicador Spaceman 1: 11041644913 = 24.23x","timestamp":"2025-11-10 12:01:35"}
{"level":"info","message":"🚀 Multiplicador Spaceman 1: 11041644913 = 24.32x","timestamp":"2025-11-10 12:01:35"}
{"level":"info","message":"🚀 Multiplicador Spaceman 1: 11041644913 = 24.41x","timestamp":"2025-11-10 12:01:35"}
{"level":"info","message":"🚀 Multiplicador Spaceman 1: 11041644913 = 24.52x","timestamp":"2025-11-10 12:01:35"}
{"level":"info","message":"🚀 Multiplicador Spaceman 1: 11041644913 = 24.61x","timestamp":"2025-11-10 12:01:35"}
{"level":"info","message":"🚀 Multiplicador Spaceman 1: 11041644913 = 24.72x","timestamp":"2025-11-10 12:01:35"}
{"level":"info","message":"🚀 Multiplicador Spaceman 1: 11041644913 = 24.81x","timestamp":"2025-11-10 12:01:35"}
{"level":"info","message":"🚀 Multiplicador Spaceman 1: 11041644913 = 24.92x","timestamp":"2025-11-10 12:01:35"}
{"level":"info","message":"🚀 Multiplicador Spaceman 1: 11041644913 = 25.02x","timestamp":"2025-11-10 12:01:35"}
{"level":"info","message":"🚀 Multiplicador Spaceman 1: 11041644913 = 25.14x","timestamp":"2025-11-10 12:01:35"}
{"level":"info","message":"🚀 Multiplicador Spaceman 1: 11041644913 = 25.25x","timestamp":"2025-11-10 12:01:35"}
{"level":"info","message":"🚀 Multiplicador Spaceman 1: 11041644913 = 25.36x","timestamp":"2025-11-10 12:01:35"}
{"level":"info","message":"🚀 Multiplicador Spaceman 1: 11041644913 = 25.46x","timestamp":"2025-11-10 12:01:35"}
{"level":"info","message":"🚀 Multiplicador Spaceman 1: 11041644913 = 25.57x","timestamp":"2025-11-10 12:01:35"}
{"level":"info","message":"🚀 Multiplicador Spaceman 1: 11041644913 = 25.69x","timestamp":"2025-11-10 12:01:35"}
{"level":"info","message":"🚀 Multiplicador Spaceman 1: 11041644913 = 25.8x","timestamp":"2025-11-10 12:01:35"}
{"level":"info","message":"🚀 Multiplicador Spaceman 1: 11041644913 = 25.91x","timestamp":"2025-11-10 12:01:35"}
{"level":"info","message":"🚀 Multiplicador Spaceman 1: 11041644913 = 26.02x","timestamp":"2025-11-10 12:01:35"}
{"level":"info","message":"🚀 Multiplicador Spaceman 1: 11041644913 = 26.12x","timestamp":"2025-11-10 12:01:35"}
{"level":"info","message":"🚀 Multiplicador Spaceman 1: 11041644913 = 26.24x","timestamp":"2025-11-10 12:01:36"}
{"level":"info","message":"🚀 Multiplicador Spaceman 1: 11041644913 = 26.35x","timestamp":"2025-11-10 12:01:36"}
{"level":"info","message":"🚀 Multiplicador Spaceman 1: 11041644913 = 26.47x","timestamp":"2025-11-10 12:01:36"}
{"level":"info","message":"🚀 Multiplicador Spaceman 1: 11041644913 = 26.57x","timestamp":"2025-11-10 12:01:36"}
{"level":"info","message":"🚀 Multiplicador Spaceman 1: 11041644913 = 26.68x","timestamp":"2025-11-10 12:01:36"}
{"level":"info","message":"🚀 Multiplicador Spaceman 1: 11041644913 = 26.8x","timestamp":"2025-11-10 12:01:36"}
{"level":"info","message":"🚀 Multiplicador Spaceman 1: 11041644913 = 26.92x","timestamp":"2025-11-10 12:01:36"}
{"level":"info","message":"🚀 Multiplicador Spaceman 1: 11041644913 = 27.04x","timestamp":"2025-11-10 12:01:36"}
{"level":"info","message":"🚀 Multiplicador Spaceman 1: 11041644913 = 27.16x","timestamp":"2025-11-10 12:01:36"}
{"level":"info","message":"🚀 Multiplicador Spaceman 1: 11041644913 = 27.28x","timestamp":"2025-11-10 12:01:36"}
{"level":"info","message":"🚀 Multiplicador Spaceman 1: 11041644913 = 27.39x","timestamp":"2025-11-10 12:01:36"}
{"level":"info","message":"🚀 Multiplicador Spaceman 1: 11041644913 = 27.5x","timestamp":"2025-11-10 12:01:36"}
{"level":"info","message":"🚀 Multiplicador Spaceman 1: 11041644913 = 27.62x","timestamp":"2025-11-10 12:01:36"}
{"level":"info","message":"🚀 Multiplicador Spaceman 1: 11041644913 = 27.72x","timestamp":"2025-11-10 12:01:36"}
{"level":"info","message":"🚀 Multiplicador Spaceman 1: 11041644913 = 27.84x","timestamp":"2025-11-10 12:01:36"}
{"level":"info","message":"🚀 Multiplicador Spaceman 1: 11041644913 = 27.94x","timestamp":"2025-11-10 12:01:36"}
{"level":"info","message":"🚀 Multiplicador Spaceman 1: 11041644913 = 28.06x","timestamp":"2025-11-10 12:01:36"}
{"level":"info","message":"🚀 Multiplicador Spaceman 1: 11041644913 = 28.19x","timestamp":"2025-11-10 12:01:36"}
{"level":"info","message":"🚀 Multiplicador Spaceman 1: 11041644913 = 28.31x","timestamp":"2025-11-10 12:01:36"}
{"level":"info","message":"🚀 Multiplicador Spaceman 1: 11041644913 = 28.41x","timestamp":"2025-11-10 12:01:37"}
{"level":"info","message":"🚀 Multiplicador Spaceman 1: 11041644913 = 28.54x","timestamp":"2025-11-10 12:01:37"}
{"level":"info","message":"🚀 Multiplicador Spaceman 1: 11041644913 = 28.66x","timestamp":"2025-11-10 12:01:37"}
{"level":"info","message":"🚀 Multiplicador Spaceman 1: 11041644913 = 28.78x","timestamp":"2025-11-10 12:01:37"}
{"level":"info","message":"🚀 Multiplicador Spaceman 1: 11041644913 = 28.91x","timestamp":"2025-11-10 12:01:37"}
{"level":"info","message":"🚀 Multiplicador Spaceman 1: 11041644913 = 29.03x","timestamp":"2025-11-10 12:01:37"}
{"level":"info","message":"🚀 Multiplicador Spaceman 1: 11041644913 = 29.15x","timestamp":"2025-11-10 12:01:37"}
{"level":"info","message":"🚀 Multiplicador Spaceman 1: 11041644913 = 29.28x","timestamp":"2025-11-10 12:01:37"}
{"level":"info","message":"🚀 Multiplicador Spaceman 1: 11041644913 = 29.4x","timestamp":"2025-11-10 12:01:37"}
{"level":"info","message":"🚀 Multiplicador Spaceman 1: 11041644913 = 29.52x","timestamp":"2025-11-10 12:01:37"}
{"level":"info","message":"🚀 Multiplicador Spaceman 1: 11041644913 = 29.65x","timestamp":"2025-11-10 12:01:37"}
{"level":"info","message":"🚀 Multiplicador Spaceman 1: 11041644913 = 29.77x","timestamp":"2025-11-10 12:01:37"}
{"level":"info","message":"🚀 Multiplicador Spaceman 1: 11041644913 = 29.89x","timestamp":"2025-11-10 12:01:37"}
{"level":"info","message":"🚀 Multiplicador Spaceman 1: 11041644913 = 30.02x","timestamp":"2025-11-10 12:01:37"}
{"level":"info","message":"🚀 Multiplicador Spaceman 1: 11041644913 = 30.15x","timestamp":"2025-11-10 12:01:37"}
{"level":"info","message":"🚀 Multiplicador Spaceman 1: 11041644913 = 30.28x","timestamp":"2025-11-10 12:01:37"}
{"level":"info","message":"🚀 Multiplicador Spaceman 1: 11041644913 = 30.39x","timestamp":"2025-11-10 12:01:37"}
{"level":"info","message":"🚀 Multiplicador Spaceman 1: 11041644913 = 30.53x","timestamp":"2025-11-10 12:01:37"}
{"level":"info","message":"🚀 Multiplicador Spaceman 1: 11041644913 = 30.66x","timestamp":"2025-11-10 12:01:37"}
{"level":"info","message":"🚀 Multiplicador Spaceman 1: 11041644913 = 30.78x","timestamp":"2025-11-10 12:01:37"}
{"level":"info","message":"🚀 Multiplicador Spaceman 1: 11041644913 = 30.92x","timestamp":"2025-11-10 12:01:38"}
{"level":"info","message":"🚀 Multiplicador Spaceman 1: 11041644913 = 31.05x","timestamp":"2025-11-10 12:01:38"}
{"level":"info","message":"🚀 Multiplicador Spaceman 1: 11041644913 = 31.18x","timestamp":"2025-11-10 12:01:38"}
{"level":"info","message":"🚀 Multiplicador Spaceman 1: 11041644913 = 31.32x","timestamp":"2025-11-10 12:01:38"}
{"level":"info","message":"🚀 Multiplicador Spaceman 1: 11041644913 = 31.44x","timestamp":"2025-11-10 12:01:38"}
{"level":"info","message":"🚀 Multiplicador Spaceman 1: 11041644913 = 31.58x","timestamp":"2025-11-10 12:01:38"}
{"level":"info","message":"🚀 Multiplicador Spaceman 1: 11041644913 = 31.71x","timestamp":"2025-11-10 12:01:38"}
{"level":"info","message":"🚀 Multiplicador Spaceman 1: 11041644913 = 31.85x","timestamp":"2025-11-10 12:01:38"}
{"level":"info","message":"🚀 Multiplicador Spaceman 1: 11041644913 = 31.99x","timestamp":"2025-11-10 12:01:38"}
{"level":"info","message":"🚀 Multiplicador Spaceman 1: 11041644913 = 32.13x","timestamp":"2025-11-10 12:01:38"}
{"level":"info","message":"🚀 Multiplicador Spaceman 1: 11041644913 = 32.27x","timestamp":"2025-11-10 12:01:38"}
{"level":"info","message":"🚀 Multiplicador Spaceman 1: 11041644913 = 32.4x","timestamp":"2025-11-10 12:01:38"}
{"level":"info","message":"🚀 Multiplicador Spaceman 1: 11041644913 = 32.54x","timestamp":"2025-11-10 12:01:38"}
{"level":"info","message":"🚀 Multiplicador Spaceman 1: 11041644913 = 32.69x","timestamp":"2025-11-10 12:01:38"}
{"level":"info","message":"🚀 Multiplicador Spaceman 1: 11041644913 = 32.82x","timestamp":"2025-11-10 12:01:38"}
{"level":"info","message":"🚀 Multiplicador Spaceman 1: 11041644913 = 32.95x","timestamp":"2025-11-10 12:01:38"}
{"level":"info","message":"🚀 Multiplicador Spaceman 1: 11041644913 = 33.1x","timestamp":"2025-11-10 12:01:38"}
{"level":"info","message":"🚀 Multiplicador Spaceman 1: 11041644913 = 33.23x","timestamp":"2025-11-10 12:01:38"}
{"level":"info","message":"🚀 Multiplicador Spaceman 1: 11041644913 = 33.36x","timestamp":"2025-11-10 12:01:38"}
{"level":"info","message":"🚀 Multiplicador Spaceman 1: 11041644913 = 33.52x","timestamp":"2025-11-10 12:01:38"}
{"level":"info","message":"🚀 Multiplicador Spaceman 1: 11041644913 = 33.65x","timestamp":"2025-11-10 12:01:39"}
{"level":"info","message":"🚀 Multiplicador Spaceman 1: 11041644913 = 33.77x","timestamp":"2025-11-10 12:01:39"}
{"level":"info","message":"🚀 Multiplicador Spaceman 1: 11041644913 = 33.9x","timestamp":"2025-11-10 12:01:39"}
{"level":"info","message":"🚀 Multiplicador Spaceman 1: 11041644913 = 34.06x","timestamp":"2025-11-10 12:01:39"}
{"level":"info","message":"🚀 Multiplicador Spaceman 1: 11041644913 = 34.21x","timestamp":"2025-11-10 12:01:39"}
{"level":"info","message":"🚀 Multiplicador Spaceman 1: 11041644913 = 34.35x","timestamp":"2025-11-10 12:01:39"}
{"level":"info","message":"🚀 Multiplicador Spaceman 1: 11041644913 = 34.49x","timestamp":"2025-11-10 12:01:39"}
{"level":"info","message":"🚀 Multiplicador Spaceman 1: 11041644913 = 34.65x","timestamp":"2025-11-10 12:01:39"}
{"level":"info","message":"🚀 Multiplicador Spaceman 1: 11041644913 = 34.79x","timestamp":"2025-11-10 12:01:39"}
{"level":"info","message":"🚀 Multiplicador Spaceman 1: 11041644913 = 34.95x","timestamp":"2025-11-10 12:01:39"}
{"level":"info","message":"🚀 Multiplicador Spaceman 1: 11041644913 = 35.08x","timestamp":"2025-11-10 12:01:39"}
{"level":"info","message":"🚀 Multiplicador Spaceman 1: 11041644913 = 35.24x","timestamp":"2025-11-10 12:01:39"}
{"level":"info","message":"🚀 Multiplicador Spaceman 1: 11041644913 = 35.39x","timestamp":"2025-11-10 12:01:39"}
{"level":"info","message":"🚀 Multiplicador Spaceman 1: 11041644913 = 35.53x","timestamp":"2025-11-10 12:01:39"}
{"level":"info","message":"🚀 Multiplicador Spaceman 1: 11041644913 = 35.67x","timestamp":"2025-11-10 12:01:39"}
{"level":"info","message":"🚀 Multiplicador Spaceman 1: 11041644913 = 35.82x","timestamp":"2025-11-10 12:01:39"}
{"level":"info","message":"🚀 Multiplicador Spaceman 1: 11041644913 = 35.96x","timestamp":"2025-11-10 12:01:39"}
{"level":"info","message":"🚀 Multiplicador Spaceman 1: 11041644913 = 36.12x","timestamp":"2025-11-10 12:01:39"}
{"level":"info","message":"🚀 Multiplicador Spaceman 1: 11041644913 = 36.29x","timestamp":"2025-11-10 12:01:39"}
{"level":"info","message":"🚀 Multiplicador Spaceman 1: 11041644913 = 36.45x","timestamp":"2025-11-10 12:01:39"}
{"level":"info","message":"🚀 Multiplicador Spaceman 1: 11041644913 = 36.6x","timestamp":"2025-11-10 12:01:40"}
{"level":"info","message":"🚀 Multiplicador Spaceman 1: 11041644913 = 36.77x","timestamp":"2025-11-10 12:01:40"}
{"level":"info","message":"🚀 Multiplicador Spaceman 1: 11041644913 = 36.92x","timestamp":"2025-11-10 12:01:40"}
{"level":"info","message":"🚀 Multiplicador Spaceman 1: 11041644913 = 37.08x","timestamp":"2025-11-10 12:01:40"}
{"level":"info","message":"🚀 Multiplicador Spaceman 1: 11041644913 = 37.25x","timestamp":"2025-11-10 12:01:40"}
{"level":"info","message":"🚀 Multiplicador Spaceman 1: 11041644913 = 37.41x","timestamp":"2025-11-10 12:01:40"}
{"level":"info","message":"🚀 Multiplicador Spaceman 1: 11041644913 = 37.56x","timestamp":"2025-11-10 12:01:40"}
{"level":"info","message":"🚀 Multiplicador Spaceman 1: 11041644913 = 37.73x","timestamp":"2025-11-10 12:01:40"}
{"level":"info","message":"🚀 Multiplicador Spaceman 1: 11041644913 = 37.87x","timestamp":"2025-11-10 12:01:40"}
{"level":"info","message":"🚀 Multiplicador Spaceman 1: 11041644913 = 38.05x","timestamp":"2025-11-10 12:01:40"}
{"level":"info","message":"🚀 Multiplicador Spaceman 1: 11041644913 = 38.2x","timestamp":"2025-11-10 12:01:40"}
{"level":"info","message":"🚀 Multiplicador Spaceman 1: 11041644913 = 38.35x","timestamp":"2025-11-10 12:01:40"}
{"level":"info","message":"🚀 Multiplicador Spaceman 1: 11041644913 = 38.51x","timestamp":"2025-11-10 12:01:40"}
{"level":"info","message":"🚀 Multiplicador Spaceman 1: 11041644913 = 38.68x","timestamp":"2025-11-10 12:01:40"}
{"level":"info","message":"🚀 Multiplicador Spaceman 1: 11041644913 = 38.86x","timestamp":"2025-11-10 12:01:40"}
{"level":"info","message":"🚀 Multiplicador Spaceman 1: 11041644913 = 39.03x","timestamp":"2025-11-10 12:01:40"}
{"level":"info","message":"🚀 Multiplicador Spaceman 1: 11041644913 = 39.19x","timestamp":"2025-11-10 12:01:40"}
{"level":"info","message":"🚀 Multiplicador Spaceman 1: 11041644913 = 39.35x","timestamp":"2025-11-10 12:01:40"}
{"level":"info","message":"🚀 Multiplicador Spaceman 1: 11041644913 = 39.51x","timestamp":"2025-11-10 12:01:40"}
{"level":"info","message":"🚀 Multiplicador Spaceman 1: 11041644913 = 39.67x","timestamp":"2025-11-10 12:01:41"}
{"level":"info","message":"🚀 Multiplicador Spaceman 1: 11041644913 = 39.83x","timestamp":"2025-11-10 12:01:41"}
{"level":"info","message":"🚀 Multiplicador Spaceman 1: 11041644913 = 40.01x","timestamp":"2025-11-10 12:01:41"}
{"level":"info","message":"🚀 Multiplicador Spaceman 1: 11041644913 = 40.18x","timestamp":"2025-11-10 12:01:41"}
{"level":"info","message":"🚀 Multiplicador Spaceman 1: 11041644913 = 40.35x","timestamp":"2025-11-10 12:01:41"}
{"level":"info","message":"🚀 Multiplicador Spaceman 1: 11041644913 = 40.52x","timestamp":"2025-11-10 12:01:41"}
{"level":"info","message":"🚀 Multiplicador Spaceman 1: 11041644913 = 40.71x","timestamp":"2025-11-10 12:01:41"}
{"level":"info","message":"🚀 Multiplicador Spaceman 1: 11041644913 = 40.93x","timestamp":"2025-11-10 12:01:41"}
{"level":"info","message":"🚀 Multiplicador Spaceman 1: 11041644913 = 41.09x","timestamp":"2025-11-10 12:01:41"}
{"level":"info","message":"🚀 Multiplicador Spaceman 1: 11041644913 = 41.25x","timestamp":"2025-11-10 12:01:41"}
{"level":"info","message":"🚀 Multiplicador Spaceman 1: 11041644913 = 41.42x","timestamp":"2025-11-10 12:01:41"}
{"level":"info","message":"🚀 Multiplicador Spaceman 1: 11041644913 = 41.59x","timestamp":"2025-11-10 12:01:41"}
{"level":"info","message":"🚀 Multiplicador Spaceman 1: 11041644913 = 41.76x","timestamp":"2025-11-10 12:01:41"}
{"level":"info","message":"🚀 Multiplicador Spaceman 1: 11041644913 = 41.93x","timestamp":"2025-11-10 12:01:41"}
{"level":"info","message":"🚀 Multiplicador Spaceman 1: 11041644913 = 42.1x","timestamp":"2025-11-10 12:01:41"}
{"level":"info","message":"🚀 Multiplicador Spaceman 1: 11041644913 = 42.29x","timestamp":"2025-11-10 12:01:41"}
{"level":"info","message":"🚀 Multiplicador Spaceman 1: 11041644913 = 42.49x","timestamp":"2025-11-10 12:01:41"}
{"level":"info","message":"🚀 Multiplicador Spaceman 1: 11041644913 = 42.68x","timestamp":"2025-11-10 12:01:41"}
{"level":"info","message":"🚀 Multiplicador Spaceman 1: 11041644913 = 42.85x","timestamp":"2025-11-10 12:01:41"}
{"level":"info","message":"🚀 Multiplicador Spaceman 1: 11041644913 = 43.01x","timestamp":"2025-11-10 12:01:41"}
{"level":"info","message":"🚀 Multiplicador Spaceman 1: 11041644913 = 43.18x","timestamp":"2025-11-10 12:01:42"}
{"level":"info","message":"🚀 Multiplicador Spaceman 1: 11041644913 = 43.35x","timestamp":"2025-11-10 12:01:42"}
{"level":"info","message":"🚀 Multiplicador Spaceman 1: 11041644913 = 43.51x","timestamp":"2025-11-10 12:01:42"}
{"level":"info","message":"🚀 Multiplicador Spaceman 1: 11041644913 = 43.72x","timestamp":"2025-11-10 12:01:42"}
{"level":"info","message":"🚀 Multiplicador Spaceman 1: 11041644913 = 43.89x","timestamp":"2025-11-10 12:01:42"}
{"level":"info","message":"🚀 Multiplicador Spaceman 1: 11041644913 = 44.06x","timestamp":"2025-11-10 12:01:42"}
{"level":"info","message":"🚀 Multiplicador Spaceman 1: 11041644913 = 44.26x","timestamp":"2025-11-10 12:01:42"}
{"level":"info","message":"🚀 Multiplicador Spaceman 1: 11041644913 = 44.46x","timestamp":"2025-11-10 12:01:42"}
{"level":"info","message":"🚀 Multiplicador Spaceman 1: 11041644913 = 44.66x","timestamp":"2025-11-10 12:01:42"}
{"level":"info","message":"🚀 Multiplicador Spaceman 1: 11041644913 = 44.84x","timestamp":"2025-11-10 12:01:42"}
{"level":"info","message":"🚀 Multiplicador Spaceman 1: 11041644913 = 45.02x","timestamp":"2025-11-10 12:01:42"}
{"level":"info","message":"🚀 Multiplicador Spaceman 1: 11041644913 = 45.22x","timestamp":"2025-11-10 12:01:42"}
{"level":"info","message":"🚀 Multiplicador Spaceman 1: 11041644913 = 45.42x","timestamp":"2025-11-10 12:01:42"}
{"level":"info","message":"🚀 Multiplicador Spaceman 1: 11041644913 = 45.61x","timestamp":"2025-11-10 12:01:42"}
{"level":"info","message":"🚀 Multiplicador Spaceman 1: 11041644913 = 45.81x","timestamp":"2025-11-10 12:01:42"}
{"level":"info","message":"🚀 Multiplicador Spaceman 1: 11041644913 = 46.01x","timestamp":"2025-11-10 12:01:42"}
{"level":"info","message":"🚀 Multiplicador Spaceman 1: 11041644913 = 46.21x","timestamp":"2025-11-10 12:01:42"}
{"level":"info","message":"🚀 Multiplicador Spaceman 1: 11041644913 = 46.4x","timestamp":"2025-11-10 12:01:42"}
{"level":"info","message":"🚀 Multiplicador Spaceman 1: 11041644913 = 46.59x","timestamp":"2025-11-10 12:01:42"}
{"level":"info","message":"🚀 Multiplicador Spaceman 1: 11041644913 = 46.81x","timestamp":"2025-11-10 12:01:43"}
{"level":"info","message":"🚀 Multiplicador Spaceman 1: 11041644913 = 47.03x","timestamp":"2025-11-10 12:01:43"}
{"level":"info","message":"🚀 Multiplicador Spaceman 1: 11041644913 = 47.21x","timestamp":"2025-11-10 12:01:43"}
{"level":"info","message":"🚀 Multiplicador Spaceman 1: 11041644913 = 47.43x","timestamp":"2025-11-10 12:01:43"}
{"level":"info","message":"🚀 Multiplicador Spaceman 1: 11041644913 = 47.64x","timestamp":"2025-11-10 12:01:43"}
{"level":"info","message":"🚀 Multiplicador Spaceman 1: 11041644913 = 47.86x","timestamp":"2025-11-10 12:01:43"}
{"level":"info","message":"🚀 Multiplicador Spaceman 1: 11041644913 = 48.06x","timestamp":"2025-11-10 12:01:43"}
{"level":"info","message":"🚀 Multiplicador Spaceman 1: 11041644913 = 48.27x","timestamp":"2025-11-10 12:01:43"}
{"level":"info","message":"🚀 Multiplicador Spaceman 1: 11041644913 = 48.49x","timestamp":"2025-11-10 12:01:43"}
{"level":"info","message":"🚀 Multiplicador Spaceman 1: 11041644913 = 48.69x","timestamp":"2025-11-10 12:01:43"}
{"level":"info","message":"🚀 Multiplicador Spaceman 1: 11041644913 = 48.89x","timestamp":"2025-11-10 12:01:43"}
{"level":"info","message":"🚀 Multiplicador Spaceman 1: 11041644913 = 49.09x","timestamp":"2025-11-10 12:01:43"}
{"level":"info","message":"🚀 Multiplicador Spaceman 1: 11041644913 = 49.3x","timestamp":"2025-11-10 12:01:43"}
{"level":"info","message":"🚀 Multiplicador Spaceman 1: 11041644913 = 49.5x","timestamp":"2025-11-10 12:01:43"}
{"level":"info","message":"🚀 Multiplicador Spaceman 1: 11041644913 = 49.71x","timestamp":"2025-11-10 12:01:43"}
{"level":"info","message":"🚀 Multiplicador Spaceman 1: 11041644913 = 49.92x","timestamp":"2025-11-10 12:01:43"}
{"level":"info","message":"🚀 Multiplicador Spaceman 1: 11041644913 = 50.13x","timestamp":"2025-11-10 12:01:43"}
{"level":"info","message":"🚀 Multiplicador Spaceman 1: 11041644913 = 50.35x","timestamp":"2025-11-10 12:01:43"}
{"level":"info","message":"🚀 Multiplicador Spaceman 1: 11041644913 = 50.55x","timestamp":"2025-11-10 12:01:43"}
{"level":"info","message":"🚀 Multiplicador Spaceman 1: 11041644913 = 50.79x","timestamp":"2025-11-10 12:01:44"}
{"level":"info","message":"🚀 Multiplicador Spaceman 1: 11041644913 = 50.99x","timestamp":"2025-11-10 12:01:44"}
{"level":"info","message":"🚀 Multiplicador Spaceman 1: 11041644913 = 51.21x","timestamp":"2025-11-10 12:01:44"}
{"level":"info","message":"🚀 Multiplicador Spaceman 1: 11041644913 = 51.43x","timestamp":"2025-11-10 12:01:44"}
{"level":"info","message":"🚀 Multiplicador Spaceman 1: 11041644913 = 51.72x","timestamp":"2025-11-10 12:01:44"}
{"level":"info","message":"🚀 Multiplicador Spaceman 1: 11041644913 = 51.92x","timestamp":"2025-11-10 12:01:44"}
{"level":"info","message":"🚀 Multiplicador Spaceman 1: 11041644913 = 52.13x","timestamp":"2025-11-10 12:01:44"}
{"level":"info","message":"🚀 Multiplicador Spaceman 1: 11041644913 = 52.34x","timestamp":"2025-11-10 12:01:44"}
{"level":"info","message":"🚀 Multiplicador Spaceman 1: 11041644913 = 52.56x","timestamp":"2025-11-10 12:01:44"}
{"level":"info","message":"🚀 Multiplicador Spaceman 1: 11041644913 = 52.78x","timestamp":"2025-11-10 12:01:44"}
{"level":"info","message":"🚀 Multiplicador Spaceman 1: 11041644913 = 52.98x","timestamp":"2025-11-10 12:01:44"}
{"level":"info","message":"🚀 Multiplicador Spaceman 1: 11041644913 = 53.2x","timestamp":"2025-11-10 12:01:44"}
{"level":"info","message":"🚀 Multiplicador Spaceman 1: 11041644913 = 53.4x","timestamp":"2025-11-10 12:01:44"}
{"level":"info","message":"🚀 Multiplicador Spaceman 1: 11041644913 = 53.64x","timestamp":"2025-11-10 12:01:44"}
{"level":"info","message":"🚀 Multiplicador Spaceman 1: 11041644913 = 53.88x","timestamp":"2025-11-10 12:01:44"}
{"level":"info","message":"🚀 Multiplicador Spaceman 1: 11041644913 = 54.09x","timestamp":"2025-11-10 12:01:44"}
{"level":"info","message":"🚀 Multiplicador Spaceman 1: 11041644913 = 54.3x","timestamp":"2025-11-10 12:01:44"}
{"level":"info","message":"🚀 Multiplicador Spaceman 1: 11041644913 = 54.54x","timestamp":"2025-11-10 12:01:44"}
{"level":"info","message":"🚀 Multiplicador Spaceman 1: 11041644913 = 54.79x","timestamp":"2025-11-10 12:01:44"}
{"level":"info","message":"🚀 Multiplicador Spaceman 1: 11041644913 = 55.02x","timestamp":"2025-11-10 12:01:44"}
{"level":"info","message":"🚀 Multiplicador Spaceman 1: 11041644913 = 55.26x","timestamp":"2025-11-10 12:01:45"}
{"level":"info","message":"🚀 Multiplicador Spaceman 1: 11041644913 = 55.49x","timestamp":"2025-11-10 12:01:45"}
{"level":"info","message":"🚀 Multiplicador Spaceman 1: 11041644913 = 55.72x","timestamp":"2025-11-10 12:01:45"}
{"level":"info","message":"🚀 Multiplicador Spaceman 1: 11041644913 = 55.94x","timestamp":"2025-11-10 12:01:45"}
{"level":"info","message":"🚀 Multiplicador Spaceman 1: 11041644913 = 56.19x","timestamp":"2025-11-10 12:01:45"}
{"level":"info","message":"🚀 Multiplicador Spaceman 1: 11041644913 = 56.42x","timestamp":"2025-11-10 12:01:45"}
{"level":"info","message":"🚀 Multiplicador Spaceman 1: 11041644913 = 56.64x","timestamp":"2025-11-10 12:01:45"}
{"level":"info","message":"🚀 Multiplicador Spaceman 1: 11041644913 = 56.86x","timestamp":"2025-11-10 12:01:45"}
{"level":"info","message":"🚀 Multiplicador Spaceman 1: 11041644913 = 57.1x","timestamp":"2025-11-10 12:01:45"}
{"level":"info","message":"🚀 Multiplicador Spaceman 1: 11041644913 = 57.36x","timestamp":"2025-11-10 12:01:45"}
{"level":"info","message":"🚀 Multiplicador Spaceman 1: 11041644913 = 57.59x","timestamp":"2025-11-10 12:01:45"}
{"level":"info","message":"🚀 Multiplicador Spaceman 1: 11041644913 = 57.84x","timestamp":"2025-11-10 12:01:45"}
{"level":"info","message":"🚀 Multiplicador Spaceman 1: 11041644913 = 58.1x","timestamp":"2025-11-10 12:01:45"}
{"level":"info","message":"🚀 Multiplicador Spaceman 1: 11041644913 = 58.35x","timestamp":"2025-11-10 12:01:45"}
{"level":"info","message":"🚀 Multiplicador Spaceman 1: 11041644913 = 58.6x","timestamp":"2025-11-10 12:01:45"}
{"level":"info","message":"🚀 Multiplicador Spaceman 1: 11041644913 = 58.83x","timestamp":"2025-11-10 12:01:45"}
{"level":"info","message":"🚀 Multiplicador Spaceman 1: 11041644913 = 59.1x","timestamp":"2025-11-10 12:01:45"}
{"level":"info","message":"🚀 Multiplicador Spaceman 1: 11041644913 = 59.36x","timestamp":"2025-11-10 12:01:45"}
{"level":"info","message":"🚀 Multiplicador Spaceman 1: 11041644913 = 59.6x","timestamp":"2025-11-10 12:01:45"}
{"level":"info","message":"🚀 Multiplicador Spaceman 1: 11041644913 = 59.86x","timestamp":"2025-11-10 12:01:45"}
{"level":"info","message":"🚀 Multiplicador Spaceman 1: 11041644913 = 60.11x","timestamp":"2025-11-10 12:01:46"}
{"level":"info","message":"🚀 Multiplicador Spaceman 1: 11041644913 = 60.36x","timestamp":"2025-11-10 12:01:46"}
{"level":"info","message":"🚀 Multiplicador Spaceman 1: 11041644913 = 60.64x","timestamp":"2025-11-10 12:01:46"}
{"level":"info","message":"🚀 Multiplicador Spaceman 1: 11041644913 = 60.9x","timestamp":"2025-11-10 12:01:46"}
{"level":"info","message":"🚀 Multiplicador Spaceman 1: 11041644913 = 61.17x","timestamp":"2025-11-10 12:01:46"}
{"level":"info","message":"🚀 Multiplicador Spaceman 1: 11041644913 = 61.42x","timestamp":"2025-11-10 12:01:46"}
{"level":"info","message":"🚀 Multiplicador Spaceman 1: 11041644913 = 61.68x","timestamp":"2025-11-10 12:01:46"}
{"level":"info","message":"🚀 Multiplicador Spaceman 1: 11041644913 = 61.97x","timestamp":"2025-11-10 12:01:46"}
{"level":"info","message":"🚀 Multiplicador Spaceman 1: 11041644913 = 62.24x","timestamp":"2025-11-10 12:01:46"}
{"level":"info","message":"🚀 Multiplicador Spaceman 1: 11041644913 = 62.53x","timestamp":"2025-11-10 12:01:46"}
{"level":"info","message":"🚀 Multiplicador Spaceman 1: 11041644913 = 62.82x","timestamp":"2025-11-10 12:01:46"}
{"level":"info","message":"🚀 Multiplicador Spaceman 1: 11041644913 = 63.08x","timestamp":"2025-11-10 12:01:46"}
{"level":"info","message":"🚀 Multiplicador Spaceman 1: 11041644913 = 63.35x","timestamp":"2025-11-10 12:01:46"}
{"level":"info","message":"🚀 Multiplicador Spaceman 1: 11041644913 = 63.63x","timestamp":"2025-11-10 12:01:46"}
{"level":"info","message":"🚀 Multiplicador Spaceman 1: 11041644913 = 63.92x","timestamp":"2025-11-10 12:01:46"}
{"level":"info","message":"🚀 Multiplicador Spaceman 1: 11041644913 = 64.17x","timestamp":"2025-11-10 12:01:46"}
{"level":"info","message":"🚀 Multiplicador Spaceman 1: 11041644913 = 64.46x","timestamp":"2025-11-10 12:01:46"}
{"level":"info","message":"🚀 Multiplicador Spaceman 1: 11041644913 = 64.72x","timestamp":"2025-11-10 12:01:46"}
{"level":"info","message":"🚀 Multiplicador Spaceman 1: 11041644913 = 65.01x","timestamp":"2025-11-10 12:01:46"}
{"level":"info","message":"🚀 Multiplicador Spaceman 1: 11041644913 = 65.31x","timestamp":"2025-11-10 12:01:47"}
{"level":"info","message":"🚀 Multiplicador Spaceman 1: 11041644913 = 65.6x","timestamp":"2025-11-10 12:01:47"}
{"level":"info","message":"🚀 Multiplicador Spaceman 1: 11041644913 = 65.88x","timestamp":"2025-11-10 12:01:47"}
{"level":"info","message":"🚀 Multiplicador Spaceman 1: 11041644913 = 66.16x","timestamp":"2025-11-10 12:01:47"}
{"level":"info","message":"🚀 Multiplicador Spaceman 1: 11041644913 = 66.44x","timestamp":"2025-11-10 12:01:47"}
{"level":"info","message":"🚀 Multiplicador Spaceman 1: 11041644913 = 66.69x","timestamp":"2025-11-10 12:01:47"}
{"level":"info","message":"🚀 Multiplicador Spaceman 1: 11041644913 = 66.95x","timestamp":"2025-11-10 12:01:47"}
{"level":"info","message":"🚀 Multiplicador Spaceman 1: 11041644913 = 67.22x","timestamp":"2025-11-10 12:01:47"}
{"level":"info","message":"🚀 Multiplicador Spaceman 1: 11041644913 = 67.51x","timestamp":"2025-11-10 12:01:47"}
{"level":"info","message":"🚀 Multiplicador Spaceman 1: 11041644913 = 67.8x","timestamp":"2025-11-10 12:01:47"}
{"level":"info","message":"🚀 Multiplicador Spaceman 1: 11041644913 = 68.09x","timestamp":"2025-11-10 12:01:47"}
{"level":"info","message":"🚀 Multiplicador Spaceman 1: 11041644913 = 68.36x","timestamp":"2025-11-10 12:01:47"}
{"level":"info","message":"🚀 Multiplicador Spaceman 1: 11041644913 = 68.62x","timestamp":"2025-11-10 12:01:47"}
{"level":"info","message":"🚀 Multiplicador Spaceman 1: 11041644913 = 68.92x","timestamp":"2025-11-10 12:01:47"}
{"level":"info","message":"🚀 Multiplicador Spaceman 1: 11041644913 = 69.19x","timestamp":"2025-11-10 12:01:47"}
{"level":"info","message":"🚀 Multiplicador Spaceman 1: 11041644913 = 69.71x","timestamp":"2025-11-10 12:01:47"}
{"level":"info","message":"🚀 Multiplicador Spaceman 1: 11041644913 = 70.01x","timestamp":"2025-11-10 12:01:47"}
{"level":"info","message":"🚀 Multiplicador Spaceman 1: 11041644913 = 70.32x","timestamp":"2025-11-10 12:01:47"}
{"level":"info","message":"🚀 Multiplicador Spaceman 1: 11041644913 = 70.63x","timestamp":"2025-11-10 12:01:47"}
{"level":"info","message":"🚀 Multiplicador Spaceman 1: 11041644913 = 70.9x","timestamp":"2025-11-10 12:01:48"}
{"level":"info","message":"🚀 Multiplicador Spaceman 1: 11041644913 = 71.19x","timestamp":"2025-11-10 12:01:48"}
{"level":"info","message":"🚀 Multiplicador Spaceman 1: 11041644913 = 71.51x","timestamp":"2025-11-10 12:01:48"}
{"level":"info","message":"🚀 Multiplicador Spaceman 1: 11041644913 = 71.79x","timestamp":"2025-11-10 12:01:48"}
{"level":"info","message":"🚀 Multiplicador Spaceman 1: 11041644913 = 72.1x","timestamp":"2025-11-10 12:01:48"}
{"level":"info","message":"🚀 Multiplicador Spaceman 1: 11041644913 = 72.43x","timestamp":"2025-11-10 12:01:48"}
{"level":"info","message":"🚀 Multiplicador Spaceman 1: 11041644913 = 72.73x","timestamp":"2025-11-10 12:01:48"}
{"level":"info","message":"🚀 Multiplicador Spaceman 1: 11041644913 = 73.12x","timestamp":"2025-11-10 12:01:48"}
{"level":"info","message":"🚀 Multiplicador Spaceman 1: 11041644913 = 73.43x","timestamp":"2025-11-10 12:01:48"}
{"level":"info","message":"🚀 Multiplicador Spaceman 1: 11041644913 = 73.72x","timestamp":"2025-11-10 12:01:48"}
{"level":"info","message":"🚀 Multiplicador Spaceman 1: 11041644913 = 74.03x","timestamp":"2025-11-10 12:01:48"}
{"level":"info","message":"🚀 Multiplicador Spaceman 1: 11041644913 = 74.35x","timestamp":"2025-11-10 12:01:48"}
{"level":"info","message":"🚀 Multiplicador Spaceman 1: 11041644913 = 74.7x","timestamp":"2025-11-10 12:01:48"}
{"level":"info","message":"🚀 Multiplicador Spaceman 1: 11041644913 = 75.05x","timestamp":"2025-11-10 12:01:48"}
{"level":"info","message":"🚀 Multiplicador Spaceman 1: 11041644913 = 75.36x","timestamp":"2025-11-10 12:01:48"}
{"level":"info","message":"🚀 Multiplicador Spaceman 1: 11041644913 = 75.7x","timestamp":"2025-11-10 12:01:48"}
{"level":"info","message":"🚀 Multiplicador Spaceman 1: 11041644913 = 76.05x","timestamp":"2025-11-10 12:01:48"}
{"level":"info","message":"🚀 Multiplicador Spaceman 1: 11041644913 = 76.36x","timestamp":"2025-11-10 12:01:48"}
{"level":"info","message":"🚀 Multiplicador Spaceman 1: 11041644913 = 76.7x","timestamp":"2025-11-10 12:01:48"}
{"level":"info","message":"🚀 Multiplicador Spaceman 1: 11041644913 = 77.03x","timestamp":"2025-11-10 12:01:49"}
{"level":"info","message":"🚀 Multiplicador Spaceman 1: 11041644913 = 77.33x","timestamp":"2025-11-10 12:01:49"}
{"level":"info","message":"🚀 Multiplicador Spaceman 1: 11041644913 = 77.98x","timestamp":"2025-11-10 12:01:49"}
{"level":"info","message":"🚀 Multiplicador Spaceman 1: 11041644913 = 78.34x","timestamp":"2025-11-10 12:01:49"}
{"level":"info","message":"🚀 Multiplicador Spaceman 1: 11041644913 = 78.66x","timestamp":"2025-11-10 12:01:49"}
{"level":"info","message":"🚀 Multiplicador Spaceman 1: 11041644913 = 79.01x","timestamp":"2025-11-10 12:01:49"}
{"level":"info","message":"🚀 Multiplicador Spaceman 1: 11041644913 = 79.34x","timestamp":"2025-11-10 12:01:49"}
{"level":"info","message":"🚀 Multiplicador Spaceman 1: 11041644913 = 79.67x","timestamp":"2025-11-10 12:01:49"}
{"level":"info","message":"🚀 Multiplicador Spaceman 1: 11041644913 = 79.99x","timestamp":"2025-11-10 12:01:49"}
{"level":"info","message":"🚀 Multiplicador Spaceman 1: 11041644913 = 80.32x","timestamp":"2025-11-10 12:01:49"}
{"level":"info","message":"🚀 Multiplicador Spaceman 1: 11041644913 = 80.66x","timestamp":"2025-11-10 12:01:49"}
{"level":"info","message":"🚀 Multiplicador Spaceman 1: 11041644913 = 81.01x","timestamp":"2025-11-10 12:01:49"}
{"level":"info","message":"🚀 Multiplicador Spaceman 1: 11041644913 = 81.32x","timestamp":"2025-11-10 12:01:49"}
{"level":"info","message":"🚀 Multiplicador Spaceman 1: 11041644913 = 81.69x","timestamp":"2025-11-10 12:01:49"}
{"level":"info","message":"🚀 Multiplicador Spaceman 1: 11041644913 = 82.26x","timestamp":"2025-11-10 12:01:49"}
{"level":"info","message":"🚀 Multiplicador Spaceman 1: 11041644913 = 82.62x","timestamp":"2025-11-10 12:01:49"}
{"level":"info","message":"🚀 Multiplicador Spaceman 1: 11041644913 = 82.96x","timestamp":"2025-11-10 12:01:49"}
{"level":"info","message":"🚀 Multiplicador Spaceman 1: 11041644913 = 83.3x","timestamp":"2025-11-10 12:01:49"}
{"level":"info","message":"🚀 Multiplicador Spaceman 1: 11041644913 = 83.61x","timestamp":"2025-11-10 12:01:50"}
{"level":"info","message":"🚀 Multiplicador Spaceman 1: 11041644913 = 83.98x","timestamp":"2025-11-10 12:01:50"}
{"level":"info","message":"🚀 Multiplicador Spaceman 1: 11041644913 = 84.35x","timestamp":"2025-11-10 12:01:50"}
{"level":"info","message":"🚀 Multiplicador Spaceman 1: 11041644913 = 84.7x","timestamp":"2025-11-10 12:01:50"}
{"level":"info","message":"🚀 Multiplicador Spaceman 1: 11041644913 = 85.05x","timestamp":"2025-11-10 12:01:50"}
{"level":"info","message":"🚀 Multiplicador Spaceman 1: 11041644913 = 85.4x","timestamp":"2025-11-10 12:01:50"}
{"level":"info","message":"🚀 Multiplicador Spaceman 1: 11041644913 = 85.79x","timestamp":"2025-11-10 12:01:50"}
{"level":"info","message":"🚀 Multiplicador Spaceman 1: 11041644913 = 86.19x","timestamp":"2025-11-10 12:01:50"}
{"level":"info","message":"🚀 Multiplicador Spaceman 1: 11041644913 = 86.58x","timestamp":"2025-11-10 12:01:50"}
{"level":"info","message":"🚀 Multiplicador Spaceman 1: 11041644913 = 86.92x","timestamp":"2025-11-10 12:01:50"}
{"level":"info","message":"🚀 Multiplicador Spaceman 1: 11041644913 = 87.26x","timestamp":"2025-11-10 12:01:50"}
{"level":"info","message":"🚀 Multiplicador Spaceman 1: 11041644913 = 87.75x","timestamp":"2025-11-10 12:01:50"}
{"level":"info","message":"🚀 Multiplicador Spaceman 1: 11041644913 = 88.09x","timestamp":"2025-11-10 12:01:50"}
{"level":"info","message":"🚀 Multiplicador Spaceman 1: 11041644913 = 88.45x","timestamp":"2025-11-10 12:01:50"}
{"level":"info","message":"🚀 Multiplicador Spaceman 1: 11041644913 = 88.85x","timestamp":"2025-11-10 12:01:50"}
{"level":"info","message":"🚀 Multiplicador Spaceman 1: 11041644913 = 89.21x","timestamp":"2025-11-10 12:01:50"}
{"level":"info","message":"🚀 Multiplicador Spaceman 1: 11041644913 = 89.63x","timestamp":"2025-11-10 12:01:50"}
{"level":"info","message":"🚀 Multiplicador Spaceman 1: 11041644913 = 89.97x","timestamp":"2025-11-10 12:01:50"}
{"level":"info","message":"🚀 Multiplicador Spaceman 1: 11041644913 = 90.31x","timestamp":"2025-11-10 12:01:50"}
{"level":"info","message":"🚀 Multiplicador Spaceman 1: 11041644913 = 90.71x","timestamp":"2025-11-10 12:01:50"}
{"level":"info","message":"🚀 Multiplicador Spaceman 1: 11041644913 = 91.12x","timestamp":"2025-11-10 12:01:51"}
{"level":"info","message":"🚀 Multiplicador Spaceman 1: 11041644913 = 91.49x","timestamp":"2025-11-10 12:01:51"}
{"level":"info","message":"🚀 Multiplicador Spaceman 1: 11041644913 = 91.87x","timestamp":"2025-11-10 12:01:51"}
{"level":"info","message":"🚀 Multiplicador Spaceman 1: 11041644913 = 92.22x","timestamp":"2025-11-10 12:01:51"}
{"level":"info","message":"🚀 Multiplicador Spaceman 1: 11041644913 = 92.58x","timestamp":"2025-11-10 12:01:51"}
{"level":"info","message":"🚀 Multiplicador Spaceman 1: 11041644913 = 93.01x","timestamp":"2025-11-10 12:01:51"}
{"level":"info","message":"🚀 Multiplicador Spaceman 1: 11041644913 = 93.65x","timestamp":"2025-11-10 12:01:51"}
{"level":"info","message":"🚀 Multiplicador Spaceman 1: 11041644913 = 94.02x","timestamp":"2025-11-10 12:01:51"}
{"level":"info","message":"🚀 Multiplicador Spaceman 1: 11041644913 = 94.42x","timestamp":"2025-11-10 12:01:51"}
{"level":"info","message":"🚀 Multiplicador Spaceman 1: 11041644913 = 94.8x","timestamp":"2025-11-10 12:01:51"}
{"level":"info","message":"🚀 Multiplicador Spaceman 1: 11041644913 = 95.21x","timestamp":"2025-11-10 12:01:51"}
{"level":"info","message":"🚀 Multiplicador Spaceman 1: 11041644913 = 95.62x","timestamp":"2025-11-10 12:01:51"}
{"level":"info","message":"🚀 Multiplicador Spaceman 1: 11041644913 = 96.06x","timestamp":"2025-11-10 12:01:51"}
{"level":"info","message":"🚀 Multiplicador Spaceman 1: 11041644913 = 96.43x","timestamp":"2025-11-10 12:01:51"}
{"level":"info","message":"🚀 Multiplicador Spaceman 1: 11041644913 = 96.87x","timestamp":"2025-11-10 12:01:51"}
{"level":"info","message":"🚀 Multiplicador Spaceman 1: 11041644913 = 97.27x","timestamp":"2025-11-10 12:01:51"}
{"level":"info","message":"🚀 Multiplicador Spaceman 1: 11041644913 = 97.67x","timestamp":"2025-11-10 12:01:51"}
{"level":"info","message":"🚀 Multiplicador Spaceman 1: 11041644913 = 98.09x","timestamp":"2025-11-10 12:01:51"}
{"level":"info","message":"🚀 Multiplicador Spaceman 1: 11041644913 = 98.86x","timestamp":"2025-11-10 12:01:52"}
{"level":"info","message":"🚀 Multiplicador Spaceman 1: 11041644913 = 99.25x","timestamp":"2025-11-10 12:01:52"}
{"level":"info","message":"🚀 Multiplicador Spaceman 1: 11041644913 = 99.63x","timestamp":"2025-11-10 12:01:52"}
{"level":"info","message":"🚀 Multiplicador Spaceman 1: 11041644913 = 100.09x","timestamp":"2025-11-10 12:01:52"}
{"level":"info","message":"🚀 Multiplicador Spaceman 1: 11041644913 = 100.53x","timestamp":"2025-11-10 12:01:52"}
{"level":"info","message":"🚀 Multiplicador Spaceman 1: 11041644913 = 100.91x","timestamp":"2025-11-10 12:01:52"}
{"level":"info","message":"🚀 Multiplicador Spaceman 1: 11041644913 = 101.3x","timestamp":"2025-11-10 12:01:52"}
{"level":"info","message":"🚀 Multiplicador Spaceman 1: 11041644913 = 101.7x","timestamp":"2025-11-10 12:01:52"}
{"level":"info","message":"🚀 Multiplicador Spaceman 1: 11041644913 = 102.11x","timestamp":"2025-11-10 12:01:52"}
{"level":"info","message":"🚀 Multiplicador Spaceman 1: 11041644913 = 102.51x","timestamp":"2025-11-10 12:01:52"}
{"level":"info","message":"🚀 Multiplicador Spaceman 1: 11041644913 = 102.91x","timestamp":"2025-11-10 12:01:52"}
{"level":"info","message":"🚀 Multiplicador Spaceman 1: 11041644913 = 103.31x","timestamp":"2025-11-10 12:01:52"}
{"level":"info","message":"🚀 Multiplicador Spaceman 1: 11041644913 = 103.76x","timestamp":"2025-11-10 12:01:52"}
{"level":"info","message":"🚀 Multiplicador Spaceman 1: 11041644913 = 104.22x","timestamp":"2025-11-10 12:01:52"}
{"level":"info","message":"🚀 Multiplicador Spaceman 1: 11041644913 = 104.67x","timestamp":"2025-11-10 12:01:52"}
{"level":"info","message":"🚀 Multiplicador Spaceman 1: 11041644913 = 105.09x","timestamp":"2025-11-10 12:01:52"}
{"level":"info","message":"🚀 Multiplicador Spaceman 1: 11041644913 = 105.67x","timestamp":"2025-11-10 12:01:52"}
{"level":"info","message":"🚀 Multiplicador Spaceman 1: 11041644913 = 106.16x","timestamp":"2025-11-10 12:01:52"}
{"level":"info","message":"🚀 Multiplicador Spaceman 1: 11041644913 = 106.64x","timestamp":"2025-11-10 12:01:52"}
{"level":"info","message":"🚀 Multiplicador Spaceman 1: 11041644913 = 107.15x","timestamp":"2025-11-10 12:01:52"}
{"level":"info","message":"🚀 Multiplicador Spaceman 1: 11041644913 = 107.64x","timestamp":"2025-11-10 12:01:53"}
{"level":"info","message":"🚀 Multiplicador Spaceman 1: 11041644913 = 108.07x","timestamp":"2025-11-10 12:01:53"}
{"level":"info","message":"🚀 Multiplicador Spaceman 1: 11041644913 = 108.47x","timestamp":"2025-11-10 12:01:53"}
{"level":"info","message":"🚀 Multiplicador Spaceman 1: 11041644913 = 108.95x","timestamp":"2025-11-10 12:01:53"}
{"level":"info","message":"🚀 Multiplicador Spaceman 1: 11041644913 = 109.4x","timestamp":"2025-11-10 12:01:53"}
{"level":"info","message":"🚀 Multiplicador Spaceman 1: 11041644913 = 109.9x","timestamp":"2025-11-10 12:01:53"}
{"level":"info","message":"🚀 Multiplicador Spaceman 1: 11041644913 = 110.37x","timestamp":"2025-11-10 12:01:53"}
{"level":"info","message":"🚀 Multiplicador Spaceman 1: 11041644913 = 110.8x","timestamp":"2025-11-10 12:01:53"}
{"level":"info","message":"🚀 Multiplicador Spaceman 1: 11041644913 = 111.74x","timestamp":"2025-11-10 12:01:53"}
{"level":"info","message":"🚀 Multiplicador Spaceman 1: 11041644913 = 112.18x","timestamp":"2025-11-10 12:01:53"}
{"level":"info","message":"🚀 Multiplicador Spaceman 1: 11041644913 = 112.61x","timestamp":"2025-11-10 12:01:53"}
{"level":"info","message":"🚀 Multiplicador Spaceman 1: 11041644913 = 113.04x","timestamp":"2025-11-10 12:01:53"}
{"level":"info","message":"🚀 Multiplicador Spaceman 1: 11041644913 = 113.48x","timestamp":"2025-11-10 12:01:53"}
{"level":"info","message":"🚀 Multiplicador Spaceman 1: 11041644913 = 114x","timestamp":"2025-11-10 12:01:53"}
{"level":"info","message":"🚀 Multiplicador Spaceman 1: 11041644913 = 114.48x","timestamp":"2025-11-10 12:01:53"}
{"level":"info","message":"🚀 Multiplicador Spaceman 1: 11041644913 = 115x","timestamp":"2025-11-10 12:01:53"}
{"level":"info","message":"🚀 Multiplicador Spaceman 1: 11041644913 = 115.52x","timestamp":"2025-11-10 12:01:53"}
{"level":"info","message":"🚀 Multiplicador Spaceman 1: 11041644913 = 116.01x","timestamp":"2025-11-10 12:01:53"}
{"level":"info","message":"🚀 Multiplicador Spaceman 1: 11041644913 = 116.46x","timestamp":"2025-11-10 12:01:53"}
{"level":"info","message":"🚀 Multiplicador Spaceman 1: 11041644913 = 116.95x","timestamp":"2025-11-10 12:01:54"}
{"level":"info","message":"🚀 Multiplicador Spaceman 1: 11041644913 = 117.49x","timestamp":"2025-11-10 12:01:54"}
{"level":"info","message":"🚀 Multiplicador Spaceman 1: 11041644913 = 117.98x","timestamp":"2025-11-10 12:01:54"}
{"level":"info","message":"🚀 Multiplicador Spaceman 1: 11041644913 = 118.49x","timestamp":"2025-11-10 12:01:54"}
{"level":"info","message":"🚀 Multiplicador Spaceman 1: 11041644913 = 119.35x","timestamp":"2025-11-10 12:01:54"}
{"level":"info","message":"🚀 Multiplicador Spaceman 1: 11041644913 = 119.89x","timestamp":"2025-11-10 12:01:54"}
{"level":"info","message":"🚀 Multiplicador Spaceman 1: 11041644913 = 120.37x","timestamp":"2025-11-10 12:01:54"}
{"level":"info","message":"🚀 Multiplicador Spaceman 1: 11041644913 = 120.86x","timestamp":"2025-11-10 12:01:54"}
{"level":"info","message":"🚀 Multiplicador Spaceman 1: 11041644913 = 121.39x","timestamp":"2025-11-10 12:01:54"}
{"level":"info","message":"🚀 Multiplicador Spaceman 1: 11041644913 = 121.87x","timestamp":"2025-11-10 12:01:54"}
{"level":"info","message":"🚀 Multiplicador Spaceman 1: 11041644913 = 122.36x","timestamp":"2025-11-10 12:01:54"}
{"level":"info","message":"🚀 Multiplicador Spaceman 1: 11041644913 = 122.9x","timestamp":"2025-11-10 12:01:54"}
{"level":"info","message":"🚀 Multiplicador Spaceman 1: 11041644913 = 123.38x","timestamp":"2025-11-10 12:01:54"}
{"level":"info","message":"🚀 Multiplicador Spaceman 1: 11041644913 = 123.86x","timestamp":"2025-11-10 12:01:54"}
{"level":"info","message":"🚀 Multiplicador Spaceman 1: 11041644913 = 124.43x","timestamp":"2025-11-10 12:01:54"}
{"level":"info","message":"🚀 Multiplicador Spaceman 1: 11041644913 = 124.99x","timestamp":"2025-11-10 12:01:54"}
{"level":"info","message":"🚀 Multiplicador Spaceman 1: 11041644913 = 125.53x","timestamp":"2025-11-10 12:01:54"}
{"level":"info","message":"🚀 Multiplicador Spaceman 1: 11041644913 = 126.04x","timestamp":"2025-11-10 12:01:54"}
{"level":"info","message":"🚀 Multiplicador Spaceman 1: 11041644913 = 126.63x","timestamp":"2025-11-10 12:01:54"}
{"level":"info","message":"🚀 Multiplicador Spaceman 1: 11041644913 = 127.68x","timestamp":"2025-11-10 12:01:55"}
{"level":"info","message":"🚀 Multiplicador Spaceman 1: 11041644913 = 128.25x","timestamp":"2025-11-10 12:01:55"}
{"level":"info","message":"🚀 Multiplicador Spaceman 1: 11041644913 = 128.75x","timestamp":"2025-11-10 12:01:55"}
{"level":"info","message":"🚀 Multiplicador Spaceman 1: 11041644913 = 129.3x","timestamp":"2025-11-10 12:01:55"}
{"level":"info","message":"🚀 Multiplicador Spaceman 1: 11041644913 = 129.88x","timestamp":"2025-11-10 12:01:55"}
{"level":"info","message":"🚀 Multiplicador Spaceman 1: 11041644913 = 130.48x","timestamp":"2025-11-10 12:01:55"}
{"level":"info","message":"🚀 Multiplicador Spaceman 1: 11041644913 = 131.08x","timestamp":"2025-11-10 12:01:55"}
{"level":"info","message":"🚀 Multiplicador Spaceman 1: 11041644913 = 131.69x","timestamp":"2025-11-10 12:01:55"}
{"level":"info","message":"🚀 Multiplicador Spaceman 1: 11041644913 = 132.24x","timestamp":"2025-11-10 12:01:55"}
{"level":"info","message":"🚀 Multiplicador Spaceman 1: 11041644913 = 132.82x","timestamp":"2025-11-10 12:01:55"}
{"level":"info","message":"🚀 Multiplicador Spaceman 1: 11041644913 = 133.39x","timestamp":"2025-11-10 12:01:55"}
{"level":"info","message":"🚀 Multiplicador Spaceman 1: 11041644913 = 134.01x","timestamp":"2025-11-10 12:01:55"}
{"level":"info","message":"🚀 Multiplicador Spaceman 1: 11041644913 = 134.98x","timestamp":"2025-11-10 12:01:55"}
{"level":"info","message":"🚀 Multiplicador Spaceman 1: 11041644913 = 135.51x","timestamp":"2025-11-10 12:01:55"}
{"level":"info","message":"🚀 Multiplicador Spaceman 1: 11041644913 = 136.07x","timestamp":"2025-11-10 12:01:55"}
{"level":"info","message":"🚀 Multiplicador Spaceman 1: 11041644913 = 136.66x","timestamp":"2025-11-10 12:01:55"}
{"level":"info","message":"🚀 Multiplicador Spaceman 1: 11041644913 = 137.18x","timestamp":"2025-11-10 12:01:55"}
{"level":"info","message":"🚀 Multiplicador Spaceman 1: 11041644913 = 137.8x","timestamp":"2025-11-10 12:01:56"}
{"level":"info","message":"🚀 Multiplicador Spaceman 1: 11041644913 = 138.35x","timestamp":"2025-11-10 12:01:56"}
{"level":"info","message":"🚀 Multiplicador Spaceman 1: 11041644913 = 138.9x","timestamp":"2025-11-10 12:01:56"}
{"level":"info","message":"🚀 Multiplicador Spaceman 1: 11041644913 = 139.43x","timestamp":"2025-11-10 12:01:56"}
{"level":"info","message":"🚀 Multiplicador Spaceman 1: 11041644913 = 140.01x","timestamp":"2025-11-10 12:01:56"}
{"level":"info","message":"🚀 Multiplicador Spaceman 1: 11041644913 = 140.57x","timestamp":"2025-11-10 12:01:56"}
{"level":"info","message":"🚀 Multiplicador Spaceman 1: 11041644913 = 141.23x","timestamp":"2025-11-10 12:01:56"}
{"level":"info","message":"🚀 Multiplicador Spaceman 1: 11041644913 = 141.88x","timestamp":"2025-11-10 12:01:56"}
{"level":"info","message":"🚀 Multiplicador Spaceman 1: 11041644913 = 142.44x","timestamp":"2025-11-10 12:01:56"}
{"level":"info","message":"🚀 Multiplicador Spaceman 1: 11041644913 = 143.08x","timestamp":"2025-11-10 12:01:56"}
{"level":"info","message":"🚀 Multiplicador Spaceman 1: 11041644913 = 144.31x","timestamp":"2025-11-10 12:01:56"}
{"level":"info","message":"🚀 Multiplicador Spaceman 1: 11041644913 = 144.98x","timestamp":"2025-11-10 12:01:56"}
{"level":"info","message":"🚀 Multiplicador Spaceman 1: 11041644913 = 145.57x","timestamp":"2025-11-10 12:01:56"}
{"level":"info","message":"🚀 Multiplicador Spaceman 1: 11041644913 = 146.2x","timestamp":"2025-11-10 12:01:56"}
{"level":"info","message":"🚀 Multiplicador Spaceman 1: 11041644913 = 146.81x","timestamp":"2025-11-10 12:01:56"}
{"level":"info","message":"🚀 Multiplicador Spaceman 1: 11041644913 = 147.39x","timestamp":"2025-11-10 12:01:56"}
{"level":"info","message":"🚀 Multiplicador Spaceman 1: 11041644913 = 148.09x","timestamp":"2025-11-10 12:01:56"}
{"level":"info","message":"🚀 Multiplicador Spaceman 1: 11041644913 = 148.77x","timestamp":"2025-11-10 12:01:56"}
{"level":"info","message":"🚀 Multiplicador Spaceman 1: 11041644913 = 149.36x","timestamp":"2025-11-10 12:01:56"}
{"level":"info","message":"🚀 Multiplicador Spaceman 1: 11041644913 = 150.02x","timestamp":"2025-11-10 12:01:57"}
{"level":"info","message":"🚀 Multiplicador Spaceman 1: 11041644913 = 150.68x","timestamp":"2025-11-10 12:01:57"}
{"level":"info","message":"🚀 Multiplicador Spaceman 1: 11041644913 = 151.28x","timestamp":"2025-11-10 12:01:57"}
{"level":"info","message":"🚀 Multiplicador Spaceman 1: 11041644913 = 151.97x","timestamp":"2025-11-10 12:01:57"}
{"level":"info","message":"🚀 Multiplicador Spaceman 1: 11041644913 = 152.66x","timestamp":"2025-11-10 12:01:57"}
{"level":"info","message":"🚀 Multiplicador Spaceman 1: 11041644913 = 153.33x","timestamp":"2025-11-10 12:01:57"}
{"level":"info","message":"🚀 Multiplicador Spaceman 1: 11041644913 = 153.97x","timestamp":"2025-11-10 12:01:57"}
{"level":"info","message":"🚀 Multiplicador Spaceman 1: 11041644913 = 154.84x","timestamp":"2025-11-10 12:01:57"}
{"level":"info","message":"🚀 Multiplicador Spaceman 1: 11041644913 = 155.44x","timestamp":"2025-11-10 12:01:57"}
{"level":"info","message":"🚀 Multiplicador Spaceman 1: 11041644913 = 156.15x","timestamp":"2025-11-10 12:01:57"}
{"level":"info","message":"🚀 Multiplicador Spaceman 1: 11041644913 = 156.88x","timestamp":"2025-11-10 12:01:57"}
{"level":"info","message":"🚀 Multiplicador Spaceman 1: 11041644913 = 157.6x","timestamp":"2025-11-10 12:01:57"}
{"level":"info","message":"🚀 Multiplicador Spaceman 1: 11041644913 = 158.28x","timestamp":"2025-11-10 12:01:57"}
{"level":"info","message":"🚀 Multiplicador Spaceman 1: 11041644913 = 158.94x","timestamp":"2025-11-10 12:01:57"}
{"level":"info","message":"🚀 Multiplicador Spaceman 1: 11041644913 = 159.64x","timestamp":"2025-11-10 12:01:57"}
{"level":"info","message":"🚀 Multiplicador Spaceman 1: 11041644913 = 160.3x","timestamp":"2025-11-10 12:01:57"}
{"level":"info","message":"🚀 Multiplicador Spaceman 1: 11041644913 = 160.96x","timestamp":"2025-11-10 12:01:57"}
{"level":"info","message":"🚀 Multiplicador Spaceman 1: 11041644913 = 161.59x","timestamp":"2025-11-10 12:01:57"}
{"level":"info","message":"🚀 Multiplicador Spaceman 1: 11041644913 = 162.23x","timestamp":"2025-11-10 12:01:57"}
{"level":"info","message":"🚀 Multiplicador Spaceman 1: 11041644913 = 163.68x","timestamp":"2025-11-10 12:01:58"}
{"level":"info","message":"🚀 Multiplicador Spaceman 1: 11041644913 = 164.44x","timestamp":"2025-11-10 12:01:58"}
{"level":"info","message":"🚀 Multiplicador Spaceman 1: 11041644913 = 165.14x","timestamp":"2025-11-10 12:01:58"}
{"level":"info","message":"🚀 Multiplicador Spaceman 1: 11041644913 = 165.81x","timestamp":"2025-11-10 12:01:58"}
{"level":"info","message":"🚀 Multiplicador Spaceman 1: 11041644913 = 166.58x","timestamp":"2025-11-10 12:01:58"}
{"level":"info","message":"🚀 Multiplicador Spaceman 1: 11041644913 = 167.3x","timestamp":"2025-11-10 12:01:58"}
{"level":"info","message":"🚀 Multiplicador Spaceman 1: 11041644913 = 168.04x","timestamp":"2025-11-10 12:01:58"}
{"level":"info","message":"🚀 Multiplicador Spaceman 1: 11041644913 = 168.82x","timestamp":"2025-11-10 12:01:58"}
{"level":"info","message":"🚀 Multiplicador Spaceman 1: 11041644913 = 169.59x","timestamp":"2025-11-10 12:01:58"}
{"level":"info","message":"🚀 Multiplicador Spaceman 1: 11041644913 = 170.24x","timestamp":"2025-11-10 12:01:58"}
{"level":"info","message":"🚀 Multiplicador Spaceman 1: 11041644913 = 170.99x","timestamp":"2025-11-10 12:01:58"}
{"level":"info","message":"🚀 Multiplicador Spaceman 1: 11041644913 = 171.66x","timestamp":"2025-11-10 12:01:58"}
{"level":"info","message":"🚀 Multiplicador Spaceman 1: 11041644913 = 172.36x","timestamp":"2025-11-10 12:01:58"}
{"level":"info","message":"🚀 Multiplicador Spaceman 1: 11041644913 = 173.11x","timestamp":"2025-11-10 12:01:58"}
{"level":"info","message":"🚀 Multiplicador Spaceman 1: 11041644913 = 173.78x","timestamp":"2025-11-10 12:01:58"}
{"level":"info","message":"🚀 Multiplicador Spaceman 1: 11041644913 = 175.23x","timestamp":"2025-11-10 12:01:58"}
{"level":"info","message":"🚀 Multiplicador Spaceman 1: 11041644913 = 175.96x","timestamp":"2025-11-10 12:01:58"}
{"level":"info","message":"🚀 Multiplicador Spaceman 1: 11041644913 = 176.73x","timestamp":"2025-11-10 12:01:59"}
{"level":"info","message":"🚀 Multiplicador Spaceman 1: 11041644913 = 177.5x","timestamp":"2025-11-10 12:01:59"}
{"level":"info","message":"🚀 Multiplicador Spaceman 1: 11041644913 = 178.3x","timestamp":"2025-11-10 12:01:59"}
{"level":"info","message":"🚀 Multiplicador Spaceman 1: 11041644913 = 179.07x","timestamp":"2025-11-10 12:01:59"}
{"level":"info","message":"🚀 Multiplicador Spaceman 1: 11041644913 = 179.9x","timestamp":"2025-11-10 12:01:59"}
{"level":"info","message":"🚀 Multiplicador Spaceman 1: 11041644913 = 180.66x","timestamp":"2025-11-10 12:01:59"}
{"level":"info","message":"🚀 Multiplicador Spaceman 1: 11041644913 = 181.38x","timestamp":"2025-11-10 12:01:59"}
{"level":"info","message":"🚀 Multiplicador Spaceman 1: 11041644913 = 182.21x","timestamp":"2025-11-10 12:01:59"}
{"level":"info","message":"🚀 Multiplicador Spaceman 1: 11041644913 = 182.97x","timestamp":"2025-11-10 12:01:59"}
{"level":"info","message":"🚀 Multiplicador Spaceman 1: 11041644913 = 183.75x","timestamp":"2025-11-10 12:01:59"}
{"level":"info","message":"🚀 Multiplicador Spaceman 1: 11041644913 = 184.48x","timestamp":"2025-11-10 12:01:59"}
{"level":"info","message":"🚀 Multiplicador Spaceman 1: 11041644913 = 186.11x","timestamp":"2025-11-10 12:01:59"}
{"level":"info","message":"🚀 Multiplicador Spaceman 1: 11041644913 = 186.84x","timestamp":"2025-11-10 12:01:59"}
{"level":"info","message":"🚀 Multiplicador Spaceman 1: 11041644913 = 187.57x","timestamp":"2025-11-10 12:01:59"}
{"level":"info","message":"🚀 Multiplicador Spaceman 1: 11041644913 = 188.28x","timestamp":"2025-11-10 12:01:59"}
{"level":"info","message":"🚀 Multiplicador Spaceman 1: 11041644913 = 189.07x","timestamp":"2025-11-10 12:01:59"}
{"level":"info","message":"🚀 Multiplicador Spaceman 1: 11041644913 = 189.82x","timestamp":"2025-11-10 12:01:59"}
{"level":"info","message":"🚀 Multiplicador Spaceman 1: 11041644913 = 190.59x","timestamp":"2025-11-10 12:01:59"}
{"level":"info","message":"🚀 Multiplicador Spaceman 1: 11041644913 = 191.42x","timestamp":"2025-11-10 12:01:59"}
{"level":"info","message":"🚀 Multiplicador Spaceman 1: 11041644913 = 192.2x","timestamp":"2025-11-10 12:02:00"}
{"level":"info","message":"🚀 Multiplicador Spaceman 1: 11041644913 = 193.08x","timestamp":"2025-11-10 12:02:00"}
{"level":"info","message":"🚀 Multiplicador Spaceman 1: 11041644913 = 193.82x","timestamp":"2025-11-10 12:02:00"}
{"level":"info","message":"🚀 Multiplicador Spaceman 1: 11041644913 = 194.64x","timestamp":"2025-11-10 12:02:00"}
{"level":"info","message":"🚀 Multiplicador Spaceman 1: 11041644913 = 195.38x","timestamp":"2025-11-10 12:02:00"}
{"level":"info","message":"🚀 Multiplicador Spaceman 1: 11041644913 = 196.24x","timestamp":"2025-11-10 12:02:00"}
{"level":"info","message":"🚀 Multiplicador Spaceman 1: 11041644913 = 197.09x","timestamp":"2025-11-10 12:02:00"}
{"level":"info","message":"🚀 Multiplicador Spaceman 1: 11041644913 = 198.16x","timestamp":"2025-11-10 12:02:00"}
{"level":"info","message":"🚀 Multiplicador Spaceman 1: 11041644913 = 198.97x","timestamp":"2025-11-10 12:02:00"}
{"level":"info","message":"🚀 Multiplicador Spaceman 1: 11041644913 = 199.73x","timestamp":"2025-11-10 12:02:00"}
{"level":"info","message":"🚀 Multiplicador Spaceman 1: 11041644913 = 200.56x","timestamp":"2025-11-10 12:02:00"}
{"level":"info","message":"🚀 Multiplicador Spaceman 1: 11041644913 = 201.37x","timestamp":"2025-11-10 12:02:00"}
{"level":"info","message":"🚀 Multiplicador Spaceman 1: 11041644913 = 202.19x","timestamp":"2025-11-10 12:02:00"}
{"level":"info","message":"🚀 Multiplicador Spaceman 1: 11041644913 = 203.1x","timestamp":"2025-11-10 12:02:00"}
{"level":"info","message":"🚀 Multiplicador Spaceman 1: 11041644913 = 204.01x","timestamp":"2025-11-10 12:02:00"}
{"level":"info","message":"🚀 Multiplicador Spaceman 1: 11041644913 = 204.9x","timestamp":"2025-11-10 12:02:00"}
{"level":"info","message":"🚀 Multiplicador Spaceman 1: 11041644913 = 205.7x","timestamp":"2025-11-10 12:02:00"}
{"level":"info","message":"🚀 Multiplicador Spaceman 1: 11041644913 = 206.48x","timestamp":"2025-11-10 12:02:00"}
{"level":"info","message":"🚀 Multiplicador Spaceman 1: 11041644913 = 207.34x","timestamp":"2025-11-10 12:02:00"}
{"level":"info","message":"🚀 Multiplicador Spaceman 1: 11041644913 = 208.31x","timestamp":"2025-11-10 12:02:01"}
{"level":"info","message":"🚀 Multiplicador Spaceman 1: 11041644913 = 209.21x","timestamp":"2025-11-10 12:02:01"}
{"level":"info","message":"🚀 Multiplicador Spaceman 1: 11041644913 = 210.18x","timestamp":"2025-11-10 12:02:01"}
{"level":"info","message":"🚀 Multiplicador Spaceman 1: 11041644913 = 211.49x","timestamp":"2025-11-10 12:02:01"}
{"level":"info","message":"🚀 Multiplicador Spaceman 1: 11041644913 = 212.34x","timestamp":"2025-11-10 12:02:01"}
{"level":"info","message":"🚀 Multiplicador Spaceman 1: 11041644913 = 213.33x","timestamp":"2025-11-10 12:02:01"}
{"level":"info","message":"🚀 Multiplicador Spaceman 1: 11041644913 = 214.3x","timestamp":"2025-11-10 12:02:01"}
{"level":"info","message":"🚀 Multiplicador Spaceman 1: 11041644913 = 215.19x","timestamp":"2025-11-10 12:02:01"}
{"level":"info","message":"🚀 Multiplicador Spaceman 1: 11041644913 = 216.03x","timestamp":"2025-11-10 12:02:01"}
{"level":"info","message":"🚀 Multiplicador Spaceman 1: 11041644913 = 217x","timestamp":"2025-11-10 12:02:01"}
{"level":"info","message":"🚀 Multiplicador Spaceman 1: 11041644913 = 217.96x","timestamp":"2025-11-10 12:02:01"}
{"level":"info","message":"🚀 Multiplicador Spaceman 1: 11041644913 = 218.89x","timestamp":"2025-11-10 12:02:01"}
{"level":"info","message":"🚀 Multiplicador Spaceman 1: 11041644913 = 219.72x","timestamp":"2025-11-10 12:02:01"}
{"level":"info","message":"🚀 Multiplicador Spaceman 1: 11041644913 = 220.71x","timestamp":"2025-11-10 12:02:01"}
{"level":"info","message":"🚀 Multiplicador Spaceman 1: 11041644913 = 221.68x","timestamp":"2025-11-10 12:02:01"}
{"level":"info","message":"🚀 Multiplicador Spaceman 1: 11041644913 = 223.51x","timestamp":"2025-11-10 12:02:01"}
{"level":"info","message":"🚀 Multiplicador Spaceman 1: 11041644913 = 225.3x","timestamp":"2025-11-10 12:02:01"}
{"level":"info","message":"🚀 Multiplicador Spaceman 1: 11041644913 = 226.22x","timestamp":"2025-11-10 12:02:01"}
{"level":"info","message":"🚀 Multiplicador Spaceman 1: 11041644913 = 227.16x","timestamp":"2025-11-10 12:02:02"}
{"level":"info","message":"🚀 Multiplicador Spaceman 1: 11041644913 = 228.37x","timestamp":"2025-11-10 12:02:02"}
{"level":"info","message":"🚀 Multiplicador Spaceman 1: 11041644913 = 229.24x","timestamp":"2025-11-10 12:02:02"}
{"level":"info","message":"🚀 Multiplicador Spaceman 1: 11041644913 = 230.17x","timestamp":"2025-11-10 12:02:02"}
{"level":"info","message":"🚀 Multiplicador Spaceman 1: 11041644913 = 231.05x","timestamp":"2025-11-10 12:02:02"}
{"level":"info","message":"🚀 Multiplicador Spaceman 1: 11041644913 = 231.98x","timestamp":"2025-11-10 12:02:02"}
{"level":"info","message":"🚀 Multiplicador Spaceman 1: 11041644913 = 232.92x","timestamp":"2025-11-10 12:02:02"}
{"level":"info","message":"🚀 Multiplicador Spaceman 1: 11041644913 = 233.93x","timestamp":"2025-11-10 12:02:02"}
{"level":"info","message":"🚀 Multiplicador Spaceman 1: 11041644913 = 234.88x","timestamp":"2025-11-10 12:02:02"}
{"level":"info","message":"🚀 Multiplicador Spaceman 1: 11041644913 = 235.92x","timestamp":"2025-11-10 12:02:02"}
{"level":"info","message":"🚀 Multiplicador Spaceman 1: 11041644913 = 237.01x","timestamp":"2025-11-10 12:02:02"}
{"level":"info","message":"🚀 Multiplicador Spaceman 1: 11041644913 = 238.02x","timestamp":"2025-11-10 12:02:02"}
{"level":"info","message":"🚀 Multiplicador Spaceman 1: 11041644913 = 239.9x","timestamp":"2025-11-10 12:02:02"}
{"level":"info","message":"🚀 Multiplicador Spaceman 1: 11041644913 = 240.86x","timestamp":"2025-11-10 12:02:02"}
{"level":"info","message":"🚀 Multiplicador Spaceman 1: 11041644913 = 241.78x","timestamp":"2025-11-10 12:02:02"}
{"level":"info","message":"🚀 Multiplicador Spaceman 1: 11041644913 = 242.87x","timestamp":"2025-11-10 12:02:02"}
{"level":"info","message":"🚀 Multiplicador Spaceman 1: 11041644913 = 243.98x","timestamp":"2025-11-10 12:02:02"}
{"level":"info","message":"🚀 Multiplicador Spaceman 1: 11041644913 = 245.05x","timestamp":"2025-11-10 12:02:02"}
{"level":"info","message":"🚀 Multiplicador Spaceman 1: 11041644913 = 246.11x","timestamp":"2025-11-10 12:02:03"}
{"level":"info","message":"🚀 Multiplicador Spaceman 1: 11041644913 = 247.24x","timestamp":"2025-11-10 12:02:03"}
{"level":"info","message":"🚀 Multiplicador Spaceman 1: 11041644913 = 248.33x","timestamp":"2025-11-10 12:02:03"}
{"level":"info","message":"🚀 Multiplicador Spaceman 1: 11041644913 = 249.28x","timestamp":"2025-11-10 12:02:03"}
{"level":"info","message":"🚀 Multiplicador Spaceman 1: 11041644913 = 250.36x","timestamp":"2025-11-10 12:02:03"}
{"level":"info","message":"🚀 Multiplicador Spaceman 1: 11041644913 = 251.4x","timestamp":"2025-11-10 12:02:03"}
{"level":"info","message":"🚀 Multiplicador Spaceman 1: 11041644913 = 252.57x","timestamp":"2025-11-10 12:02:03"}
{"level":"info","message":"🚀 Multiplicador Spaceman 1: 11041644913 = 253.53x","timestamp":"2025-11-10 12:02:03"}
{"level":"info","message":"🚀 Multiplicador Spaceman 1: 11041644913 = 254.59x","timestamp":"2025-11-10 12:02:03"}
{"level":"info","message":"🚀 Multiplicador Spaceman 1: 11041644913 = 256.6x","timestamp":"2025-11-10 12:02:03"}
{"level":"info","message":"🚀 Multiplicador Spaceman 1: 11041644913 = 257.8x","timestamp":"2025-11-10 12:02:03"}
{"level":"info","message":"🚀 Multiplicador Spaceman 1: 11041644913 = 258.87x","timestamp":"2025-11-10 12:02:03"}
{"level":"info","message":"🚀 Multiplicador Spaceman 1: 11041644913 = 260.03x","timestamp":"2025-11-10 12:02:03"}
{"level":"info","message":"🚀 Multiplicador Spaceman 1: 11041644913 = 261.13x","timestamp":"2025-11-10 12:02:03"}
{"level":"info","message":"🚀 Multiplicador Spaceman 1: 11041644913 = 262.28x","timestamp":"2025-11-10 12:02:03"}
{"level":"info","message":"🚀 Multiplicador Spaceman 1: 11041644913 = 263.48x","timestamp":"2025-11-10 12:02:03"}
{"level":"info","message":"🚀 Multiplicador Spaceman 1: 11041644913 = 264.54x","timestamp":"2025-11-10 12:02:03"}
{"level":"info","message":"🚀 Multiplicador Spaceman 1: 11041644913 = 265.55x","timestamp":"2025-11-10 12:02:03"}
{"level":"info","message":"🚀 Multiplicador Spaceman 1: 11041644913 = 266.7x","timestamp":"2025-11-10 12:02:03"}
{"level":"info","message":"🚀 Multiplicador Spaceman 1: 11041644913 = 267.87x","timestamp":"2025-11-10 12:02:04"}
{"level":"info","message":"🚀 Multiplicador Spaceman 1: 11041644913 = 269.01x","timestamp":"2025-11-10 12:02:04"}
{"level":"info","message":"🚀 Multiplicador Spaceman 1: 11041644913 = 270.08x","timestamp":"2025-11-10 12:02:04"}
{"level":"info","message":"🚀 Multiplicador Spaceman 1: 11041644913 = 271.83x","timestamp":"2025-11-10 12:02:04"}
{"level":"info","message":"🚀 Multiplicador Spaceman 1: 11041644913 = 273.03x","timestamp":"2025-11-10 12:02:04"}
{"level":"info","message":"🚀 Multiplicador Spaceman 1: 11041644913 = 274.19x","timestamp":"2025-11-10 12:02:04"}
{"level":"info","message":"🚀 Multiplicador Spaceman 1: 11041644913 = 275.4x","timestamp":"2025-11-10 12:02:04"}
{"level":"info","message":"🚀 Multiplicador Spaceman 1: 11041644913 = 276.54x","timestamp":"2025-11-10 12:02:04"}
{"level":"info","message":"🚀 Multiplicador Spaceman 1: 11041644913 = 277.69x","timestamp":"2025-11-10 12:02:04"}
{"level":"info","message":"🚀 Multiplicador Spaceman 1: 11041644913 = 278.78x","timestamp":"2025-11-10 12:02:04"}
{"level":"info","message":"🚀 Multiplicador Spaceman 1: 11041644913 = 280.03x","timestamp":"2025-11-10 12:02:04"}
{"level":"info","message":"🚀 Multiplicador Spaceman 1: 11041644913 = 281.17x","timestamp":"2025-11-10 12:02:04"}
{"level":"info","message":"🚀 Multiplicador Spaceman 1: 11041644913 = 282.46x","timestamp":"2025-11-10 12:02:04"}
{"level":"info","message":"🚀 Multiplicador Spaceman 1: 11041644913 = 283.77x","timestamp":"2025-11-10 12:02:04"}
{"level":"info","message":"🚀 Multiplicador Spaceman 1: 11041644913 = 284.93x","timestamp":"2025-11-10 12:02:04"}
{"level":"info","message":"🚀 Multiplicador Spaceman 1: 11041644913 = 286.04x","timestamp":"2025-11-10 12:02:04"}
{"level":"info","message":"🚀 Multiplicador Spaceman 1: 11041644913 = 287.35x","timestamp":"2025-11-10 12:02:04"}
{"level":"info","message":"🚀 Multiplicador Spaceman 1: 11041644913 = 288.66x","timestamp":"2025-11-10 12:02:04"}
{"level":"info","message":"🚀 Multiplicador Spaceman 1: 11041644913 = 290.37x","timestamp":"2025-11-10 12:02:04"}
{"level":"info","message":"🚀 Multiplicador Spaceman 1: 11041644913 = 291.5x","timestamp":"2025-11-10 12:02:05"}
{"level":"info","message":"🚀 Multiplicador Spaceman 1: 11041644913 = 292.74x","timestamp":"2025-11-10 12:02:05"}
{"level":"info","message":"🚀 Multiplicador Spaceman 1: 11041644913 = 293.93x","timestamp":"2025-11-10 12:02:05"}
{"level":"info","message":"🚀 Multiplicador Spaceman 1: 11041644913 = 295.18x","timestamp":"2025-11-10 12:02:05"}
{"level":"info","message":"🚀 Multiplicador Spaceman 1: 11041644913 = 296.41x","timestamp":"2025-11-10 12:02:05"}
{"level":"info","message":"🚀 Multiplicador Spaceman 1: 11041644913 = 297.79x","timestamp":"2025-11-10 12:02:05"}
{"level":"info","message":"🚀 Multiplicador Spaceman 1: 11041644913 = 299.12x","timestamp":"2025-11-10 12:02:05"}
{"level":"info","message":"🚀 Multiplicador Spaceman 1: 11041644913 = 300.27x","timestamp":"2025-11-10 12:02:05"}
{"level":"info","message":"🚀 Multiplicador Spaceman 1: 11041644913 = 301.49x","timestamp":"2025-11-10 12:02:05"}
{"level":"info","message":"🚀 Multiplicador Spaceman 1: 11041644913 = 302.64x","timestamp":"2025-11-10 12:02:05"}
{"level":"info","message":"🚀 Multiplicador Spaceman 1: 11041644913 = 303.8x","timestamp":"2025-11-10 12:02:05"}
{"level":"info","message":"🚀 Multiplicador Spaceman 1: 11041644913 = 305.11x","timestamp":"2025-11-10 12:02:05"}
{"level":"info","message":"🚀 Multiplicador Spaceman 1: 11041644913 = 306.99x","timestamp":"2025-11-10 12:02:05"}
{"level":"info","message":"🚀 Multiplicador Spaceman 1: 11041644913 = 308.37x","timestamp":"2025-11-10 12:02:05"}
{"level":"info","message":"🚀 Multiplicador Spaceman 1: 11041644913 = 309.6x","timestamp":"2025-11-10 12:02:05"}
{"level":"info","message":"🚀 Multiplicador Spaceman 1: 11041644913 = 311.02x","timestamp":"2025-11-10 12:02:05"}
{"level":"info","message":"🚀 Multiplicador Spaceman 1: 11041644913 = 312.36x","timestamp":"2025-11-10 12:02:05"}
{"level":"info","message":"🚀 Multiplicador Spaceman 1: 11041644913 = 313.56x","timestamp":"2025-11-10 12:02:05"}
{"level":"info","message":"🚀 Multiplicador Spaceman 1: 11041644913 = 314.86x","timestamp":"2025-11-10 12:02:05"}
{"level":"info","message":"🚀 Multiplicador Spaceman 1: 11041644913 = 316.17x","timestamp":"2025-11-10 12:02:06"}
{"level":"info","message":"🚀 Multiplicador Spaceman 1: 11041644913 = 317.41x","timestamp":"2025-11-10 12:02:06"}
{"level":"info","message":"🚀 Multiplicador Spaceman 1: 11041644913 = 318.62x","timestamp":"2025-11-10 12:02:06"}
{"level":"info","message":"🚀 Multiplicador Spaceman 1: 11041644913 = 319.84x","timestamp":"2025-11-10 12:02:06"}
{"level":"info","message":"🚀 Multiplicador Spaceman 1: 11041644913 = 321.25x","timestamp":"2025-11-10 12:02:06"}
{"level":"info","message":"🚀 Multiplicador Spaceman 1: 11041644913 = 322.74x","timestamp":"2025-11-10 12:02:06"}
{"level":"info","message":"🚀 Multiplicador Spaceman 1: 11041644913 = 324.22x","timestamp":"2025-11-10 12:02:06"}
{"level":"info","message":"🚀 Multiplicador Spaceman 1: 11041644913 = 325.68x","timestamp":"2025-11-10 12:02:06"}
{"level":"info","message":"🚀 Multiplicador Spaceman 1: 11041644913 = 327.17x","timestamp":"2025-11-10 12:02:06"}
{"level":"info","message":"🚀 Multiplicador Spaceman 1: 11041644913 = 329.89x","timestamp":"2025-11-10 12:02:06"}
{"level":"info","message":"🚀 Multiplicador Spaceman 1: 11041644913 = 331.15x","timestamp":"2025-11-10 12:02:06"}
{"level":"info","message":"🚀 Multiplicador Spaceman 1: 11041644913 = 332.5x","timestamp":"2025-11-10 12:02:06"}
{"level":"info","message":"🚀 Multiplicador Spaceman 1: 11041644913 = 333.8x","timestamp":"2025-11-10 12:02:06"}
{"level":"info","message":"🚀 Multiplicador Spaceman 1: 11041644913 = 335.27x","timestamp":"2025-11-10 12:02:06"}
{"level":"info","message":"🚀 Multiplicador Spaceman 1: 11041644913 = 336.75x","timestamp":"2025-11-10 12:02:06"}
{"level":"info","message":"🚀 Multiplicador Spaceman 1: 11041644913 = 338.18x","timestamp":"2025-11-10 12:02:06"}
{"level":"info","message":"🚀 Multiplicador Spaceman 1: 11041644913 = 339.5x","timestamp":"2025-11-10 12:02:06"}
{"level":"info","message":"🚀 Multiplicador Spaceman 1: 11041644913 = 340.85x","timestamp":"2025-11-10 12:02:06"}
{"level":"info","message":"🚀 Multiplicador Spaceman 1: 11041644913 = 342.36x","timestamp":"2025-11-10 12:02:06"}
{"level":"info","message":"🚀 Multiplicador Spaceman 1: 11041644913 = 343.92x","timestamp":"2025-11-10 12:02:07"}
{"level":"info","message":"🚀 Multiplicador Spaceman 1: 11041644913 = 345.24x","timestamp":"2025-11-10 12:02:07"}
{"level":"info","message":"🚀 Multiplicador Spaceman 1: 11041644913 = 346.85x","timestamp":"2025-11-10 12:02:07"}
{"level":"info","message":"🚀 Multiplicador Spaceman 1: 11041644913 = 348.46x","timestamp":"2025-11-10 12:02:07"}
{"level":"info","message":"🚀 Multiplicador Spaceman 1: 11041644913 = 351.51x","timestamp":"2025-11-10 12:02:07"}
{"level":"info","message":"🚀 Multiplicador Spaceman 1: 11041644913 = 352.88x","timestamp":"2025-11-10 12:02:07"}
{"level":"info","message":"🚀 Multiplicador Spaceman 1: 11041644913 = 354.35x","timestamp":"2025-11-10 12:02:07"}
{"level":"info","message":"🚀 Multiplicador Spaceman 1: 11041644913 = 355.71x","timestamp":"2025-11-10 12:02:07"}
{"level":"info","message":"🚀 Multiplicador Spaceman 1: 11041644913 = 357.27x","timestamp":"2025-11-10 12:02:07"}
{"level":"info","message":"🚀 Multiplicador Spaceman 1: 11041644913 = 358.67x","timestamp":"2025-11-10 12:02:07"}
{"level":"info","message":"🚀 Multiplicador Spaceman 1: 11041644913 = 360.31x","timestamp":"2025-11-10 12:02:07"}
{"level":"info","message":"🚀 Multiplicador Spaceman 1: 11041644913 = 361.99x","timestamp":"2025-11-10 12:02:07"}
{"level":"info","message":"🚀 Multiplicador Spaceman 1: 11041644913 = 363.4x","timestamp":"2025-11-10 12:02:07"}
{"level":"info","message":"🚀 Multiplicador Spaceman 1: 11041644913 = 364.88x","timestamp":"2025-11-10 12:02:07"}
{"level":"info","message":"🚀 Multiplicador Spaceman 1: 11041644913 = 366.49x","timestamp":"2025-11-10 12:02:07"}
{"level":"info","message":"🚀 Multiplicador Spaceman 1: 11041644913 = 368.23x","timestamp":"2025-11-10 12:02:07"}
{"level":"info","message":"🚀 Multiplicador Spaceman 1: 11041644913 = 369.7x","timestamp":"2025-11-10 12:02:07"}
{"level":"info","message":"🚀 Multiplicador Spaceman 1: 11041644913 = 371.7x","timestamp":"2025-11-10 12:02:07"}
{"level":"info","message":"🚀 Multiplicador Spaceman 1: 11041644913 = 373.27x","timestamp":"2025-11-10 12:02:08"}
{"level":"info","message":"🚀 Multiplicador Spaceman 1: 11041644913 = 374.73x","timestamp":"2025-11-10 12:02:08"}
{"level":"info","message":"🚀 Multiplicador Spaceman 1: 11041644913 = 376.29x","timestamp":"2025-11-10 12:02:08"}
{"level":"info","message":"🚀 Multiplicador Spaceman 1: 11041644913 = 377.79x","timestamp":"2025-11-10 12:02:08"}
{"level":"info","message":"🚀 Multiplicador Spaceman 1: 11041644913 = 379.55x","timestamp":"2025-11-10 12:02:08"}
{"level":"info","message":"🚀 Multiplicador Spaceman 1: 11041644913 = 381.29x","timestamp":"2025-11-10 12:02:08"}
{"level":"info","message":"🚀 Multiplicador Spaceman 1: 11041644913 = 382.78x","timestamp":"2025-11-10 12:02:08"}
{"level":"info","message":"🚀 Multiplicador Spaceman 1: 11041644913 = 384.4x","timestamp":"2025-11-10 12:02:08"}
{"level":"info","message":"🚀 Multiplicador Spaceman 1: 11041644913 = 385.87x","timestamp":"2025-11-10 12:02:08"}
{"level":"info","message":"🚀 Multiplicador Spaceman 1: 11041644913 = 387.47x","timestamp":"2025-11-10 12:02:08"}
{"level":"info","message":"🚀 Multiplicador Spaceman 1: 11041644913 = 388.96x","timestamp":"2025-11-10 12:02:08"}
{"level":"info","message":"🚀 Multiplicador Spaceman 1: 11041644913 = 390.64x","timestamp":"2025-11-10 12:02:08"}
{"level":"info","message":"🚀 Multiplicador Spaceman 1: 11041644913 = 392.36x","timestamp":"2025-11-10 12:02:08"}
{"level":"info","message":"🚀 Multiplicador Spaceman 1: 11041644913 = 393.89x","timestamp":"2025-11-10 12:02:08"}
{"level":"info","message":"🚀 Multiplicador Spaceman 1: 11041644913 = 395.43x","timestamp":"2025-11-10 12:02:08"}
{"level":"info","message":"🚀 Multiplicador Spaceman 1: 11041644913 = 397.9x","timestamp":"2025-11-10 12:02:08"}
{"level":"info","message":"🚀 Multiplicador Spaceman 1: 11041644913 = 399.72x","timestamp":"2025-11-10 12:02:08"}
{"level":"info","message":"🚀 Multiplicador Spaceman 1: 11041644913 = 401.35x","timestamp":"2025-11-10 12:02:08"}
{"level":"info","message":"🚀 Multiplicador Spaceman 1: 11041644913 = 402.98x","timestamp":"2025-11-10 12:02:08"}
{"level":"info","message":"🚀 Multiplicador Spaceman 1: 11041644913 = 404.79x","timestamp":"2025-11-10 12:02:09"}
{"level":"info","message":"🚀 Multiplicador Spaceman 1: 11041644913 = 406.64x","timestamp":"2025-11-10 12:02:09"}
{"level":"info","message":"🚀 Multiplicador Spaceman 1: 11041644913 = 408.23x","timestamp":"2025-11-10 12:02:09"}
{"level":"info","message":"🚀 Multiplicador Spaceman 1: 11041644913 = 409.86x","timestamp":"2025-11-10 12:02:09"}
{"level":"info","message":"🚀 Multiplicador Spaceman 1: 11041644913 = 411.63x","timestamp":"2025-11-10 12:02:09"}
{"level":"info","message":"🚀 Multiplicador Spaceman 1: 11041644913 = 413.24x","timestamp":"2025-11-10 12:02:09"}
{"level":"info","message":"🚀 Multiplicador Spaceman 1: 11041644913 = 415.1x","timestamp":"2025-11-10 12:02:09"}
{"level":"info","message":"🚀 Multiplicador Spaceman 1: 11041644913 = 416.75x","timestamp":"2025-11-10 12:02:09"}
{"level":"info","message":"🚀 Multiplicador Spaceman 1: 11041644913 = 418.38x","timestamp":"2025-11-10 12:02:09"}
{"level":"info","message":"🚀 Multiplicador Spaceman 1: 11041644913 = 420.02x","timestamp":"2025-11-10 12:02:09"}
{"level":"info","message":"🚀 Multiplicador Spaceman 1: 11041644913 = 421.76x","timestamp":"2025-11-10 12:02:09"}
{"level":"info","message":"🚀 Multiplicador Spaceman 1: 11041644913 = 423.48x","timestamp":"2025-11-10 12:02:09"}
{"level":"info","message":"🚀 Multiplicador Spaceman 1: 11041644913 = 426.27x","timestamp":"2025-11-10 12:02:09"}
{"level":"info","message":"🚀 Multiplicador Spaceman 1: 11041644913 = 428.11x","timestamp":"2025-11-10 12:02:09"}
{"level":"info","message":"🚀 Multiplicador Spaceman 1: 11041644913 = 430.07x","timestamp":"2025-11-10 12:02:09"}
{"level":"info","message":"🚀 Multiplicador Spaceman 1: 11041644913 = 431.93x","timestamp":"2025-11-10 12:02:09"}
{"level":"info","message":"🚀 Multiplicador Spaceman 1: 11041644913 = 433.76x","timestamp":"2025-11-10 12:02:09"}
{"level":"info","message":"🚀 Multiplicador Spaceman 1: 11041644913 = 435.71x","timestamp":"2025-11-10 12:02:09"}
{"level":"info","message":"🚀 Multiplicador Spaceman 1: 11041644913 = 437.45x","timestamp":"2025-11-10 12:02:09"}
{"level":"info","message":"🚀 Multiplicador Spaceman 1: 11041644913 = 439.23x","timestamp":"2025-11-10 12:02:09"}
{"level":"info","message":"🚀 Multiplicador Spaceman 1: 11041644913 = 441.24x","timestamp":"2025-11-10 12:02:10"}
{"level":"info","message":"🚀 Multiplicador Spaceman 1: 11041644913 = 443.15x","timestamp":"2025-11-10 12:02:10"}
{"level":"info","message":"🚀 Multiplicador Spaceman 1: 11041644913 = 445.14x","timestamp":"2025-11-10 12:02:10"}
{"level":"info","message":"🚀 Multiplicador Spaceman 1: 11041644913 = 446.91x","timestamp":"2025-11-10 12:02:10"}
{"level":"info","message":"🚀 Multiplicador Spaceman 1: 11041644913 = 448.84x","timestamp":"2025-11-10 12:02:10"}
{"level":"info","message":"🚀 Multiplicador Spaceman 1: 11041644913 = 450.75x","timestamp":"2025-11-10 12:02:10"}
{"level":"info","message":"🚀 Multiplicador Spaceman 1: 11041644913 = 452.51x","timestamp":"2025-11-10 12:02:10"}
{"level":"info","message":"🚀 Multiplicador Spaceman 1: 11041644913 = 454.58x","timestamp":"2025-11-10 12:02:10"}
{"level":"info","message":"🚀 Multiplicador Spaceman 1: 11041644913 = 456.39x","timestamp":"2025-11-10 12:02:10"}
{"level":"info","message":"🚀 Multiplicador Spaceman 1: 11041644913 = 458.4x","timestamp":"2025-11-10 12:02:10"}
{"level":"info","message":"🚀 Multiplicador Spaceman 1: 11041644913 = 460.35x","timestamp":"2025-11-10 12:02:10"}
{"level":"info","message":"🚀 Multiplicador Spaceman 1: 11041644913 = 462.41x","timestamp":"2025-11-10 12:02:10"}
{"level":"info","message":"🚀 Multiplicador Spaceman 1: 11041644913 = 464.18x","timestamp":"2025-11-10 12:02:10"}
{"level":"info","message":"🚀 Multiplicador Spaceman 1: 11041644913 = 466.34x","timestamp":"2025-11-10 12:02:10"}
{"level":"info","message":"🚀 Multiplicador Spaceman 1: 11041644913 = 468.52x","timestamp":"2025-11-10 12:02:10"}
{"level":"info","message":"🚀 Multiplicador Spaceman 1: 11041644913 = 470.54x","timestamp":"2025-11-10 12:02:10"}
{"level":"info","message":"🚀 Multiplicador Spaceman 1: 11041644913 = 472.66x","timestamp":"2025-11-10 12:02:10"}
{"level":"info","message":"🚀 Multiplicador Spaceman 1: 11041644913 = 474.86x","timestamp":"2025-11-10 12:02:10"}
{"level":"info","message":"🚀 Multiplicador Spaceman 1: 11041644913 = 477.07x","timestamp":"2025-11-10 12:02:10"}
{"level":"info","message":"🚀 Multiplicador Spaceman 1: 11041644913 = 479.17x","timestamp":"2025-11-10 12:02:11"}
{"level":"info","message":"🚀 Multiplicador Spaceman 1: 11041644913 = 481.84x","timestamp":"2025-11-10 12:02:11"}
{"level":"info","message":"🚀 Multiplicador Spaceman 1: 11041644913 = 483.68x","timestamp":"2025-11-10 12:02:11"}
{"level":"info","message":"🚀 Multiplicador Spaceman 1: 11041644913 = 485.98x","timestamp":"2025-11-10 12:02:11"}
{"level":"info","message":"🚀 Multiplicador Spaceman 1: 11041644913 = 488x","timestamp":"2025-11-10 12:02:11"}
{"level":"info","message":"🚀 Multiplicador Spaceman 1: 11041644913 = 490.27x","timestamp":"2025-11-10 12:02:11"}
{"level":"info","message":"🚀 Multiplicador Spaceman 1: 11041644913 = 492.39x","timestamp":"2025-11-10 12:02:11"}
{"level":"info","message":"🚀 Multiplicador Spaceman 1: 11041644913 = 494.36x","timestamp":"2025-11-10 12:02:11"}
{"level":"info","message":"🚀 Multiplicador Spaceman 1: 11041644913 = 496.45x","timestamp":"2025-11-10 12:02:11"}
{"level":"info","message":"🚀 Multiplicador Spaceman 1: 11041644913 = 498.68x","timestamp":"2025-11-10 12:02:11"}
{"level":"info","message":"🚀 Multiplicador Spaceman 1: 11041644913 = 500.92x","timestamp":"2025-11-10 12:02:11"}
{"level":"info","message":"🚀 Multiplicador Spaceman 1: 11041644913 = 502.96x","timestamp":"2025-11-10 12:02:11"}
{"level":"info","message":"🚀 Multiplicador Spaceman 1: 11041644913 = 504.97x","timestamp":"2025-11-10 12:02:11"}
{"level":"info","message":"🚀 Multiplicador Spaceman 1: 11041644913 = 509.09x","timestamp":"2025-11-10 12:02:11"}
{"level":"info","message":"🚀 Multiplicador Spaceman 1: 11041644913 = 511.8x","timestamp":"2025-11-10 12:02:11"}
{"level":"info","message":"🚀 Multiplicador Spaceman 1: 11041644913 = 513.89x","timestamp":"2025-11-10 12:02:11"}
{"level":"info","message":"🚀 Multiplicador Spaceman 1: 11041644913 = 516.24x","timestamp":"2025-11-10 12:02:11"}
{"level":"info","message":"🚀 Multiplicador Spaceman 1: 11041644913 = 518.21x","timestamp":"2025-11-10 12:02:11"}
{"level":"info","message":"🚀 Multiplicador Spaceman 1: 11041644913 = 520.32x","timestamp":"2025-11-10 12:02:12"}
{"level":"info","message":"🚀 Multiplicador Spaceman 1: 11041644913 = 522.75x","timestamp":"2025-11-10 12:02:12"}
{"level":"info","message":"🚀 Multiplicador Spaceman 1: 11041644913 = 524.87x","timestamp":"2025-11-10 12:02:12"}
{"level":"info","message":"🚀 Multiplicador Spaceman 1: 11041644913 = 527.01x","timestamp":"2025-11-10 12:02:12"}
{"level":"info","message":"🚀 Multiplicador Spaceman 1: 11041644913 = 529.03x","timestamp":"2025-11-10 12:02:12"}
{"level":"info","message":"🚀 Multiplicador Spaceman 1: 11041644913 = 531.14x","timestamp":"2025-11-10 12:02:12"}
{"level":"info","message":"🚀 Multiplicador Spaceman 1: 11041645013 = 1.01x","timestamp":"2025-11-10 12:02:22"}
{"level":"info","message":"🚀 Multiplicador Spaceman 1: 11041645013 = 1.02x","timestamp":"2025-11-10 12:02:22"}
{"level":"info","message":"🚀 Multiplicador Spaceman 1: 11041645013 = 1.03x","timestamp":"2025-11-10 12:02:22"}
{"level":"info","message":"🚀 Multiplicador Spaceman 1: 11041645013 = 1.04x","timestamp":"2025-11-10 12:02:22"}
{"level":"info","message":"🚀 Multiplicador Spaceman 1: 11041645013 = 1.05x","timestamp":"2025-11-10 12:02:22"}
{"level":"info","message":"🚀 Multiplicador Spaceman 1: 11041645013 = 1.06x","timestamp":"2025-11-10 12:02:23"}
{"level":"info","message":"🚀 Multiplicador Spaceman 1: 11041645013 = 1.07x","timestamp":"2025-11-10 12:02:23"}
{"level":"info","message":"🚀 Multiplicador Spaceman 1: 11041645013 = 1.08x","timestamp":"2025-11-10 12:02:23"}
{"level":"info","message":"🚀 Multiplicador Spaceman 1: 11041645013 = 1.09x","timestamp":"2025-11-10 12:02:23"}
{"level":"info","message":"🚀 Multiplicador Spaceman 1: 11041645013 = 1.1x","timestamp":"2025-11-10 12:02:23"}
{"level":"info","message":"🚀 Multiplicador Spaceman 1: 11041645013 = 1.11x","timestamp":"2025-11-10 12:02:23"}
{"level":"info","message":"🚀 Multiplicador Spaceman 1: 11041645013 = 1.12x","timestamp":"2025-11-10 12:02:23"}
{"level":"info","message":"🚀 Multiplicador Spaceman 1: 11041645013 = 1.13x","timestamp":"2025-11-10 12:02:23"}
{"level":"info","message":"🚀 Multiplicador Spaceman 1: 11041645013 = 1.14x","timestamp":"2025-11-10 12:02:23"}
{"level":"info","message":"🚀 Multiplicador Spaceman 1: 11041645013 = 1.15x","timestamp":"2025-11-10 12:02:23"}
{"level":"info","message":"🚀 Multiplicador Spaceman 1: 11041645013 = 1.16x","timestamp":"2025-11-10 12:02:24"}
{"level":"info","message":"🚀 Multiplicador Spaceman 1: 11041645013 = 1.17x","timestamp":"2025-11-10 12:02:24"}
{"level":"info","message":"🚀 Multiplicador Spaceman 1: 11041645013 = 1.18x","timestamp":"2025-11-10 12:02:24"}
{"level":"info","message":"🚀 Multiplicador Spaceman 1: 11041645013 = 1.19x","timestamp":"2025-11-10 12:02:24"}
{"level":"info","message":"🚀 Multiplicador Spaceman 1: 11041645013 = 1.2x","timestamp":"2025-11-10 12:02:24"}
{"level":"info","message":"🚀 Multiplicador Spaceman 1: 11041645013 = 1.21x","timestamp":"2025-11-10 12:02:24"}
{"level":"info","message":"🚀 Multiplicador Spaceman 1: 11041645013 = 1.22x","timestamp":"2025-11-10 12:02:24"}
{"level":"info","message":"🚀 Multiplicador Spaceman 1: 11041645013 = 1.23x","timestamp":"2025-11-10 12:02:24"}
{"level":"info","message":"🚀 Multiplicador Spaceman 1: 11041645013 = 1.24x","timestamp":"2025-11-10 12:02:24"}
{"level":"info","message":"🚀 Multiplicador Spaceman 1: 11041645013 = 1.25x","timestamp":"2025-11-10 12:02:25"}
{"level":"info","message":"🚀 Multiplicador Spaceman 1: 11041645013 = 1.26x","timestamp":"2025-11-10 12:02:25"}
{"level":"info","message":"🚀 Multiplicador Spaceman 1: 11041645013 = 1.27x","timestamp":"2025-11-10 12:02:25"}
{"level":"info","message":"🚀 Multiplicador Spaceman 1: 11041645013 = 1.28x","timestamp":"2025-11-10 12:02:25"}
{"level":"info","message":"🚀 Multiplicador Spaceman 1: 11041645013 = 1.29x","timestamp":"2025-11-10 12:02:25"}
{"level":"info","message":"🚀 Multiplicador Spaceman 1: 11041645013 = 1.3x","timestamp":"2025-11-10 12:02:25"}
{"level":"info","message":"🚀 Multiplicador Spaceman 1: 11041645013 = 1.31x","timestamp":"2025-11-10 12:02:25"}
{"level":"info","message":"🚀 Multiplicador Spaceman 1: 11041645013 = 1.32x","timestamp":"2025-11-10 12:02:25"}
{"level":"info","message":"🚀 Multiplicador Spaceman 1: 11041645013 = 1.33x","timestamp":"2025-11-10 12:02:25"}
{"level":"info","message":"🚀 Multiplicador Spaceman 1: 11041645013 = 1.34x","timestamp":"2025-11-10 12:02:25"}
{"level":"info","message":"🚀 Multiplicador Spaceman 1: 11041645013 = 1.35x","timestamp":"2025-11-10 12:02:25"}
{"level":"info","message":"🚀 Multiplicador Spaceman 1: 11041645013 = 1.36x","timestamp":"2025-11-10 12:02:26"}
{"level":"info","message":"🚀 Multiplicador Spaceman 1: 11041645013 = 1.37x","timestamp":"2025-11-10 12:02:26"}
{"level":"info","message":"🚀 Multiplicador Spaceman 1: 11041645013 = 1.38x","timestamp":"2025-11-10 12:02:26"}
{"level":"info","message":"🚀 Multiplicador Spaceman 1: 11041645013 = 1.39x","timestamp":"2025-11-10 12:02:26"}
{"level":"info","message":"🚀 Multiplicador Spaceman 1: 11041645013 = 1.4x","timestamp":"2025-11-10 12:02:26"}
{"level":"info","message":"🚀 Multiplicador Spaceman 1: 11041645013 = 1.41x","timestamp":"2025-11-10 12:02:26"}
{"level":"info","message":"🚀 Multiplicador Spaceman 1: 11041645013 = 1.42x","timestamp":"2025-11-10 12:02:26"}
{"level":"info","message":"🚀 Multiplicador Spaceman 1: 11041645013 = 1.43x","timestamp":"2025-11-10 12:02:26"}
{"level":"info","message":"🚀 Multiplicador Spaceman 1: 11041645013 = 1.44x","timestamp":"2025-11-10 12:02:26"}
{"level":"info","message":"🚀 Multiplicador Spaceman 1: 11041645013 = 1.45x","timestamp":"2025-11-10 12:02:26"}
{"level":"info","message":"🚀 Multiplicador Spaceman 1: 11041645013 = 1.46x","timestamp":"2025-11-10 12:02:26"}
{"level":"info","message":"🚀 Multiplicador Spaceman 1: 11041645013 = 1.47x","timestamp":"2025-11-10 12:02:26"}
{"level":"info","message":"🚀 Multiplicador Spaceman 1: 11041645013 = 1.48x","timestamp":"2025-11-10 12:02:27"}
{"level":"info","message":"🚀 Multiplicador Spaceman 1: 11041645013 = 1.49x","timestamp":"2025-11-10 12:02:27"}
{"level":"info","message":"🚀 Multiplicador Spaceman 1: 11041645013 = 1.5x","timestamp":"2025-11-10 12:02:27"}
{"level":"info","message":"🚀 Multiplicador Spaceman 1: 11041645013 = 1.51x","timestamp":"2025-11-10 12:02:27"}
{"level":"info","message":"🚀 Multiplicador Spaceman 1: 11041645013 = 1.52x","timestamp":"2025-11-10 12:02:27"}
{"level":"info","message":"🚀 Multiplicador Spaceman 1: 11041645013 = 1.53x","timestamp":"2025-11-10 12:02:27"}
{"level":"info","message":"🚀 Multiplicador Spaceman 1: 11041645013 = 1.54x","timestamp":"2025-11-10 12:02:27"}
{"level":"info","message":"🚀 Multiplicador Spaceman 1: 11041645013 = 1.55x","timestamp":"2025-11-10 12:02:27"}
{"level":"info","message":"🚀 Multiplicador Spaceman 1: 11041645013 = 1.56x","timestamp":"2025-11-10 12:02:27"}
{"level":"info","message":"🚀 Multiplicador Spaceman 1: 11041645013 = 1.57x","timestamp":"2025-11-10 12:02:27"}
{"level":"info","message":"🚀 Multiplicador Spaceman 1: 11041645013 = 1.58x","timestamp":"2025-11-10 12:02:27"}
{"level":"info","message":"🚀 Multiplicador Spaceman 1: 11041645013 = 1.59x","timestamp":"2025-11-10 12:02:27"}
{"level":"info","message":"🚀 Multiplicador Spaceman 1: 11041645013 = 1.6x","timestamp":"2025-11-10 12:02:28"}
{"level":"info","message":"🚀 Multiplicador Spaceman 1: 11041645013 = 1.61x","timestamp":"2025-11-10 12:02:28"}
{"level":"info","message":"🚀 Multiplicador Spaceman 1: 11041645013 = 1.62x","timestamp":"2025-11-10 12:02:28"}
{"level":"info","message":"🚀 Multiplicador Spaceman 1: 11041645013 = 1.63x","timestamp":"2025-11-10 12:02:28"}
{"level":"info","message":"🚀 Multiplicador Spaceman 1: 11041645013 = 1.64x","timestamp":"2025-11-10 12:02:28"}
{"level":"info","message":"🚀 Multiplicador Spaceman 1: 11041645013 = 1.65x","timestamp":"2025-11-10 12:02:28"}
{"level":"info","message":"🚀 Multiplicador Spaceman 1: 11041645013 = 1.66x","timestamp":"2025-11-10 12:02:28"}
{"level":"info","message":"🚀 Multiplicador Spaceman 1: 11041645013 = 1.67x","timestamp":"2025-11-10 12:02:28"}
{"level":"info","message":"🚀 Multiplicador Spaceman 1: 11041645013 = 1.68x","timestamp":"2025-11-10 12:02:28"}
{"level":"info","message":"🚀 Multiplicador Spaceman 1: 11041645013 = 1.69x","timestamp":"2025-11-10 12:02:28"}
{"level":"info","message":"🚀 Multiplicador Spaceman 1: 11041645013 = 1.7x","timestamp":"2025-11-10 12:02:28"}
{"level":"info","message":"🚀 Multiplicador Spaceman 1: 11041645013 = 1.71x","timestamp":"2025-11-10 12:02:28"}
{"level":"info","message":"🚀 Multiplicador Spaceman 1: 11041645013 = 1.72x","timestamp":"2025-11-10 12:02:28"}
{"level":"info","message":"🚀 Multiplicador Spaceman 1: 11041645013 = 1.73x","timestamp":"2025-11-10 12:02:28"}
{"level":"info","message":"🚀 Multiplicador Spaceman 1: 11041645013 = 1.74x","timestamp":"2025-11-10 12:02:28"}
{"level":"info","message":"🚀 Multiplicador Spaceman 1: 11041645013 = 1.75x","timestamp":"2025-11-10 12:02:29"}
{"level":"info","message":"🚀 Multiplicador Spaceman 1: 11041645013 = 1.76x","timestamp":"2025-11-10 12:02:29"}
{"level":"info","message":"🚀 Multiplicador Spaceman 1: 11041645013 = 1.77x","timestamp":"2025-11-10 12:02:29"}
{"level":"info","message":"🚀 Multiplicador Spaceman 1: 11041645013 = 1.78x","timestamp":"2025-11-10 12:02:29"}
{"level":"info","message":"🚀 Multiplicador Spaceman 1: 11041645013 = 1.79x","timestamp":"2025-11-10 12:02:29"}
{"level":"info","message":"🚀 Multiplicador Spaceman 1: 11041645013 = 1.8x","timestamp":"2025-11-10 12:02:29"}
{"level":"info","message":"🚀 Multiplicador Spaceman 1: 11041645013 = 1.81x","timestamp":"2025-11-10 12:02:29"}
{"level":"info","message":"🚀 Multiplicador Spaceman 1: 11041645013 = 1.82x","timestamp":"2025-11-10 12:02:29"}
{"level":"info","message":"🚀 Multiplicador Spaceman 1: 11041645013 = 1.83x","timestamp":"2025-11-10 12:02:29"}
{"level":"info","message":"🚀 Multiplicador Spaceman 1: 11041645013 = 1.84x","timestamp":"2025-11-10 12:02:29"}
{"level":"info","message":"🚀 Multiplicador Spaceman 1: 11041645013 = 1.86x","timestamp":"2025-11-10 12:02:29"}
{"level":"info","message":"🚀 Multiplicador Spaceman 1: 11041645013 = 1.87x","timestamp":"2025-11-10 12:02:29"}
{"level":"info","message":"🚀 Multiplicador Spaceman 1: 11041645013 = 1.88x","timestamp":"2025-11-10 12:02:29"}
{"level":"info","message":"🚀 Multiplicador Spaceman 1: 11041645013 = 1.89x","timestamp":"2025-11-10 12:02:29"}
{"level":"info","message":"🚀 Multiplicador Spaceman 1: 11041645013 = 1.9x","timestamp":"2025-11-10 12:02:30"}
{"level":"info","message":"🚀 Multiplicador Spaceman 1: 11041645013 = 1.91x","timestamp":"2025-11-10 12:02:30"}
{"level":"info","message":"🚀 Multiplicador Spaceman 1: 11041645013 = 1.92x","timestamp":"2025-11-10 12:02:30"}
{"level":"info","message":"🚀 Multiplicador Spaceman 1: 11041645013 = 1.93x","timestamp":"2025-11-10 12:02:30"}
{"level":"info","message":"🚀 Multiplicador Spaceman 1: 11041645013 = 1.94x","timestamp":"2025-11-10 12:02:30"}
{"level":"info","message":"🚀 Multiplicador Spaceman 1: 11041645013 = 1.95x","timestamp":"2025-11-10 12:02:30"}
{"level":"info","message":"🚀 Multiplicador Spaceman 1: 11041645013 = 1.96x","timestamp":"2025-11-10 12:02:30"}
{"level":"info","message":"🚀 Multiplicador Spaceman 1: 11041645013 = 1.97x","timestamp":"2025-11-10 12:02:30"}
{"level":"info","message":"🚀 Multiplicador Spaceman 1: 11041645013 = 1.98x","timestamp":"2025-11-10 12:02:30"}
{"level":"info","message":"🚀 Multiplicador Spaceman 1: 11041645013 = 1.99x","timestamp":"2025-11-10 12:02:30"}
{"level":"info","message":"🚀 Multiplicador Spaceman 1: 11041645013 = 2x","timestamp":"2025-11-10 12:02:30"}
{"level":"info","message":"🚀 Multiplicador Spaceman 1: 11041645013 = 2.01x","timestamp":"2025-11-10 12:02:30"}
{"level":"info","message":"🚀 Multiplicador Spaceman 1: 11041645013 = 2.02x","timestamp":"2025-11-10 12:02:30"}
{"level":"info","message":"🚀 Multiplicador Spaceman 1: 11041645013 = 2.03x","timestamp":"2025-11-10 12:02:30"}
{"level":"info","message":"🚀 Multiplicador Spaceman 1: 11041645013 = 2.04x","timestamp":"2025-11-10 12:02:30"}
{"level":"info","message":"🚀 Multiplicador Spaceman 1: 11041645013 = 2.05x","timestamp":"2025-11-10 12:02:30"}
{"level":"info","message":"🚀 Multiplicador Spaceman 1: 11041645013 = 2.06x","timestamp":"2025-11-10 12:02:31"}
{"level":"info","message":"🚀 Multiplicador Spaceman 1: 11041645013 = 2.07x","timestamp":"2025-11-10 12:02:31"}
{"level":"info","message":"🚀 Multiplicador Spaceman 1: 11041645013 = 2.08x","timestamp":"2025-11-10 12:02:31"}
{"level":"info","message":"🚀 Multiplicador Spaceman 1: 11041645013 = 2.09x","timestamp":"2025-11-10 12:02:31"}
{"level":"info","message":"🚀 Multiplicador Spaceman 1: 11041645013 = 2.1x","timestamp":"2025-11-10 12:02:31"}
{"level":"info","message":"🚀 Multiplicador Spaceman 1: 11041645013 = 2.11x","timestamp":"2025-11-10 12:02:31"}
{"level":"info","message":"🚀 Multiplicador Spaceman 1: 11041645013 = 2.12x","timestamp":"2025-11-10 12:02:31"}
{"level":"info","message":"🚀 Multiplicador Spaceman 1: 11041645013 = 2.13x","timestamp":"2025-11-10 12:02:31"}
{"level":"info","message":"🚀 Multiplicador Spaceman 1: 11041645013 = 2.14x","timestamp":"2025-11-10 12:02:31"}
{"level":"info","message":"🚀 Multiplicador Spaceman 1: 11041645013 = 2.15x","timestamp":"2025-11-10 12:02:31"}
{"level":"info","message":"🚀 Multiplicador Spaceman 1: 11041645013 = 2.16x","timestamp":"2025-11-10 12:02:31"}
{"level":"info","message":"🚀 Multiplicador Spaceman 1: 11041645013 = 2.17x","timestamp":"2025-11-10 12:02:31"}
{"level":"info","message":"🚀 Multiplicador Spaceman 1: 11041645013 = 2.18x","timestamp":"2025-11-10 12:02:31"}
{"level":"info","message":"🚀 Multiplicador Spaceman 1: 11041645013 = 2.19x","timestamp":"2025-11-10 12:02:31"}
{"level":"info","message":"🚀 Multiplicador Spaceman 1: 11041645013 = 2.2x","timestamp":"2025-11-10 12:02:31"}
{"level":"info","message":"🚀 Multiplicador Spaceman 1: 11041645013 = 2.21x","timestamp":"2025-11-10 12:02:31"}
{"level":"info","message":"🚀 Multiplicador Spaceman 1: 11041645013 = 2.22x","timestamp":"2025-11-10 12:02:31"}
{"level":"info","message":"🚀 Multiplicador Spaceman 1: 11041645013 = 2.23x","timestamp":"2025-11-10 12:02:32"}
{"level":"info","message":"🚀 Multiplicador Spaceman 1: 11041645013 = 2.24x","timestamp":"2025-11-10 12:02:32"}
{"level":"info","message":"🚀 Multiplicador Spaceman 1: 11041645013 = 2.25x","timestamp":"2025-11-10 12:02:32"}
{"level":"info","message":"🚀 Multiplicador Spaceman 1: 11041645013 = 2.26x","timestamp":"2025-11-10 12:02:32"}
{"level":"info","message":"🚀 Multiplicador Spaceman 1: 11041645013 = 2.27x","timestamp":"2025-11-10 12:02:32"}
{"level":"info","message":"🚀 Multiplicador Spaceman 1: 11041645013 = 2.28x","timestamp":"2025-11-10 12:02:32"}
{"level":"info","message":"🚀 Multiplicador Spaceman 1: 11041645013 = 2.29x","timestamp":"2025-11-10 12:02:32"}
{"level":"info","message":"🚀 Multiplicador Spaceman 1: 11041645013 = 2.3x","timestamp":"2025-11-10 12:02:32"}
{"level":"info","message":"🚀 Multiplicador Spaceman 1: 11041645013 = 2.31x","timestamp":"2025-11-10 12:02:32"}
{"level":"info","message":"🚀 Multiplicador Spaceman 1: 11041645013 = 2.32x","timestamp":"2025-11-10 12:02:32"}
{"level":"info","message":"🚀 Multiplicador Spaceman 1: 11041645013 = 2.33x","timestamp":"2025-11-10 12:02:32"}
{"level":"info","message":"🚀 Multiplicador Spaceman 1: 11041645013 = 2.34x","timestamp":"2025-11-10 12:02:32"}
{"level":"info","message":"🚀 Multiplicador Spaceman 1: 11041645013 = 2.35x","timestamp":"2025-11-10 12:02:32"}
{"level":"info","message":"🚀 Multiplicador Spaceman 1: 11041645013 = 2.36x","timestamp":"2025-11-10 12:02:32"}
{"level":"info","message":"🚀 Multiplicador Spaceman 1: 11041645013 = 2.37x","timestamp":"2025-11-10 12:02:32"}
{"level":"info","message":"🚀 Multiplicador Spaceman 1: 11041645013 = 2.38x","timestamp":"2025-11-10 12:02:32"}
{"level":"info","message":"🚀 Multiplicador Spaceman 1: 11041645013 = 2.39x","timestamp":"2025-11-10 12:02:32"}
{"level":"info","message":"🚀 Multiplicador Spaceman 1: 11041645013 = 2.4x","timestamp":"2025-11-10 12:02:32"}
{"level":"info","message":"🚀 Multiplicador Spaceman 1: 11041645013 = 2.41x","timestamp":"2025-11-10 12:02:32"}
{"level":"info","message":"🚀 Multiplicador Spaceman 1: 11041645013 = 2.42x","timestamp":"2025-11-10 12:02:32"}
{"level":"info","message":"🚀 Multiplicador Spaceman 1: 11041645013 = 2.43x","timestamp":"2025-11-10 12:02:33"}
{"level":"info","message":"🚀 Multiplicador Spaceman 1: 11041645013 = 2.44x","timestamp":"2025-11-10 12:02:33"}
{"level":"info","message":"🚀 Multiplicador Spaceman 1: 11041645013 = 2.45x","timestamp":"2025-11-10 12:02:33"}
{"level":"info","message":"🚀 Multiplicador Spaceman 1: 11041645013 = 2.46x","timestamp":"2025-11-10 12:02:33"}
{"level":"info","message":"🚀 Multiplicador Spaceman 1: 11041645013 = 2.47x","timestamp":"2025-11-10 12:02:33"}
{"level":"info","message":"🚀 Multiplicador Spaceman 1: 11041645013 = 2.48x","timestamp":"2025-11-10 12:02:33"}
{"level":"info","message":"🚀 Multiplicador Spaceman 1: 11041645013 = 2.49x","timestamp":"2025-11-10 12:02:33"}
{"level":"info","message":"🚀 Multiplicador Spaceman 1: 11041645013 = 2.5x","timestamp":"2025-11-10 12:02:33"}
{"level":"info","message":"🚀 Multiplicador Spaceman 1: 11041645013 = 2.51x","timestamp":"2025-11-10 12:02:33"}
{"level":"info","message":"🚀 Multiplicador Spaceman 1: 11041645013 = 2.52x","timestamp":"2025-11-10 12:02:33"}
{"level":"info","message":"🚀 Multiplicador Spaceman 1: 11041645013 = 2.53x","timestamp":"2025-11-10 12:02:33"}
{"level":"info","message":"🚀 Multiplicador Spaceman 1: 11041645013 = 2.54x","timestamp":"2025-11-10 12:02:33"}
{"level":"info","message":"🚀 Multiplicador Spaceman 1: 11041645013 = 2.55x","timestamp":"2025-11-10 12:02:33"}
{"level":"info","message":"🚀 Multiplicador Spaceman 1: 11041645013 = 2.56x","timestamp":"2025-11-10 12:02:33"}
{"level":"info","message":"🚀 Multiplicador Spaceman 1: 11041645013 = 2.57x","timestamp":"2025-11-10 12:02:33"}
{"level":"info","message":"🚀 Multiplicador Spaceman 1: 11041645013 = 2.58x","timestamp":"2025-11-10 12:02:33"}
{"level":"info","message":"🚀 Multiplicador Spaceman 1: 11041645013 = 2.6x","timestamp":"2025-11-10 12:02:33"}
{"level":"info","message":"🚀 Multiplicador Spaceman 1: 11041645013 = 2.61x","timestamp":"2025-11-10 12:02:33"}
{"level":"info","message":"🚀 Multiplicador Spaceman 1: 11041645013 = 2.62x","timestamp":"2025-11-10 12:02:33"}
{"level":"info","message":"🚀 Multiplicador Spaceman 1: 11041645013 = 2.63x","timestamp":"2025-11-10 12:02:33"}
{"level":"info","message":"🚀 Multiplicador Spaceman 1: 11041645013 = 2.64x","timestamp":"2025-11-10 12:02:34"}
{"level":"info","message":"🚀 Multiplicador Spaceman 1: 11041645013 = 2.65x","timestamp":"2025-11-10 12:02:34"}
{"level":"info","message":"🚀 Multiplicador Spaceman 1: 11041645013 = 2.66x","timestamp":"2025-11-10 12:02:34"}
{"level":"info","message":"🚀 Multiplicador Spaceman 1: 11041645013 = 2.67x","timestamp":"2025-11-10 12:02:34"}
{"level":"info","message":"🚀 Multiplicador Spaceman 1: 11041645013 = 2.68x","timestamp":"2025-11-10 12:02:34"}
{"level":"info","message":"🚀 Multiplicador Spaceman 1: 11041645013 = 2.7x","timestamp":"2025-11-10 12:02:34"}
{"level":"info","message":"🚀 Multiplicador Spaceman 1: 11041645013 = 2.71x","timestamp":"2025-11-10 12:02:34"}
{"level":"info","message":"🚀 Multiplicador Spaceman 1: 11041645013 = 2.72x","timestamp":"2025-11-10 12:02:34"}
{"level":"info","message":"🚀 Multiplicador Spaceman 1: 11041645013 = 2.73x","timestamp":"2025-11-10 12:02:34"}
{"level":"info","message":"🚀 Multiplicador Spaceman 1: 11041645013 = 2.74x","timestamp":"2025-11-10 12:02:34"}
{"level":"info","message":"🚀 Multiplicador Spaceman 1: 11041645013 = 2.76x","timestamp":"2025-11-10 12:02:34"}
{"level":"info","message":"🚀 Multiplicador Spaceman 1: 11041645013 = 2.77x","timestamp":"2025-11-10 12:02:34"}
{"level":"info","message":"🚀 Multiplicador Spaceman 1: 11041645013 = 2.78x","timestamp":"2025-11-10 12:02:34"}
{"level":"info","message":"🚀 Multiplicador Spaceman 1: 11041645013 = 2.79x","timestamp":"2025-11-10 12:02:34"}
{"level":"info","message":"🚀 Multiplicador Spaceman 1: 11041645013 = 2.8x","timestamp":"2025-11-10 12:02:34"}
{"level":"info","message":"🚀 Multiplicador Spaceman 1: 11041645013 = 2.81x","timestamp":"2025-11-10 12:02:34"}
{"level":"info","message":"🚀 Multiplicador Spaceman 1: 11041645013 = 2.82x","timestamp":"2025-11-10 12:02:34"}
{"level":"info","message":"🚀 Multiplicador Spaceman 1: 11041645013 = 2.84x","timestamp":"2025-11-10 12:02:34"}
{"level":"info","message":"🚀 Multiplicador Spaceman 1: 11041645013 = 2.85x","timestamp":"2025-11-10 12:02:34"}
{"level":"info","message":"🚀 Multiplicador Spaceman 1: 11041645013 = 2.86x","timestamp":"2025-11-10 12:02:34"}
{"level":"info","message":"🚀 Multiplicador Spaceman 1: 11041645013 = 2.87x","timestamp":"2025-11-10 12:02:35"}
{"level":"info","message":"🚀 Multiplicador Spaceman 1: 11041645013 = 2.88x","timestamp":"2025-11-10 12:02:35"}
{"level":"info","message":"🚀 Multiplicador Spaceman 1: 11041645013 = 2.9x","timestamp":"2025-11-10 12:02:35"}
{"level":"info","message":"🚀 Multiplicador Spaceman 1: 11041645013 = 2.91x","timestamp":"2025-11-10 12:02:35"}
{"level":"info","message":"🚀 Multiplicador Spaceman 1: 11041645013 = 2.92x","timestamp":"2025-11-10 12:02:35"}
{"level":"info","message":"🚀 Multiplicador Spaceman 1: 11041645013 = 2.93x","timestamp":"2025-11-10 12:02:35"}
{"level":"info","message":"🚀 Multiplicador Spaceman 1: 11041645013 = 2.95x","timestamp":"2025-11-10 12:02:35"}
{"level":"info","message":"🚀 Multiplicador Spaceman 1: 11041645013 = 2.96x","timestamp":"2025-11-10 12:02:35"}
{"level":"info","message":"🚀 Multiplicador Spaceman 1: 11041645013 = 2.97x","timestamp":"2025-11-10 12:02:35"}
{"level":"info","message":"🚀 Multiplicador Spaceman 1: 11041645013 = 2.98x","timestamp":"2025-11-10 12:02:35"}
{"level":"info","message":"🚀 Multiplicador Spaceman 1: 11041645013 = 3x","timestamp":"2025-11-10 12:02:35"}
{"level":"info","message":"🚀 Multiplicador Spaceman 1: 11041645013 = 3.01x","timestamp":"2025-11-10 12:02:35"}
{"level":"info","message":"🚀 Multiplicador Spaceman 1: 11041645013 = 3.02x","timestamp":"2025-11-10 12:02:35"}
{"level":"info","message":"🚀 Multiplicador Spaceman 1: 11041645013 = 3.04x","timestamp":"2025-11-10 12:02:35"}
{"level":"info","message":"🚀 Multiplicador Spaceman 1: 11041645013 = 3.05x","timestamp":"2025-11-10 12:02:35"}
{"level":"info","message":"🚀 Multiplicador Spaceman 1: 11041645013 = 3.06x","timestamp":"2025-11-10 12:02:35"}
{"level":"info","message":"🚀 Multiplicador Spaceman 1: 11041645013 = 3.08x","timestamp":"2025-11-10 12:02:35"}
{"level":"info","message":"🚀 Multiplicador Spaceman 1: 11041645013 = 3.09x","timestamp":"2025-11-10 12:02:35"}
{"level":"info","message":"🚀 Multiplicador Spaceman 1: 11041645013 = 3.1x","timestamp":"2025-11-10 12:02:35"}
{"level":"info","message":"🚀 Multiplicador Spaceman 1: 11041645013 = 3.11x","timestamp":"2025-11-10 12:02:36"}
{"level":"info","message":"🚀 Multiplicador Spaceman 1: 11041645013 = 3.12x","timestamp":"2025-11-10 12:02:36"}
{"level":"info","message":"🚀 Multiplicador Spaceman 1: 11041645013 = 3.14x","timestamp":"2025-11-10 12:02:36"}
{"level":"info","message":"🚀 Multiplicador Spaceman 1: 11041645013 = 3.15x","timestamp":"2025-11-10 12:02:36"}
{"level":"info","message":"🚀 Multiplicador Spaceman 1: 11041645013 = 3.16x","timestamp":"2025-11-10 12:02:36"}
{"level":"info","message":"🚀 Multiplicador Spaceman 1: 11041645013 = 3.18x","timestamp":"2025-11-10 12:02:36"}
{"level":"info","message":"🚀 Multiplicador Spaceman 1: 11041645013 = 3.19x","timestamp":"2025-11-10 12:02:36"}
{"level":"info","message":"🚀 Multiplicador Spaceman 1: 11041645013 = 3.2x","timestamp":"2025-11-10 12:02:36"}
{"level":"info","message":"🚀 Multiplicador Spaceman 1: 11041645013 = 3.22x","timestamp":"2025-11-10 12:02:36"}
{"level":"info","message":"🚀 Multiplicador Spaceman 1: 11041645013 = 3.23x","timestamp":"2025-11-10 12:02:36"}
{"level":"info","message":"🚀 Multiplicador Spaceman 1: 11041645013 = 3.24x","timestamp":"2025-11-10 12:02:36"}
{"level":"info","message":"🚀 Multiplicador Spaceman 1: 11041645013 = 3.26x","timestamp":"2025-11-10 12:02:36"}
{"level":"info","message":"🚀 Multiplicador Spaceman 1: 11041645013 = 3.27x","timestamp":"2025-11-10 12:02:36"}
{"level":"info","message":"🚀 Multiplicador Spaceman 1: 11041645013 = 3.29x","timestamp":"2025-11-10 12:02:36"}
{"level":"info","message":"🚀 Multiplicador Spaceman 1: 11041645013 = 3.3x","timestamp":"2025-11-10 12:02:36"}
{"level":"info","message":"🚀 Multiplicador Spaceman 1: 11041645013 = 3.31x","timestamp":"2025-11-10 12:02:36"}
{"level":"info","message":"🚀 Multiplicador Spaceman 1: 11041645013 = 3.33x","timestamp":"2025-11-10 12:02:36"}
{"level":"info","message":"🚀 Multiplicador Spaceman 1: 11041645013 = 3.34x","timestamp":"2025-11-10 12:02:36"}
{"level":"info","message":"🚀 Multiplicador Spaceman 1: 11041645013 = 3.36x","timestamp":"2025-11-10 12:02:36"}
{"level":"info","message":"🚀 Multiplicador Spaceman 1: 11041645013 = 3.37x","timestamp":"2025-11-10 12:02:36"}
{"level":"info","message":"🚀 Multiplicador Spaceman 1: 11041645013 = 3.39x","timestamp":"2025-11-10 12:02:37"}
{"level":"info","message":"🚀 Multiplicador Spaceman 1: 11041645013 = 3.4x","timestamp":"2025-11-10 12:02:37"}
{"level":"info","message":"🚀 Multiplicador Spaceman 1: 11041645013 = 3.41x","timestamp":"2025-11-10 12:02:37"}
{"level":"info","message":"🚀 Multiplicador Spaceman 1: 11041645013 = 3.43x","timestamp":"2025-11-10 12:02:37"}
{"level":"info","message":"🚀 Multiplicador Spaceman 1: 11041645013 = 3.44x","timestamp":"2025-11-10 12:02:37"}
{"level":"info","message":"🚀 Multiplicador Spaceman 1: 11041645013 = 3.46x","timestamp":"2025-11-10 12:02:37"}
{"level":"info","message":"🚀 Multiplicador Spaceman 1: 11041645013 = 3.47x","timestamp":"2025-11-10 12:02:37"}
{"level":"info","message":"🚀 Multiplicador Spaceman 1: 11041645013 = 3.48x","timestamp":"2025-11-10 12:02:37"}
{"level":"info","message":"🚀 Multiplicador Spaceman 1: 11041645013 = 3.5x","timestamp":"2025-11-10 12:02:37"}
{"level":"info","message":"🚀 Multiplicador Spaceman 1: 11041645013 = 3.51x","timestamp":"2025-11-10 12:02:37"}
{"level":"info","message":"🚀 Multiplicador Spaceman 1: 11041645013 = 3.53x","timestamp":"2025-11-10 12:02:37"}
{"level":"info","message":"🚀 Multiplicador Spaceman 1: 11041645013 = 3.54x","timestamp":"2025-11-10 12:02:37"}
{"level":"info","message":"🚀 Multiplicador Spaceman 1: 11041645013 = 3.56x","timestamp":"2025-11-10 12:02:37"}
{"level":"info","message":"🚀 Multiplicador Spaceman 1: 11041645013 = 3.57x","timestamp":"2025-11-10 12:02:37"}
{"level":"info","message":"🚀 Multiplicador Spaceman 1: 11041645013 = 3.59x","timestamp":"2025-11-10 12:02:37"}
{"level":"info","message":"🚀 Multiplicador Spaceman 1: 11041645013 = 3.6x","timestamp":"2025-11-10 12:02:37"}
{"level":"info","message":"🚀 Multiplicador Spaceman 1: 11041645013 = 3.62x","timestamp":"2025-11-10 12:02:37"}
{"level":"info","message":"🚀 Multiplicador Spaceman 1: 11041645013 = 3.63x","timestamp":"2025-11-10 12:02:37"}
{"level":"info","message":"🚀 Multiplicador Spaceman 1: 11041645013 = 3.65x","timestamp":"2025-11-10 12:02:37"}
{"level":"info","message":"🚀 Multiplicador Spaceman 1: 11041645013 = 3.66x","timestamp":"2025-11-10 12:02:37"}
{"level":"info","message":"🚀 Multiplicador Spaceman 1: 11041645013 = 3.68x","timestamp":"2025-11-10 12:02:38"}
{"level":"info","message":"🚀 Multiplicador Spaceman 1: 11041645013 = 3.69x","timestamp":"2025-11-10 12:02:38"}
{"level":"info","message":"🚀 Multiplicador Spaceman 1: 11041645013 = 3.71x","timestamp":"2025-11-10 12:02:38"}
{"level":"info","message":"🚀 Multiplicador Spaceman 1: 11041645013 = 3.72x","timestamp":"2025-11-10 12:02:38"}
{"level":"info","message":"🚀 Multiplicador Spaceman 1: 11041645013 = 3.74x","timestamp":"2025-11-10 12:02:38"}
{"level":"info","message":"🚀 Multiplicador Spaceman 1: 11041645013 = 3.76x","timestamp":"2025-11-10 12:02:38"}
{"level":"info","message":"🚀 Multiplicador Spaceman 1: 11041645013 = 3.77x","timestamp":"2025-11-10 12:02:38"}
{"level":"info","message":"🚀 Multiplicador Spaceman 1: 11041645013 = 3.79x","timestamp":"2025-11-10 12:02:38"}
{"level":"info","message":"🚀 Multiplicador Spaceman 1: 11041645013 = 3.8x","timestamp":"2025-11-10 12:02:38"}
{"level":"info","message":"🚀 Multiplicador Spaceman 1: 11041645013 = 3.82x","timestamp":"2025-11-10 12:02:38"}
{"level":"info","message":"🚀 Multiplicador Spaceman 1: 11041645013 = 3.83x","timestamp":"2025-11-10 12:02:38"}
{"level":"info","message":"🚀 Multiplicador Spaceman 1: 11041645013 = 3.84x","timestamp":"2025-11-10 12:02:38"}
{"level":"info","message":"🚀 Multiplicador Spaceman 1: 11041645113 = 1.01x","timestamp":"2025-11-10 12:02:48"}
{"level":"info","message":"🚀 Multiplicador Spaceman 1: 11041645113 = 1.02x","timestamp":"2025-11-10 12:02:48"}
{"level":"info","message":"🚀 Multiplicador Spaceman 1: 11041645113 = 1.03x","timestamp":"2025-11-10 12:02:48"}
{"level":"info","message":"🚀 Multiplicador Spaceman 1: 11041645113 = 1.04x","timestamp":"2025-11-10 12:02:49"}
{"level":"info","message":"🚀 Multiplicador Spaceman 1: 11041645113 = 1.05x","timestamp":"2025-11-10 12:02:49"}
{"level":"info","message":"🚀 Multiplicador Spaceman 1: 11041645113 = 1.06x","timestamp":"2025-11-10 12:02:49"}
{"level":"info","message":"🚀 Multiplicador Spaceman 1: 11041645113 = 1.07x","timestamp":"2025-11-10 12:02:49"}
{"level":"info","message":"🚀 Multiplicador Spaceman 1: 11041645113 = 1.08x","timestamp":"2025-11-10 12:02:49"}
{"level":"info","message":"🚀 Multiplicador Spaceman 1: 11041645113 = 1.09x","timestamp":"2025-11-10 12:02:49"}
{"level":"info","message":"🚀 Multiplicador Spaceman 1: 11041645113 = 1.1x","timestamp":"2025-11-10 12:02:49"}
{"level":"info","message":"🚀 Multiplicador Spaceman 1: 11041645113 = 1.11x","timestamp":"2025-11-10 12:02:49"}
{"level":"info","message":"🚀 Multiplicador Spaceman 1: 11041645113 = 1.12x","timestamp":"2025-11-10 12:02:49"}
{"level":"info","message":"🚀 Multiplicador Spaceman 1: 11041645113 = 1.13x","timestamp":"2025-11-10 12:02:50"}
{"level":"info","message":"🚀 Multiplicador Spaceman 1: 11041645113 = 1.14x","timestamp":"2025-11-10 12:02:50"}
{"level":"info","message":"🚀 Multiplicador Spaceman 1: 11041645113 = 1.15x","timestamp":"2025-11-10 12:02:50"}
{"level":"info","message":"🚀 Multiplicador Spaceman 1: 11041645113 = 1.16x","timestamp":"2025-11-10 12:02:50"}
{"level":"info","message":"🚀 Multiplicador Spaceman 1: 11041645113 = 1.17x","timestamp":"2025-11-10 12:02:50"}
{"level":"info","message":"🚀 Multiplicador Spaceman 1: 11041645113 = 1.18x","timestamp":"2025-11-10 12:02:50"}
{"level":"info","message":"🚀 Multiplicador Spaceman 1: 11041645113 = 1.19x","timestamp":"2025-11-10 12:02:50"}
{"level":"info","message":"🚀 Multiplicador Spaceman 1: 11041645113 = 1.2x","timestamp":"2025-11-10 12:02:50"}
{"level":"info","message":"🚀 Multiplicador Spaceman 1: 11041645113 = 1.21x","timestamp":"2025-11-10 12:02:50"}
{"level":"info","message":"🚀 Multiplicador Spaceman 1: 11041645113 = 1.22x","timestamp":"2025-11-10 12:02:51"}
{"level":"info","message":"🚀 Multiplicador Spaceman 1: 11041645113 = 1.23x","timestamp":"2025-11-10 12:02:51"}
{"level":"info","message":"🚀 Multiplicador Spaceman 1: 11041645113 = 1.24x","timestamp":"2025-11-10 12:02:51"}
{"level":"info","message":"🚀 Multiplicador Spaceman 1: 11041645113 = 1.25x","timestamp":"2025-11-10 12:02:51"}
{"level":"info","message":"🚀 Multiplicador Spaceman 1: 11041645113 = 1.26x","timestamp":"2025-11-10 12:02:51"}
{"level":"info","message":"🚀 Multiplicador Spaceman 1: 11041645113 = 1.27x","timestamp":"2025-11-10 12:02:51"}
{"level":"info","message":"🚀 Multiplicador Spaceman 1: 11041645113 = 1.28x","timestamp":"2025-11-10 12:02:51"}
{"level":"info","message":"🚀 Multiplicador Spaceman 1: 11041645113 = 1.29x","timestamp":"2025-11-10 12:02:51"}
{"level":"info","message":"🚀 Multiplicador Spaceman 1: 11041645113 = 1.3x","timestamp":"2025-11-10 12:02:51"}
{"level":"info","message":"🚀 Multiplicador Spaceman 1: 11041645113 = 1.31x","timestamp":"2025-11-10 12:02:51"}
{"level":"info","message":"🚀 Multiplicador Spaceman 1: 11041645113 = 1.32x","timestamp":"2025-11-10 12:02:51"}
{"level":"info","message":"🚀 Multiplicador Spaceman 1: 11041645113 = 1.33x","timestamp":"2025-11-10 12:02:52"}
{"level":"info","message":"🚀 Multiplicador Spaceman 1: 11041645113 = 1.34x","timestamp":"2025-11-10 12:02:52"}
{"level":"info","message":"🚀 Multiplicador Spaceman 1: 11041645113 = 1.35x","timestamp":"2025-11-10 12:02:52"}
{"level":"info","message":"🚀 Multiplicador Spaceman 1: 11041645113 = 1.36x","timestamp":"2025-11-10 12:02:52"}
{"level":"info","message":"🚀 Multiplicador Spaceman 1: 11041645113 = 1.37x","timestamp":"2025-11-10 12:02:52"}
{"level":"info","message":"🚀 Multiplicador Spaceman 1: 11041645113 = 1.38x","timestamp":"2025-11-10 12:02:52"}
{"level":"info","message":"🚀 Multiplicador Spaceman 1: 11041645113 = 1.39x","timestamp":"2025-11-10 12:02:52"}
{"level":"info","message":"🚀 Multiplicador Spaceman 1: 11041645113 = 1.4x","timestamp":"2025-11-10 12:02:52"}
{"level":"info","message":"🚀 Multiplicador Spaceman 1: 11041645113 = 1.41x","timestamp":"2025-11-10 12:02:52"}
{"level":"info","message":"🚀 Multiplicador Spaceman 1: 11041645113 = 1.42x","timestamp":"2025-11-10 12:02:52"}
{"level":"info","message":"🚀 Multiplicador Spaceman 1: 11041645113 = 1.43x","timestamp":"2025-11-10 12:02:52"}
{"level":"info","message":"🚀 Multiplicador Spaceman 1: 11041645113 = 1.44x","timestamp":"2025-11-10 12:02:53"}
{"level":"info","message":"🚀 Multiplicador Spaceman 1: 11041645113 = 1.45x","timestamp":"2025-11-10 12:02:53"}
{"level":"info","message":"🚀 Multiplicador Spaceman 1: 11041645113 = 1.46x","timestamp":"2025-11-10 12:02:53"}
{"level":"info","message":"🚀 Multiplicador Spaceman 1: 11041645113 = 1.47x","timestamp":"2025-11-10 12:02:53"}
{"level":"info","message":"🚀 Multiplicador Spaceman 1: 11041645113 = 1.48x","timestamp":"2025-11-10 12:02:53"}
{"level":"info","message":"🚀 Multiplicador Spaceman 1: 11041645113 = 1.49x","timestamp":"2025-11-10 12:02:53"}
{"level":"info","message":"🚀 Multiplicador Spaceman 1: 11041645113 = 1.5x","timestamp":"2025-11-10 12:02:53"}
{"level":"info","message":"🚀 Multiplicador Spaceman 1: 11041645113 = 1.51x","timestamp":"2025-11-10 12:02:53"}
{"level":"info","message":"🚀 Multiplicador Spaceman 1: 11041645113 = 1.52x","timestamp":"2025-11-10 12:02:53"}
{"level":"info","message":"🚀 Multiplicador Spaceman 1: 11041645113 = 1.53x","timestamp":"2025-11-10 12:02:53"}
{"level":"info","message":"🚀 Multiplicador Spaceman 1: 11041645113 = 1.54x","timestamp":"2025-11-10 12:02:53"}
{"level":"info","message":"🚀 Multiplicador Spaceman 1: 11041645113 = 1.55x","timestamp":"2025-11-10 12:02:53"}
{"level":"info","message":"🚀 Multiplicador Spaceman 1: 11041645113 = 1.56x","timestamp":"2025-11-10 12:02:54"}
{"level":"info","message":"🚀 Multiplicador Spaceman 1: 11041645113 = 1.57x","timestamp":"2025-11-10 12:02:54"}
{"level":"info","message":"🚀 Multiplicador Spaceman 1: 11041645113 = 1.58x","timestamp":"2025-11-10 12:02:54"}
{"level":"info","message":"🚀 Multiplicador Spaceman 1: 11041645113 = 1.59x","timestamp":"2025-11-10 12:02:54"}
{"level":"info","message":"🚀 Multiplicador Spaceman 1: 11041645113 = 1.6x","timestamp":"2025-11-10 12:02:54"}
{"level":"info","message":"🚀 Multiplicador Spaceman 1: 11041645113 = 1.61x","timestamp":"2025-11-10 12:02:54"}
{"level":"info","message":"🚀 Multiplicador Spaceman 1: 11041645113 = 1.62x","timestamp":"2025-11-10 12:02:54"}
{"level":"info","message":"🚀 Multiplicador Spaceman 1: 11041645113 = 1.63x","timestamp":"2025-11-10 12:02:54"}
{"level":"info","message":"🚀 Multiplicador Spaceman 1: 11041645113 = 1.64x","timestamp":"2025-11-10 12:02:54"}
{"level":"info","message":"🚀 Multiplicador Spaceman 1: 11041645113 = 1.65x","timestamp":"2025-11-10 12:02:54"}
{"level":"info","message":"🚀 Multiplicador Spaceman 1: 11041645113 = 1.66x","timestamp":"2025-11-10 12:02:54"}
{"level":"info","message":"🚀 Multiplicador Spaceman 1: 11041645113 = 1.67x","timestamp":"2025-11-10 12:02:54"}
{"level":"info","message":"🚀 Multiplicador Spaceman 1: 11041645113 = 1.68x","timestamp":"2025-11-10 12:02:54"}
{"level":"info","message":"🚀 Multiplicador Spaceman 1: 11041645113 = 1.69x","timestamp":"2025-11-10 12:02:54"}
{"level":"info","message":"🚀 Multiplicador Spaceman 1: 11041645113 = 1.7x","timestamp":"2025-11-10 12:02:55"}
{"level":"info","message":"🚀 Multiplicador Spaceman 1: 11041645113 = 1.71x","timestamp":"2025-11-10 12:02:55"}
{"level":"info","message":"🚀 Multiplicador Spaceman 1: 11041645113 = 1.72x","timestamp":"2025-11-10 12:02:55"}
{"level":"info","message":"🚀 Multiplicador Spaceman 1: 11041645113 = 1.73x","timestamp":"2025-11-10 12:02:55"}
{"level":"info","message":"🚀 Multiplicador Spaceman 1: 11041645113 = 1.74x","timestamp":"2025-11-10 12:02:55"}
{"level":"info","message":"🚀 Multiplicador Spaceman 1: 11041645113 = 1.75x","timestamp":"2025-11-10 12:02:55"}
{"level":"info","message":"🚀 Multiplicador Spaceman 1: 11041645113 = 1.76x","timestamp":"2025-11-10 12:02:55"}
{"level":"info","message":"🚀 Multiplicador Spaceman 1: 11041645113 = 1.77x","timestamp":"2025-11-10 12:02:55"}
{"level":"info","message":"🚀 Multiplicador Spaceman 1: 11041645113 = 1.78x","timestamp":"2025-11-10 12:02:55"}
{"level":"info","message":"🚀 Multiplicador Spaceman 1: 11041645113 = 1.79x","timestamp":"2025-11-10 12:02:55"}
{"level":"info","message":"🚀 Multiplicador Spaceman 1: 11041645113 = 1.8x","timestamp":"2025-11-10 12:02:55"}
{"level":"info","message":"🚀 Multiplicador Spaceman 1: 11041645113 = 1.81x","timestamp":"2025-11-10 12:02:55"}
{"level":"info","message":"🚀 Multiplicador Spaceman 1: 11041645113 = 1.82x","timestamp":"2025-11-10 12:02:55"}
{"level":"info","message":"🚀 Multiplicador Spaceman 1: 11041645113 = 1.83x","timestamp":"2025-11-10 12:02:55"}
{"level":"info","message":"🚀 Multiplicador Spaceman 1: 11041645113 = 1.84x","timestamp":"2025-11-10 12:02:55"}
{"level":"info","message":"🚀 Multiplicador Spaceman 1: 11041645113 = 1.85x","timestamp":"2025-11-10 12:02:56"}
{"level":"info","message":"🚀 Multiplicador Spaceman 1: 11041645113 = 1.86x","timestamp":"2025-11-10 12:02:56"}
{"level":"info","message":"🚀 Multiplicador Spaceman 1: 11041645113 = 1.87x","timestamp":"2025-11-10 12:02:56"}
{"level":"info","message":"🚀 Multiplicador Spaceman 1: 11041645113 = 1.88x","timestamp":"2025-11-10 12:02:56"}
{"level":"info","message":"🚀 Multiplicador Spaceman 1: 11041645113 = 1.89x","timestamp":"2025-11-10 12:02:56"}
{"level":"info","message":"🚀 Multiplicador Spaceman 1: 11041645113 = 1.9x","timestamp":"2025-11-10 12:02:56"}
{"level":"info","message":"🚀 Multiplicador Spaceman 1: 11041645113 = 1.91x","timestamp":"2025-11-10 12:02:56"}
{"level":"info","message":"🚀 Multiplicador Spaceman 1: 11041645113 = 1.92x","timestamp":"2025-11-10 12:02:56"}
{"level":"info","message":"🚀 Multiplicador Spaceman 1: 11041645113 = 1.93x","timestamp":"2025-11-10 12:02:56"}
{"level":"info","message":"🚀 Multiplicador Spaceman 1: 11041645113 = 1.94x","timestamp":"2025-11-10 12:02:56"}
{"level":"info","message":"🚀 Multiplicador Spaceman 1: 11041645113 = 1.95x","timestamp":"2025-11-10 12:02:56"}
{"level":"info","message":"🚀 Multiplicador Spaceman 1: 11041645113 = 1.96x","timestamp":"2025-11-10 12:02:56"}
{"level":"info","message":"🚀 Multiplicador Spaceman 1: 11041645113 = 1.97x","timestamp":"2025-11-10 12:02:56"}
{"level":"info","message":"🚀 Multiplicador Spaceman 1: 11041645113 = 1.98x","timestamp":"2025-11-10 12:02:56"}
{"level":"info","message":"🚀 Multiplicador Spaceman 1: 11041645113 = 1.99x","timestamp":"2025-11-10 12:02:56"}
{"level":"info","message":"🚀 Multiplicador Spaceman 1: 11041645113 = 2x","timestamp":"2025-11-10 12:02:56"}
{"level":"info","message":"🚀 Multiplicador Spaceman 1: 11041645113 = 2.01x","timestamp":"2025-11-10 12:02:57"}
{"level":"info","message":"🚀 Multiplicador Spaceman 1: 11041645113 = 2.02x","timestamp":"2025-11-10 12:02:57"}
{"level":"info","message":"🚀 Multiplicador Spaceman 1: 11041645113 = 2.03x","timestamp":"2025-11-10 12:02:57"}
{"level":"info","message":"🚀 Multiplicador Spaceman 1: 11041645113 = 2.04x","timestamp":"2025-11-10 12:02:57"}
{"level":"info","message":"🚀 Multiplicador Spaceman 1: 11041645113 = 2.05x","timestamp":"2025-11-10 12:02:57"}
{"level":"info","message":"🚀 Multiplicador Spaceman 1: 11041645113 = 2.06x","timestamp":"2025-11-10 12:02:57"}
{"level":"info","message":"🚀 Multiplicador Spaceman 1: 11041645113 = 2.07x","timestamp":"2025-11-10 12:02:57"}
{"level":"info","message":"🚀 Multiplicador Spaceman 1: 11041645113 = 2.08x","timestamp":"2025-11-10 12:02:57"}
{"level":"info","message":"🚀 Multiplicador Spaceman 1: 11041645113 = 2.09x","timestamp":"2025-11-10 12:02:57"}
{"level":"info","message":"🚀 Multiplicador Spaceman 1: 11041645113 = 2.1x","timestamp":"2025-11-10 12:02:57"}
{"level":"info","message":"🚀 Multiplicador Spaceman 1: 11041645113 = 2.11x","timestamp":"2025-11-10 12:02:57"}
{"level":"info","message":"🚀 Multiplicador Spaceman 1: 11041645113 = 2.12x","timestamp":"2025-11-10 12:02:57"}
{"level":"info","message":"🚀 Multiplicador Spaceman 1: 11041645113 = 2.13x","timestamp":"2025-11-10 12:02:57"}
{"level":"info","message":"🚀 Multiplicador Spaceman 1: 11041645113 = 2.14x","timestamp":"2025-11-10 12:02:57"}
{"level":"info","message":"🚀 Multiplicador Spaceman 1: 11041645113 = 2.15x","timestamp":"2025-11-10 12:02:57"}
{"level":"info","message":"🚀 Multiplicador Spaceman 1: 11041645113 = 2.16x","timestamp":"2025-11-10 12:02:57"}
{"level":"info","message":"🚀 Multiplicador Spaceman 1: 11041645113 = 2.17x","timestamp":"2025-11-10 12:02:57"}
{"level":"info","message":"🚀 Multiplicador Spaceman 1: 11041645113 = 2.18x","timestamp":"2025-11-10 12:02:58"}
{"level":"info","message":"🚀 Multiplicador Spaceman 1: 11041645113 = 2.19x","timestamp":"2025-11-10 12:02:58"}
{"level":"info","message":"🚀 Multiplicador Spaceman 1: 11041645113 = 2.2x","timestamp":"2025-11-10 12:02:58"}
{"level":"info","message":"🚀 Multiplicador Spaceman 1: 11041645113 = 2.22x","timestamp":"2025-11-10 12:02:58"}
{"level":"info","message":"🚀 Multiplicador Spaceman 1: 11041645113 = 2.23x","timestamp":"2025-11-10 12:02:58"}
{"level":"info","message":"🚀 Multiplicador Spaceman 1: 11041645113 = 2.24x","timestamp":"2025-11-10 12:02:58"}
{"level":"info","message":"🚀 Multiplicador Spaceman 1: 11041645113 = 2.25x","timestamp":"2025-11-10 12:02:58"}
{"level":"info","message":"🚀 Multiplicador Spaceman 1: 11041645113 = 2.26x","timestamp":"2025-11-10 12:02:58"}
{"level":"info","message":"🚀 Multiplicador Spaceman 1: 11041645113 = 2.27x","timestamp":"2025-11-10 12:02:58"}
{"level":"info","message":"🚀 Multiplicador Spaceman 1: 11041645113 = 2.28x","timestamp":"2025-11-10 12:02:58"}
{"level":"info","message":"🚀 Multiplicador Spaceman 1: 11041645113 = 2.29x","timestamp":"2025-11-10 12:02:58"}
{"level":"info","message":"🚀 Multiplicador Spaceman 1: 11041645113 = 2.3x","timestamp":"2025-11-10 12:02:58"}
{"level":"info","message":"🚀 Multiplicador Spaceman 1: 11041645113 = 2.31x","timestamp":"2025-11-10 12:02:58"}
{"level":"info","message":"🚀 Multiplicador Spaceman 1: 11041645113 = 2.32x","timestamp":"2025-11-10 12:02:58"}
{"level":"info","message":"🚀 Multiplicador Spaceman 1: 11041645113 = 2.33x","timestamp":"2025-11-10 12:02:58"}
{"level":"info","message":"🚀 Multiplicador Spaceman 1: 11041645113 = 2.35x","timestamp":"2025-11-10 12:02:58"}
{"level":"info","message":"🚀 Multiplicador Spaceman 1: 11041645113 = 2.36x","timestamp":"2025-11-10 12:02:59"}
{"level":"info","message":"🚀 Multiplicador Spaceman 1: 11041645113 = 2.38x","timestamp":"2025-11-10 12:02:59"}
{"level":"info","message":"🚀 Multiplicador Spaceman 1: 11041645113 = 2.39x","timestamp":"2025-11-10 12:02:59"}
{"level":"info","message":"🚀 Multiplicador Spaceman 1: 11041645113 = 2.4x","timestamp":"2025-11-10 12:02:59"}
{"level":"info","message":"🚀 Multiplicador Spaceman 1: 11041645113 = 2.41x","timestamp":"2025-11-10 12:02:59"}
{"level":"info","message":"🚀 Multiplicador Spaceman 1: 11041645113 = 2.42x","timestamp":"2025-11-10 12:02:59"}
{"level":"info","message":"🚀 Multiplicador Spaceman 1: 11041645113 = 2.43x","timestamp":"2025-11-10 12:02:59"}
{"level":"info","message":"🚀 Multiplicador Spaceman 1: 11041645113 = 2.44x","timestamp":"2025-11-10 12:02:59"}
{"level":"info","message":"🚀 Multiplicador Spaceman 1: 11041645113 = 2.45x","timestamp":"2025-11-10 12:02:59"}
{"level":"info","message":"🚀 Multiplicador Spaceman 1: 11041645113 = 2.46x","timestamp":"2025-11-10 12:02:59"}
{"level":"info","message":"🚀 Multiplicador Spaceman 1: 11041645113 = 2.47x","timestamp":"2025-11-10 12:02:59"}
{"level":"info","message":"🚀 Multiplicador Spaceman 1: 11041645113 = 2.48x","timestamp":"2025-11-10 12:02:59"}
{"level":"info","message":"🚀 Multiplicador Spaceman 1: 11041645113 = 2.49x","timestamp":"2025-11-10 12:02:59"}
{"level":"info","message":"🚀 Multiplicador Spaceman 1: 11041645113 = 2.5x","timestamp":"2025-11-10 12:02:59"}
{"level":"info","message":"🚀 Multiplicador Spaceman 1: 11041645113 = 2.51x","timestamp":"2025-11-10 12:02:59"}
{"level":"info","message":"🚀 Multiplicador Spaceman 1: 11041645113 = 2.52x","timestamp":"2025-11-10 12:02:59"}
{"level":"info","message":"🚀 Multiplicador Spaceman 1: 11041645113 = 2.53x","timestamp":"2025-11-10 12:02:59"}
{"level":"info","message":"🚀 Multiplicador Spaceman 1: 11041645113 = 2.54x","timestamp":"2025-11-10 12:02:59"}
{"level":"info","message":"🚀 Multiplicador Spaceman 1: 11041645113 = 2.55x","timestamp":"2025-11-10 12:02:59"}
{"level":"info","message":"🚀 Multiplicador Spaceman 1: 11041645113 = 2.56x","timestamp":"2025-11-10 12:02:59"}
{"level":"info","message":"🚀 Multiplicador Spaceman 1: 11041645113 = 2.58x","timestamp":"2025-11-10 12:03:00"}
{"level":"info","message":"🚀 Multiplicador Spaceman 1: 11041645113 = 2.59x","timestamp":"2025-11-10 12:03:00"}
{"level":"info","message":"🚀 Multiplicador Spaceman 1: 11041645113 = 2.6x","timestamp":"2025-11-10 12:03:00"}
{"level":"info","message":"🚀 Multiplicador Spaceman 1: 11041645113 = 2.61x","timestamp":"2025-11-10 12:03:00"}
{"level":"info","message":"🚀 Multiplicador Spaceman 1: 11041645113 = 2.62x","timestamp":"2025-11-10 12:03:00"}
{"level":"info","message":"🚀 Multiplicador Spaceman 1: 11041645113 = 2.63x","timestamp":"2025-11-10 12:03:00"}
{"level":"info","message":"🚀 Multiplicador Spaceman 1: 11041645113 = 2.64x","timestamp":"2025-11-10 12:03:00"}
{"level":"info","message":"🚀 Multiplicador Spaceman 1: 11041645113 = 2.65x","timestamp":"2025-11-10 12:03:00"}
{"level":"info","message":"🚀 Multiplicador Spaceman 1: 11041645113 = 2.66x","timestamp":"2025-11-10 12:03:00"}
{"level":"info","message":"🚀 Multiplicador Spaceman 1: 11041645113 = 2.67x","timestamp":"2025-11-10 12:03:00"}
{"level":"info","message":"🚀 Multiplicador Spaceman 1: 11041645113 = 2.69x","timestamp":"2025-11-10 12:03:00"}
{"level":"info","message":"🚀 Multiplicador Spaceman 1: 11041645113 = 2.7x","timestamp":"2025-11-10 12:03:00"}
{"level":"info","message":"🚀 Multiplicador Spaceman 1: 11041645113 = 2.71x","timestamp":"2025-11-10 12:03:00"}
{"level":"info","message":"🚀 Multiplicador Spaceman 1: 11041645113 = 2.72x","timestamp":"2025-11-10 12:03:00"}
{"level":"info","message":"🚀 Multiplicador Spaceman 1: 11041645113 = 2.73x","timestamp":"2025-11-10 12:03:00"}
{"level":"info","message":"🚀 Multiplicador Spaceman 1: 11041645113 = 2.74x","timestamp":"2025-11-10 12:03:00"}
{"level":"info","message":"🚀 Multiplicador Spaceman 1: 11041645113 = 2.75x","timestamp":"2025-11-10 12:03:00"}
{"level":"info","message":"🚀 Multiplicador Spaceman 1: 11041645113 = 2.77x","timestamp":"2025-11-10 12:03:00"}
{"level":"info","message":"🚀 Multiplicador Spaceman 1: 11041645113 = 2.78x","timestamp":"2025-11-10 12:03:00"}
{"level":"info","message":"🚀 Multiplicador Spaceman 1: 11041645113 = 2.79x","timestamp":"2025-11-10 12:03:01"}
{"level":"info","message":"🚀 Multiplicador Spaceman 1: 11041645113 = 2.8x","timestamp":"2025-11-10 12:03:01"}
{"level":"info","message":"🚀 Multiplicador Spaceman 1: 11041645113 = 2.82x","timestamp":"2025-11-10 12:03:01"}
{"level":"info","message":"🚀 Multiplicador Spaceman 1: 11041645113 = 2.83x","timestamp":"2025-11-10 12:03:01"}
{"level":"info","message":"🚀 Multiplicador Spaceman 1: 11041645113 = 2.84x","timestamp":"2025-11-10 12:03:01"}
{"level":"info","message":"🚀 Multiplicador Spaceman 1: 11041645113 = 2.85x","timestamp":"2025-11-10 12:03:01"}
{"level":"info","message":"🚀 Multiplicador Spaceman 1: 11041645113 = 2.87x","timestamp":"2025-11-10 12:03:01"}
{"level":"info","message":"🚀 Multiplicador Spaceman 1: 11041645113 = 2.88x","timestamp":"2025-11-10 12:03:01"}
{"level":"info","message":"🚀 Multiplicador Spaceman 1: 11041645113 = 2.89x","timestamp":"2025-11-10 12:03:01"}
{"level":"info","message":"🚀 Multiplicador Spaceman 1: 11041645113 = 2.9x","timestamp":"2025-11-10 12:03:01"}
{"level":"info","message":"🚀 Multiplicador Spaceman 1: 11041645113 = 2.91x","timestamp":"2025-11-10 12:03:01"}
{"level":"info","message":"🚀 Multiplicador Spaceman 1: 11041645113 = 2.93x","timestamp":"2025-11-10 12:03:01"}
{"level":"info","message":"🚀 Multiplicador Spaceman 1: 11041645113 = 2.94x","timestamp":"2025-11-10 12:03:01"}
{"level":"info","message":"🚀 Multiplicador Spaceman 1: 11041645113 = 2.95x","timestamp":"2025-11-10 12:03:01"}
{"level":"info","message":"🚀 Multiplicador Spaceman 1: 11041645113 = 2.96x","timestamp":"2025-11-10 12:03:01"}
{"level":"info","message":"🚀 Multiplicador Spaceman 1: 11041645113 = 2.98x","timestamp":"2025-11-10 12:03:01"}
{"level":"info","message":"🚀 Multiplicador Spaceman 1: 11041645113 = 2.99x","timestamp":"2025-11-10 12:03:01"}
{"level":"info","message":"🚀 Multiplicador Spaceman 1: 11041645113 = 3x","timestamp":"2025-11-10 12:03:01"}
{"level":"info","message":"🚀 Multiplicador Spaceman 1: 11041645113 = 3.01x","timestamp":"2025-11-10 12:03:01"}
{"level":"info","message":"🚀 Multiplicador Spaceman 1: 11041645113 = 3.03x","timestamp":"2025-11-10 12:03:02"}
{"level":"info","message":"🚀 Multiplicador Spaceman 1: 11041645113 = 3.05x","timestamp":"2025-11-10 12:03:02"}
{"level":"info","message":"🚀 Multiplicador Spaceman 1: 11041645113 = 3.07x","timestamp":"2025-11-10 12:03:02"}
{"level":"info","message":"🚀 Multiplicador Spaceman 1: 11041645113 = 3.08x","timestamp":"2025-11-10 12:03:02"}
{"level":"info","message":"🚀 Multiplicador Spaceman 1: 11041645113 = 3.09x","timestamp":"2025-11-10 12:03:02"}
{"level":"info","message":"🚀 Multiplicador Spaceman 1: 11041645113 = 3.11x","timestamp":"2025-11-10 12:03:02"}
{"level":"info","message":"🚀 Multiplicador Spaceman 1: 11041645113 = 3.12x","timestamp":"2025-11-10 12:03:02"}
{"level":"info","message":"🚀 Multiplicador Spaceman 1: 11041645113 = 3.13x","timestamp":"2025-11-10 12:03:02"}
{"level":"info","message":"🚀 Multiplicador Spaceman 1: 11041645113 = 3.14x","timestamp":"2025-11-10 12:03:02"}
{"level":"info","message":"🚀 Multiplicador Spaceman 1: 11041645113 = 3.16x","timestamp":"2025-11-10 12:03:02"}
{"level":"info","message":"🚀 Multiplicador Spaceman 1: 11041645113 = 3.17x","timestamp":"2025-11-10 12:03:02"}
{"level":"info","message":"🚀 Multiplicador Spaceman 1: 11041645113 = 3.19x","timestamp":"2025-11-10 12:03:02"}
{"level":"info","message":"🚀 Multiplicador Spaceman 1: 11041645113 = 3.2x","timestamp":"2025-11-10 12:03:02"}
{"level":"info","message":"🚀 Multiplicador Spaceman 1: 11041645113 = 3.21x","timestamp":"2025-11-10 12:03:02"}
{"level":"info","message":"🚀 Multiplicador Spaceman 1: 11041645113 = 3.22x","timestamp":"2025-11-10 12:03:02"}
{"level":"info","message":"🚀 Multiplicador Spaceman 1: 11041645113 = 3.24x","timestamp":"2025-11-10 12:03:02"}
{"level":"info","message":"🚀 Multiplicador Spaceman 1: 11041645113 = 3.25x","timestamp":"2025-11-10 12:03:02"}
{"level":"info","message":"🚀 Multiplicador Spaceman 1: 11041645113 = 3.26x","timestamp":"2025-11-10 12:03:02"}
{"level":"info","message":"🚀 Multiplicador Spaceman 1: 11041645113 = 3.28x","timestamp":"2025-11-10 12:03:02"}
{"level":"info","message":"🚀 Multiplicador Spaceman 1: 11041645113 = 3.29x","timestamp":"2025-11-10 12:03:02"}
{"level":"info","message":"🚀 Multiplicador Spaceman 1: 11041645113 = 3.3x","timestamp":"2025-11-10 12:03:03"}
{"level":"info","message":"🚀 Multiplicador Spaceman 1: 11041645113 = 3.32x","timestamp":"2025-11-10 12:03:03"}
{"level":"info","message":"🚀 Multiplicador Spaceman 1: 11041645113 = 3.33x","timestamp":"2025-11-10 12:03:03"}
{"level":"info","message":"🚀 Multiplicador Spaceman 1: 11041645113 = 3.35x","timestamp":"2025-11-10 12:03:03"}
{"level":"info","message":"🚀 Multiplicador Spaceman 1: 11041645113 = 3.36x","timestamp":"2025-11-10 12:03:03"}
{"level":"info","message":"🚀 Multiplicador Spaceman 1: 11041645113 = 3.37x","timestamp":"2025-11-10 12:03:03"}
{"level":"info","message":"🚀 Multiplicador Spaceman 1: 11041645213 = 1.01x","timestamp":"2025-11-10 12:03:13"}
{"level":"info","message":"🚀 Multiplicador Spaceman 1: 11041645213 = 1.02x","timestamp":"2025-11-10 12:03:13"}
{"level":"info","message":"🚀 Multiplicador Spaceman 1: 11041645213 = 1.03x","timestamp":"2025-11-10 12:03:13"}
{"level":"info","message":"🚀 Multiplicador Spaceman 1: 11041645213 = 1.04x","timestamp":"2025-11-10 12:03:13"}
{"level":"info","message":"🚀 Multiplicador Spaceman 1: 11041645213 = 1.05x","timestamp":"2025-11-10 12:03:13"}
{"level":"info","message":"🚀 Multiplicador Spaceman 1: 11041645213 = 1.06x","timestamp":"2025-11-10 12:03:14"}
{"level":"info","message":"🚀 Multiplicador Spaceman 1: 11041645213 = 1.07x","timestamp":"2025-11-10 12:03:14"}
{"level":"info","message":"🚀 Multiplicador Spaceman 1: 11041645213 = 1.08x","timestamp":"2025-11-10 12:03:14"}
{"level":"info","message":"🚀 Multiplicador Spaceman 1: 11041645213 = 1.09x","timestamp":"2025-11-10 12:03:14"}
{"level":"info","message":"🚀 Multiplicador Spaceman 1: 11041645213 = 1.1x","timestamp":"2025-11-10 12:03:14"}
{"level":"info","message":"🚀 Multiplicador Spaceman 1: 11041645213 = 1.11x","timestamp":"2025-11-10 12:03:14"}
{"level":"info","message":"🚀 Multiplicador Spaceman 1: 11041645213 = 1.12x","timestamp":"2025-11-10 12:03:14"}
{"level":"info","message":"🚀 Multiplicador Spaceman 1: 11041645213 = 1.13x","timestamp":"2025-11-10 12:03:14"}
{"level":"info","message":"🚀 Multiplicador Spaceman 1: 11041645213 = 1.14x","timestamp":"2025-11-10 12:03:14"}
{"level":"info","message":"🚀 Multiplicador Spaceman 1: 11041645213 = 1.15x","timestamp":"2025-11-10 12:03:15"}
{"level":"info","message":"🚀 Multiplicador Spaceman 1: 11041645213 = 1.16x","timestamp":"2025-11-10 12:03:15"}
{"level":"info","message":"🚀 Multiplicador Spaceman 1: 11041645213 = 1.17x","timestamp":"2025-11-10 12:03:15"}
{"level":"info","message":"🚀 Multiplicador Spaceman 1: 11041645213 = 1.18x","timestamp":"2025-11-10 12:03:15"}
{"level":"info","message":"🚀 Multiplicador Spaceman 1: 11041645213 = 1.19x","timestamp":"2025-11-10 12:03:15"}
{"level":"info","message":"🚀 Multiplicador Spaceman 1: 11041645213 = 1.2x","timestamp":"2025-11-10 12:03:15"}
{"level":"info","message":"🚀 Multiplicador Spaceman 1: 11041645213 = 1.21x","timestamp":"2025-11-10 12:03:15"}
{"level":"info","message":"🚀 Multiplicador Spaceman 1: 11041645213 = 1.22x","timestamp":"2025-11-10 12:03:15"}
{"level":"info","message":"🚀 Multiplicador Spaceman 1: 11041645213 = 1.23x","timestamp":"2025-11-10 12:03:15"}
{"level":"info","message":"🚀 Multiplicador Spaceman 1: 11041645213 = 1.24x","timestamp":"2025-11-10 12:03:15"}
{"level":"info","message":"🚀 Multiplicador Spaceman 1: 11041645213 = 1.25x","timestamp":"2025-11-10 12:03:16"}
{"level":"info","message":"🚀 Multiplicador Spaceman 1: 11041645213 = 1.26x","timestamp":"2025-11-10 12:03:16"}
{"level":"info","message":"🚀 Multiplicador Spaceman 1: 11041645213 = 1.27x","timestamp":"2025-11-10 12:03:16"}
{"level":"info","message":"🚀 Multiplicador Spaceman 1: 11041645213 = 1.28x","timestamp":"2025-11-10 12:03:16"}
{"level":"info","message":"🚀 Multiplicador Spaceman 1: 11041645213 = 1.29x","timestamp":"2025-11-10 12:03:16"}
{"level":"info","message":"🚀 Multiplicador Spaceman 1: 11041645213 = 1.3x","timestamp":"2025-11-10 12:03:16"}
{"level":"info","message":"🚀 Multiplicador Spaceman 1: 11041645213 = 1.31x","timestamp":"2025-11-10 12:03:16"}
{"level":"info","message":"🚀 Multiplicador Spaceman 1: 11041645213 = 1.32x","timestamp":"2025-11-10 12:03:16"}
{"level":"info","message":"🚀 Multiplicador Spaceman 1: 11041645213 = 1.33x","timestamp":"2025-11-10 12:03:16"}
{"level":"info","message":"🚀 Multiplicador Spaceman 1: 11041645213 = 1.34x","timestamp":"2025-11-10 12:03:16"}
{"level":"info","message":"🚀 Multiplicador Spaceman 1: 11041645213 = 1.35x","timestamp":"2025-11-10 12:03:16"}
{"level":"info","message":"🚀 Multiplicador Spaceman 1: 11041645213 = 1.36x","timestamp":"2025-11-10 12:03:17"}
{"level":"info","message":"🚀 Multiplicador Spaceman 1: 11041645213 = 1.37x","timestamp":"2025-11-10 12:03:17"}
{"level":"info","message":"🚀 Multiplicador Spaceman 1: 11041645213 = 1.38x","timestamp":"2025-11-10 12:03:17"}
{"level":"info","message":"🚀 Multiplicador Spaceman 1: 11041645213 = 1.39x","timestamp":"2025-11-10 12:03:17"}
{"level":"info","message":"🚀 Multiplicador Spaceman 1: 11041645213 = 1.4x","timestamp":"2025-11-10 12:03:17"}
{"level":"info","message":"🚀 Multiplicador Spaceman 1: 11041645213 = 1.41x","timestamp":"2025-11-10 12:03:17"}
{"level":"info","message":"🚀 Multiplicador Spaceman 1: 11041645213 = 1.42x","timestamp":"2025-11-10 12:03:17"}
{"level":"info","message":"🚀 Multiplicador Spaceman 1: 11041645213 = 1.43x","timestamp":"2025-11-10 12:03:17"}
{"level":"info","message":"🚀 Multiplicador Spaceman 1: 11041645213 = 1.44x","timestamp":"2025-11-10 12:03:17"}
{"level":"info","message":"🚀 Multiplicador Spaceman 1: 11041645213 = 1.45x","timestamp":"2025-11-10 12:03:17"}
{"level":"info","message":"🚀 Multiplicador Spaceman 1: 11041645213 = 1.46x","timestamp":"2025-11-10 12:03:17"}
{"level":"info","message":"🚀 Multiplicador Spaceman 1: 11041645213 = 1.47x","timestamp":"2025-11-10 12:03:18"}
{"level":"info","message":"🚀 Multiplicador Spaceman 1: 11041645213 = 1.48x","timestamp":"2025-11-10 12:03:18"}
{"level":"info","message":"🚀 Multiplicador Spaceman 1: 11041645213 = 1.49x","timestamp":"2025-11-10 12:03:18"}
{"level":"info","message":"🚀 Multiplicador Spaceman 1: 11041645213 = 1.5x","timestamp":"2025-11-10 12:03:18"}
{"level":"info","message":"🚀 Multiplicador Spaceman 1: 11041645213 = 1.51x","timestamp":"2025-11-10 12:03:18"}
{"level":"info","message":"🚀 Multiplicador Spaceman 1: 11041645213 = 1.52x","timestamp":"2025-11-10 12:03:18"}
{"level":"info","message":"🚀 Multiplicador Spaceman 1: 11041645213 = 1.53x","timestamp":"2025-11-10 12:03:18"}
{"level":"info","message":"🚀 Multiplicador Spaceman 1: 11041645213 = 1.54x","timestamp":"2025-11-10 12:03:18"}
{"level":"info","message":"🚀 Multiplicador Spaceman 1: 11041645213 = 1.55x","timestamp":"2025-11-10 12:03:18"}
{"level":"info","message":"🚀 Multiplicador Spaceman 1: 11041645213 = 1.56x","timestamp":"2025-11-10 12:03:18"}
{"level":"info","message":"🚀 Multiplicador Spaceman 1: 11041645213 = 1.57x","timestamp":"2025-11-10 12:03:18"}
{"level":"info","message":"🚀 Multiplicador Spaceman 1: 11041645213 = 1.58x","timestamp":"2025-11-10 12:03:18"}
{"level":"info","message":"🚀 Multiplicador Spaceman 1: 11041645313 = 1.01x","timestamp":"2025-11-10 12:03:29"}
{"level":"info","message":"🚀 Multiplicador Spaceman 1: 11041645313 = 1.02x","timestamp":"2025-11-10 12:03:29"}
{"level":"info","message":"🚀 Multiplicador Spaceman 1: 11041645313 = 1.03x","timestamp":"2025-11-10 12:03:29"}
{"level":"info","message":"🚀 Multiplicador Spaceman 1: 11041645313 = 1.04x","timestamp":"2025-11-10 12:03:29"}
{"level":"info","message":"🚀 Multiplicador Spaceman 1: 11041645313 = 1.05x","timestamp":"2025-11-10 12:03:29"}
{"level":"info","message":"🚀 Multiplicador Spaceman 1: 11041645313 = 1.06x","timestamp":"2025-11-10 12:03:29"}
{"level":"info","message":"🚀 Multiplicador Spaceman 1: 11041645313 = 1.07x","timestamp":"2025-11-10 12:03:29"}
{"level":"info","message":"🚀 Multiplicador Spaceman 1: 11041645313 = 1.08x","timestamp":"2025-11-10 12:03:29"}
{"level":"info","message":"🚀 Multiplicador Spaceman 1: 11041645313 = 1.09x","timestamp":"2025-11-10 12:03:29"}
{"level":"info","message":"🚀 Multiplicador Spaceman 1: 11041645313 = 1.1x","timestamp":"2025-11-10 12:03:30"}
{"level":"info","message":"🚀 Multiplicador Spaceman 1: 11041645313 = 1.11x","timestamp":"2025-11-10 12:03:30"}
{"level":"info","message":"🚀 Multiplicador Spaceman 1: 11041645313 = 1.12x","timestamp":"2025-11-10 12:03:30"}
{"level":"info","message":"🚀 Multiplicador Spaceman 1: 11041645313 = 1.13x","timestamp":"2025-11-10 12:03:30"}
{"level":"info","message":"🚀 Multiplicador Spaceman 1: 11041645313 = 1.14x","timestamp":"2025-11-10 12:03:30"}
{"level":"info","message":"🚀 Multiplicador Spaceman 1: 11041645313 = 1.15x","timestamp":"2025-11-10 12:03:30"}
{"level":"info","message":"🚀 Multiplicador Spaceman 1: 11041645313 = 1.16x","timestamp":"2025-11-10 12:03:30"}
{"level":"info","message":"🚀 Multiplicador Spaceman 1: 11041645313 = 1.17x","timestamp":"2025-11-10 12:03:30"}
{"level":"info","message":"🚀 Multiplicador Spaceman 1: 11041645313 = 1.18x","timestamp":"2025-11-10 12:03:30"}
{"level":"info","message":"🚀 Multiplicador Spaceman 1: 11041645313 = 1.19x","timestamp":"2025-11-10 12:03:31"}
{"level":"info","message":"🚀 Multiplicador Spaceman 1: 11041645313 = 1.2x","timestamp":"2025-11-10 12:03:31"}
{"level":"info","message":"🚀 Multiplicador Spaceman 1: 11041645313 = 1.21x","timestamp":"2025-11-10 12:03:31"}
{"level":"info","message":"🚀 Multiplicador Spaceman 1: 11041645313 = 1.22x","timestamp":"2025-11-10 12:03:31"}
{"level":"info","message":"🚀 Multiplicador Spaceman 1: 11041645313 = 1.23x","timestamp":"2025-11-10 12:03:31"}
{"level":"info","message":"🚀 Multiplicador Spaceman 1: 11041645313 = 1.24x","timestamp":"2025-11-10 12:03:31"}
{"level":"info","message":"🚀 Multiplicador Spaceman 1: 11041645313 = 1.25x","timestamp":"2025-11-10 12:03:31"}
{"level":"info","message":"🚀 Multiplicador Spaceman 1: 11041645313 = 1.26x","timestamp":"2025-11-10 12:03:31"}
{"level":"info","message":"🚀 Multiplicador Spaceman 1: 11041645313 = 1.27x","timestamp":"2025-11-10 12:03:31"}
{"level":"info","message":"🚀 Multiplicador Spaceman 1: 11041645313 = 1.28x","timestamp":"2025-11-10 12:03:31"}
{"level":"info","message":"🚀 Multiplicador Spaceman 1: 11041645313 = 1.29x","timestamp":"2025-11-10 12:03:32"}
{"level":"info","message":"🚀 Multiplicador Spaceman 1: 11041645313 = 1.3x","timestamp":"2025-11-10 12:03:32"}
{"level":"info","message":"🚀 Multiplicador Spaceman 1: 11041645313 = 1.31x","timestamp":"2025-11-10 12:03:32"}
{"level":"info","message":"🚀 Multiplicador Spaceman 1: 11041645313 = 1.32x","timestamp":"2025-11-10 12:03:32"}
{"level":"info","message":"🚀 Multiplicador Spaceman 1: 11041645313 = 1.33x","timestamp":"2025-11-10 12:03:32"}
{"level":"info","message":"🚀 Multiplicador Spaceman 1: 11041645313 = 1.34x","timestamp":"2025-11-10 12:03:32"}
{"level":"info","message":"🚀 Multiplicador Spaceman 1: 11041645313 = 1.35x","timestamp":"2025-11-10 12:03:32"}
{"level":"info","message":"🚀 Multiplicador Spaceman 1: 11041645313 = 1.36x","timestamp":"2025-11-10 12:03:32"}
{"level":"info","message":"🚀 Multiplicador Spaceman 1: 11041645313 = 1.37x","timestamp":"2025-11-10 12:03:32"}
{"level":"info","message":"🚀 Multiplicador Spaceman 1: 11041645313 = 1.38x","timestamp":"2025-11-10 12:03:32"}
{"level":"info","message":"🚀 Multiplicador Spaceman 1: 11041645313 = 1.39x","timestamp":"2025-11-10 12:03:32"}
{"level":"info","message":"🚀 Multiplicador Spaceman 1: 11041645313 = 1.4x","timestamp":"2025-11-10 12:03:33"}
{"level":"info","message":"🚀 Multiplicador Spaceman 1: 11041645313 = 1.41x","timestamp":"2025-11-10 12:03:33"}
{"level":"info","message":"🚀 Multiplicador Spaceman 1: 11041645313 = 1.42x","timestamp":"2025-11-10 12:03:33"}
{"level":"info","message":"🚀 Multiplicador Spaceman 1: 11041645313 = 1.43x","timestamp":"2025-11-10 12:03:33"}
{"level":"info","message":"🚀 Multiplicador Spaceman 1: 11041645313 = 1.44x","timestamp":"2025-11-10 12:03:33"}
{"level":"info","message":"🚀 Multiplicador Spaceman 1: 11041645313 = 1.45x","timestamp":"2025-11-10 12:03:33"}
{"level":"info","message":"🚀 Multiplicador Spaceman 1: 11041645313 = 1.46x","timestamp":"2025-11-10 12:03:33"}
{"level":"info","message":"🚀 Multiplicador Spaceman 1: 11041645313 = 1.47x","timestamp":"2025-11-10 12:03:33"}
{"level":"info","message":"🚀 Multiplicador Spaceman 1: 11041645313 = 1.48x","timestamp":"2025-11-10 12:03:33"}
{"level":"info","message":"🚀 Multiplicador Spaceman 1: 11041645313 = 1.49x","timestamp":"2025-11-10 12:03:33"}
{"level":"info","message":"🚀 Multiplicador Spaceman 1: 11041645313 = 1.5x","timestamp":"2025-11-10 12:03:33"}
{"level":"info","message":"🚀 Multiplicador Spaceman 1: 11041645313 = 1.51x","timestamp":"2025-11-10 12:03:33"}
{"level":"info","message":"🚀 Multiplicador Spaceman 1: 11041645313 = 1.52x","timestamp":"2025-11-10 12:03:33"}
{"level":"info","message":"🚀 Multiplicador Spaceman 1: 11041645313 = 1.53x","timestamp":"2025-11-10 12:03:34"}
{"level":"info","message":"🚀 Multiplicador Spaceman 1: 11041645313 = 1.54x","timestamp":"2025-11-10 12:03:34"}
{"level":"info","message":"🚀 Multiplicador Spaceman 1: 11041645313 = 1.55x","timestamp":"2025-11-10 12:03:34"}
{"level":"info","message":"🚀 Multiplicador Spaceman 1: 11041645313 = 1.56x","timestamp":"2025-11-10 12:03:34"}
{"level":"info","message":"🚀 Multiplicador Spaceman 1: 11041645313 = 1.57x","timestamp":"2025-11-10 12:03:34"}
{"level":"info","message":"🚀 Multiplicador Spaceman 1: 11041645313 = 1.58x","timestamp":"2025-11-10 12:03:34"}
{"level":"info","message":"🚀 Multiplicador Spaceman 1: 11041645313 = 1.59x","timestamp":"2025-11-10 12:03:34"}
{"level":"info","message":"🚀 Multiplicador Spaceman 1: 11041645313 = 1.6x","timestamp":"2025-11-10 12:03:34"}
{"level":"info","message":"🚀 Multiplicador Spaceman 1: 11041645313 = 1.61x","timestamp":"2025-11-10 12:03:34"}
{"level":"info","message":"🚀 Multiplicador Spaceman 1: 11041645313 = 1.62x","timestamp":"2025-11-10 12:03:34"}
{"level":"info","message":"🚀 Multiplicador Spaceman 1: 11041645313 = 1.63x","timestamp":"2025-11-10 12:03:34"}
{"level":"info","message":"🚀 Multiplicador Spaceman 1: 11041645313 = 1.64x","timestamp":"2025-11-10 12:03:34"}
{"level":"info","message":"🚀 Multiplicador Spaceman 1: 11041645313 = 1.65x","timestamp":"2025-11-10 12:03:35"}
{"level":"info","message":"🚀 Multiplicador Spaceman 1: 11041645313 = 1.66x","timestamp":"2025-11-10 12:03:35"}
{"level":"info","message":"🚀 Multiplicador Spaceman 1: 11041645313 = 1.67x","timestamp":"2025-11-10 12:03:35"}
{"level":"info","message":"🚀 Multiplicador Spaceman 1: 11041645313 = 1.68x","timestamp":"2025-11-10 12:03:35"}
{"level":"info","message":"🚀 Multiplicador Spaceman 1: 11041645313 = 1.69x","timestamp":"2025-11-10 12:03:35"}
{"level":"info","message":"🚀 Multiplicador Spaceman 1: 11041645313 = 1.7x","timestamp":"2025-11-10 12:03:35"}
{"level":"info","message":"🚀 Multiplicador Spaceman 1: 11041645313 = 1.71x","timestamp":"2025-11-10 12:03:35"}
{"level":"info","message":"🚀 Multiplicador Spaceman 1: 11041645313 = 1.72x","timestamp":"2025-11-10 12:03:35"}
{"level":"info","message":"🚀 Multiplicador Spaceman 1: 11041645313 = 1.73x","timestamp":"2025-11-10 12:03:35"}
{"level":"info","message":"🚀 Multiplicador Spaceman 1: 11041645313 = 1.74x","timestamp":"2025-11-10 12:03:35"}
{"level":"info","message":"🚀 Multiplicador Spaceman 1: 11041645313 = 1.75x","timestamp":"2025-11-10 12:03:35"}
{"level":"info","message":"🚀 Multiplicador Spaceman 1: 11041645313 = 1.76x","timestamp":"2025-11-10 12:03:35"}
{"level":"info","message":"🚀 Multiplicador Spaceman 1: 11041645313 = 1.77x","timestamp":"2025-11-10 12:03:35"}
{"level":"info","message":"🚀 Multiplicador Spaceman 1: 11041645313 = 1.78x","timestamp":"2025-11-10 12:03:35"}
{"level":"info","message":"🚀 Multiplicador Spaceman 1: 11041645313 = 1.79x","timestamp":"2025-11-10 12:03:35"}
{"level":"info","message":"🚀 Multiplicador Spaceman 1: 11041645313 = 1.8x","timestamp":"2025-11-10 12:03:36"}
{"level":"info","message":"🚀 Multiplicador Spaceman 1: 11041645313 = 1.81x","timestamp":"2025-11-10 12:03:36"}
{"level":"info","message":"🚀 Multiplicador Spaceman 1: 11041645313 = 1.82x","timestamp":"2025-11-10 12:03:36"}
{"level":"info","message":"🚀 Multiplicador Spaceman 1: 11041645313 = 1.83x","timestamp":"2025-11-10 12:03:36"}
{"level":"info","message":"🚀 Multiplicador Spaceman 1: 11041645313 = 1.84x","timestamp":"2025-11-10 12:03:36"}
{"level":"info","message":"🚀 Multiplicador Spaceman 1: 11041645313 = 1.85x","timestamp":"2025-11-10 12:03:36"}
{"level":"info","message":"🚀 Multiplicador Spaceman 1: 11041645313 = 1.86x","timestamp":"2025-11-10 12:03:36"}
{"level":"info","message":"🚀 Multiplicador Spaceman 1: 11041645313 = 1.87x","timestamp":"2025-11-10 12:03:36"}
{"level":"info","message":"🚀 Multiplicador Spaceman 1: 11041645313 = 1.88x","timestamp":"2025-11-10 12:03:36"}
{"level":"info","message":"🚀 Multiplicador Spaceman 1: 11041645313 = 1.89x","timestamp":"2025-11-10 12:03:36"}
{"level":"info","message":"🚀 Multiplicador Spaceman 1: 11041645313 = 1.9x","timestamp":"2025-11-10 12:03:36"}
{"level":"info","message":"🚀 Multiplicador Spaceman 1: 11041645313 = 1.91x","timestamp":"2025-11-10 12:03:36"}
{"level":"info","message":"🚀 Multiplicador Spaceman 1: 11041645313 = 1.92x","timestamp":"2025-11-10 12:03:36"}
{"level":"info","message":"🚀 Multiplicador Spaceman 1: 11041645313 = 1.93x","timestamp":"2025-11-10 12:03:36"}
{"level":"info","message":"🚀 Multiplicador Spaceman 1: 11041645313 = 1.94x","timestamp":"2025-11-10 12:03:36"}
{"level":"info","message":"🚀 Multiplicador Spaceman 1: 11041645313 = 1.95x","timestamp":"2025-11-10 12:03:36"}
{"level":"info","message":"🚀 Multiplicador Spaceman 1: 11041645313 = 1.96x","timestamp":"2025-11-10 12:03:37"}
{"level":"info","message":"🚀 Multiplicador Spaceman 1: 11041645313 = 1.97x","timestamp":"2025-11-10 12:03:37"}
{"level":"info","message":"🚀 Multiplicador Spaceman 1: 11041645313 = 1.98x","timestamp":"2025-11-10 12:03:37"}
{"level":"info","message":"🚀 Multiplicador Spaceman 1: 11041645313 = 1.99x","timestamp":"2025-11-10 12:03:37"}
{"level":"info","message":"🚀 Multiplicador Spaceman 1: 11041645313 = 2x","timestamp":"2025-11-10 12:03:37"}
{"level":"info","message":"🚀 Multiplicador Spaceman 1: 11041645313 = 2.01x","timestamp":"2025-11-10 12:03:37"}
{"level":"info","message":"🚀 Multiplicador Spaceman 1: 11041645313 = 2.02x","timestamp":"2025-11-10 12:03:37"}
{"level":"info","message":"🚀 Multiplicador Spaceman 1: 11041645313 = 2.03x","timestamp":"2025-11-10 12:03:37"}
{"level":"info","message":"🚀 Multiplicador Spaceman 1: 11041645313 = 2.04x","timestamp":"2025-11-10 12:03:37"}
{"level":"info","message":"🚀 Multiplicador Spaceman 1: 11041645313 = 2.05x","timestamp":"2025-11-10 12:03:37"}
{"level":"info","message":"🚀 Multiplicador Spaceman 1: 11041645313 = 2.06x","timestamp":"2025-11-10 12:03:37"}
{"level":"info","message":"🚀 Multiplicador Spaceman 1: 11041645313 = 2.07x","timestamp":"2025-11-10 12:03:37"}
{"level":"info","message":"🚀 Multiplicador Spaceman 1: 11041645313 = 2.08x","timestamp":"2025-11-10 12:03:37"}
{"level":"info","message":"🚀 Multiplicador Spaceman 1: 11041645313 = 2.09x","timestamp":"2025-11-10 12:03:37"}
{"level":"info","message":"🚀 Multiplicador Spaceman 1: 11041645313 = 2.1x","timestamp":"2025-11-10 12:03:37"}
{"level":"info","message":"🚀 Multiplicador Spaceman 1: 11041645313 = 2.11x","timestamp":"2025-11-10 12:03:37"}
{"level":"info","message":"🚀 Multiplicador Spaceman 1: 11041645313 = 2.12x","timestamp":"2025-11-10 12:03:37"}
{"level":"info","message":"🚀 Multiplicador Spaceman 1: 11041645313 = 2.13x","timestamp":"2025-11-10 12:03:38"}
{"level":"info","message":"🚀 Multiplicador Spaceman 1: 11041645313 = 2.14x","timestamp":"2025-11-10 12:03:38"}
{"level":"info","message":"🚀 Multiplicador Spaceman 1: 11041645313 = 2.15x","timestamp":"2025-11-10 12:03:38"}
{"level":"info","message":"🚀 Multiplicador Spaceman 1: 11041645313 = 2.16x","timestamp":"2025-11-10 12:03:38"}
{"level":"info","message":"🚀 Multiplicador Spaceman 1: 11041645313 = 2.17x","timestamp":"2025-11-10 12:03:38"}
{"level":"info","message":"🚀 Multiplicador Spaceman 1: 11041645313 = 2.18x","timestamp":"2025-11-10 12:03:38"}
{"level":"info","message":"🚀 Multiplicador Spaceman 1: 11041645313 = 2.19x","timestamp":"2025-11-10 12:03:38"}
{"level":"info","message":"🚀 Multiplicador Spaceman 1: 11041645313 = 2.2x","timestamp":"2025-11-10 12:03:38"}
{"level":"info","message":"🚀 Multiplicador Spaceman 1: 11041645313 = 2.21x","timestamp":"2025-11-10 12:03:38"}
{"level":"info","message":"🚀 Multiplicador Spaceman 1: 11041645313 = 2.22x","timestamp":"2025-11-10 12:03:38"}
{"level":"info","message":"🚀 Multiplicador Spaceman 1: 11041645313 = 2.23x","timestamp":"2025-11-10 12:03:38"}
{"level":"info","message":"🚀 Multiplicador Spaceman 1: 11041645313 = 2.24x","timestamp":"2025-11-10 12:03:38"}
{"level":"info","message":"🚀 Multiplicador Spaceman 1: 11041645313 = 2.25x","timestamp":"2025-11-10 12:03:38"}
{"level":"info","message":"🚀 Multiplicador Spaceman 1: 11041645313 = 2.27x","timestamp":"2025-11-10 12:03:38"}
{"level":"info","message":"🚀 Multiplicador Spaceman 1: 11041645313 = 2.28x","timestamp":"2025-11-10 12:03:38"}
{"level":"info","message":"🚀 Multiplicador Spaceman 1: 11041645313 = 2.29x","timestamp":"2025-11-10 12:03:38"}
{"level":"info","message":"🚀 Multiplicador Spaceman 1: 11041645313 = 2.3x","timestamp":"2025-11-10 12:03:38"}
{"level":"info","message":"🚀 Multiplicador Spaceman 1: 11041645313 = 2.31x","timestamp":"2025-11-10 12:03:39"}
{"level":"info","message":"🚀 Multiplicador Spaceman 1: 11041645313 = 2.32x","timestamp":"2025-11-10 12:03:39"}
{"level":"info","message":"🚀 Multiplicador Spaceman 1: 11041645313 = 2.33x","timestamp":"2025-11-10 12:03:39"}
{"level":"info","message":"🚀 Multiplicador Spaceman 1: 11041645313 = 2.34x","timestamp":"2025-11-10 12:03:39"}
{"level":"info","message":"🚀 Multiplicador Spaceman 1: 11041645313 = 2.35x","timestamp":"2025-11-10 12:03:39"}
{"level":"info","message":"🚀 Multiplicador Spaceman 1: 11041645313 = 2.36x","timestamp":"2025-11-10 12:03:39"}
{"level":"info","message":"🚀 Multiplicador Spaceman 1: 11041645313 = 2.38x","timestamp":"2025-11-10 12:03:39"}
{"level":"info","message":"🚀 Multiplicador Spaceman 1: 11041645313 = 2.39x","timestamp":"2025-11-10 12:03:39"}
{"level":"info","message":"🚀 Multiplicador Spaceman 1: 11041645313 = 2.4x","timestamp":"2025-11-10 12:03:39"}
{"level":"info","message":"🚀 Multiplicador Spaceman 1: 11041645313 = 2.41x","timestamp":"2025-11-10 12:03:39"}
{"level":"info","message":"🚀 Multiplicador Spaceman 1: 11041645313 = 2.42x","timestamp":"2025-11-10 12:03:39"}
{"level":"info","message":"🚀 Multiplicador Spaceman 1: 11041645313 = 2.43x","timestamp":"2025-11-10 12:03:39"}
{"level":"info","message":"🚀 Multiplicador Spaceman 1: 11041645313 = 2.44x","timestamp":"2025-11-10 12:03:39"}
{"level":"info","message":"🚀 Multiplicador Spaceman 1: 11041645313 = 2.45x","timestamp":"2025-11-10 12:03:39"}
{"level":"info","message":"🚀 Multiplicador Spaceman 1: 11041645313 = 2.46x","timestamp":"2025-11-10 12:03:39"}
{"level":"info","message":"🚀 Multiplicador Spaceman 1: 11041645313 = 2.47x","timestamp":"2025-11-10 12:03:39"}
{"level":"info","message":"🚀 Multiplicador Spaceman 1: 11041645313 = 2.48x","timestamp":"2025-11-10 12:03:39"}
{"level":"info","message":"🚀 Multiplicador Spaceman 1: 11041645313 = 2.49x","timestamp":"2025-11-10 12:03:39"}
{"level":"info","message":"🚀 Multiplicador Spaceman 1: 11041645313 = 2.5x","timestamp":"2025-11-10 12:03:39"}
{"level":"info","message":"🚀 Multiplicador Spaceman 1: 11041645313 = 2.51x","timestamp":"2025-11-10 12:03:40"}
{"level":"info","message":"🚀 Multiplicador Spaceman 1: 11041645313 = 2.52x","timestamp":"2025-11-10 12:03:40"}
{"level":"info","message":"🚀 Multiplicador Spaceman 1: 11041645313 = 2.54x","timestamp":"2025-11-10 12:03:40"}
{"level":"info","message":"🚀 Multiplicador Spaceman 1: 11041645313 = 2.55x","timestamp":"2025-11-10 12:03:40"}
{"level":"info","message":"🚀 Multiplicador Spaceman 1: 11041645313 = 2.56x","timestamp":"2025-11-10 12:03:40"}
{"level":"info","message":"🚀 Multiplicador Spaceman 1: 11041645313 = 2.57x","timestamp":"2025-11-10 12:03:40"}
{"level":"info","message":"🚀 Multiplicador Spaceman 1: 11041645313 = 2.58x","timestamp":"2025-11-10 12:03:40"}
{"level":"info","message":"🚀 Multiplicador Spaceman 1: 11041645313 = 2.59x","timestamp":"2025-11-10 12:03:40"}
{"level":"info","message":"🚀 Multiplicador Spaceman 1: 11041645313 = 2.6x","timestamp":"2025-11-10 12:03:40"}
{"level":"info","message":"🚀 Multiplicador Spaceman 1: 11041645313 = 2.61x","timestamp":"2025-11-10 12:03:40"}
{"level":"info","message":"🚀 Multiplicador Spaceman 1: 11041645313 = 2.62x","timestamp":"2025-11-10 12:03:40"}
{"level":"info","message":"🚀 Multiplicador Spaceman 1: 11041645313 = 2.63x","timestamp":"2025-11-10 12:03:40"}
{"level":"info","message":"🚀 Multiplicador Spaceman 1: 11041645313 = 2.65x","timestamp":"2025-11-10 12:03:40"}
{"level":"info","message":"🚀 Multiplicador Spaceman 1: 11041645313 = 2.66x","timestamp":"2025-11-10 12:03:40"}
{"level":"info","message":"🚀 Multiplicador Spaceman 1: 11041645313 = 2.67x","timestamp":"2025-11-10 12:03:40"}
{"level":"info","message":"🚀 Multiplicador Spaceman 1: 11041645313 = 2.69x","timestamp":"2025-11-10 12:03:40"}
{"level":"info","message":"🚀 Multiplicador Spaceman 1: 11041645313 = 2.7x","timestamp":"2025-11-10 12:03:40"}
{"level":"info","message":"🚀 Multiplicador Spaceman 1: 11041645313 = 2.71x","timestamp":"2025-11-10 12:03:40"}
{"level":"info","message":"🚀 Multiplicador Spaceman 1: 11041645313 = 2.73x","timestamp":"2025-11-10 12:03:41"}
{"level":"info","message":"🚀 Multiplicador Spaceman 1: 11041645313 = 2.74x","timestamp":"2025-11-10 12:03:41"}
{"level":"info","message":"🚀 Multiplicador Spaceman 1: 11041645313 = 2.75x","timestamp":"2025-11-10 12:03:41"}
{"level":"info","message":"🚀 Multiplicador Spaceman 1: 11041645313 = 2.76x","timestamp":"2025-11-10 12:03:41"}
{"level":"info","message":"🚀 Multiplicador Spaceman 1: 11041645313 = 2.77x","timestamp":"2025-11-10 12:03:41"}
{"level":"info","message":"🚀 Multiplicador Spaceman 1: 11041645313 = 2.78x","timestamp":"2025-11-10 12:03:41"}
{"level":"info","message":"🚀 Multiplicador Spaceman 1: 11041645313 = 2.79x","timestamp":"2025-11-10 12:03:41"}
{"level":"info","message":"🚀 Multiplicador Spaceman 1: 11041645313 = 2.81x","timestamp":"2025-11-10 12:03:41"}
{"level":"info","message":"🚀 Multiplicador Spaceman 1: 11041645313 = 2.82x","timestamp":"2025-11-10 12:03:41"}
{"level":"info","message":"🚀 Multiplicador Spaceman 1: 11041645313 = 2.83x","timestamp":"2025-11-10 12:03:41"}
{"level":"info","message":"🚀 Multiplicador Spaceman 1: 11041645313 = 2.84x","timestamp":"2025-11-10 12:03:41"}
{"level":"info","message":"🚀 Multiplicador Spaceman 1: 11041645313 = 2.86x","timestamp":"2025-11-10 12:03:41"}
{"level":"info","message":"🚀 Multiplicador Spaceman 1: 11041645313 = 2.87x","timestamp":"2025-11-10 12:03:41"}
{"level":"info","message":"🚀 Multiplicador Spaceman 1: 11041645313 = 2.89x","timestamp":"2025-11-10 12:03:41"}
{"level":"info","message":"🚀 Multiplicador Spaceman 1: 11041645313 = 2.9x","timestamp":"2025-11-10 12:03:41"}
{"level":"info","message":"🚀 Multiplicador Spaceman 1: 11041645313 = 2.91x","timestamp":"2025-11-10 12:03:41"}
{"level":"info","message":"🚀 Multiplicador Spaceman 1: 11041645313 = 2.93x","timestamp":"2025-11-10 12:03:41"}
{"level":"info","message":"🚀 Multiplicador Spaceman 1: 11041645313 = 2.94x","timestamp":"2025-11-10 12:03:41"}
{"level":"info","message":"🚀 Multiplicador Spaceman 1: 11041645313 = 2.95x","timestamp":"2025-11-10 12:03:42"}
{"level":"info","message":"🚀 Multiplicador Spaceman 1: 11041645313 = 2.96x","timestamp":"2025-11-10 12:03:42"}
{"level":"info","message":"🚀 Multiplicador Spaceman 1: 11041645313 = 2.98x","timestamp":"2025-11-10 12:03:42"}
{"level":"info","message":"🚀 Multiplicador Spaceman 1: 11041645313 = 2.99x","timestamp":"2025-11-10 12:03:42"}
{"level":"info","message":"🚀 Multiplicador Spaceman 1: 11041645313 = 3x","timestamp":"2025-11-10 12:03:42"}
{"level":"info","message":"🚀 Multiplicador Spaceman 1: 11041645313 = 3.01x","timestamp":"2025-11-10 12:03:42"}
{"level":"info","message":"🚀 Multiplicador Spaceman 1: 11041645313 = 3.03x","timestamp":"2025-11-10 12:03:42"}
{"level":"info","message":"🚀 Multiplicador Spaceman 1: 11041645313 = 3.04x","timestamp":"2025-11-10 12:03:42"}
{"level":"info","message":"🚀 Multiplicador Spaceman 1: 11041645313 = 3.06x","timestamp":"2025-11-10 12:03:42"}
{"level":"info","message":"🚀 Multiplicador Spaceman 1: 11041645313 = 3.07x","timestamp":"2025-11-10 12:03:42"}
{"level":"info","message":"🚀 Multiplicador Spaceman 1: 11041645313 = 3.09x","timestamp":"2025-11-10 12:03:42"}
{"level":"info","message":"🚀 Multiplicador Spaceman 1: 11041645313 = 3.1x","timestamp":"2025-11-10 12:03:42"}
{"level":"info","message":"🚀 Multiplicador Spaceman 1: 11041645313 = 3.11x","timestamp":"2025-11-10 12:03:42"}
{"level":"info","message":"🚀 Multiplicador Spaceman 1: 11041645313 = 3.13x","timestamp":"2025-11-10 12:03:42"}
{"level":"info","message":"🚀 Multiplicador Spaceman 1: 11041645313 = 3.14x","timestamp":"2025-11-10 12:03:42"}
{"level":"info","message":"🚀 Multiplicador Spaceman 1: 11041645313 = 3.15x","timestamp":"2025-11-10 12:03:42"}
{"level":"info","message":"🚀 Multiplicador Spaceman 1: 11041645313 = 3.16x","timestamp":"2025-11-10 12:03:42"}
{"level":"info","message":"🚀 Multiplicador Spaceman 1: 11041645313 = 3.18x","timestamp":"2025-11-10 12:03:42"}
{"level":"info","message":"🚀 Multiplicador Spaceman 1: 11041645313 = 3.19x","timestamp":"2025-11-10 12:03:42"}
{"level":"info","message":"🚀 Multiplicador Spaceman 1: 11041645313 = 3.21x","timestamp":"2025-11-10 12:03:42"}
{"level":"info","message":"🚀 Multiplicador Spaceman 1: 11041645313 = 3.22x","timestamp":"2025-11-10 12:03:43"}
{"level":"info","message":"🚀 Multiplicador Spaceman 1: 11041645313 = 3.25x","timestamp":"2025-11-10 12:03:43"}
{"level":"info","message":"🚀 Multiplicador Spaceman 1: 11041645313 = 3.26x","timestamp":"2025-11-10 12:03:43"}
{"level":"info","message":"🚀 Multiplicador Spaceman 1: 11041645313 = 3.28x","timestamp":"2025-11-10 12:03:43"}
{"level":"info","message":"🚀 Multiplicador Spaceman 1: 11041645313 = 3.29x","timestamp":"2025-11-10 12:03:43"}
{"level":"info","message":"🚀 Multiplicador Spaceman 1: 11041645313 = 3.31x","timestamp":"2025-11-10 12:03:43"}
{"level":"info","message":"🚀 Multiplicador Spaceman 1: 11041645313 = 3.32x","timestamp":"2025-11-10 12:03:43"}
{"level":"info","message":"🚀 Multiplicador Spaceman 1: 11041645313 = 3.33x","timestamp":"2025-11-10 12:03:43"}
{"level":"info","message":"🚀 Multiplicador Spaceman 1: 11041645313 = 3.35x","timestamp":"2025-11-10 12:03:43"}
{"level":"info","message":"🚀 Multiplicador Spaceman 1: 11041645313 = 3.36x","timestamp":"2025-11-10 12:03:43"}
{"level":"info","message":"🚀 Multiplicador Spaceman 1: 11041645313 = 3.37x","timestamp":"2025-11-10 12:03:43"}
{"level":"info","message":"🚀 Multiplicador Spaceman 1: 11041645313 = 3.39x","timestamp":"2025-11-10 12:03:43"}
{"level":"info","message":"🚀 Multiplicador Spaceman 1: 11041645313 = 3.4x","timestamp":"2025-11-10 12:03:43"}
{"level":"info","message":"🚀 Multiplicador Spaceman 1: 11041645313 = 3.42x","timestamp":"2025-11-10 12:03:43"}
{"level":"info","message":"🚀 Multiplicador Spaceman 1: 11041645313 = 3.44x","timestamp":"2025-11-10 12:03:43"}
{"level":"info","message":"🚀 Multiplicador Spaceman 1: 11041645313 = 3.45x","timestamp":"2025-11-10 12:03:43"}
{"level":"info","message":"🚀 Multiplicador Spaceman 1: 11041645313 = 3.47x","timestamp":"2025-11-10 12:03:43"}
{"level":"info","message":"🚀 Multiplicador Spaceman 1: 11041645313 = 3.48x","timestamp":"2025-11-10 12:03:43"}
{"level":"info","message":"🚀 Multiplicador Spaceman 1: 11041645313 = 3.5x","timestamp":"2025-11-10 12:03:44"}
{"level":"info","message":"🚀 Multiplicador Spaceman 1: 11041645313 = 3.51x","timestamp":"2025-11-10 12:03:44"}
{"level":"info","message":"🚀 Multiplicador Spaceman 1: 11041645313 = 3.52x","timestamp":"2025-11-10 12:03:44"}
{"level":"info","message":"🚀 Multiplicador Spaceman 1: 11041645313 = 3.54x","timestamp":"2025-11-10 12:03:44"}
{"level":"info","message":"🚀 Multiplicador Spaceman 1: 11041645313 = 3.56x","timestamp":"2025-11-10 12:03:44"}
{"level":"info","message":"🚀 Multiplicador Spaceman 1: 11041645313 = 3.57x","timestamp":"2025-11-10 12:03:44"}
{"level":"info","message":"🚀 Multiplicador Spaceman 1: 11041645313 = 3.58x","timestamp":"2025-11-10 12:03:44"}
{"level":"info","message":"🚀 Multiplicador Spaceman 1: 11041645313 = 3.6x","timestamp":"2025-11-10 12:03:44"}
{"level":"info","message":"🚀 Multiplicador Spaceman 1: 11041645313 = 3.61x","timestamp":"2025-11-10 12:03:44"}
{"level":"info","message":"🚀 Multiplicador Spaceman 1: 11041645313 = 3.63x","timestamp":"2025-11-10 12:03:44"}
{"level":"info","message":"🚀 Multiplicador Spaceman 1: 11041645313 = 3.64x","timestamp":"2025-11-10 12:03:44"}
{"level":"info","message":"🚀 Multiplicador Spaceman 1: 11041645313 = 3.66x","timestamp":"2025-11-10 12:03:44"}
{"level":"info","message":"🚀 Multiplicador Spaceman 1: 11041645313 = 3.69x","timestamp":"2025-11-10 12:03:44"}
{"level":"info","message":"🚀 Multiplicador Spaceman 1: 11041645313 = 3.7x","timestamp":"2025-11-10 12:03:44"}
{"level":"info","message":"🚀 Multiplicador Spaceman 1: 11041645313 = 3.72x","timestamp":"2025-11-10 12:03:44"}
{"level":"info","message":"🚀 Multiplicador Spaceman 1: 11041645313 = 3.74x","timestamp":"2025-11-10 12:03:44"}
{"level":"info","message":"🚀 Multiplicador Spaceman 1: 11041645313 = 3.76x","timestamp":"2025-11-10 12:03:44"}
{"level":"info","message":"🚀 Multiplicador Spaceman 1: 11041645313 = 3.77x","timestamp":"2025-11-10 12:03:44"}
{"level":"info","message":"🚀 Multiplicador Spaceman 1: 11041645313 = 3.79x","timestamp":"2025-11-10 12:03:44"}
{"level":"info","message":"🚀 Multiplicador Spaceman 1: 11041645313 = 3.8x","timestamp":"2025-11-10 12:03:45"}
{"level":"info","message":"🚀 Multiplicador Spaceman 1: 11041645313 = 3.82x","timestamp":"2025-11-10 12:03:45"}
{"level":"info","message":"🚀 Multiplicador Spaceman 1: 11041645313 = 3.84x","timestamp":"2025-11-10 12:03:45"}
{"level":"info","message":"🚀 Multiplicador Spaceman 1: 11041645313 = 3.85x","timestamp":"2025-11-10 12:03:45"}
{"level":"info","message":"🚀 Multiplicador Spaceman 1: 11041645313 = 3.87x","timestamp":"2025-11-10 12:03:45"}
{"level":"info","message":"🚀 Multiplicador Spaceman 1: 11041645313 = 3.9x","timestamp":"2025-11-10 12:03:45"}
{"level":"info","message":"🚀 Multiplicador Spaceman 1: 11041645313 = 3.92x","timestamp":"2025-11-10 12:03:45"}
{"level":"info","message":"🚀 Multiplicador Spaceman 1: 11041645313 = 3.94x","timestamp":"2025-11-10 12:03:45"}
{"level":"info","message":"🚀 Multiplicador Spaceman 1: 11041645313 = 3.95x","timestamp":"2025-11-10 12:03:45"}
{"level":"info","message":"🚀 Multiplicador Spaceman 1: 11041645313 = 3.97x","timestamp":"2025-11-10 12:03:45"}
{"level":"info","message":"🚀 Multiplicador Spaceman 1: 11041645313 = 3.99x","timestamp":"2025-11-10 12:03:45"}
{"level":"info","message":"🚀 Multiplicador Spaceman 1: 11041645313 = 4x","timestamp":"2025-11-10 12:03:45"}
{"level":"info","message":"🚀 Multiplicador Spaceman 1: 11041645313 = 4.02x","timestamp":"2025-11-10 12:03:45"}
{"level":"info","message":"🚀 Multiplicador Spaceman 1: 11041645313 = 4.04x","timestamp":"2025-11-10 12:03:45"}
{"level":"info","message":"🚀 Multiplicador Spaceman 1: 11041645313 = 4.05x","timestamp":"2025-11-10 12:03:45"}
{"level":"info","message":"🚀 Multiplicador Spaceman 1: 11041645313 = 4.07x","timestamp":"2025-11-10 12:03:45"}
{"level":"info","message":"🚀 Multiplicador Spaceman 1: 11041645313 = 4.09x","timestamp":"2025-11-10 12:03:45"}
{"level":"info","message":"🚀 Multiplicador Spaceman 1: 11041645313 = 4.11x","timestamp":"2025-11-10 12:03:45"}
{"level":"info","message":"🚀 Multiplicador Spaceman 1: 11041645313 = 4.12x","timestamp":"2025-11-10 12:03:45"}
{"level":"info","message":"🚀 Multiplicador Spaceman 1: 11041645313 = 4.14x","timestamp":"2025-11-10 12:03:46"}
{"level":"info","message":"🚀 Multiplicador Spaceman 1: 11041645313 = 4.17x","timestamp":"2025-11-10 12:03:46"}
{"level":"info","message":"🚀 Multiplicador Spaceman 1: 11041645313 = 4.18x","timestamp":"2025-11-10 12:03:46"}
{"level":"info","message":"🚀 Multiplicador Spaceman 1: 11041645313 = 4.2x","timestamp":"2025-11-10 12:03:46"}
{"level":"info","message":"🚀 Multiplicador Spaceman 1: 11041645313 = 4.22x","timestamp":"2025-11-10 12:03:46"}
{"level":"info","message":"🚀 Multiplicador Spaceman 1: 11041645313 = 4.24x","timestamp":"2025-11-10 12:03:46"}
{"level":"info","message":"🚀 Multiplicador Spaceman 1: 11041645313 = 4.26x","timestamp":"2025-11-10 12:03:46"}
{"level":"info","message":"🚀 Multiplicador Spaceman 1: 11041645313 = 4.27x","timestamp":"2025-11-10 12:03:46"}
{"level":"info","message":"🚀 Multiplicador Spaceman 1: 11041645313 = 4.29x","timestamp":"2025-11-10 12:03:46"}
{"level":"info","message":"🚀 Multiplicador Spaceman 1: 11041645313 = 4.31x","timestamp":"2025-11-10 12:03:46"}
{"level":"info","message":"🚀 Multiplicador Spaceman 1: 11041645313 = 4.33x","timestamp":"2025-11-10 12:03:46"}
{"level":"info","message":"🚀 Multiplicador Spaceman 1: 11041645313 = 4.35x","timestamp":"2025-11-10 12:03:46"}
{"level":"info","message":"🚀 Multiplicador Spaceman 1: 11041645313 = 4.37x","timestamp":"2025-11-10 12:03:46"}
{"level":"info","message":"🚀 Multiplicador Spaceman 1: 11041645313 = 4.39x","timestamp":"2025-11-10 12:03:46"}
{"level":"info","message":"🚀 Multiplicador Spaceman 1: 11041645313 = 4.41x","timestamp":"2025-11-10 12:03:46"}
{"level":"info","message":"🚀 Multiplicador Spaceman 1: 11041645313 = 4.43x","timestamp":"2025-11-10 12:03:46"}
{"level":"info","message":"🚀 Multiplicador Spaceman 1: 11041645313 = 4.45x","timestamp":"2025-11-10 12:03:46"}
{"level":"info","message":"🚀 Multiplicador Spaceman 1: 11041645313 = 4.47x","timestamp":"2025-11-10 12:03:46"}
{"level":"info","message":"🚀 Multiplicador Spaceman 1: 11041645313 = 4.49x","timestamp":"2025-11-10 12:03:47"}
{"level":"info","message":"🚀 Multiplicador Spaceman 1: 11041645313 = 4.51x","timestamp":"2025-11-10 12:03:47"}
{"level":"info","message":"🚀 Multiplicador Spaceman 1: 11041645313 = 4.53x","timestamp":"2025-11-10 12:03:47"}
{"level":"info","message":"🚀 Multiplicador Spaceman 1: 11041645313 = 4.55x","timestamp":"2025-11-10 12:03:47"}
{"level":"info","message":"🚀 Multiplicador Spaceman 1: 11041645313 = 4.57x","timestamp":"2025-11-10 12:03:47"}
{"level":"info","message":"🚀 Multiplicador Spaceman 1: 11041645313 = 4.59x","timestamp":"2025-11-10 12:03:47"}
{"level":"info","message":"🚀 Multiplicador Spaceman 1: 11041645313 = 4.61x","timestamp":"2025-11-10 12:03:47"}
{"level":"info","message":"🚀 Multiplicador Spaceman 1: 11041645313 = 4.63x","timestamp":"2025-11-10 12:03:47"}
{"level":"info","message":"🚀 Multiplicador Spaceman 1: 11041645313 = 4.65x","timestamp":"2025-11-10 12:03:47"}
{"level":"info","message":"🚀 Multiplicador Spaceman 1: 11041645313 = 4.67x","timestamp":"2025-11-10 12:03:47"}
{"level":"info","message":"🚀 Multiplicador Spaceman 1: 11041645313 = 4.69x","timestamp":"2025-11-10 12:03:47"}
{"level":"info","message":"🚀 Multiplicador Spaceman 1: 11041645313 = 4.71x","timestamp":"2025-11-10 12:03:47"}
{"level":"info","message":"🚀 Multiplicador Spaceman 1: 11041645313 = 4.73x","timestamp":"2025-11-10 12:03:47"}
{"level":"info","message":"🚀 Multiplicador Spaceman 1: 11041645313 = 4.75x","timestamp":"2025-11-10 12:03:47"}
{"level":"info","message":"🚀 Multiplicador Spaceman 1: 11041645313 = 4.78x","timestamp":"2025-11-10 12:03:47"}
{"level":"info","message":"🚀 Multiplicador Spaceman 1: 11041645313 = 4.8x","timestamp":"2025-11-10 12:03:47"}
{"level":"info","message":"🚀 Multiplicador Spaceman 1: 11041645313 = 4.82x","timestamp":"2025-11-10 12:03:47"}
{"level":"info","message":"🚀 Multiplicador Spaceman 1: 11041645313 = 4.84x","timestamp":"2025-11-10 12:03:47"}
{"level":"info","message":"🚀 Multiplicador Spaceman 1: 11041645313 = 4.86x","timestamp":"2025-11-10 12:03:47"}
{"level":"info","message":"🚀 Multiplicador Spaceman 1: 11041645313 = 4.88x","timestamp":"2025-11-10 12:03:48"}
{"level":"info","message":"🚀 Multiplicador Spaceman 1: 11041645313 = 4.89x","timestamp":"2025-11-10 12:03:48"}
{"level":"info","message":"🚀 Multiplicador Spaceman 1: 11041645313 = 4.92x","timestamp":"2025-11-10 12:03:48"}
{"level":"info","message":"🚀 Multiplicador Spaceman 1: 11041645313 = 4.94x","timestamp":"2025-11-10 12:03:48"}
{"level":"info","message":"🚀 Multiplicador Spaceman 1: 11041645313 = 4.96x","timestamp":"2025-11-10 12:03:48"}
{"level":"info","message":"🚀 Multiplicador Spaceman 1: 11041645313 = 4.98x","timestamp":"2025-11-10 12:03:48"}
{"level":"info","message":"🚀 Multiplicador Spaceman 1: 11041645313 = 5x","timestamp":"2025-11-10 12:03:48"}
{"level":"info","message":"🚀 Multiplicador Spaceman 1: 11041645313 = 5.05x","timestamp":"2025-11-10 12:03:48"}
{"level":"info","message":"🚀 Multiplicador Spaceman 1: 11041645313 = 5.07x","timestamp":"2025-11-10 12:03:48"}
{"level":"info","message":"🚀 Multiplicador Spaceman 1: 11041645313 = 5.09x","timestamp":"2025-11-10 12:03:48"}
{"level":"info","message":"🚀 Multiplicador Spaceman 1: 11041645313 = 5.11x","timestamp":"2025-11-10 12:03:48"}
{"level":"info","message":"🚀 Multiplicador Spaceman 1: 11041645313 = 5.13x","timestamp":"2025-11-10 12:03:48"}
{"level":"info","message":"🚀 Multiplicador Spaceman 1: 11041645313 = 5.15x","timestamp":"2025-11-10 12:03:48"}
{"level":"info","message":"🚀 Multiplicador Spaceman 1: 11041645313 = 5.17x","timestamp":"2025-11-10 12:03:48"}
{"level":"info","message":"🚀 Multiplicador Spaceman 1: 11041645313 = 5.19x","timestamp":"2025-11-10 12:03:48"}
{"level":"info","message":"🚀 Multiplicador Spaceman 1: 11041645313 = 5.22x","timestamp":"2025-11-10 12:03:48"}
{"level":"info","message":"🚀 Multiplicador Spaceman 1: 11041645313 = 5.24x","timestamp":"2025-11-10 12:03:48"}
{"level":"info","message":"🚀 Multiplicador Spaceman 1: 11041645313 = 5.26x","timestamp":"2025-11-10 12:03:48"}
{"level":"info","message":"🚀 Multiplicador Spaceman 1: 11041645313 = 5.29x","timestamp":"2025-11-10 12:03:49"}
{"level":"info","message":"🚀 Multiplicador Spaceman 1: 11041645313 = 5.33x","timestamp":"2025-11-10 12:03:49"}
{"level":"info","message":"🚀 Multiplicador Spaceman 1: 11041645313 = 5.35x","timestamp":"2025-11-10 12:03:49"}
{"level":"info","message":"🚀 Multiplicador Spaceman 1: 11041645313 = 5.37x","timestamp":"2025-11-10 12:03:49"}
{"level":"info","message":"🚀 Multiplicador Spaceman 1: 11041645313 = 5.39x","timestamp":"2025-11-10 12:03:49"}
{"level":"info","message":"🚀 Multiplicador Spaceman 1: 11041645313 = 5.42x","timestamp":"2025-11-10 12:03:49"}
{"level":"info","message":"🚀 Multiplicador Spaceman 1: 11041645313 = 5.44x","timestamp":"2025-11-10 12:03:49"}
{"level":"info","message":"🚀 Multiplicador Spaceman 1: 11041645313 = 5.47x","timestamp":"2025-11-10 12:03:49"}
{"level":"info","message":"🚀 Multiplicador Spaceman 1: 11041645313 = 5.49x","timestamp":"2025-11-10 12:03:49"}
{"level":"info","message":"🚀 Multiplicador Spaceman 1: 11041645313 = 5.51x","timestamp":"2025-11-10 12:03:49"}
{"level":"info","message":"🚀 Multiplicador Spaceman 1: 11041645313 = 5.53x","timestamp":"2025-11-10 12:03:49"}
{"level":"info","message":"🚀 Multiplicador Spaceman 1: 11041645313 = 5.56x","timestamp":"2025-11-10 12:03:49"}
{"level":"info","message":"🚀 Multiplicador Spaceman 1: 11041645313 = 5.58x","timestamp":"2025-11-10 12:03:49"}
{"level":"info","message":"🚀 Multiplicador Spaceman 1: 11041645313 = 5.6x","timestamp":"2025-11-10 12:03:49"}
{"level":"info","message":"🚀 Multiplicador Spaceman 1: 11041645313 = 5.63x","timestamp":"2025-11-10 12:03:49"}
{"level":"info","message":"🚀 Multiplicador Spaceman 1: 11041645313 = 5.65x","timestamp":"2025-11-10 12:03:49"}
{"level":"info","message":"🚀 Multiplicador Spaceman 1: 11041645313 = 5.69x","timestamp":"2025-11-10 12:03:49"}
{"level":"info","message":"🚀 Multiplicador Spaceman 1: 11041645313 = 5.71x","timestamp":"2025-11-10 12:03:49"}
{"level":"info","message":"🚀 Multiplicador Spaceman 1: 11041645313 = 5.74x","timestamp":"2025-11-10 12:03:49"}
{"level":"info","message":"🚀 Multiplicador Spaceman 1: 11041645313 = 5.76x","timestamp":"2025-11-10 12:03:50"}
{"level":"info","message":"🚀 Multiplicador Spaceman 1: 11041645313 = 5.78x","timestamp":"2025-11-10 12:03:50"}
{"level":"info","message":"🚀 Multiplicador Spaceman 1: 11041645313 = 5.81x","timestamp":"2025-11-10 12:03:50"}
{"level":"info","message":"🚀 Multiplicador Spaceman 1: 11041645313 = 5.83x","timestamp":"2025-11-10 12:03:50"}
{"level":"info","message":"🚀 Multiplicador Spaceman 1: 11041645313 = 5.86x","timestamp":"2025-11-10 12:03:50"}
{"level":"info","message":"🚀 Multiplicador Spaceman 1: 11041645313 = 5.88x","timestamp":"2025-11-10 12:03:50"}
{"level":"info","message":"🚀 Multiplicador Spaceman 1: 11041645313 = 5.91x","timestamp":"2025-11-10 12:03:50"}
{"level":"info","message":"🚀 Multiplicador Spaceman 1: 11041645313 = 5.93x","timestamp":"2025-11-10 12:03:50"}
{"level":"info","message":"🚀 Multiplicador Spaceman 1: 11041645313 = 5.95x","timestamp":"2025-11-10 12:03:50"}
{"level":"info","message":"🚀 Multiplicador Spaceman 1: 11041645313 = 5.98x","timestamp":"2025-11-10 12:03:50"}
{"level":"info","message":"🚀 Multiplicador Spaceman 1: 11041645313 = 6.01x","timestamp":"2025-11-10 12:03:50"}
{"level":"info","message":"🚀 Multiplicador Spaceman 1: 11041645313 = 6.03x","timestamp":"2025-11-10 12:03:50"}
{"level":"info","message":"🚀 Multiplicador Spaceman 1: 11041645313 = 6.07x","timestamp":"2025-11-10 12:03:50"}
{"level":"info","message":"🚀 Multiplicador Spaceman 1: 11041645313 = 6.1x","timestamp":"2025-11-10 12:03:50"}
{"level":"info","message":"🚀 Multiplicador Spaceman 1: 11041645313 = 6.12x","timestamp":"2025-11-10 12:03:50"}
{"level":"info","message":"🚀 Multiplicador Spaceman 1: 11041645313 = 6.16x","timestamp":"2025-11-10 12:03:50"}
{"level":"info","message":"🚀 Multiplicador Spaceman 1: 11041645313 = 6.18x","timestamp":"2025-11-10 12:03:50"}
{"level":"info","message":"🚀 Multiplicador Spaceman 1: 11041645313 = 6.21x","timestamp":"2025-11-10 12:03:50"}
{"level":"info","message":"🚀 Multiplicador Spaceman 1: 11041645313 = 6.23x","timestamp":"2025-11-10 12:03:50"}
{"level":"info","message":"🚀 Multiplicador Spaceman 1: 11041645313 = 6.26x","timestamp":"2025-11-10 12:03:51"}
{"level":"info","message":"🚀 Multiplicador Spaceman 1: 11041645313 = 6.29x","timestamp":"2025-11-10 12:03:51"}
{"level":"info","message":"🚀 Multiplicador Spaceman 1: 11041645313 = 6.31x","timestamp":"2025-11-10 12:03:51"}
{"level":"info","message":"🚀 Multiplicador Spaceman 1: 11041645313 = 6.34x","timestamp":"2025-11-10 12:03:51"}
{"level":"info","message":"🚀 Multiplicador Spaceman 1: 11041645313 = 6.37x","timestamp":"2025-11-10 12:03:51"}
{"level":"info","message":"🚀 Multiplicador Spaceman 1: 11041645313 = 6.4x","timestamp":"2025-11-10 12:03:51"}
{"level":"info","message":"🚀 Multiplicador Spaceman 1: 11041645313 = 6.43x","timestamp":"2025-11-10 12:03:51"}
{"level":"info","message":"🚀 Multiplicador Spaceman 1: 11041645313 = 6.45x","timestamp":"2025-11-10 12:03:51"}
{"level":"info","message":"🚀 Multiplicador Spaceman 1: 11041645313 = 6.48x","timestamp":"2025-11-10 12:03:51"}
{"level":"info","message":"🚀 Multiplicador Spaceman 1: 11041645313 = 6.5x","timestamp":"2025-11-10 12:03:51"}
{"level":"info","message":"🚀 Multiplicador Spaceman 1: 11041645313 = 6.53x","timestamp":"2025-11-10 12:03:51"}
{"level":"info","message":"🚀 Multiplicador Spaceman 1: 11041645313 = 6.56x","timestamp":"2025-11-10 12:03:51"}
{"level":"info","message":"🚀 Multiplicador Spaceman 1: 11041645313 = 6.58x","timestamp":"2025-11-10 12:03:51"}
{"level":"info","message":"🚀 Multiplicador Spaceman 1: 11041645313 = 6.61x","timestamp":"2025-11-10 12:03:51"}
{"level":"info","message":"🚀 Multiplicador Spaceman 1: 11041645313 = 6.64x","timestamp":"2025-11-10 12:03:51"}
{"level":"info","message":"🚀 Multiplicador Spaceman 1: 11041645313 = 6.67x","timestamp":"2025-11-10 12:03:51"}
{"level":"info","message":"🚀 Multiplicador Spaceman 1: 11041645313 = 6.7x","timestamp":"2025-11-10 12:03:51"}
{"level":"info","message":"🚀 Multiplicador Spaceman 1: 11041645313 = 6.73x","timestamp":"2025-11-10 12:03:51"}
{"level":"info","message":"🚀 Multiplicador Spaceman 1: 11041645313 = 6.76x","timestamp":"2025-11-10 12:03:51"}
{"level":"info","message":"🚀 Multiplicador Spaceman 1: 11041645313 = 6.79x","timestamp":"2025-11-10 12:03:52"}
{"level":"info","message":"🚀 Multiplicador Spaceman 1: 11041645313 = 6.82x","timestamp":"2025-11-10 12:03:52"}
{"level":"info","message":"🚀 Multiplicador Spaceman 1: 11041645313 = 6.87x","timestamp":"2025-11-10 12:03:52"}
{"level":"info","message":"🚀 Multiplicador Spaceman 1: 11041645313 = 6.89x","timestamp":"2025-11-10 12:03:52"}
{"level":"info","message":"🚀 Multiplicador Spaceman 1: 11041645313 = 6.92x","timestamp":"2025-11-10 12:03:52"}
{"level":"info","message":"🚀 Multiplicador Spaceman 1: 11041645313 = 6.95x","timestamp":"2025-11-10 12:03:52"}
{"level":"info","message":"🚀 Multiplicador Spaceman 1: 11041645313 = 6.97x","timestamp":"2025-11-10 12:03:52"}
{"level":"info","message":"🚀 Multiplicador Spaceman 1: 11041645313 = 7x","timestamp":"2025-11-10 12:03:52"}
{"level":"info","message":"🚀 Multiplicador Spaceman 1: 11041645313 = 7.03x","timestamp":"2025-11-10 12:03:52"}
{"level":"info","message":"🚀 Multiplicador Spaceman 1: 11041645313 = 7.06x","timestamp":"2025-11-10 12:03:52"}
{"level":"info","message":"🚀 Multiplicador Spaceman 1: 11041645313 = 7.09x","timestamp":"2025-11-10 12:03:52"}
{"level":"info","message":"🚀 Multiplicador Spaceman 1: 11041645313 = 7.12x","timestamp":"2025-11-10 12:03:52"}
{"level":"info","message":"🚀 Multiplicador Spaceman 1: 11041645313 = 7.15x","timestamp":"2025-11-10 12:03:52"}
{"level":"info","message":"🚀 Multiplicador Spaceman 1: 11041645313 = 7.18x","timestamp":"2025-11-10 12:03:52"}
{"level":"info","message":"🚀 Multiplicador Spaceman 1: 11041645313 = 7.21x","timestamp":"2025-11-10 12:03:52"}
{"level":"info","message":"🚀 Multiplicador Spaceman 1: 11041645313 = 7.24x","timestamp":"2025-11-10 12:03:52"}
{"level":"info","message":"🚀 Multiplicador Spaceman 1: 11041645313 = 7.28x","timestamp":"2025-11-10 12:03:52"}
{"level":"info","message":"🚀 Multiplicador Spaceman 1: 11041645313 = 7.31x","timestamp":"2025-11-10 12:03:52"}
{"level":"info","message":"🚀 Multiplicador Spaceman 1: 11041645313 = 7.35x","timestamp":"2025-11-10 12:03:52"}
{"level":"info","message":"🚀 Multiplicador Spaceman 1: 11041645313 = 7.38x","timestamp":"2025-11-10 12:03:53"}
{"level":"info","message":"🚀 Multiplicador Spaceman 1: 11041645313 = 7.41x","timestamp":"2025-11-10 12:03:53"}
{"level":"info","message":"🚀 Multiplicador Spaceman 1: 11041645313 = 7.43x","timestamp":"2025-11-10 12:03:53"}
{"level":"info","message":"🚀 Multiplicador Spaceman 1: 11041645313 = 7.47x","timestamp":"2025-11-10 12:03:53"}
{"level":"info","message":"🚀 Multiplicador Spaceman 1: 11041645313 = 7.5x","timestamp":"2025-11-10 12:03:53"}
{"level":"info","message":"🚀 Multiplicador Spaceman 1: 11041645313 = 7.53x","timestamp":"2025-11-10 12:03:53"}
{"level":"info","message":"🚀 Multiplicador Spaceman 1: 11041645313 = 7.56x","timestamp":"2025-11-10 12:03:53"}
{"level":"info","message":"🚀 Multiplicador Spaceman 1: 11041645313 = 7.59x","timestamp":"2025-11-10 12:03:53"}
{"level":"info","message":"🚀 Multiplicador Spaceman 1: 11041645313 = 7.62x","timestamp":"2025-11-10 12:03:53"}
{"level":"info","message":"🚀 Multiplicador Spaceman 1: 11041645313 = 7.65x","timestamp":"2025-11-10 12:03:53"}
{"level":"info","message":"🚀 Multiplicador Spaceman 1: 11041645313 = 7.69x","timestamp":"2025-11-10 12:03:53"}
{"level":"info","message":"🚀 Multiplicador Spaceman 1: 11041645313 = 7.72x","timestamp":"2025-11-10 12:03:53"}
{"level":"info","message":"🚀 Multiplicador Spaceman 1: 11041645313 = 7.77x","timestamp":"2025-11-10 12:03:53"}
{"level":"info","message":"🚀 Multiplicador Spaceman 1: 11041645313 = 7.8x","timestamp":"2025-11-10 12:03:53"}
{"level":"info","message":"🚀 Multiplicador Spaceman 1: 11041645313 = 7.84x","timestamp":"2025-11-10 12:03:53"}
{"level":"info","message":"🚀 Multiplicador Spaceman 1: 11041645313 = 7.87x","timestamp":"2025-11-10 12:03:53"}
{"level":"info","message":"🚀 Multiplicador Spaceman 1: 11041645313 = 7.91x","timestamp":"2025-11-10 12:03:53"}
{"level":"info","message":"🚀 Multiplicador Spaceman 1: 11041645313 = 7.94x","timestamp":"2025-11-10 12:03:53"}
{"level":"info","message":"🚀 Multiplicador Spaceman 1: 11041645313 = 7.97x","timestamp":"2025-11-10 12:03:53"}
{"level":"info","message":"🚀 Multiplicador Spaceman 1: 11041645313 = 8.01x","timestamp":"2025-11-10 12:03:54"}
{"level":"info","message":"🚀 Multiplicador Spaceman 1: 11041645313 = 8.04x","timestamp":"2025-11-10 12:03:54"}
{"level":"info","message":"🚀 Multiplicador Spaceman 1: 11041645313 = 8.07x","timestamp":"2025-11-10 12:03:54"}
{"level":"info","message":"🚀 Multiplicador Spaceman 1: 11041645313 = 8.1x","timestamp":"2025-11-10 12:03:54"}
{"level":"info","message":"🚀 Multiplicador Spaceman 1: 11041645313 = 8.13x","timestamp":"2025-11-10 12:03:54"}
{"level":"info","message":"🚀 Multiplicador Spaceman 1: 11041645313 = 8.17x","timestamp":"2025-11-10 12:03:54"}
{"level":"info","message":"🚀 Multiplicador Spaceman 1: 11041645313 = 8.2x","timestamp":"2025-11-10 12:03:54"}
{"level":"info","message":"🚀 Multiplicador Spaceman 1: 11041645313 = 8.23x","timestamp":"2025-11-10 12:03:54"}
{"level":"info","message":"🚀 Multiplicador Spaceman 1: 11041645313 = 8.27x","timestamp":"2025-11-10 12:03:54"}
{"level":"info","message":"🚀 Multiplicador Spaceman 1: 11041645313 = 8.32x","timestamp":"2025-11-10 12:03:54"}
{"level":"info","message":"🚀 Multiplicador Spaceman 1: 11041645313 = 8.36x","timestamp":"2025-11-10 12:03:54"}
{"level":"info","message":"🚀 Multiplicador Spaceman 1: 11041645313 = 8.39x","timestamp":"2025-11-10 12:03:54"}
{"level":"info","message":"🚀 Multiplicador Spaceman 1: 11041645313 = 8.43x","timestamp":"2025-11-10 12:03:54"}
{"level":"info","message":"🚀 Multiplicador Spaceman 1: 11041645313 = 8.47x","timestamp":"2025-11-10 12:03:54"}
{"level":"info","message":"🚀 Multiplicador Spaceman 1: 11041645313 = 8.51x","timestamp":"2025-11-10 12:03:54"}
{"level":"info","message":"🚀 Multiplicador Spaceman 1: 11041645313 = 8.54x","timestamp":"2025-11-10 12:03:54"}
{"level":"info","message":"🚀 Multiplicador Spaceman 1: 11041645313 = 8.58x","timestamp":"2025-11-10 12:03:54"}
{"level":"info","message":"🚀 Multiplicador Spaceman 1: 11041645313 = 8.62x","timestamp":"2025-11-10 12:03:54"}
{"level":"info","message":"🚀 Multiplicador Spaceman 1: 11041645313 = 8.65x","timestamp":"2025-11-10 12:03:54"}
{"level":"info","message":"🚀 Multiplicador Spaceman 1: 11041645313 = 8.69x","timestamp":"2025-11-10 12:03:54"}
{"level":"info","message":"🚀 Multiplicador Spaceman 1: 11041645313 = 8.73x","timestamp":"2025-11-10 12:03:55"}
{"level":"info","message":"🚀 Multiplicador Spaceman 1: 11041645313 = 8.76x","timestamp":"2025-11-10 12:03:55"}
{"level":"info","message":"🚀 Multiplicador Spaceman 1: 11041645313 = 8.8x","timestamp":"2025-11-10 12:03:55"}
{"level":"info","message":"🚀 Multiplicador Spaceman 1: 11041645313 = 8.84x","timestamp":"2025-11-10 12:03:55"}
{"level":"info","message":"🚀 Multiplicador Spaceman 1: 11041645313 = 8.87x","timestamp":"2025-11-10 12:03:55"}
{"level":"info","message":"🚀 Multiplicador Spaceman 1: 11041645313 = 8.91x","timestamp":"2025-11-10 12:03:55"}
{"level":"info","message":"🚀 Multiplicador Spaceman 1: 11041645313 = 8.95x","timestamp":"2025-11-10 12:03:55"}
{"level":"info","message":"🚀 Multiplicador Spaceman 1: 11041645313 = 8.98x","timestamp":"2025-11-10 12:03:55"}
{"level":"info","message":"🚀 Multiplicador Spaceman 1: 11041645313 = 9.02x","timestamp":"2025-11-10 12:03:55"}
{"level":"info","message":"🚀 Multiplicador Spaceman 1: 11041645313 = 9.06x","timestamp":"2025-11-10 12:03:55"}
{"level":"info","message":"🚀 Multiplicador Spaceman 1: 11041645313 = 9.1x","timestamp":"2025-11-10 12:03:55"}
{"level":"info","message":"🚀 Multiplicador Spaceman 1: 11041645313 = 9.14x","timestamp":"2025-11-10 12:03:55"}
{"level":"info","message":"🚀 Multiplicador Spaceman 1: 11041645313 = 9.18x","timestamp":"2025-11-10 12:03:55"}
{"level":"info","message":"🚀 Multiplicador Spaceman 1: 11041645313 = 9.22x","timestamp":"2025-11-10 12:03:55"}
{"level":"info","message":"🚀 Multiplicador Spaceman 1: 11041645313 = 9.26x","timestamp":"2025-11-10 12:03:55"}
{"level":"info","message":"🚀 Multiplicador Spaceman 1: 11041645313 = 9.3x","timestamp":"2025-11-10 12:03:55"}
{"level":"info","message":"🚀 Multiplicador Spaceman 1: 11041645313 = 9.31x","timestamp":"2025-11-10 12:03:55"}
{"level":"info","message":"🚀 Multiplicador Spaceman 1: 11041645413 = 1.01x","timestamp":"2025-11-10 12:04:06"}
{"level":"info","message":"🚀 Multiplicador Spaceman 1: 11041645513 = 1x","timestamp":"2025-11-10 12:04:16"}
{"level":"info","message":"🚀 Multiplicador Spaceman 1: 11041645613 = 1x","timestamp":"2025-11-10 12:04:26"}
{"level":"info","message":"🚀 Multiplicador Spaceman 1: 11041645713 = 1.01x","timestamp":"2025-11-10 12:04:36"}
{"level":"info","message":"🚀 Multiplicador Spaceman 1: 11041645713 = 1.02x","timestamp":"2025-11-10 12:04:36"}
{"level":"info","message":"🚀 Multiplicador Spaceman 1: 11041645713 = 1.03x","timestamp":"2025-11-10 12:04:36"}
{"level":"info","message":"🚀 Multiplicador Spaceman 1: 11041645713 = 1.04x","timestamp":"2025-11-10 12:04:36"}
{"level":"info","message":"🚀 Multiplicador Spaceman 1: 11041645713 = 1.05x","timestamp":"2025-11-10 12:04:37"}
{"level":"info","message":"🚀 Multiplicador Spaceman 1: 11041645713 = 1.06x","timestamp":"2025-11-10 12:04:37"}
{"level":"info","message":"🚀 Multiplicador Spaceman 1: 11041645713 = 1.07x","timestamp":"2025-11-10 12:04:37"}
{"level":"info","message":"🚀 Multiplicador Spaceman 1: 11041645713 = 1.08x","timestamp":"2025-11-10 12:04:37"}
{"level":"info","message":"🚀 Multiplicador Spaceman 1: 11041645713 = 1.09x","timestamp":"2025-11-10 12:04:37"}
{"level":"info","message":"🚀 Multiplicador Spaceman 1: 11041645713 = 1.1x","timestamp":"2025-11-10 12:04:37"}
{"level":"info","message":"🚀 Multiplicador Spaceman 1: 11041645713 = 1.11x","timestamp":"2025-11-10 12:04:37"}
{"level":"info","message":"🚀 Multiplicador Spaceman 1: 11041645713 = 1.12x","timestamp":"2025-11-10 12:04:37"}
{"level":"info","message":"🚀 Multiplicador Spaceman 1: 11041645713 = 1.13x","timestamp":"2025-11-10 12:04:37"}
{"level":"info","message":"🚀 Multiplicador Spaceman 1: 11041645713 = 1.14x","timestamp":"2025-11-10 12:04:38"}
{"level":"info","message":"🚀 Multiplicador Spaceman 1: 11041645713 = 1.15x","timestamp":"2025-11-10 12:04:38"}
{"level":"info","message":"🚀 Multiplicador Spaceman 1: 11041645713 = 1.16x","timestamp":"2025-11-10 12:04:38"}
{"level":"info","message":"🚀 Multiplicador Spaceman 1: 11041645713 = 1.17x","timestamp":"2025-11-10 12:04:38"}
{"level":"info","message":"🚀 Multiplicador Spaceman 1: 11041645713 = 1.18x","timestamp":"2025-11-10 12:04:38"}
{"level":"info","message":"🚀 Multiplicador Spaceman 1: 11041645713 = 1.19x","timestamp":"2025-11-10 12:04:38"}
{"level":"info","message":"🚀 Multiplicador Spaceman 1: 11041645713 = 1.2x","timestamp":"2025-11-10 12:04:38"}
{"level":"info","message":"🚀 Multiplicador Spaceman 1: 11041645713 = 1.21x","timestamp":"2025-11-10 12:04:38"}
{"level":"info","message":"🚀 Multiplicador Spaceman 1: 11041645713 = 1.22x","timestamp":"2025-11-10 12:04:38"}
{"level":"info","message":"🚀 Multiplicador Spaceman 1: 11041645713 = 1.23x","timestamp":"2025-11-10 12:04:38"}
{"level":"info","message":"🚀 Multiplicador Spaceman 1: 11041645713 = 1.24x","timestamp":"2025-11-10 12:04:39"}
{"level":"info","message":"🚀 Multiplicador Spaceman 1: 11041645713 = 1.25x","timestamp":"2025-11-10 12:04:39"}
{"level":"info","message":"🚀 Multiplicador Spaceman 1: 11041645713 = 1.26x","timestamp":"2025-11-10 12:04:39"}
{"level":"info","message":"🚀 Multiplicador Spaceman 1: 11041645713 = 1.27x","timestamp":"2025-11-10 12:04:39"}
{"level":"info","message":"🚀 Multiplicador Spaceman 1: 11041645713 = 1.28x","timestamp":"2025-11-10 12:04:39"}
{"level":"info","message":"🚀 Multiplicador Spaceman 1: 11041645713 = 1.29x","timestamp":"2025-11-10 12:04:39"}
{"level":"info","message":"🚀 Multiplicador Spaceman 1: 11041645713 = 1.3x","timestamp":"2025-11-10 12:04:39"}
{"level":"info","message":"🚀 Multiplicador Spaceman 1: 11041645813 = 1.01x","timestamp":"2025-11-10 12:04:49"}
{"level":"info","message":"🚀 Multiplicador Spaceman 1: 11041645813 = 1.02x","timestamp":"2025-11-10 12:04:49"}
{"level":"info","message":"🚀 Multiplicador Spaceman 1: 11041645813 = 1.03x","timestamp":"2025-11-10 12:04:50"}
{"level":"info","message":"🚀 Multiplicador Spaceman 1: 11041645813 = 1.04x","timestamp":"2025-11-10 12:04:50"}
{"level":"info","message":"🚀 Multiplicador Spaceman 1: 11041645813 = 1.05x","timestamp":"2025-11-10 12:04:50"}
{"level":"info","message":"🚀 Multiplicador Spaceman 1: 11041645813 = 1.06x","timestamp":"2025-11-10 12:04:50"}
{"level":"info","message":"🚀 Multiplicador Spaceman 1: 11041645813 = 1.07x","timestamp":"2025-11-10 12:04:50"}
{"level":"info","message":"🚀 Multiplicador Spaceman 1: 11041645813 = 1.08x","timestamp":"2025-11-10 12:04:50"}
{"level":"info","message":"🚀 Multiplicador Spaceman 1: 11041645813 = 1.09x","timestamp":"2025-11-10 12:04:50"}
{"level":"info","message":"🚀 Multiplicador Spaceman 1: 11041645813 = 1.1x","timestamp":"2025-11-10 12:04:50"}
{"level":"info","message":"🚀 Multiplicador Spaceman 1: 11041645813 = 1.11x","timestamp":"2025-11-10 12:04:50"}
{"level":"info","message":"🚀 Multiplicador Spaceman 1: 11041645813 = 1.12x","timestamp":"2025-11-10 12:04:51"}
{"level":"info","message":"🚀 Multiplicador Spaceman 1: 11041645813 = 1.13x","timestamp":"2025-11-10 12:04:51"}
{"level":"info","message":"🚀 Multiplicador Spaceman 1: 11041645813 = 1.14x","timestamp":"2025-11-10 12:04:51"}
{"level":"info","message":"🚀 Multiplicador Spaceman 1: 11041645813 = 1.15x","timestamp":"2025-11-10 12:04:51"}
{"level":"info","message":"🚀 Multiplicador Spaceman 1: 11041645813 = 1.16x","timestamp":"2025-11-10 12:04:51"}
{"level":"info","message":"🚀 Multiplicador Spaceman 1: 11041645813 = 1.17x","timestamp":"2025-11-10 12:04:51"}
{"level":"info","message":"🚀 Multiplicador Spaceman 1: 11041645813 = 1.18x","timestamp":"2025-11-10 12:04:51"}
{"level":"info","message":"🚀 Multiplicador Spaceman 1: 11041645813 = 1.19x","timestamp":"2025-11-10 12:04:51"}
{"level":"info","message":"🚀 Multiplicador Spaceman 1: 11041645813 = 1.2x","timestamp":"2025-11-10 12:04:51"}
{"level":"info","message":"🚀 Multiplicador Spaceman 1: 11041645813 = 1.21x","timestamp":"2025-11-10 12:04:51"}
{"level":"info","message":"🚀 Multiplicador Spaceman 1: 11041645813 = 1.22x","timestamp":"2025-11-10 12:04:52"}
{"level":"info","message":"🚀 Multiplicador Spaceman 1: 11041645813 = 1.23x","timestamp":"2025-11-10 12:04:52"}
{"level":"info","message":"🚀 Multiplicador Spaceman 1: 11041645813 = 1.24x","timestamp":"2025-11-10 12:04:52"}
{"level":"info","message":"🚀 Multiplicador Spaceman 1: 11041645813 = 1.25x","timestamp":"2025-11-10 12:04:52"}
{"level":"info","message":"🚀 Multiplicador Spaceman 1: 11041645813 = 1.26x","timestamp":"2025-11-10 12:04:52"}
{"level":"info","message":"🚀 Multiplicador Spaceman 1: 11041645813 = 1.27x","timestamp":"2025-11-10 12:04:52"}
{"level":"info","message":"🚀 Multiplicador Spaceman 1: 11041645813 = 1.28x","timestamp":"2025-11-10 12:04:52"}
{"level":"info","message":"🚀 Multiplicador Spaceman 1: 11041645813 = 1.29x","timestamp":"2025-11-10 12:04:52"}
{"level":"info","message":"🚀 Multiplicador Spaceman 1: 11041645813 = 1.3x","timestamp":"2025-11-10 12:04:52"}
{"level":"info","message":"🚀 Multiplicador Spaceman 1: 11041645813 = 1.31x","timestamp":"2025-11-10 12:04:52"}
{"level":"info","message":"🚀 Multiplicador Spaceman 1: 11041645813 = 1.32x","timestamp":"2025-11-10 12:04:53"}
{"level":"info","message":"🚀 Multiplicador Spaceman 1: 11041645813 = 1.33x","timestamp":"2025-11-10 12:04:53"}
{"level":"info","message":"🚀 Multiplicador Spaceman 1: 11041645813 = 1.34x","timestamp":"2025-11-10 12:04:53"}
{"level":"info","message":"🚀 Multiplicador Spaceman 1: 11041645813 = 1.35x","timestamp":"2025-11-10 12:04:53"}
{"level":"info","message":"🚀 Multiplicador Spaceman 1: 11041645813 = 1.36x","timestamp":"2025-11-10 12:04:53"}
{"level":"info","message":"🚀 Multiplicador Spaceman 1: 11041645813 = 1.37x","timestamp":"2025-11-10 12:04:53"}
{"level":"info","message":"🚀 Multiplicador Spaceman 1: 11041645813 = 1.38x","timestamp":"2025-11-10 12:04:53"}
{"level":"info","message":"🚀 Multiplicador Spaceman 1: 11041645813 = 1.39x","timestamp":"2025-11-10 12:04:53"}
{"level":"info","message":"🚀 Multiplicador Spaceman 1: 11041645813 = 1.4x","timestamp":"2025-11-10 12:04:53"}
{"level":"info","message":"🚀 Multiplicador Spaceman 1: 11041645813 = 1.41x","timestamp":"2025-11-10 12:04:53"}
{"level":"info","message":"🚀 Multiplicador Spaceman 1: 11041645813 = 1.42x","timestamp":"2025-11-10 12:04:53"}
{"level":"info","message":"🚀 Multiplicador Spaceman 1: 11041645813 = 1.43x","timestamp":"2025-11-10 12:04:54"}
{"level":"info","message":"🚀 Multiplicador Spaceman 1: 11041645813 = 1.44x","timestamp":"2025-11-10 12:04:54"}
{"level":"info","message":"🚀 Multiplicador Spaceman 1: 11041645813 = 1.45x","timestamp":"2025-11-10 12:04:54"}
{"level":"info","message":"🚀 Multiplicador Spaceman 1: 11041645813 = 1.46x","timestamp":"2025-11-10 12:04:54"}
{"level":"info","message":"🚀 Multiplicador Spaceman 1: 11041645813 = 1.47x","timestamp":"2025-11-10 12:04:54"}
{"level":"info","message":"🚀 Multiplicador Spaceman 1: 11041645813 = 1.48x","timestamp":"2025-11-10 12:04:54"}
{"level":"info","message":"🚀 Multiplicador Spaceman 1: 11041645813 = 1.49x","timestamp":"2025-11-10 12:04:54"}
{"level":"info","message":"🚀 Multiplicador Spaceman 1: 11041645813 = 1.5x","timestamp":"2025-11-10 12:04:54"}
{"level":"info","message":"🚀 Multiplicador Spaceman 1: 11041645813 = 1.51x","timestamp":"2025-11-10 12:04:54"}
{"level":"info","message":"🚀 Multiplicador Spaceman 1: 11041645813 = 1.52x","timestamp":"2025-11-10 12:04:54"}
{"level":"info","message":"🚀 Multiplicador Spaceman 1: 11041645813 = 1.53x","timestamp":"2025-11-10 12:04:54"}
{"level":"info","message":"🚀 Multiplicador Spaceman 1: 11041645813 = 1.54x","timestamp":"2025-11-10 12:04:54"}
{"level":"info","message":"🚀 Multiplicador Spaceman 1: 11041645813 = 1.55x","timestamp":"2025-11-10 12:04:54"}
{"level":"info","message":"🚀 Multiplicador Spaceman 1: 11041645813 = 1.56x","timestamp":"2025-11-10 12:04:55"}
{"level":"info","message":"🚀 Multiplicador Spaceman 1: 11041645813 = 1.57x","timestamp":"2025-11-10 12:04:55"}
{"level":"info","message":"🚀 Multiplicador Spaceman 1: 11041645813 = 1.58x","timestamp":"2025-11-10 12:04:55"}
{"level":"info","message":"🚀 Multiplicador Spaceman 1: 11041645813 = 1.59x","timestamp":"2025-11-10 12:04:55"}
{"level":"info","message":"🚀 Multiplicador Spaceman 1: 11041645813 = 1.6x","timestamp":"2025-11-10 12:04:55"}
{"level":"info","message":"🚀 Multiplicador Spaceman 1: 11041645813 = 1.61x","timestamp":"2025-11-10 12:04:55"}
{"level":"info","message":"🚀 Multiplicador Spaceman 1: 11041645813 = 1.62x","timestamp":"2025-11-10 12:04:55"}
{"level":"info","message":"🚀 Multiplicador Spaceman 1: 11041645813 = 1.63x","timestamp":"2025-11-10 12:04:55"}
{"level":"info","message":"🚀 Multiplicador Spaceman 1: 11041645813 = 1.64x","timestamp":"2025-11-10 12:04:55"}
{"level":"info","message":"🚀 Multiplicador Spaceman 1: 11041645813 = 1.65x","timestamp":"2025-11-10 12:04:55"}
{"level":"info","message":"🚀 Multiplicador Spaceman 1: 11041645813 = 1.66x","timestamp":"2025-11-10 12:04:55"}
{"level":"info","message":"🚀 Multiplicador Spaceman 1: 11041645813 = 1.67x","timestamp":"2025-11-10 12:04:55"}
{"level":"info","message":"🚀 Multiplicador Spaceman 1: 11041645813 = 1.68x","timestamp":"2025-11-10 12:04:55"}
{"level":"info","message":"🚀 Multiplicador Spaceman 1: 11041645813 = 1.69x","timestamp":"2025-11-10 12:04:56"}
{"level":"info","message":"🚀 Multiplicador Spaceman 1: 11041645813 = 1.7x","timestamp":"2025-11-10 12:04:56"}
{"level":"info","message":"🚀 Multiplicador Spaceman 1: 11041645813 = 1.71x","timestamp":"2025-11-10 12:04:56"}
{"level":"info","message":"🚀 Multiplicador Spaceman 1: 11041645813 = 1.72x","timestamp":"2025-11-10 12:04:56"}
{"level":"info","message":"🚀 Multiplicador Spaceman 1: 11041645813 = 1.73x","timestamp":"2025-11-10 12:04:56"}
{"level":"info","message":"🚀 Multiplicador Spaceman 1: 11041645813 = 1.74x","timestamp":"2025-11-10 12:04:56"}
{"level":"info","message":"🚀 Multiplicador Spaceman 1: 11041645813 = 1.75x","timestamp":"2025-11-10 12:04:56"}
{"level":"info","message":"🚀 Multiplicador Spaceman 1: 11041645813 = 1.76x","timestamp":"2025-11-10 12:04:56"}
{"level":"info","message":"🚀 Multiplicador Spaceman 1: 11041645813 = 1.77x","timestamp":"2025-11-10 12:04:56"}
{"level":"info","message":"🚀 Multiplicador Spaceman 1: 11041645813 = 1.78x","timestamp":"2025-11-10 12:04:56"}
{"level":"info","message":"🚀 Multiplicador Spaceman 1: 11041645813 = 1.79x","timestamp":"2025-11-10 12:04:56"}
{"level":"info","message":"🚀 Multiplicador Spaceman 1: 11041645813 = 1.8x","timestamp":"2025-11-10 12:04:56"}
{"level":"info","message":"🚀 Multiplicador Spaceman 1: 11041645813 = 1.81x","timestamp":"2025-11-10 12:04:56"}
{"level":"info","message":"🚀 Multiplicador Spaceman 1: 11041645813 = 1.82x","timestamp":"2025-11-10 12:04:56"}
{"level":"info","message":"🚀 Multiplicador Spaceman 1: 11041645813 = 1.83x","timestamp":"2025-11-10 12:04:57"}
{"level":"info","message":"🚀 Multiplicador Spaceman 1: 11041645813 = 1.84x","timestamp":"2025-11-10 12:04:57"}
{"level":"info","message":"🚀 Multiplicador Spaceman 1: 11041645813 = 1.85x","timestamp":"2025-11-10 12:04:57"}
{"level":"info","message":"🚀 Multiplicador Spaceman 1: 11041645813 = 1.86x","timestamp":"2025-11-10 12:04:57"}
{"level":"info","message":"🚀 Multiplicador Spaceman 1: 11041645813 = 1.87x","timestamp":"2025-11-10 12:04:57"}
{"level":"info","message":"🚀 Multiplicador Spaceman 1: 11041645813 = 1.88x","timestamp":"2025-11-10 12:04:57"}
{"level":"info","message":"🚀 Multiplicador Spaceman 1: 11041645813 = 1.89x","timestamp":"2025-11-10 12:04:57"}
{"level":"info","message":"🚀 Multiplicador Spaceman 1: 11041645813 = 1.9x","timestamp":"2025-11-10 12:04:57"}
{"level":"info","message":"🚀 Multiplicador Spaceman 1: 11041645813 = 1.91x","timestamp":"2025-11-10 12:04:57"}
{"level":"info","message":"🚀 Multiplicador Spaceman 1: 11041645813 = 1.92x","timestamp":"2025-11-10 12:04:57"}
{"level":"info","message":"🚀 Multiplicador Spaceman 1: 11041645813 = 1.93x","timestamp":"2025-11-10 12:04:57"}
{"level":"info","message":"🚀 Multiplicador Spaceman 1: 11041645813 = 1.94x","timestamp":"2025-11-10 12:04:57"}
{"level":"info","message":"🚀 Multiplicador Spaceman 1: 11041645813 = 1.95x","timestamp":"2025-11-10 12:04:57"}
{"level":"info","message":"🚀 Multiplicador Spaceman 1: 11041645813 = 1.96x","timestamp":"2025-11-10 12:04:57"}
{"level":"info","message":"🚀 Multiplicador Spaceman 1: 11041645813 = 1.97x","timestamp":"2025-11-10 12:04:57"}
{"level":"info","message":"🚀 Multiplicador Spaceman 1: 11041645813 = 1.98x","timestamp":"2025-11-10 12:04:57"}
{"level":"info","message":"🚀 Multiplicador Spaceman 1: 11041645813 = 1.99x","timestamp":"2025-11-10 12:04:58"}
{"level":"info","message":"🚀 Multiplicador Spaceman 1: 11041645813 = 2x","timestamp":"2025-11-10 12:04:58"}
{"level":"info","message":"🚀 Multiplicador Spaceman 1: 11041645813 = 2.01x","timestamp":"2025-11-10 12:04:58"}
{"level":"info","message":"🚀 Multiplicador Spaceman 1: 11041645813 = 2.02x","timestamp":"2025-11-10 12:04:58"}
{"level":"info","message":"🚀 Multiplicador Spaceman 1: 11041645813 = 2.03x","timestamp":"2025-11-10 12:04:58"}
{"level":"info","message":"🚀 Multiplicador Spaceman 1: 11041645813 = 2.04x","timestamp":"2025-11-10 12:04:58"}
{"level":"info","message":"🚀 Multiplicador Spaceman 1: 11041645813 = 2.05x","timestamp":"2025-11-10 12:04:58"}
{"level":"info","message":"🚀 Multiplicador Spaceman 1: 11041645813 = 2.06x","timestamp":"2025-11-10 12:04:58"}
{"level":"info","message":"🚀 Multiplicador Spaceman 1: 11041645813 = 2.07x","timestamp":"2025-11-10 12:04:58"}
{"level":"info","message":"🚀 Multiplicador Spaceman 1: 11041645813 = 2.08x","timestamp":"2025-11-10 12:04:58"}
{"level":"info","message":"🚀 Multiplicador Spaceman 1: 11041645813 = 2.09x","timestamp":"2025-11-10 12:04:58"}
{"level":"info","message":"🚀 Multiplicador Spaceman 1: 11041645813 = 2.1x","timestamp":"2025-11-10 12:04:58"}
{"level":"info","message":"🚀 Multiplicador Spaceman 1: 11041645813 = 2.11x","timestamp":"2025-11-10 12:04:58"}
{"level":"info","message":"🚀 Multiplicador Spaceman 1: 11041645813 = 2.12x","timestamp":"2025-11-10 12:04:58"}
{"level":"info","message":"🚀 Multiplicador Spaceman 1: 11041645813 = 2.13x","timestamp":"2025-11-10 12:04:58"}
{"level":"info","message":"🚀 Multiplicador Spaceman 1: 11041645813 = 2.14x","timestamp":"2025-11-10 12:04:58"}
{"level":"info","message":"🚀 Multiplicador Spaceman 1: 11041645813 = 2.15x","timestamp":"2025-11-10 12:04:58"}
{"level":"info","message":"🚀 Multiplicador Spaceman 1: 11041645813 = 2.16x","timestamp":"2025-11-10 12:04:58"}
{"level":"info","message":"🚀 Multiplicador Spaceman 1: 11041645813 = 2.17x","timestamp":"2025-11-10 12:04:59"}
{"level":"info","message":"🚀 Multiplicador Spaceman 1: 11041645813 = 2.18x","timestamp":"2025-11-10 12:04:59"}
{"level":"info","message":"🚀 Multiplicador Spaceman 1: 11041645813 = 2.19x","timestamp":"2025-11-10 12:04:59"}
{"level":"info","message":"🚀 Multiplicador Spaceman 1: 11041645813 = 2.2x","timestamp":"2025-11-10 12:04:59"}
{"level":"info","message":"🚀 Multiplicador Spaceman 1: 11041645813 = 2.21x","timestamp":"2025-11-10 12:04:59"}
{"level":"info","message":"🚀 Multiplicador Spaceman 1: 11041645813 = 2.22x","timestamp":"2025-11-10 12:04:59"}
{"level":"info","message":"🚀 Multiplicador Spaceman 1: 11041645813 = 2.23x","timestamp":"2025-11-10 12:04:59"}
{"level":"info","message":"🚀 Multiplicador Spaceman 1: 11041645813 = 2.24x","timestamp":"2025-11-10 12:04:59"}
{"level":"info","message":"🚀 Multiplicador Spaceman 1: 11041645813 = 2.25x","timestamp":"2025-11-10 12:04:59"}
{"level":"info","message":"🚀 Multiplicador Spaceman 1: 11041645813 = 2.26x","timestamp":"2025-11-10 12:04:59"}
{"level":"info","message":"🚀 Multiplicador Spaceman 1: 11041645813 = 2.27x","timestamp":"2025-11-10 12:04:59"}
{"level":"info","message":"🚀 Multiplicador Spaceman 1: 11041645813 = 2.28x","timestamp":"2025-11-10 12:04:59"}
{"level":"info","message":"🚀 Multiplicador Spaceman 1: 11041645813 = 2.29x","timestamp":"2025-11-10 12:04:59"}
{"level":"info","message":"🚀 Multiplicador Spaceman 1: 11041645813 = 2.3x","timestamp":"2025-11-10 12:04:59"}
{"level":"info","message":"🚀 Multiplicador Spaceman 1: 11041645813 = 2.31x","timestamp":"2025-11-10 12:04:59"}
{"level":"info","message":"🚀 Multiplicador Spaceman 1: 11041645813 = 2.32x","timestamp":"2025-11-10 12:04:59"}
{"level":"info","message":"🚀 Multiplicador Spaceman 1: 11041645813 = 2.33x","timestamp":"2025-11-10 12:04:59"}
{"level":"info","message":"🚀 Multiplicador Spaceman 1: 11041645813 = 2.34x","timestamp":"2025-11-10 12:04:59"}
{"level":"info","message":"🚀 Multiplicador Spaceman 1: 11041645813 = 2.35x","timestamp":"2025-11-10 12:05:00"}
{"level":"info","message":"🚀 Multiplicador Spaceman 1: 11041645813 = 2.36x","timestamp":"2025-11-10 12:05:00"}
{"level":"info","message":"🚀 Multiplicador Spaceman 1: 11041645813 = 2.37x","timestamp":"2025-11-10 12:05:00"}
{"level":"info","message":"🚀 Multiplicador Spaceman 1: 11041645813 = 2.38x","timestamp":"2025-11-10 12:05:00"}
{"level":"info","message":"🚀 Multiplicador Spaceman 1: 11041645813 = 2.39x","timestamp":"2025-11-10 12:05:00"}
{"level":"info","message":"🚀 Multiplicador Spaceman 1: 11041645813 = 2.4x","timestamp":"2025-11-10 12:05:00"}
{"level":"info","message":"🚀 Multiplicador Spaceman 1: 11041645813 = 2.41x","timestamp":"2025-11-10 12:05:00"}
{"level":"info","message":"🚀 Multiplicador Spaceman 1: 11041645813 = 2.42x","timestamp":"2025-11-10 12:05:00"}
{"level":"info","message":"🚀 Multiplicador Spaceman 1: 11041645813 = 2.43x","timestamp":"2025-11-10 12:05:00"}
{"level":"info","message":"🚀 Multiplicador Spaceman 1: 11041645813 = 2.44x","timestamp":"2025-11-10 12:05:00"}
{"level":"info","message":"🚀 Multiplicador Spaceman 1: 11041645813 = 2.45x","timestamp":"2025-11-10 12:05:00"}
{"level":"info","message":"🚀 Multiplicador Spaceman 1: 11041645813 = 2.46x","timestamp":"2025-11-10 12:05:00"}
{"level":"info","message":"🚀 Multiplicador Spaceman 1: 11041645813 = 2.47x","timestamp":"2025-11-10 12:05:00"}
{"level":"info","message":"🚀 Multiplicador Spaceman 1: 11041645813 = 2.48x","timestamp":"2025-11-10 12:05:00"}
{"level":"info","message":"🚀 Multiplicador Spaceman 1: 11041645813 = 2.49x","timestamp":"2025-11-10 12:05:00"}
{"level":"info","message":"🚀 Multiplicador Spaceman 1: 11041645813 = 2.51x","timestamp":"2025-11-10 12:05:00"}
{"level":"info","message":"🚀 Multiplicador Spaceman 1: 11041645813 = 2.52x","timestamp":"2025-11-10 12:05:00"}
{"level":"info","message":"🚀 Multiplicador Spaceman 1: 11041645813 = 2.53x","timestamp":"2025-11-10 12:05:00"}
{"level":"info","message":"🚀 Multiplicador Spaceman 1: 11041645813 = 2.54x","timestamp":"2025-11-10 12:05:00"}
{"level":"info","message":"🚀 Multiplicador Spaceman 1: 11041645813 = 2.55x","timestamp":"2025-11-10 12:05:00"}
{"level":"info","message":"🚀 Multiplicador Spaceman 1: 11041645813 = 2.56x","timestamp":"2025-11-10 12:05:01"}
{"level":"info","message":"🚀 Multiplicador Spaceman 1: 11041645813 = 2.57x","timestamp":"2025-11-10 12:05:01"}
{"level":"info","message":"🚀 Multiplicador Spaceman 1: 11041645813 = 2.58x","timestamp":"2025-11-10 12:05:01"}
{"level":"info","message":"🚀 Multiplicador Spaceman 1: 11041645813 = 2.59x","timestamp":"2025-11-10 12:05:01"}
{"level":"info","message":"🚀 Multiplicador Spaceman 1: 11041645813 = 2.6x","timestamp":"2025-11-10 12:05:01"}
{"level":"info","message":"🚀 Multiplicador Spaceman 1: 11041645813 = 2.61x","timestamp":"2025-11-10 12:05:01"}
{"level":"info","message":"🚀 Multiplicador Spaceman 1: 11041645813 = 2.62x","timestamp":"2025-11-10 12:05:01"}
{"level":"info","message":"🚀 Multiplicador Spaceman 1: 11041645813 = 2.64x","timestamp":"2025-11-10 12:05:01"}
{"level":"info","message":"🚀 Multiplicador Spaceman 1: 11041645813 = 2.65x","timestamp":"2025-11-10 12:05:01"}
{"level":"info","message":"🚀 Multiplicador Spaceman 1: 11041645813 = 2.66x","timestamp":"2025-11-10 12:05:01"}
{"level":"info","message":"🚀 Multiplicador Spaceman 1: 11041645813 = 2.67x","timestamp":"2025-11-10 12:05:01"}
{"level":"info","message":"🚀 Multiplicador Spaceman 1: 11041645813 = 2.68x","timestamp":"2025-11-10 12:05:01"}
{"level":"info","message":"🚀 Multiplicador Spaceman 1: 11041645813 = 2.69x","timestamp":"2025-11-10 12:05:01"}
{"level":"info","message":"🚀 Multiplicador Spaceman 1: 11041645813 = 2.7x","timestamp":"2025-11-10 12:05:01"}
{"level":"info","message":"🚀 Multiplicador Spaceman 1: 11041645813 = 2.71x","timestamp":"2025-11-10 12:05:01"}
{"level":"info","message":"🚀 Multiplicador Spaceman 1: 11041645813 = 2.72x","timestamp":"2025-11-10 12:05:01"}
{"level":"info","message":"🚀 Multiplicador Spaceman 1: 11041645813 = 2.74x","timestamp":"2025-11-10 12:05:01"}
{"level":"info","message":"🚀 Multiplicador Spaceman 1: 11041645813 = 2.75x","timestamp":"2025-11-10 12:05:01"}
{"level":"info","message":"🚀 Multiplicador Spaceman 1: 11041645813 = 2.76x","timestamp":"2025-11-10 12:05:01"}
{"level":"info","message":"🚀 Multiplicador Spaceman 1: 11041645813 = 2.77x","timestamp":"2025-11-10 12:05:02"}
{"level":"info","message":"🚀 Multiplicador Spaceman 1: 11041645813 = 2.78x","timestamp":"2025-11-10 12:05:02"}
{"level":"info","message":"🚀 Multiplicador Spaceman 1: 11041645813 = 2.8x","timestamp":"2025-11-10 12:05:02"}
{"level":"info","message":"🚀 Multiplicador Spaceman 1: 11041645813 = 2.81x","timestamp":"2025-11-10 12:05:02"}
{"level":"info","message":"🚀 Multiplicador Spaceman 1: 11041645813 = 2.82x","timestamp":"2025-11-10 12:05:02"}
{"level":"info","message":"🚀 Multiplicador Spaceman 1: 11041645813 = 2.83x","timestamp":"2025-11-10 12:05:02"}
{"level":"info","message":"🚀 Multiplicador Spaceman 1: 11041645813 = 2.84x","timestamp":"2025-11-10 12:05:02"}
{"level":"info","message":"🚀 Multiplicador Spaceman 1: 11041645813 = 2.85x","timestamp":"2025-11-10 12:05:02"}
{"level":"info","message":"🚀 Multiplicador Spaceman 1: 11041645813 = 2.86x","timestamp":"2025-11-10 12:05:02"}
{"level":"info","message":"🚀 Multiplicador Spaceman 1: 11041645813 = 2.88x","timestamp":"2025-11-10 12:05:02"}
{"level":"info","message":"🚀 Multiplicador Spaceman 1: 11041645813 = 2.89x","timestamp":"2025-11-10 12:05:02"}
{"level":"info","message":"🚀 Multiplicador Spaceman 1: 11041645813 = 2.9x","timestamp":"2025-11-10 12:05:02"}
{"level":"info","message":"🚀 Multiplicador Spaceman 1: 11041645813 = 2.92x","timestamp":"2025-11-10 12:05:02"}
{"level":"info","message":"🚀 Multiplicador Spaceman 1: 11041645813 = 2.93x","timestamp":"2025-11-10 12:05:02"}
{"level":"info","message":"🚀 Multiplicador Spaceman 1: 11041645813 = 2.94x","timestamp":"2025-11-10 12:05:02"}
{"level":"info","message":"🚀 Multiplicador Spaceman 1: 11041645813 = 2.96x","timestamp":"2025-11-10 12:05:02"}
{"level":"info","message":"🚀 Multiplicador Spaceman 1: 11041645813 = 2.97x","timestamp":"2025-11-10 12:05:02"}
{"level":"info","message":"🚀 Multiplicador Spaceman 1: 11041645813 = 2.98x","timestamp":"2025-11-10 12:05:02"}
{"level":"info","message":"🚀 Multiplicador Spaceman 1: 11041645813 = 3x","timestamp":"2025-11-10 12:05:02"}
{"level":"info","message":"🚀 Multiplicador Spaceman 1: 11041645813 = 3.01x","timestamp":"2025-11-10 12:05:02"}
{"level":"info","message":"🚀 Multiplicador Spaceman 1: 11041645813 = 3.02x","timestamp":"2025-11-10 12:05:03"}
{"level":"info","message":"🚀 Multiplicador Spaceman 1: 11041645813 = 3.03x","timestamp":"2025-11-10 12:05:03"}
{"level":"info","message":"🚀 Multiplicador Spaceman 1: 11041645813 = 3.05x","timestamp":"2025-11-10 12:05:03"}
{"level":"info","message":"🚀 Multiplicador Spaceman 1: 11041645813 = 3.06x","timestamp":"2025-11-10 12:05:03"}
{"level":"info","message":"🚀 Multiplicador Spaceman 1: 11041645813 = 3.07x","timestamp":"2025-11-10 12:05:03"}
{"level":"info","message":"🚀 Multiplicador Spaceman 1: 11041645813 = 3.08x","timestamp":"2025-11-10 12:05:03"}
{"level":"info","message":"🚀 Multiplicador Spaceman 1: 11041645813 = 3.09x","timestamp":"2025-11-10 12:05:03"}
{"level":"info","message":"🚀 Multiplicador Spaceman 1: 11041645813 = 3.11x","timestamp":"2025-11-10 12:05:03"}
{"level":"info","message":"🚀 Multiplicador Spaceman 1: 11041645813 = 3.12x","timestamp":"2025-11-10 12:05:03"}
{"level":"info","message":"🚀 Multiplicador Spaceman 1: 11041645813 = 3.14x","timestamp":"2025-11-10 12:05:03"}
{"level":"info","message":"🚀 Multiplicador Spaceman 1: 11041645813 = 3.16x","timestamp":"2025-11-10 12:05:03"}
{"level":"info","message":"🚀 Multiplicador Spaceman 1: 11041645813 = 3.17x","timestamp":"2025-11-10 12:05:03"}
{"level":"info","message":"🚀 Multiplicador Spaceman 1: 11041645813 = 3.18x","timestamp":"2025-11-10 12:05:03"}
{"level":"info","message":"🚀 Multiplicador Spaceman 1: 11041645813 = 3.2x","timestamp":"2025-11-10 12:05:03"}
{"level":"info","message":"🚀 Multiplicador Spaceman 1: 11041645813 = 3.21x","timestamp":"2025-11-10 12:05:03"}
{"level":"info","message":"🚀 Multiplicador Spaceman 1: 11041645813 = 3.22x","timestamp":"2025-11-10 12:05:03"}
{"level":"info","message":"🚀 Multiplicador Spaceman 1: 11041645813 = 3.24x","timestamp":"2025-11-10 12:05:03"}
{"level":"info","message":"🚀 Multiplicador Spaceman 1: 11041645813 = 3.25x","timestamp":"2025-11-10 12:05:03"}
{"level":"info","message":"🚀 Multiplicador Spaceman 1: 11041645813 = 3.26x","timestamp":"2025-11-10 12:05:03"}
{"level":"info","message":"🚀 Multiplicador Spaceman 1: 11041645813 = 3.27x","timestamp":"2025-11-10 12:05:04"}
{"level":"info","message":"🚀 Multiplicador Spaceman 1: 11041645913 = 1.01x","timestamp":"2025-11-10 12:05:14"}
{"level":"info","message":"🚀 Multiplicador Spaceman 1: 11041645913 = 1.02x","timestamp":"2025-11-10 12:05:14"}
{"level":"info","message":"🚀 Multiplicador Spaceman 1: 11041645913 = 1.03x","timestamp":"2025-11-10 12:05:14"}
{"level":"info","message":"🚀 Multiplicador Spaceman 1: 11041645913 = 1.04x","timestamp":"2025-11-10 12:05:14"}
{"level":"info","message":"🚀 Multiplicador Spaceman 1: 11041645913 = 1.05x","timestamp":"2025-11-10 12:05:14"}
{"level":"info","message":"🚀 Multiplicador Spaceman 1: 11041645913 = 1.06x","timestamp":"2025-11-10 12:05:14"}
{"level":"info","message":"🚀 Multiplicador Spaceman 1: 11041645913 = 1.07x","timestamp":"2025-11-10 12:05:14"}
{"level":"info","message":"🚀 Multiplicador Spaceman 1: 11041645913 = 1.08x","timestamp":"2025-11-10 12:05:15"}
{"level":"info","message":"🚀 Multiplicador Spaceman 1: 11041645913 = 1.09x","timestamp":"2025-11-10 12:05:15"}
{"level":"info","message":"🚀 Multiplicador Spaceman 1: 11041645913 = 1.1x","timestamp":"2025-11-10 12:05:15"}
{"level":"info","message":"🚀 Multiplicador Spaceman 1: 11041645913 = 1.11x","timestamp":"2025-11-10 12:05:15"}
{"level":"info","message":"🚀 Multiplicador Spaceman 1: 11041645913 = 1.12x","timestamp":"2025-11-10 12:05:15"}
{"level":"info","message":"🚀 Multiplicador Spaceman 1: 11041645913 = 1.13x","timestamp":"2025-11-10 12:05:15"}
{"level":"info","message":"🚀 Multiplicador Spaceman 1: 11041645913 = 1.14x","timestamp":"2025-11-10 12:05:15"}
{"level":"info","message":"🚀 Multiplicador Spaceman 1: 11041645913 = 1.15x","timestamp":"2025-11-10 12:05:15"}
{"level":"info","message":"🚀 Multiplicador Spaceman 1: 11041645913 = 1.16x","timestamp":"2025-11-10 12:05:15"}
{"level":"info","message":"🚀 Multiplicador Spaceman 1: 11041645913 = 1.17x","timestamp":"2025-11-10 12:05:15"}
{"level":"info","message":"🚀 Multiplicador Spaceman 1: 11041645913 = 1.18x","timestamp":"2025-11-10 12:05:16"}
{"level":"info","message":"🚀 Multiplicador Spaceman 1: 11041645913 = 1.19x","timestamp":"2025-11-10 12:05:16"}
{"level":"info","message":"🚀 Multiplicador Spaceman 1: 11041645913 = 1.2x","timestamp":"2025-11-10 12:05:16"}
{"level":"info","message":"🚀 Multiplicador Spaceman 1: 11041645913 = 1.21x","timestamp":"2025-11-10 12:05:16"}
{"level":"info","message":"🚀 Multiplicador Spaceman 1: 11041645913 = 1.22x","timestamp":"2025-11-10 12:05:16"}
{"level":"info","message":"🚀 Multiplicador Spaceman 1: 11041645913 = 1.23x","timestamp":"2025-11-10 12:05:16"}
{"level":"info","message":"🚀 Multiplicador Spaceman 1: 11041645913 = 1.24x","timestamp":"2025-11-10 12:05:16"}
{"level":"info","message":"🚀 Multiplicador Spaceman 1: 11041645913 = 1.25x","timestamp":"2025-11-10 12:05:16"}
{"level":"info","message":"🚀 Multiplicador Spaceman 1: 11041645913 = 1.26x","timestamp":"2025-11-10 12:05:16"}
{"level":"info","message":"🚀 Multiplicador Spaceman 1: 11041645913 = 1.27x","timestamp":"2025-11-10 12:05:16"}
{"level":"info","message":"🚀 Multiplicador Spaceman 1: 11041645913 = 1.28x","timestamp":"2025-11-10 12:05:17"}
{"level":"info","message":"🚀 Multiplicador Spaceman 1: 11041645913 = 1.29x","timestamp":"2025-11-10 12:05:17"}
{"level":"info","message":"🚀 Multiplicador Spaceman 1: 11041645913 = 1.3x","timestamp":"2025-11-10 12:05:17"}
{"level":"info","message":"🚀 Multiplicador Spaceman 1: 11041645913 = 1.31x","timestamp":"2025-11-10 12:05:17"}
{"level":"info","message":"🔄 Reconexión automática programada (5 min) para Spaceman ID: 1","timestamp":"2025-11-10 12:05:20"}
{"level":"warn","message":"Multiplicador Spaceman 1 desconectado. Código: 4002, Razón: Auto reconnect - 5 min","timestamp":"2025-11-10 12:05:20"}
{"level":"warn","message":"Programando reconexión multiplicador Spaceman ID: 1, intento 1/3","timestamp":"2025-11-10 12:05:20"}
{"level":"warn","message":"Finanzas Spaceman 1 desconectado. Código: 4002, Razón: Auto reconnect - 5 min","timestamp":"2025-11-10 12:05:20"}
{"level":"warn","message":"Tiempo de conexión: desde 12:05:20 p. m.","timestamp":"2025-11-10 12:05:20"}
{"level":"warn","message":"Programando reconexión finanzas Spaceman ID: 1, intento 1/3","timestamp":"2025-11-10 12:05:20"}
{"level":"info","message":"🔄 Reconexión automática programada (5 min) para Spaceman ID: 1","timestamp":"2025-11-10 12:10:20"}
{"level":"info","message":"🔄 Reconexión automática programada (5 min) para Spaceman ID: 1","timestamp":"2025-11-10 12:15:20"}
{"level":"info","message":"🔄 Reconexión automática programada (5 min) para Spaceman ID: 1","timestamp":"2025-11-10 12:20:20"}
{"level":"info","message":"🔄 Reconexión automática programada (5 min) para Spaceman ID: 1","timestamp":"2025-11-10 12:25:20"}
{"level":"info","message":"🔄 Reconexión automática programada (5 min) para Spaceman ID: 1","timestamp":"2025-11-10 12:30:20"}
